Num_Acc,an,mois,jour,hrmn,lum,int,atm,col,lat,long,catr,circ,nbv,vosp,prof,plan,lartpc,larrout,surf,infra,situ,env1,unscathed,killed,hospital,light,chance
200700061615,7,10,7,2000,5,1,1,3,4551000,426400,3,2,2,0,1,1,0,52,1,0,1,0,1,0,2,0,1
200700061616,7,10,11,815,1,1,8,1,4547500,431400,3,2,0,0,2,3,0,64,2,0,1,0,3,0,0,1,1
200700061617,7,10,12,1100,1,1,1,3,4550500,417100,3,2,2,0,1,1,0,62,1,0,1,0,1,0,1,0,1
200700061618,7,10,14,1800,1,1,1,1,4550400,424600,3,2,2,0,2,3,0,60,1,5,1,0,1,0,1,0,1
200700061620,7,10,7,620,3,1,5,6,4852500,239200,2,2,0,0,1,2,0,75,1,0,1,0,1,1,0,0,1
200700061621,7,10,16,1700,1,1,1,2,4857400,236500,3,2,2,0,3,1,0,120,0,0,1,0,1,0,2,0,1
200700061622,7,10,19,915,1,1,1,6,4860200,237300,3,2,3,0,3,1,0,250,0,0,1,0,0,0,1,0,1
200700061623,7,10,4,1700,1,1,1,4,4917600,418700,3,2,2,0,1,1,0,63,1,0,1,0,1,0,1,1,1
200700061624,7,10,19,1715,1,1,1,4,4917100,401300,3,2,0,0,1,1,0,75,1,0,1,0,2,0,0,2,1
200700061625,7,10,7,2130,3,1,1,6,4796300,545300,1,1,2,0,4,2,12,70,1,0,1,0,0,1,0,0,1
200700061626,7,10,22,930,1,1,1,6,4795800,536400,1,3,2,0,2,1,10,70,1,0,1,0,0,0,1,1,1
200700061627,7,10,14,345,5,6,1,7,4353300,135200,3,2,2,0,1,1,0,62,1,5,1,3,0,0,1,0,1
200700061629,7,10,19,1230,1,1,1,3,4352600,134300,3,2,2,0,1,1,0,68,1,5,1,0,1,0,1,0,1
200700061630,7,10,29,1345,1,1,1,3,4353800,134500,3,3,2,0,1,1,10,60,1,5,1,0,1,0,1,0,1
200700061632,7,10,16,1315,1,1,1,7,4363800,705100,3,2,0,0,2,2,0,120,1,0,1,0,0,0,1,0,1
200700061635,7,10,20,1730,1,1,1,2,4362800,700000,3,2,2,0,1,1,0,70,1,0,1,0,1,0,0,1,1
200700061636,7,10,25,1315,1,1,3,1,4361000,705400,3,1,2,0,1,3,0,70,2,0,3,0,1,0,1,0,1
200700061637,7,10,1,1215,1,1,1,7,4363200,709700,3,0,2,0,2,1,0,70,1,0,1,3,0,0,1,0,1
200700061638,7,10,9,815,1,1,1,3,4585300,483800,3,2,0,0,1,1,0,100,1,0,1,0,1,0,1,2,1
200700061642,7,10,6,630,5,1,8,6,4273300,181600,2,2,0,0,2,3,0,85,2,0,1,0,0,2,1,0,1
200700061643,7,10,20,1500,1,1,1,6,4257900,179100,2,2,0,0,2,1,0,70,1,0,3,0,0,1,0,0,1
200700061645,7,10,23,1645,1,1,1,1,4975300,164400,1,3,2,3,1,1,2,93,1,0,1,0,0,1,1,0,1
200700061648,7,10,14,1830,1,6,1,1,4754900,-289400,5,0,0,0,1,0,0,0,1,5,1,0,1,0,1,0,1
200700061649,7,10,17,1600,1,1,1,1,4765800,-273700,3,2,2,0,1,1,0,80,1,0,4,0,2,0,0,1,1
200700061650,7,10,24,800,3,1,1,3,4754500,-273100,3,2,2,0,1,1,60,107,1,5,1,0,0,0,2,0,1
200700061651,7,10,7,1545,1,1,1,2,4582000,411700,1,3,2,0,1,2,0,0,1,0,1,0,1,0,0,1,1
200700061659,7,10,6,1630,1,1,1,3,4354200,386500,3,2,2,0,1,1,0,60,1,0,1,0,5,0,1,0,1
200700061661,7,10,12,1945,3,1,1,2,4611000,545600,1,1,3,3,2,1,10,110,1,0,1,0,2,0,0,1,1
200700061669,7,10,23,900,1,6,1,3,4853500,769100,3,2,2,0,1,3,0,0,1,5,1,0,1,0,1,0,1
200700061670,7,10,4,730,2,1,1,3,4860800,769400,9,2,2,0,1,1,0,59,1,0,1,0,1,0,1,0,1
200700061671,7,10,4,1630,1,1,1,2,4370200,698600,3,2,0,0,1,1,59,0,1,0,1,0,1,0,0,2,1
200700061672,7,10,10,1445,1,9,3,1,4322200,1900,1,2,1,0,2,2,0,35,2,3,1,0,1,0,0,2,1
200700061673,7,10,25,1500,1,1,8,6,4316900,25500,1,3,2,0,1,2,25,75,2,0,1,0,0,0,1,0,1
200700061674,7,10,24,1445,1,1,1,1,4363100,542700,3,2,2,0,4,3,0,0,1,0,1,0,1,0,1,0,1
200700061675,7,10,16,830,2,1,1,6,4529800,554100,1,1,2,0,1,1,0,0,2,0,1,0,0,0,0,1,1
200700061678,7,10,28,830,1,1,1,6,4875900,792200,1,3,2,0,1,2,12,75,1,0,3,0,0,0,1,0,1
200700061683,7,10,5,1645,1,1,1,1,4361700,532100,2,2,2,0,1,1,0,0,1,0,1,0,0,0,1,2,1
200700061684,7,10,19,1315,1,1,1,5,4342100,129900,1,3,2,3,1,1,80,100,1,0,1,0,1,1,1,1,1
200700061685,7,10,19,1930,3,1,1,2,4335600,126700,1,3,0,0,1,1,100,30,1,0,1,0,0,0,0,2,1
200700061686,7,10,15,1615,1,1,1,6,4948000,46100,9,3,1,3,1,1,0,30,1,7,0,0,1,0,0,1,1
200700061689,7,10,21,1,3,1,1,6,4607600,646900,3,1,1,0,1,1,0,34,1,0,1,0,0,0,2,2,1
200700061695,7,10,1,900,1,1,2,6,4380800,332900,1,3,0,0,2,2,25,70,2,0,1,0,0,0,1,0,1
200700061698,7,10,13,1400,3,1,1,6,4527200,320100,1,1,2,3,0,1,0,0,1,0,1,0,0,0,1,0,1
200700061700,7,10,7,1630,1,1,1,7,4874700,206300,3,2,2,0,4,4,0,60,1,0,1,0,0,0,2,0,1
200700061701,7,10,9,1830,1,6,1,3,4874400,209600,3,0,2,0,1,3,100,0,1,5,1,0,1,0,0,1,1
200700061702,7,10,27,1630,1,9,1,1,4874900,210600,4,2,0,0,1,1,0,54,1,0,1,0,0,0,1,1,1
200700061703,7,10,5,1700,1,1,1,5,4812400,-1200,3,2,0,0,1,1,0,75,1,0,1,0,2,0,1,0,1
200700061708,7,10,20,1645,1,1,1,1,4893600,767300,4,2,2,0,2,2,0,41,1,0,1,0,1,0,1,0,1
200700061709,7,10,5,745,2,1,1,1,4349200,127600,3,2,2,0,1,1,0,51,1,5,1,0,1,0,1,0,1
200700061711,7,10,10,1015,1,1,1,6,4384400,484200,9,2,2,0,1,2,0,62,1,0,1,0,1,1,0,0,1
200700061713,7,10,16,515,3,1,5,6,4948500,140700,3,2,2,0,1,1,0,55,1,0,3,0,0,0,1,0,1
200700061714,7,10,29,1315,1,1,3,1,4937200,240800,4,2,1,0,1,3,0,38,2,0,1,0,0,0,0,3,1
200700061717,7,10,16,1045,3,3,1,1,4727700,583300,3,2,3,0,1,1,0,112,1,5,1,0,1,0,1,0,1
200700061721,7,10,13,1500,1,1,1,6,4777500,-307700,3,2,2,0,2,2,0,63,1,0,3,0,0,0,1,0,1
200700061728,7,10,14,145,3,1,1,7,4266500,292900,4,2,1,0,1,3,0,53,1,0,1,0,0,0,1,0,1
200700061732,7,10,25,1815,2,1,8,1,4406600,464400,4,2,0,0,2,1,0,36,1,0,1,0,1,0,1,0,1
200700061733,7,10,21,630,3,1,1,6,4959700,-159600,2,3,1,0,1,1,45,70,1,0,0,0,0,0,1,0,1
200700061734,7,10,26,1730,1,1,1,2,4931100,-118500,2,1,2,0,1,1,30,70,1,0,1,0,1,0,2,0,1
200700062697,7,10,4,1725,1,1,1,6,4515725,450619,4,2,0,0,1,1,0,0,1,0,1,0,1,0,0,1,1
200700062698,7,10,7,1520,1,3,2,6,4515484,449885,4,3,2,0,0,1,30,70,2,0,1,0,0,0,0,1,1
200700062700,7,10,12,2050,5,1,1,6,4516033,453026,4,1,2,0,1,1,0,0,1,0,0,0,1,0,0,1,1
200700062701,7,10,16,1515,1,3,1,6,4515061,449809,4,2,3,0,1,1,0,0,1,0,1,99,1,0,0,1,1
200700062702,7,10,17,1315,1,2,1,3,4515407,453318,4,2,0,0,1,1,0,0,1,0,1,0,1,0,0,1,1
200700062703,7,10,17,2050,5,1,1,6,4515473,451364,4,2,3,0,1,1,0,0,1,0,1,99,2,0,0,1,1
200700062704,7,10,19,2115,5,3,1,3,4514534,448138,6,2,4,0,1,1,0,0,1,0,1,99,1,0,0,2,1
200700062705,7,10,20,310,5,1,1,6,4515678,453106,4,1,2,0,1,1,0,0,1,0,1,99,0,0,1,0,1
200700062706,7,10,22,550,5,2,1,3,4515720,452378,4,2,3,0,1,1,0,0,1,0,1,0,1,0,0,1,1
200700062707,7,10,24,850,1,1,1,6,4515348,450889,4,2,2,0,1,1,0,0,1,0,1,0,1,0,0,1,1
200700062708,7,10,24,1125,1,1,1,5,4515573,452432,4,2,2,0,1,1,0,0,1,0,1,0,3,0,0,1,1
200700062709,7,10,26,1340,1,1,1,3,4516058,453451,4,2,4,0,2,1,0,122,1,0,1,99,1,0,0,1,1
200700062710,7,10,26,1355,1,1,1,6,4516133,450290,4,1,1,0,1,1,0,68,1,5,1,3,1,0,0,1,1
200700062711,7,10,29,1310,1,1,2,3,4515689,452299,4,2,2,0,1,1,0,0,2,0,1,0,1,0,0,1,1
200700062712,7,10,29,1355,1,2,2,3,4516523,453177,4,2,2,0,1,1,0,0,2,0,1,0,1,0,1,0,1
200700062713,7,10,29,1515,1,2,2,2,4515676,453106,3,2,2,0,1,1,0,70,2,0,1,0,1,0,0,1,1
200700062714,7,10,30,1130,1,1,1,6,4515508,451207,4,1,0,0,1,2,0,0,1,0,1,99,1,0,1,0,1
200700062715,7,10,15,925,1,1,1,6,4555522,430600,4,2,2,0,2,2,0,69,1,0,1,99,1,0,1,0,1
200700062717,7,10,24,1730,1,1,8,3,4555353,430298,4,2,2,0,2,1,0,100,1,0,1,99,1,0,0,1,1
200700062958,7,10,1,830,1,2,1,3,4382119,433885,4,2,2,0,1,1,0,89,1,0,1,99,0,0,0,2,1
200700062959,7,10,1,1230,1,1,1,2,4384862,434956,4,2,2,0,2,1,0,105,1,0,1,0,1,0,0,1,1
200700062960,7,10,1,1740,1,6,1,5,4382590,435062,4,1,2,0,2,3,0,120,1,0,1,99,2,0,0,1,1
200700062961,7,10,1,2045,5,1,1,3,4384042,436536,4,2,2,0,2,1,0,70,1,0,1,99,1,0,0,1,1
200700062962,7,10,2,900,1,6,1,2,4381587,434035,4,2,4,0,1,1,5,120,1,0,1,99,1,0,0,1,1
200700062963,7,10,2,1257,1,1,1,6,4383038,436960,4,2,2,0,1,1,0,120,1,0,1,99,1,0,0,1,1
200700062964,7,10,2,1955,5,1,1,3,4383039,436957,4,2,2,0,1,1,0,105,1,0,1,99,1,0,1,0,1
200700062965,7,10,3,1915,1,2,1,3,4382713,438259,4,1,1,0,1,1,0,34,1,0,1,99,1,0,1,0,1
200700062966,7,10,5,1245,1,1,1,2,4384241,431761,4,2,4,0,1,1,0,180,1,0,1,99,1,0,0,1,1
200700062967,7,10,5,1419,1,1,1,6,4383759,436759,4,1,1,0,1,1,0,32,1,0,1,0,1,0,0,1,1
200700062969,7,10,8,1518,1,1,1,5,4381336,435433,9,2,2,0,3,3,0,73,1,0,1,99,2,0,0,1,1
200700062970,7,10,9,1700,1,1,1,6,4383628,436239,4,1,0,3,1,1,0,150,1,0,1,99,1,0,0,1,1
200700062971,7,10,10,742,1,1,2,3,4383015,435610,4,2,2,0,1,1,0,70,2,0,1,99,1,0,0,1,1
200700062972,7,10,10,1635,1,6,2,2,4382411,436916,4,1,2,0,1,2,0,78,2,0,1,0,1,0,0,1,1
200700062973,7,10,12,1709,1,3,1,3,4382206,434966,4,2,2,0,1,1,0,104,1,0,1,99,1,0,0,1,1
200700062974,7,10,12,1930,5,3,1,3,4383705,438603,3,2,4,0,1,1,0,87,1,0,1,0,1,0,0,1,1
200700062977,7,10,16,1435,1,1,1,6,4384107,438911,6,1,1,0,1,2,0,0,1,0,0,99,0,0,0,1,1
200700062978,7,10,16,2045,5,2,1,1,4383570,438531,4,2,2,0,1,1,0,70,1,0,1,99,1,0,0,1,1
200700062979,7,10,16,2342,5,1,1,2,4383065,432303,4,2,4,0,3,1,0,110,1,0,1,99,1,0,0,1,1
200700062980,7,10,18,1335,1,1,1,6,4384862,434956,4,2,2,0,1,1,0,70,1,0,1,99,0,0,0,1,1
200700062982,7,10,20,1836,5,6,1,6,4384124,434087,4,2,2,0,1,2,0,60,1,5,1,99,0,0,1,0,1
200700062983,7,10,26,929,1,2,1,6,4382078,434703,4,2,0,0,1,1,0,0,1,0,1,0,1,0,0,1,1
200700062985,7,10,30,2005,5,2,1,6,4383544,435477,4,1,1,0,1,1,0,29,1,0,1,99,2,0,0,2,1
200700062986,7,10,31,1025,1,3,1,3,4383807,437688,4,2,2,0,1,1,0,117,1,0,1,99,0,0,0,1,1
200700062987,7,10,31,1752,1,1,1,1,4377921,434638,3,2,3,0,1,2,0,100,1,0,1,99,0,0,0,3,1
200700062988,7,10,31,1851,3,2,1,1,4377925,432306,4,2,2,0,1,1,0,70,1,0,1,99,0,0,0,2,1
200700063292,7,10,21,1300,1,1,1,2,4332131,345699,4,2,2,0,1,1,0,70,1,0,0,99,1,0,0,1,1
200700063311,7,10,5,733,1,1,2,4,4360911,385632,4,2,2,0,2,1,0,70,2,0,1,99,3,0,0,1,1
200700063316,7,10,9,1000,1,1,1,6,4360316,387193,4,2,3,3,1,1,0,90,1,0,1,3,1,0,1,0,1
200700063320,7,10,8,1620,1,1,1,5,4359696,388083,4,2,4,0,2,1,0,110,1,5,1,99,2,0,0,2,1
200700063323,7,10,11,1405,1,1,1,3,4361454,384336,4,2,2,0,2,1,0,60,1,0,1,0,1,0,0,1,1
200700063325,7,10,12,750,1,1,1,3,4361523,382244,4,2,4,0,2,1,0,120,1,0,1,99,1,0,1,0,1
200700063330,7,10,16,215,5,1,1,7,4360201,388529,3,1,2,1,2,2,0,550,1,0,4,0,0,0,1,0,1
200700063340,7,10,19,1530,1,1,1,3,4358023,387990,4,2,2,0,1,1,0,78,1,0,1,99,1,0,1,0,1
200700063341,7,10,20,850,1,1,1,3,4361901,387934,4,2,2,0,1,1,0,70,1,0,1,0,1,0,1,0,1
200700063345,7,10,22,300,5,3,1,6,4358884,386407,3,2,2,0,1,1,23,69,1,5,1,3,0,0,2,0,1
200700063362,7,10,29,1645,2,1,1,1,4359852,384168,4,2,3,0,3,1,0,90,1,2,1,99,2,0,0,1,1
200700063549,7,10,3,1210,1,1,1,6,4123456,345699,3,1,1,0,2,2,0,57,1,0,1,99,2,0,0,1,1
200700063551,7,10,6,1950,5,1,1,2,4123456,345699,4,2,2,0,1,1,0,46,1,0,1,0,1,0,0,1,1
200700063552,7,10,11,1445,1,1,1,6,4123456,345699,3,2,2,0,1,1,0,59,1,0,1,99,1,0,0,1,1
200700063553,7,10,12,1500,1,1,1,3,4123456,345699,3,2,2,0,1,1,0,68,1,0,1,0,1,0,0,1,1
200700063554,7,10,13,1025,1,1,1,6,4123456,345699,3,2,2,0,2,1,0,64,1,0,1,99,3,0,0,1,1
200700063555,7,10,13,1920,2,1,2,2,4123456,345699,3,2,2,0,1,1,0,70,2,0,1,0,0,0,0,1,1
200700063558,7,10,20,1605,1,1,1,6,4123456,345699,3,2,2,0,1,0,0,0,1,0,1,99,1,0,1,0,1
200700063559,7,10,22,1310,1,1,1,6,4123456,345699,3,2,2,0,1,1,0,66,1,0,1,0,1,0,0,1,1
200700063560,7,10,23,750,2,3,1,1,4123456,345699,4,2,2,0,1,0,0,59,1,0,1,99,0,0,0,3,1
200700063561,7,10,28,1742,1,1,1,5,4123456,345699,3,2,3,0,1,1,0,0,1,0,1,0,1,0,4,2,1
200700063562,7,10,26,1445,1,1,1,6,4123456,345699,4,1,2,0,3,1,0,53,1,0,1,99,1,0,0,1,1
200700063578,7,10,2,1655,1,1,1,6,4525120,425160,4,2,1,0,2,1,0,60,1,0,4,0,1,0,1,0,1
200700063579,7,10,3,1500,1,1,2,1,4523520,427210,3,2,2,0,2,3,0,60,1,0,1,0,0,0,1,2,1
200700063581,7,10,4,1715,1,2,1,6,4526270,423150,4,1,1,0,1,1,0,56,1,0,1,0,4,0,1,0,1
200700063584,7,10,10,1745,1,1,1,6,4527080,422550,4,1,2,0,1,2,0,64,2,0,4,0,1,0,0,1,1
200700063596,7,10,20,37,5,2,1,3,4526180,423310,4,1,2,0,1,3,0,60,1,0,1,0,0,0,0,6,1
200700063597,7,10,20,1035,1,1,1,6,4528490,425530,4,1,1,0,1,1,0,30,1,0,1,0,1,0,1,0,1
200700063600,7,10,28,1850,5,1,1,6,4526510,426270,4,2,2,0,2,3,0,70,1,0,1,99,1,0,1,0,1
200700063686,7,10,3,1945,5,1,1,3,4790308,345699,4,2,2,0,1,1,0,78,1,0,1,0,1,0,1,0,1
200700063707,7,10,29,715,2,1,2,1,4791723,345699,4,1,1,0,1,1,0,60,2,0,1,0,1,0,0,1,1
200700068390,7,11,8,1020,1,1,1,2,4516303,452258,4,2,2,0,1,1,0,0,1,0,1,0,1,0,0,1,1
200700068391,7,11,12,1707,1,1,1,1,4517486,452209,4,2,0,0,2,4,0,0,2,0,1,99,0,1,1,1,1
200700068392,7,11,15,1208,1,1,1,3,4515574,452304,4,2,2,0,1,1,0,0,1,0,1,0,1,0,1,0,1
200700068393,7,11,16,910,1,1,1,6,4515279,452005,4,2,2,0,1,0,0,0,0,0,1,0,0,0,1,1,1
200700068394,7,11,17,1300,1,1,1,6,4514869,449172,4,2,2,0,0,1,0,70,1,0,1,0,1,0,0,2,1
200700068395,7,11,19,740,5,1,2,6,4515548,455634,4,2,2,0,1,1,0,0,2,0,1,0,1,0,0,1,1
200700068396,7,11,20,1330,1,1,1,6,4515627,452606,4,2,0,0,1,1,0,0,1,0,1,0,1,0,0,1,1
200700068397,7,11,20,1450,1,1,1,6,4515031,449722,4,2,2,0,1,1,0,0,1,0,1,0,1,0,0,1,1
200700068398,7,11,21,1310,1,1,1,3,4515721,449461,4,2,2,0,1,1,0,0,1,0,1,3,1,0,0,1,1
200700068399,7,11,21,1430,1,1,1,7,4516050,450778,4,2,2,0,1,1,0,0,1,0,4,99,1,0,0,1,1
200700068400,7,11,25,535,5,1,1,7,4516482,451786,4,2,2,0,1,1,0,0,1,0,1,99,0,0,0,3,1
200700068401,7,11,27,1345,1,1,1,6,4515118,453211,4,2,0,0,1,1,0,0,1,0,1,0,1,0,0,1,1
200700068402,7,11,28,1020,1,1,1,6,4516128,453408,4,1,2,0,2,1,0,0,1,0,1,99,1,0,0,1,1
200700068403,7,11,29,1838,5,2,2,3,4515775,451111,4,1,1,0,1,1,0,0,2,0,1,99,1,0,0,1,1
200700068404,7,11,30,500,5,1,2,6,4514324,449210,4,2,2,0,1,1,0,0,2,0,1,3,0,1,0,0,1
200700068405,7,11,30,935,1,2,2,3,4515452,449350,4,2,2,0,1,1,0,0,2,0,1,99,0,0,0,2,1
200700068406,7,11,30,1045,1,1,2,2,4516482,452938,4,1,1,0,1,1,0,0,2,0,0,99,1,0,0,1,1
200700068407,7,11,30,1825,2,1,9,3,4514323,447034,4,2,2,0,3,1,0,0,0,0,1,0,1,0,0,2,1
200700068408,7,11,30,1930,5,1,9,3,4516193,452302,4,2,0,0,1,1,0,0,0,0,1,0,1,0,0,1,1
200700068409,7,11,9,710,2,1,1,1,4528121,478987,3,2,2,0,2,3,0,68,2,0,1,99,1,1,0,0,1
200700068410,7,11,12,845,1,1,2,7,4526991,477390,4,2,2,0,1,1,0,120,2,2,1,99,1,0,1,0,1
200700068412,7,11,20,1340,1,3,1,3,4527858,478987,3,1,1,0,2,2,0,0,1,3,0,99,0,0,1,1,1
200700068413,7,11,23,1800,5,2,2,3,4554664,431641,4,2,0,0,1,3,0,0,2,5,1,99,1,0,1,0,1
200700068630,7,11,6,800,1,1,1,2,4385265,436122,4,2,2,0,1,1,0,56,1,0,1,99,1,0,0,1,1
200700068631,7,11,7,220,5,1,1,7,4382433,432698,2,1,1,0,1,3,0,40,1,0,1,99,0,0,1,0,1
200700068632,7,11,7,855,1,1,1,2,4382457,434495,4,2,2,0,2,1,0,57,1,0,1,99,1,0,1,0,1
200700068633,7,11,8,1142,1,1,1,6,4383047,435170,4,2,3,0,1,1,0,91,1,0,1,99,1,0,0,1,1
200700068639,7,11,9,1355,1,1,1,6,4383465,437028,4,1,1,0,1,1,0,50,1,0,1,3,1,0,0,1,1
200700068641,7,11,9,1548,1,6,1,3,4382416,436920,4,1,2,0,1,2,0,60,1,5,1,99,1,0,0,1,1
200700068643,7,11,9,2056,5,1,1,6,4384339,438518,4,2,2,0,1,1,0,80,1,0,1,99,1,0,0,1,1
200700068644,7,11,10,902,1,6,1,6,4383699,438770,4,1,2,1,1,3,0,80,1,5,1,99,1,0,0,1,1
200700068645,7,11,12,1220,1,2,1,3,4382683,436118,4,1,1,0,1,1,0,55,1,0,1,99,1,0,0,1,1
200700068649,7,11,13,1215,1,2,1,3,4384068,437117,4,1,0,0,0,1,0,40,1,0,1,0,1,0,1,0,1
200700068651,7,11,15,1320,1,2,1,1,4383651,435549,4,1,1,0,1,1,0,47,1,0,1,99,2,0,0,1,1
200700068652,7,11,16,725,1,1,1,6,4384630,437290,4,2,2,0,1,1,0,160,1,0,1,99,1,0,0,1,1
200700068654,7,11,17,1504,1,1,1,2,4384068,435115,4,2,4,0,1,1,0,130,1,0,1,99,2,0,0,1,1
200700068657,7,11,20,1232,1,1,1,2,4383039,436957,4,2,3,0,1,1,0,114,1,0,1,99,1,0,0,1,1
200700068658,7,11,22,857,1,1,2,1,4384848,443834,4,2,2,0,1,2,0,92,2,0,1,99,1,0,0,1,1
200700068659,7,11,23,740,1,1,1,1,4384292,438249,4,2,2,0,1,1,0,81,9,0,1,99,0,0,0,3,1
200700068662,7,11,23,1310,1,6,1,3,4381784,434717,4,0,2,0,1,2,0,120,1,0,1,99,1,0,1,1,1
200700068665,7,11,23,1927,3,1,1,1,4377736,434751,4,2,2,0,1,2,0,73,1,0,1,99,1,0,0,1,1
200700068666,7,11,24,1522,1,1,1,4,4384006,436322,4,1,2,0,1,1,0,0,1,0,1,99,2,0,0,3,1
200700068668,7,11,24,1811,5,1,1,2,4381390,436468,4,2,4,0,1,1,0,140,1,0,1,99,0,0,1,2,1
200700068669,7,11,25,312,5,1,1,6,4383572,440005,3,2,4,0,1,1,30,152,1,0,1,0,0,0,1,0,1
200700068670,7,11,25,1855,5,5,1,3,4380790,437177,4,1,2,0,1,2,0,0,1,5,1,99,2,0,0,1,1
200700068671,7,11,25,1927,5,3,1,3,4383711,436586,4,1,2,0,1,1,60,30,1,0,1,0,1,0,0,1,1
200700068672,7,11,26,750,1,1,1,5,4383712,436586,4,2,2,0,1,1,0,82,1,0,1,99,4,0,0,2,1
200700068674,7,11,26,1130,1,1,1,3,4382272,434793,4,3,7,0,1,1,0,70,1,0,1,3,0,0,1,0,1
200700068675,7,11,26,1148,1,1,6,6,4383651,436271,4,1,3,3,1,1,0,90,9,0,1,99,0,0,0,1,1
200700068679,7,11,28,1810,5,1,1,4,4377737,434752,4,2,4,0,1,1,170,140,1,0,1,99,3,0,0,3,1
200700068680,7,11,28,1940,5,1,1,4,4382056,434067,4,2,2,0,1,1,0,60,1,0,1,99,1,0,0,2,1
200700068681,7,11,29,1402,1,1,1,6,4383544,435477,4,1,1,0,1,2,0,128,1,3,1,3,1,0,0,1,1
200700068682,7,11,29,1524,1,1,1,6,4383838,432015,4,2,4,0,1,1,0,250,1,0,1,99,1,0,0,1,1
200700068683,7,11,29,1751,5,1,1,3,4383701,438689,3,2,3,0,1,1,0,64,1,0,1,99,1,0,0,1,1
200700068927,7,11,8,1040,1,1,1,7,4332431,345699,4,2,2,0,1,1,0,80,1,0,1,0,1,0,1,0,1
200700068929,7,11,10,755,1,3,1,7,4334000,345699,4,1,1,0,2,1,0,80,1,0,0,0,1,0,1,0,1
200700068934,7,11,20,1145,1,1,1,3,4333300,345699,4,2,1,0,2,1,0,70,1,0,1,99,1,0,2,0,1
200700068937,7,11,26,1522,1,6,1,3,4332200,345699,4,2,2,0,1,0,0,60,1,5,1,0,1,1,0,0,1
200700068943,7,11,2,1911,5,1,1,3,4364142,384325,4,2,4,0,1,1,0,120,1,0,1,99,2,0,0,1,1
200700068945,7,11,2,1550,1,3,1,3,4360779,384903,4,1,3,3,1,1,0,100,1,5,1,99,1,0,1,0,1
200700068950,7,11,6,2100,5,1,1,4,4360380,389269,4,2,3,0,1,1,0,130,1,0,1,99,2,0,0,1,1
200700068951,7,11,7,1519,1,3,1,7,4360094,389531,4,1,1,0,1,1,0,56,1,0,1,0,1,0,0,1,1
200700068953,7,11,7,1736,2,1,1,7,4357172,387389,3,2,2,0,1,1,0,57,1,0,3,99,0,1,0,0,1
200700068954,7,11,7,1230,1,9,1,3,4360663,385950,4,2,5,0,1,1,0,120,1,5,1,99,0,0,1,2,1
200700068955,7,11,9,1140,1,1,1,3,4364506,386198,4,2,3,0,3,1,0,84,1,0,1,3,1,0,1,1,1
200700068970,7,11,12,1220,1,1,1,6,4360382,389335,4,2,4,0,2,1,0,120,1,0,4,99,1,0,1,0,1
200700068974,7,11,15,1900,5,1,1,3,4360044,386934,4,2,2,0,1,1,0,60,1,0,1,99,1,0,0,1,1
200700068979,7,11,20,1900,5,2,8,3,4360908,386706,4,2,3,0,1,1,3,90,2,5,1,3,1,0,0,1,1
200700068982,7,11,22,2000,5,1,3,3,4360680,389405,4,2,2,0,2,4,0,60,2,0,1,99,1,1,0,2,1
200700068986,7,11,23,1100,1,1,1,6,4357817,386817,4,1,2,0,1,1,0,60,1,0,1,99,1,0,0,1,1
200700068988,7,11,24,133,5,4,1,6,4361272,384471,4,2,4,0,1,1,20,30,1,0,0,0,0,0,2,2,1
200700068989,7,11,24,530,5,2,1,3,4362438,381246,4,4,4,0,1,0,0,148,1,5,1,3,0,0,0,1,1
200700068991,7,11,22,1217,1,9,2,3,4360569,388781,4,1,2,1,1,1,0,130,2,3,1,99,1,0,1,0,1
200700068992,7,11,26,845,1,3,1,3,4361345,390493,4,2,2,0,2,1,0,60,1,5,1,3,1,0,0,1,1
200700068993,7,11,25,1625,1,1,1,2,4360041,389656,4,3,4,3,2,1,0,136,1,2,1,99,1,0,0,1,1
200700068996,7,11,26,1745,5,1,1,2,4362363,389195,4,2,3,0,1,3,0,80,1,5,1,99,1,0,0,2,1
200700069154,7,11,2,1055,1,6,1,3,4123456,345699,3,1,1,0,1,2,0,71,1,5,1,99,0,0,0,2,1
200700069156,7,11,9,1400,1,1,1,2,4123456,345699,3,2,2,0,1,1,0,91,1,0,1,99,1,0,0,1,1
200700069157,7,11,14,1220,1,1,2,1,4123456,345699,4,2,2,0,2,3,0,57,2,2,1,99,1,0,0,1,1
200700069189,7,11,12,1720,2,1,1,6,4528060,422500,4,2,4,0,1,1,0,124,1,0,1,0,2,1,0,0,1
200700069204,7,11,29,756,1,3,8,6,4526220,423140,4,1,1,3,1,1,0,56,1,5,1,3,2,0,0,1,1
200700069207,7,11,29,1125,1,2,1,3,4526150,424420,4,2,2,0,2,1,16,118,1,5,1,99,1,0,1,0,1
200700069210,7,11,30,1840,5,2,1,6,4525590,423330,4,1,2,0,1,1,0,75,1,0,1,0,1,0,0,1,1