Num_Acc,an,mois,jour,hrmn,lum,int,atm,col,lat,long,catr,circ,nbv,vosp,prof,plan,lartpc,larrout,surf,infra,situ,env1,unscathed,killed,hospital,light,chance
200700074083,7,11,16,2345,3,1,1,6,4388100,528600,3,2,2,0,1,3,0,40,1,0,3,0,0,1,0,0,1
200700074087,7,11,14,1830,3,1,1,1,4397400,498300,3,2,2,0,1,1,0,0,1,0,1,0,0,0,4,1,1
200700074091,7,11,10,1830,5,1,1,3,4430200,475500,4,2,0,0,1,1,0,0,1,0,1,0,1,0,0,1,1
200700074092,7,11,16,2130,3,1,1,1,4425000,473200,4,2,2,0,2,2,0,60,1,0,1,0,0,0,1,1,1
200700074097,7,11,19,1915,3,1,1,3,4365700,396200,3,2,2,0,1,1,0,100,1,0,1,0,1,0,1,0,1
200700074099,7,11,29,1845,5,3,1,3,4364800,395200,3,2,0,0,0,1,0,50,1,0,0,0,1,0,1,0,1
200700074103,7,11,3,430,3,1,1,6,4364000,405500,3,2,2,0,1,1,0,145,1,0,0,0,0,0,4,0,1
200700074104,7,11,10,1645,1,1,1,6,4381800,385800,3,2,2,0,3,4,0,52,1,0,3,0,1,0,1,0,1
200700074105,7,11,5,30,5,2,1,3,4344200,321100,9,2,0,0,1,0,0,65,1,0,1,0,1,0,2,1,1
200700074106,7,11,11,800,1,1,1,1,4339300,316600,3,2,0,0,1,1,0,110,1,5,1,0,0,1,1,0,1
200700074107,7,11,12,845,1,1,1,7,4346000,289700,3,2,2,0,2,2,0,80,1,0,0,0,0,0,1,0,1
200700074110,7,11,19,1215,1,1,1,6,4339900,341700,4,2,2,0,1,1,0,60,1,0,1,0,1,0,1,0,1
200700074111,7,11,7,1615,1,1,1,1,4338800,330800,2,2,0,0,1,1,0,0,1,0,1,0,0,0,0,2,1
200700074112,7,11,9,1230,1,2,1,3,4346800,324700,4,2,2,0,1,1,0,45,1,0,1,0,1,0,0,1,1
200700074113,7,11,17,130,3,1,1,6,4349000,329300,3,2,0,0,1,2,0,63,1,0,1,0,0,0,0,1,1
200700074114,7,11,23,1400,1,6,1,2,4327900,328500,3,2,2,0,1,2,0,70,1,5,1,0,1,0,1,0,1
200700074116,7,11,9,2230,3,1,1,2,4361900,343700,3,2,2,0,2,1,0,70,1,0,1,0,2,0,0,1,1
200700074117,7,11,11,1430,1,1,1,7,4354100,355200,3,2,2,0,2,3,0,71,1,0,3,0,2,0,1,1,1
200700074118,7,11,23,715,2,1,1,2,4353300,352300,3,2,2,0,2,1,0,67,0,0,1,0,1,0,0,1,1
200700074120,7,11,8,1800,3,1,1,2,4343700,361500,3,2,0,0,1,1,0,0,1,2,1,0,1,0,1,0,1
200700074121,7,11,17,1600,1,1,1,1,4347100,368500,3,2,2,0,0,2,0,48,1,0,1,0,1,0,1,3,1
200700074122,7,11,5,1630,1,1,1,1,4328200,245800,3,2,2,0,1,1,46,0,1,0,1,0,1,0,1,1,1
200700074123,7,11,22,130,3,1,5,7,4313700,252900,3,0,0,0,2,1,0,53,2,0,1,0,0,0,1,0,1
200700074124,7,11,18,1315,1,1,1,6,4325800,196200,4,2,0,0,4,2,0,30,1,0,3,0,1,0,1,0,1
200700074125,7,11,21,1845,3,1,2,1,4334200,187900,3,2,0,0,1,3,0,0,2,0,3,0,1,0,2,0,1
200700074126,7,11,16,1730,1,1,1,7,4307000,221500,3,2,1,0,1,2,0,73,1,0,3,0,0,0,0,1,1
200700074131,7,11,22,745,1,3,8,3,4320400,275400,4,3,0,0,1,1,30,115,2,0,1,0,1,0,1,0,1
200700074134,7,11,4,1630,1,1,1,2,4355100,435100,3,0,2,0,1,0,0,0,1,0,1,0,1,0,0,2,1
200700074137,7,11,11,430,5,2,1,3,4388100,447100,3,2,2,0,1,1,0,0,1,5,1,0,1,0,0,2,1
200700074140,7,11,2,1915,3,1,1,1,4377200,432600,3,2,2,0,1,1,0,70,1,0,1,0,1,0,1,0,1
200700074141,7,11,10,2230,5,1,1,6,4370300,427900,4,1,0,0,1,1,0,40,1,0,1,0,0,0,0,1,1
200700074142,7,11,25,1300,1,1,1,6,4375600,426800,2,2,0,0,1,2,0,70,1,0,3,0,0,1,0,0,1
200700074143,7,11,29,130,3,1,1,6,4372700,425400,3,2,2,0,1,0,0,0,1,0,1,0,0,0,1,0,1
200700074144,7,11,11,1345,1,3,1,1,4405400,398800,4,2,2,0,1,3,0,86,1,0,1,0,2,0,0,2,1
200700074146,7,11,17,1830,5,1,1,5,4403000,402400,3,1,2,0,1,1,0,65,1,0,1,0,3,1,0,0,1
200700074147,7,11,30,1915,2,1,1,1,4422500,399100,3,2,0,0,1,1,0,0,1,0,1,0,1,0,0,1,1
200700074148,7,11,2,1945,5,1,1,6,4415800,409100,3,2,2,0,1,1,0,60,1,0,1,0,0,0,1,1,1
200700074149,7,11,4,1115,1,1,1,3,4416500,405700,3,2,2,0,1,1,0,50,1,0,1,0,1,0,1,0,1
200700074150,7,11,4,1815,2,1,2,6,4419200,412900,3,2,2,0,2,1,0,75,2,5,1,0,0,0,0,1,1
200700074151,7,11,29,2215,3,1,1,7,4416400,415300,3,2,2,0,1,3,0,70,1,0,3,0,0,0,1,0,1
200700074152,7,11,29,1800,3,1,1,6,4410300,414100,3,2,2,0,3,1,72,0,1,0,1,0,2,0,1,0,1
200700074154,7,11,24,445,3,1,1,6,4420700,424900,3,2,0,0,1,1,0,53,1,0,3,0,0,0,2,1,1
200700074160,7,11,8,1000,1,1,1,6,4404700,456500,3,2,0,0,3,1,0,65,1,0,3,0,0,0,1,0,1
200700074161,7,11,16,2000,2,1,1,6,4405000,457500,2,2,0,0,1,1,0,60,1,0,0,0,0,0,1,0,1
200700074162,7,11,19,1645,1,1,1,3,4389700,467000,3,2,2,0,1,1,0,50,1,0,1,0,1,0,1,0,1
200700074164,7,11,20,1800,3,1,1,7,4388700,459700,3,2,0,0,1,1,0,47,1,0,1,0,0,0,1,0,1
200700074166,7,11,1,1345,1,1,1,1,4393700,400300,3,2,2,0,1,1,50,0,1,0,1,0,1,0,3,1,1
200700074167,7,11,7,1445,1,1,1,6,4473000,385600,2,2,2,0,0,3,70,0,1,0,1,0,1,0,1,0,1
200700074168,7,11,16,1600,1,1,8,6,4481000,367700,3,2,2,0,2,4,50,50,5,0,1,0,0,0,1,0,1
200700074170,7,11,14,800,2,1,4,7,4471800,337400,3,2,2,0,2,1,0,71,7,0,1,0,5,0,1,1,1
200700074174,7,11,9,1645,1,1,1,6,4276100,300000,4,2,0,0,1,1,60,60,1,0,1,3,1,0,1,0,1
200700074184,7,11,3,1915,3,1,1,6,4254600,951700,3,2,0,0,1,2,0,72,1,0,1,0,3,0,1,1,1
200700074185,7,11,14,1715,5,1,1,6,4256500,944300,2,2,2,0,1,1,0,70,1,0,1,0,2,0,1,0,1
200700074186,7,11,26,745,1,1,1,3,4252500,940000,3,2,2,0,0,3,0,67,2,0,1,0,0,1,2,0,1
200700074188,7,11,24,1945,3,1,2,1,4262400,889500,2,2,2,0,1,2,80,0,2,0,1,0,1,0,1,0,1
200700074189,7,11,27,1015,1,1,7,7,4228600,920400,2,2,2,0,1,1,0,76,2,0,3,0,0,0,0,1,1
200700074192,7,11,30,1530,1,1,1,2,4246100,950200,2,2,2,0,1,1,0,75,1,0,1,0,1,0,1,0,1
200700074197,7,11,4,730,2,1,1,6,4850700,182000,3,2,2,0,1,1,0,70,1,0,3,0,0,0,0,2,1
200700074198,7,11,22,1930,3,1,8,6,4854300,183000,2,2,2,0,1,1,0,70,2,0,1,0,0,0,2,0,1
200700074199,7,11,3,1515,1,6,1,3,4878600,181000,3,2,0,0,1,1,0,0,2,5,1,0,2,0,0,1,1
200700074201,7,11,14,1330,1,1,1,1,4882300,179400,4,0,0,0,1,0,0,0,2,0,1,0,0,0,1,1,1
200700074204,7,11,8,930,1,1,2,6,4854300,244200,3,2,0,1,1,2,0,55,2,0,3,0,0,0,1,0,1
200700074206,7,11,8,630,1,1,8,3,4845800,201500,2,2,0,0,0,1,0,72,2,0,1,0,1,0,1,0,1
200700074207,7,11,21,1300,1,1,1,6,4853800,200300,4,2,0,3,2,1,0,48,2,0,1,3,1,0,1,0,1
200700074209,7,11,4,1530,1,1,1,3,4849100,235300,3,2,2,0,3,1,0,0,1,0,1,0,1,0,1,0,1
200700074210,7,11,12,1315,1,3,1,3,4841700,227900,3,2,2,0,1,1,0,46,1,0,1,0,1,0,0,1,1
200700074213,7,11,10,1900,4,2,1,6,4870700,225800,3,3,0,0,1,1,0,86,1,6,1,0,1,0,1,0,1
200700074214,7,11,3,1715,2,1,1,6,4858600,223800,4,2,0,0,1,1,0,50,1,0,1,3,1,0,1,0,1
200700074218,7,11,24,315,3,1,1,7,4913900,204400,3,2,2,0,0,3,0,0,7,0,1,0,0,0,1,0,1
200700074224,7,11,20,1945,3,1,2,1,4859200,276600,3,2,2,0,1,1,0,51,2,0,1,0,0,1,1,0,1
200700074225,7,11,8,2100,5,1,2,6,4888800,285000,3,2,0,0,1,1,0,60,2,0,1,0,1,0,0,1,1
200700074226,7,11,28,1915,5,1,5,6,4878400,329400,9,1,1,0,2,1,0,59,2,0,4,0,1,0,0,1,1
200700074227,7,11,10,900,1,2,1,3,4897400,319300,3,2,2,0,0,1,0,0,1,0,1,0,1,0,2,0,1
200700074229,7,11,27,1845,3,1,1,3,4876000,301700,3,2,2,0,1,1,0,65,1,0,1,0,2,0,0,1,1
200700074230,7,11,13,1745,3,1,1,6,4872000,285000,2,3,4,0,0,3,10,73,1,0,1,0,0,1,0,1,1
200700074231,7,11,15,1900,5,1,1,1,4872200,303800,3,2,0,0,0,1,0,65,1,0,1,0,0,0,3,0,1
200700074232,7,11,18,2045,3,1,1,6,4871500,295200,3,2,2,0,1,1,0,65,1,0,1,0,0,1,0,0,1
200700074233,7,11,4,500,3,1,1,6,4828700,258700,3,2,0,0,2,2,0,0,1,0,3,0,0,0,2,0,1
200700074234,7,11,1,1015,1,1,1,4,4905700,269800,2,3,4,0,1,1,0,160,1,0,1,0,7,0,1,0,1
200700074235,7,11,1,800,1,1,1,2,4900900,292900,3,2,2,0,2,1,0,71,1,0,1,0,1,0,1,0,1
200700074236,7,11,19,1045,1,1,1,6,4904100,292600,3,2,2,0,1,1,0,80,2,0,1,0,0,0,1,0,1
200700074237,7,11,20,1800,5,1,2,3,4870400,324600,2,2,2,0,1,1,0,70,2,0,1,0,3,0,1,0,1
200700074238,7,11,22,1500,1,1,1,5,4869100,311700,2,2,2,0,4,1,0,75,1,0,3,0,2,0,0,1,1
200700074239,7,11,24,200,3,1,1,6,4865500,312200,4,2,2,0,1,2,0,50,1,0,1,0,0,0,1,2,1
200700074243,7,11,30,700,3,3,5,3,4790900,213200,2,3,2,0,1,1,0,60,2,5,1,0,0,1,0,1,1
200700074245,7,11,1,1430,1,2,1,1,4785500,180900,4,2,2,0,1,1,33,33,1,0,1,0,1,0,1,0,1
200700074251,7,11,17,1830,3,1,1,3,4785800,171800,3,3,2,0,1,1,0,50,1,0,1,0,0,0,1,1,1
200700074252,7,11,28,745,2,1,5,5,4810800,217000,2,2,0,0,1,1,0,80,2,0,3,0,2,0,1,2,1
200700074261,7,11,2,1930,3,1,1,6,4812100,225500,3,2,2,0,1,1,62,70,1,0,1,0,0,0,1,1,1
200700074266,7,11,22,1145,1,1,1,3,4674500,232800,3,2,0,0,1,1,0,72,1,0,1,0,1,0,2,0,1
200700074272,7,11,8,2000,3,1,2,2,4711900,261600,3,2,2,0,2,1,0,75,2,0,1,0,1,0,2,0,1
200700074273,7,11,7,1745,3,1,1,5,4836500,154300,3,2,2,0,3,1,0,63,1,0,1,0,2,0,2,0,1
200700074274,7,11,29,1615,1,1,8,1,4850400,146900,2,2,0,0,0,1,0,50,2,0,1,0,1,3,0,0,1
200700074275,7,11,21,1815,3,1,1,1,4831200,140500,3,2,2,0,1,1,0,53,2,0,1,0,1,1,0,0,1
200700074276,7,11,27,1400,1,1,1,6,4831300,123800,3,2,2,0,2,3,0,61,1,0,3,0,0,0,1,0,1
200700074277,7,11,12,2000,3,1,1,6,4856500,175100,3,2,0,0,1,1,0,60,1,0,1,0,0,1,0,0,1
200700074280,7,11,18,830,1,1,9,3,4801100,125200,3,2,2,0,2,2,0,0,7,0,1,0,1,0,1,0,1
200700074282,7,11,26,1800,2,1,1,6,4873200,129400,3,2,2,0,2,2,0,53,6,0,3,0,1,0,1,0,1
200700074284,7,11,26,1945,3,1,1,3,4856900,121900,3,1,2,0,1,2,0,74,1,0,1,0,1,1,0,0,1
200700074285,7,11,30,2230,3,1,2,6,4829500,80900,3,2,2,0,1,3,0,47,2,2,1,0,0,0,1,0,1
200700074287,7,11,29,715,2,1,1,3,4683100,182800,3,2,2,0,1,1,0,112,1,0,1,0,1,0,0,1,1
200700074292,7,11,11,1600,1,1,1,6,4643100,157400,9,0,0,0,4,0,0,0,9,0,3,0,0,0,2,0,1
200700074293,7,11,2,1715,3,1,1,7,4708600,194200,3,2,2,0,1,1,0,0,1,0,3,0,0,0,1,0,1
200700074294,7,11,20,1700,2,1,2,7,4709000,203800,9,0,0,0,2,1,0,0,2,0,3,0,0,0,1,0,1
200700074295,7,11,27,830,2,1,1,6,4687700,208300,3,2,0,0,0,2,0,0,1,0,3,0,1,0,0,1,1
200700074297,7,11,8,800,1,1,1,3,4744500,63100,3,2,0,0,1,1,0,79,1,0,1,0,1,0,1,0,1
200700074298,7,11,22,830,1,1,1,6,4744400,73800,3,3,0,0,1,1,20,120,2,0,3,0,0,0,1,0,1
200700074299,7,11,27,730,3,8,5,6,4750400,78100,3,2,0,0,1,1,0,55,2,0,1,0,1,0,1,0,1
200700074300,7,11,11,145,3,1,1,7,4696600,42800,3,2,2,0,0,4,0,0,1,0,1,0,0,0,1,0,1
200700074301,7,11,28,1800,3,1,1,3,4721100,48000,3,2,2,0,1,1,0,55,2,0,1,0,1,0,1,0,1
200700074303,7,11,5,1045,1,1,1,6,4704600,82000,3,2,2,0,1,1,0,55,1,0,1,0,2,0,1,0,1
200700074308,7,11,10,230,3,1,1,6,4781200,144300,3,2,2,0,0,1,0,55,1,5,3,0,3,0,3,0,1
200700074309,7,11,8,1530,1,1,1,3,4773100,133300,3,2,0,0,1,1,0,61,1,0,1,0,1,0,1,2,1
200700074311,7,11,29,815,2,1,1,6,4730300,132300,3,2,2,0,1,1,0,62,1,0,1,0,0,0,1,1,1
200700074313,7,11,10,1845,3,2,2,3,4764100,191100,3,2,2,0,1,1,0,66,2,0,0,0,0,1,2,0,1
200700074314,7,11,23,1730,2,1,2,1,4758000,202000,3,2,2,1,1,1,0,70,2,0,1,0,1,0,1,1,1
200700074322,7,11,21,1700,2,1,7,6,4569200,132700,3,2,2,0,2,1,0,60,1,0,1,0,1,0,1,0,1
200700074323,7,11,15,1715,1,1,1,1,4478200,-48200,3,2,1,0,1,1,0,62,1,0,1,0,4,0,1,0,1
200700074324,7,11,6,1530,1,1,1,7,4733800,509800,3,3,0,0,1,0,13,120,1,5,1,0,0,0,1,0,1
200700074327,7,11,9,700,1,1,1,1,4347700,552000,4,2,0,0,2,2,0,71,1,0,1,0,1,0,1,0,1
200700074328,7,11,19,1945,3,1,8,1,4346200,555100,3,2,2,0,2,1,0,57,2,0,1,0,1,0,1,0,1
200700074329,7,11,24,945,1,1,1,7,4411800,41700,3,2,0,0,2,1,0,0,1,0,1,0,0,0,1,0,1
200700074332,7,11,6,1545,1,1,1,4,4938700,604100,3,2,3,0,2,1,0,0,1,0,1,0,4,0,1,0,1
200700074333,7,11,5,1545,1,1,1,1,4363500,370400,3,2,2,0,1,1,70,0,1,5,1,0,1,0,0,1,1
200700074335,7,11,27,1915,3,1,1,3,4358100,375500,3,2,0,0,0,1,0,90,1,0,1,0,0,0,0,1,1
200700074340,7,11,8,2100,3,1,3,6,4861700,211200,1,3,4,0,4,1,24,340,2,0,3,0,0,0,1,0,1
200700074345,7,11,18,615,3,1,9,6,5009600,287100,1,3,3,0,1,1,10,115,7,0,2,0,1,0,0,1,1
200700074355,7,11,12,715,2,1,1,4,4318700,604400,1,3,2,0,1,1,30,95,1,0,1,0,1,0,2,0,1
200700074361,7,11,16,2245,3,1,1,5,4924000,265900,1,1,3,0,1,1,20,135,1,0,1,0,6,0,1,3,1
200700074362,7,11,27,930,1,1,1,1,4605600,473300,1,1,3,0,1,1,0,0,1,0,1,0,2,0,0,1,1
200700074366,7,11,25,530,3,1,2,7,4952600,119800,1,1,2,0,1,1,20,70,2,0,3,0,0,0,1,0,1
200700074373,7,11,9,1815,3,1,1,5,4327000,317500,1,3,3,0,1,1,50,105,1,0,1,0,4,0,1,0,1
200700074382,7,11,16,1845,3,1,8,2,4570900,592900,1,3,0,0,2,1,0,70,2,0,1,0,1,0,0,2,1
200700074383,7,11,10,2000,3,1,2,4,4534700,556800,1,0,0,0,2,1,10,90,2,2,1,0,5,0,1,0,1
200700074386,7,11,5,1715,1,2,1,3,4750800,133700,3,2,2,0,1,1,0,63,1,5,1,0,1,0,1,1,1
200700074387,7,11,12,1515,1,1,1,3,4742800,145700,4,2,2,0,1,1,0,58,1,5,1,0,1,1,1,1,1
200700074389,7,11,21,1545,2,1,1,1,4762400,140700,4,2,2,0,1,0,0,53,1,0,1,0,1,0,1,0,1
200700074390,7,11,28,1715,2,1,1,5,4759800,137100,3,2,2,0,1,1,0,60,1,0,1,0,3,0,2,0,1
200700074391,7,11,10,1045,1,1,1,1,4568400,476200,4,2,2,0,2,1,0,42,1,0,1,0,1,0,1,0,1
200700074393,7,11,13,1800,2,2,1,3,4836000,-477200,4,2,2,0,1,1,0,60,1,0,1,0,1,0,1,0,1
200700074394,7,11,19,1630,1,3,1,3,4841800,-454000,3,3,4,0,2,1,0,74,1,5,1,0,2,0,0,1,1
200700074395,7,11,26,2315,3,6,5,6,4836600,-460000,3,2,2,0,1,1,0,0,2,5,1,0,1,0,1,0,1
200700074397,7,11,5,1415,1,1,1,6,4556000,326700,1,3,2,3,1,1,25,70,1,0,1,0,0,0,0,1,1
200700074398,7,11,14,645,3,1,2,7,4559900,322600,1,1,2,0,0,1,15,70,2,0,3,0,0,0,0,1,1
200700074399,7,11,17,1645,1,1,1,1,4553900,326000,1,1,2,0,1,1,70,50,1,0,1,0,0,0,2,0,1
200700074400,7,11,7,1215,1,1,1,2,4348800,-144800,1,3,2,0,1,1,20,72,1,2,1,0,1,0,1,0,1
200700074401,7,11,21,1500,1,1,7,4,4363600,-139100,1,3,4,0,1,1,15,72,1,0,1,0,5,0,1,0,1
200700074404,7,11,19,1200,1,1,8,7,4922800,406700,1,2,1,0,0,3,0,40,2,3,1,0,0,0,1,0,1
200700074408,7,11,21,700,3,1,1,6,5045400,269800,1,3,2,0,1,1,30,110,2,0,1,0,0,0,0,1,1
200700074411,7,11,12,1000,1,1,1,6,4335000,561600,1,3,3,0,2,1,20,90,1,0,2,0,1,0,0,1,1
200700074417,7,11,14,800,1,1,2,6,4444400,-81100,1,3,4,0,1,1,100,0,3,0,3,0,0,0,0,1,1
200700074420,7,11,7,1200,1,1,1,3,4523100,579900,3,2,2,0,0,1,0,134,1,0,1,0,1,0,1,0,1
200700074423,7,11,9,1530,1,1,1,3,4893500,197600,3,3,0,3,1,1,25,150,1,3,1,0,1,0,0,1,1
200700074428,7,11,11,715,2,1,2,6,4583700,503000,1,1,1,0,2,3,0,0,2,3,1,0,3,0,1,0,1
200700074429,7,11,23,1945,3,1,1,2,4586700,517400,1,1,0,0,1,1,10,110,1,0,1,0,1,0,0,1,1
200700074430,7,11,10,145,5,1,2,6,4855500,236600,4,1,0,0,0,1,0,60,2,0,1,0,1,0,1,0,1
200700074431,7,11,2,1330,1,1,1,2,4916700,409100,3,2,2,0,4,1,0,79,1,5,1,0,2,0,1,0,1
200700074433,7,11,12,1915,5,1,1,1,4916500,401100,9,0,0,0,0,0,0,25,0,0,4,0,2,0,1,0,1
200700074434,7,11,15,1130,1,1,1,1,4914200,410600,3,2,2,0,2,1,0,79,1,0,1,0,1,0,1,0,1
200700074435,7,11,20,2100,3,6,1,6,4918600,416700,3,2,0,0,1,1,0,0,1,5,3,0,0,0,1,0,1
200700074436,7,11,28,2015,3,1,1,3,5087800,201300,1,3,4,3,1,1,20,115,1,0,1,0,1,0,1,0,1
200700074438,7,11,14,2130,3,1,1,7,4364000,700300,3,2,2,0,1,2,0,74,1,0,1,0,0,0,1,0,1
200700074439,7,11,23,1145,1,6,8,3,4362200,703800,3,3,4,0,1,0,0,0,2,0,1,0,1,0,1,0,1
200700074443,7,11,18,1845,3,1,1,6,4541700,487400,3,0,2,0,0,1,0,51,1,0,1,0,0,0,1,1,1
200700074445,7,11,20,1730,5,1,1,3,4364300,375000,3,2,2,0,1,1,0,50,1,0,1,0,1,0,0,2,1
200700074447,7,11,10,245,5,6,1,1,4884700,205600,3,1,0,2,3,1,0,30,1,3,3,0,1,0,1,0,1
200700074448,7,11,5,1715,1,1,1,6,4266800,183500,2,2,0,0,2,2,0,82,1,0,1,0,1,0,2,0,1
200700074450,7,11,9,2345,3,1,1,3,4765000,-270000,2,3,0,0,1,1,71,91,1,0,1,0,2,0,1,0,1
200700074454,7,11,3,2015,3,1,1,7,4713800,218300,1,3,2,0,1,1,30,180,0,0,3,0,1,0,1,0,1
200700074457,7,11,8,1845,3,1,1,6,4350400,380100,3,2,2,0,1,1,0,64,1,0,1,0,0,1,1,0,1
200700074459,7,11,14,1145,1,1,4,7,4612300,549300,1,3,2,0,2,2,0,95,5,0,3,0,0,0,1,0,1
200700074464,7,11,6,1015,1,1,1,6,4405500,-100800,2,3,4,0,1,1,75,72,1,3,3,0,0,1,1,0,1
200700074466,7,11,15,1745,5,2,4,3,4852900,768200,9,2,2,0,0,1,0,0,2,0,1,0,3,0,1,0,1
200700074467,7,11,20,1700,5,1,2,1,4851000,761000,3,2,2,0,1,2,0,0,2,0,1,0,1,0,0,2,1
200700074469,7,11,24,1745,2,1,1,6,4320000,16000,1,1,0,0,1,1,15,70,1,0,3,0,0,0,0,1,1
200700074470,7,11,30,1130,1,1,2,2,4649700,265800,1,1,2,0,1,1,0,76,2,0,1,0,1,0,2,0,1
200700074471,7,11,8,815,1,1,1,6,4701400,239300,1,3,2,0,1,1,10,100,1,0,3,0,0,0,1,0,1
200700074475,7,11,23,645,5,1,1,1,4366600,543800,3,2,2,0,1,1,0,55,2,0,1,0,1,0,1,0,1
200700074476,7,11,23,815,2,1,8,1,4365600,547900,3,2,2,2,1,1,0,80,2,0,1,3,0,0,1,1,1
200700074477,7,11,5,1615,1,1,1,6,4504100,514200,1,3,2,0,2,2,20,70,1,0,1,0,0,0,0,1,1
200700074480,7,11,1,745,3,1,1,7,4870000,783900,1,3,2,0,1,1,0,0,1,0,1,0,0,0,0,1,1
200700074485,7,11,10,1830,3,1,1,1,4362600,535400,3,2,2,0,2,3,0,0,1,0,1,0,3,0,0,1,1
200700074486,7,11,11,800,3,1,1,6,4339600,128600,1,3,0,0,1,1,30,100,1,0,1,0,0,0,1,0,1
200700074492,7,11,2,215,3,1,1,7,4360900,381600,2,3,2,0,1,3,10,70,1,0,1,0,0,0,1,0,1
200700074493,7,11,3,1930,3,1,1,5,4363100,378200,1,3,2,0,1,2,10,70,1,0,1,0,3,0,0,4,1
200700074494,7,11,15,1100,1,1,1,3,4362900,361100,2,3,2,0,2,2,20,70,1,0,1,0,1,0,1,0,1
200700074495,7,11,5,1730,2,1,1,3,4875000,211200,3,2,0,0,1,1,0,0,1,0,1,0,0,0,2,1,1
200700074498,7,11,1,1645,1,1,8,1,4807200,15400,3,2,2,0,1,1,0,0,1,5,1,0,5,0,2,0,1
200700074499,7,11,4,1730,1,9,1,3,4811000,15200,3,2,2,0,0,3,0,0,1,3,1,0,2,0,1,1,1
200700074503,7,11,23,745,1,1,3,6,4780900,724100,3,2,0,0,1,1,0,0,2,0,1,0,1,0,1,1,1
200700074504,7,11,5,1630,1,1,1,2,4902400,-83800,1,3,2,0,3,1,10,70,1,2,1,0,2,0,1,0,1
200700074505,7,11,17,315,3,1,1,7,4383100,453500,3,2,1,0,1,1,0,70,1,0,3,0,0,0,1,0,1
200700074507,7,11,27,730,2,1,8,5,4967800,465600,1,3,4,0,2,1,28,190,2,0,1,0,4,0,0,3,1
200700074508,7,11,7,1930,5,1,1,3,5005800,139700,3,2,2,0,1,1,0,0,2,0,1,0,1,0,1,0,1
200700074509,7,11,29,2030,5,6,1,2,5007300,138900,3,2,0,0,1,1,0,0,1,0,1,0,1,0,0,1,1
200700074510,7,11,11,30,3,1,2,5,4948400,125700,3,2,2,0,4,2,0,52,2,0,1,0,9,0,4,0,1
200700074511,7,11,12,1830,3,1,1,1,4949800,128700,3,2,2,0,3,3,0,63,1,0,1,0,0,1,1,0,1
200700074513,7,11,7,1230,1,1,1,2,4931200,256600,3,2,2,0,1,1,0,74,1,0,1,0,1,0,2,0,1
200700074515,7,11,9,745,1,1,1,1,4363600,133300,3,2,2,0,1,1,0,75,1,0,1,0,3,1,1,0,1
200700074518,7,11,2,1430,1,1,1,7,4774400,-292900,3,2,2,0,1,2,0,0,1,0,1,0,0,0,1,0,1
200700074519,7,11,5,1945,3,1,1,7,4772300,-295600,3,2,0,0,1,2,0,58,1,0,3,0,1,0,1,0,1
200700074520,7,11,10,900,1,1,7,3,4778000,-300900,3,2,0,0,1,1,67,0,1,0,1,0,1,0,1,0,1
200700074521,7,11,21,815,1,1,2,5,4785200,-300000,3,2,2,0,1,1,0,0,2,0,1,0,5,0,0,1,1
200700074524,7,11,18,300,3,1,8,1,5091100,193800,3,2,2,0,1,3,0,76,1,0,0,0,1,0,1,0,1
200700074525,7,11,17,1145,1,1,1,6,4366600,386400,3,2,2,1,2,4,0,94,1,0,1,0,1,1,0,0,1
200700074526,7,11,11,1430,1,1,2,1,4848300,259700,3,2,3,0,1,1,0,100,2,0,1,0,0,0,2,0,1
200700074528,7,11,9,715,1,1,1,3,4358400,384900,3,2,0,0,2,1,0,0,1,5,1,0,1,0,1,0,1
200700074536,7,11,20,1345,1,1,2,7,4950500,-148700,2,3,2,0,1,1,0,70,2,0,1,0,0,0,0,1,1
200700074538,7,12,16,1145,1,1,1,6,5053700,292900,3,2,2,0,1,1,0,61,1,0,1,0,1,0,1,0,1
200700074539,7,12,1,1800,3,1,2,1,5057000,284900,3,2,0,1,1,1,0,0,2,0,5,0,0,0,2,0,1
200700074541,7,12,8,815,1,1,3,6,5062100,296800,3,2,2,0,1,1,0,0,2,0,1,0,0,0,1,0,1
200700074543,7,12,2,645,3,1,1,1,5056900,313800,3,2,0,0,1,1,0,70,1,0,1,0,0,0,1,1,1
200700074550,7,12,30,830,1,1,7,1,5085100,257300,3,2,0,0,0,3,0,69,2,0,1,0,0,0,0,4,1
200700074551,7,12,9,2030,3,1,1,1,5083200,248000,3,2,0,0,0,1,0,0,2,0,1,0,1,0,0,1,1
200700074552,7,12,8,1415,1,1,3,1,5083200,236000,3,2,2,0,1,1,0,40,2,0,1,0,2,0,2,1,1
200700074553,7,12,15,900,1,1,9,1,5053800,320500,3,2,2,0,1,3,0,60,7,0,1,0,2,0,1,0,1
200700074554,7,12,19,800,2,1,9,6,5057500,321200,3,2,2,0,1,1,0,40,7,0,1,0,1,0,1,0,1
200700074556,7,12,14,1700,2,1,1,3,5048700,347900,4,2,1,0,1,1,0,47,1,0,1,3,1,0,1,0,1