Num_Acc,an,mois,jour,hrmn,lum,int,atm,col,lat,long,catr,circ,nbv,vosp,prof,plan,lartpc,larrout,surf,infra,situ,env1,unscathed,killed,hospital,light,chance
200700074557,7,12,24,1830,3,1,9,1,5047500,348900,3,2,0,2,1,2,0,65,7,0,1,0,7,0,1,0,1
200700074558,7,12,2,630,3,1,9,1,5019600,395200,2,2,2,0,2,1,0,74,2,0,1,0,0,1,1,0,1
200700074560,7,12,4,1715,2,9,2,1,5013100,385800,3,2,0,0,3,1,74,74,2,0,1,0,0,0,2,0,1
200700074561,7,12,25,1845,5,1,1,7,5006500,410300,3,2,2,0,1,2,0,80,2,0,1,0,0,1,1,0,1
200700074563,7,12,12,1800,3,1,9,5,5011200,320800,3,2,2,0,2,3,0,65,2,0,1,0,6,0,1,0,1
200700074564,7,12,17,1930,3,1,1,5,5010900,320700,3,2,2,0,2,3,0,71,1,0,1,0,3,0,1,0,1
200700074565,7,12,26,1445,1,1,5,1,5016700,314000,3,2,2,0,1,1,0,70,2,0,1,0,1,0,1,0,1
200700074566,7,12,1,745,2,1,1,6,5051000,328000,4,2,0,0,0,2,0,0,2,0,3,0,0,0,3,0,1
200700074567,7,12,17,1800,3,1,2,1,5048100,321300,3,2,2,0,1,1,0,64,2,5,1,0,0,0,1,1,1
200700074568,7,12,20,1630,2,1,9,3,5023100,359500,3,2,2,0,2,3,0,53,2,0,1,0,1,1,0,0,1
200700074570,7,12,20,1200,1,1,9,7,5032400,263500,3,2,2,0,1,2,0,60,9,0,0,0,0,0,1,0,1
200700074572,7,12,11,1115,1,1,7,1,5019600,281800,3,2,0,0,1,1,0,66,1,0,1,0,1,0,1,0,1
200700074573,7,12,5,1800,5,1,1,6,5063700,277000,3,2,0,0,0,1,0,80,1,0,1,0,0,0,1,1,1
200700074574,7,12,23,600,3,1,1,1,5063000,268900,3,2,2,0,1,1,0,0,2,0,1,0,0,0,3,1,1
200700074576,7,12,28,2215,3,1,6,7,5044100,255400,3,2,2,0,1,4,0,65,2,0,1,0,0,0,1,0,1
200700074578,7,12,16,1100,1,1,7,1,5056000,175600,3,2,0,0,1,1,0,85,1,0,1,0,4,0,1,0,1
200700074579,7,12,19,2130,5,6,1,6,5057300,160700,3,2,2,1,1,3,0,60,1,5,3,0,0,0,1,0,1
200700074580,7,12,28,1615,1,1,7,6,5042400,201800,3,2,2,0,1,1,0,54,1,0,1,0,1,0,1,0,1
200700074584,7,12,13,1615,1,2,1,3,5088100,209400,3,2,2,0,1,1,121,0,1,5,1,0,1,0,2,0,1
200700074585,7,12,22,1445,1,1,7,1,5061200,209600,3,2,2,0,1,3,0,67,2,0,1,0,0,0,1,1,1
200700074586,7,12,23,1415,1,1,5,1,5064800,216500,3,2,2,0,2,1,0,80,0,0,1,0,0,0,2,6,1
200700074588,7,12,20,2100,3,9,5,6,5070800,210700,3,2,0,0,1,1,80,0,7,0,1,0,0,0,1,0,1
200700074589,7,12,23,700,3,1,5,6,5064700,197900,3,2,0,0,1,1,0,60,2,0,3,0,0,0,1,0,1
200700074591,7,12,3,2000,3,1,2,1,5035400,253300,3,2,2,0,2,1,0,35,2,0,1,0,1,1,0,0,1
200700074592,7,12,8,1600,3,1,2,6,5036900,265500,3,2,2,0,1,3,0,55,2,0,1,0,0,0,2,3,1
200700074593,7,12,26,945,1,1,8,7,4985800,259200,3,2,2,0,1,3,0,0,7,0,1,0,0,0,1,0,1
200700074596,7,12,21,1200,1,1,9,6,4984600,217800,3,2,0,0,0,2,0,50,7,0,1,0,0,0,1,0,1
200700074597,7,12,31,1400,1,1,1,1,4995800,205200,3,2,2,0,4,1,0,0,1,0,1,0,4,0,1,2,1
200700074598,7,12,2,900,1,1,6,6,4993700,222900,3,2,2,0,0,1,0,60,2,0,3,0,0,0,1,0,1
200700074599,7,12,10,2115,3,1,1,1,4998000,231000,2,2,2,0,3,3,0,70,2,0,1,0,1,1,0,0,1
200700074600,7,12,16,1815,3,1,1,7,4995600,233900,3,2,0,0,1,1,0,63,1,0,3,0,0,1,0,0,1
200700074602,7,12,16,315,3,1,1,6,5012000,189000,3,0,0,0,2,1,0,60,1,5,1,0,0,0,1,0,1
200700074603,7,12,21,1100,1,2,1,3,5003400,179700,3,2,2,0,1,1,0,0,2,0,1,0,2,1,0,0,1
200700074606,7,12,28,1430,1,1,1,1,4996300,182800,3,2,0,0,1,1,0,0,1,0,1,0,0,1,2,0,1
200700074607,7,12,31,1045,1,1,1,7,5008900,147100,3,2,2,0,1,1,0,70,1,0,1,0,0,0,1,0,1
200700074608,7,12,7,1530,1,2,8,3,4994100,163500,3,2,0,0,2,1,0,81,2,5,1,0,1,0,1,0,1
200700074609,7,12,15,1200,1,1,1,1,5017900,164000,3,0,0,0,0,1,0,0,1,0,1,0,1,0,1,0,1
200700074611,7,12,7,1315,1,1,7,1,5017800,181100,3,2,2,0,1,1,0,78,1,0,1,0,1,0,1,1,1
200700074612,7,12,14,100,3,1,9,6,5018900,187600,3,2,20,0,2,1,0,78,2,0,3,0,0,1,0,1,1
200700074614,7,12,15,1700,2,1,1,6,5015000,235000,2,2,0,0,0,1,0,66,1,0,1,0,1,1,0,0,1
200700074616,7,12,23,1945,3,1,5,6,4979700,244400,4,2,2,0,1,2,0,49,1,0,3,0,0,1,1,0,1
200700074619,7,12,11,1745,5,1,1,6,4964900,352000,3,2,0,0,1,1,0,60,2,0,1,3,1,0,1,0,1
200700074624,7,12,21,715,2,1,2,6,4990000,335900,3,2,2,0,1,1,55,0,7,0,1,0,0,0,1,0,1
200700074625,7,12,1,1000,1,1,1,6,4926900,335000,3,2,2,0,0,1,0,64,2,0,3,0,0,0,0,1,1
200700074626,7,12,21,1150,1,1,1,5,4939800,337300,3,2,2,0,1,1,0,77,2,0,1,0,1,0,1,1,1
200700074628,7,12,8,1230,1,1,2,1,4940400,318000,3,2,2,0,0,1,0,60,2,2,1,0,1,0,1,0,1
200700074629,7,12,9,1800,5,1,1,4,4926000,309800,3,2,2,0,1,1,0,64,1,0,0,3,3,0,1,0,1
200700074634,7,12,7,1715,3,1,1,5,4988700,360300,3,2,2,0,2,1,0,76,1,0,3,0,3,0,1,2,1
200700074635,7,12,7,1900,3,1,2,1,4998200,363300,3,2,2,0,1,3,0,54,2,0,1,0,0,0,2,1,1
200700074638,7,12,15,2200,3,1,9,7,4991200,372700,4,2,2,0,1,3,0,31,2,0,3,0,0,0,1,0,1
200700074643,7,12,6,745,5,1,1,3,4944900,190100,3,2,2,0,1,1,0,69,1,0,0,0,1,0,0,1,1
200700074644,7,12,13,815,1,1,9,6,4942300,182900,4,2,2,0,4,3,0,40,7,0,3,0,0,0,1,0,1
200700074645,7,12,15,615,3,1,1,1,4933800,177600,3,2,2,0,1,1,0,72,1,0,1,0,1,0,1,0,1
200700074647,7,12,22,1630,1,1,2,1,4928000,191100,3,2,2,0,0,3,0,70,2,0,0,0,3,0,0,3,1
200700074656,7,12,9,15,5,1,3,6,4960700,228700,3,2,2,0,1,1,0,68,2,0,4,0,2,0,2,0,1
200700074660,7,12,5,2015,3,1,1,3,4931300,233300,3,2,2,0,1,1,0,0,2,0,1,0,1,0,2,0,1
200700074663,7,12,4,1815,5,1,1,3,4940600,301200,2,2,2,0,0,1,0,80,1,0,1,0,1,0,1,0,1
200700074664,7,12,11,800,2,1,8,5,4944300,288100,4,2,2,0,1,1,0,0,2,0,1,0,2,0,1,0,1
200700074665,7,12,18,2200,3,1,9,6,4946000,288000,3,2,2,0,1,3,0,66,9,0,3,0,0,1,0,0,1
200700074672,7,12,27,230,5,1,8,6,4958400,300100,3,2,2,0,1,3,0,60,2,0,3,0,0,0,1,0,1
200700074676,7,12,4,1745,3,6,9,3,4919800,263900,3,1,2,0,1,2,0,70,2,5,1,0,1,0,1,0,1
200700074677,7,12,15,1400,1,1,1,3,4925600,264900,3,2,2,0,1,1,0,65,1,0,1,0,1,1,0,0,1
200700074678,7,12,20,1700,5,6,1,6,4921000,259000,3,2,2,0,1,0,80,65,1,5,1,0,1,0,1,0,1
200700074679,7,12,21,1500,1,1,1,1,4919000,266000,2,2,2,0,1,1,0,75,1,0,1,0,1,2,0,0,1
200700074685,7,12,8,1700,5,1,8,6,4923500,245900,4,3,2,0,1,1,8,105,2,0,1,0,2,0,1,0,1
200700074686,7,12,10,1745,5,1,2,3,4924000,299800,2,2,2,0,1,3,0,0,2,0,1,0,1,0,1,0,1
200700074691,7,12,6,2045,3,1,1,6,4952000,117900,3,2,2,0,1,1,0,72,1,0,1,0,1,0,1,0,1
200700074696,7,12,14,2145,3,1,1,6,4970800,96300,3,2,2,0,0,2,0,65,1,0,3,0,0,1,1,0,1
200700074698,7,12,14,2100,5,1,1,6,4945900,83000,3,2,2,0,2,1,0,60,1,0,4,0,0,0,1,0,1
200700074700,7,12,14,1800,3,1,9,1,4958900,24800,3,2,2,0,1,1,0,60,1,0,1,0,1,0,1,2,1
200700074703,7,12,28,800,2,1,1,7,4989500,164700,3,2,2,0,0,1,0,40,2,0,1,0,0,0,0,1,1
200700074704,7,12,29,515,3,1,2,6,4984300,156500,4,2,2,0,2,0,0,0,2,5,1,3,2,0,1,0,1
200700074706,7,12,9,1800,5,2,3,3,4948100,167100,2,2,2,0,1,2,0,0,2,5,1,0,3,0,1,0,1
200700074707,7,12,1,1745,2,1,2,1,4962600,98400,3,2,0,0,1,1,0,60,2,0,1,0,1,1,0,0,1
200700074708,7,12,9,1730,3,1,3,6,4961100,85100,3,2,0,0,1,1,0,70,2,0,1,0,1,1,0,0,1
200700074709,7,12,22,1015,1,1,7,6,4955600,95400,3,2,2,0,1,1,0,70,7,0,1,0,1,1,0,0,1
200700074710,7,12,29,1930,5,1,1,1,4955000,95600,3,2,0,0,1,1,0,100,1,0,1,0,1,0,1,0,1
200700074712,7,12,19,1430,3,1,9,6,4904200,120700,3,2,2,0,1,1,0,0,7,0,3,0,0,1,3,0,1
200700074714,7,12,10,800,3,1,2,5,4881700,70200,3,2,0,0,2,1,0,67,2,0,1,0,3,0,1,0,1
200700074715,7,12,22,1030,1,1,1,5,4870100,82700,2,2,0,0,1,1,0,72,1,0,1,0,5,0,1,0,1
200700074721,7,12,21,1830,5,1,1,4,4927400,177400,3,0,0,0,1,0,36,90,1,5,1,0,3,0,0,1,1
200700074726,7,12,24,1515,1,1,1,7,4911700,89000,3,2,3,0,1,1,0,112,1,0,3,0,0,0,0,1,1
200700074729,7,12,2,2115,5,1,3,1,4918200,92700,3,2,2,0,1,2,10,350,2,0,1,0,1,0,1,1,1
200700074730,7,12,19,1400,1,1,9,3,4913000,93000,3,2,2,0,0,3,0,58,7,0,0,0,0,0,2,0,1
200700074733,7,12,18,1300,1,1,1,1,4933200,34600,4,2,0,0,1,1,0,47,1,0,1,0,1,0,1,0,1
200700074738,7,12,21,300,3,1,1,6,4825000,-176300,2,3,4,0,1,2,29,78,1,0,1,0,0,1,0,1,1
200700074743,7,12,12,1130,1,1,1,5,4772700,-209900,3,0,2,0,3,1,0,58,1,0,1,0,2,0,1,0,1
200700074744,7,12,4,1330,1,1,1,7,4770100,-205500,3,2,2,0,1,1,0,52,2,0,1,0,0,0,1,0,1
200700074745,7,12,21,1215,1,1,1,1,4770200,-205900,3,2,0,0,1,1,0,64,1,0,3,0,1,0,1,0,1
200700074755,7,12,29,1030,1,1,1,3,4863900,-189600,3,2,2,0,1,1,0,0,1,5,1,0,3,0,1,0,1
200700074766,7,12,5,2100,5,1,1,6,4879100,-304700,4,2,2,0,0,1,11,75,1,0,1,0,1,0,1,0,1
200700074767,7,12,23,1100,1,1,5,2,4850100,-262300,3,4,3,0,1,2,0,100,2,5,1,0,1,0,1,1,1
200700074771,7,12,18,1000,1,6,7,6,4856300,-312600,3,2,2,0,1,1,0,60,1,0,1,0,1,0,1,0,1
200700074772,7,12,3,1430,1,1,8,3,4862600,-330700,4,2,0,0,2,1,36,0,2,0,1,0,1,0,1,0,1
200700074773,7,12,18,815,2,1,1,6,4864800,-309300,3,2,2,0,1,1,0,0,1,0,3,0,0,0,1,0,1
200700074774,7,12,20,800,3,1,1,3,4869300,-344600,3,2,2,0,1,1,0,70,1,0,1,0,1,0,0,1,1
200700074775,7,12,10,1530,1,1,1,3,4878500,-319400,3,2,0,0,2,1,0,95,1,5,1,0,0,1,0,1,1
200700074776,7,12,13,1030,1,1,1,6,4874700,-325200,9,2,2,0,2,1,0,62,1,0,1,0,1,1,0,0,1
200700074777,7,12,20,830,2,1,1,3,4876000,-328000,3,2,0,0,1,1,0,0,2,0,1,0,1,0,1,0,1
200700074778,7,12,23,1515,1,1,8,7,4879800,-327900,3,2,2,0,1,1,0,70,2,0,1,0,0,0,1,0,1
200700074779,7,12,7,1445,1,1,1,1,4800400,-435400,3,2,2,0,1,1,0,65,2,0,1,0,0,0,2,0,1
200700074782,7,12,26,1800,3,1,2,1,4800500,-415400,3,2,0,0,2,2,0,100,8,0,1,0,0,1,2,0,1
200700074784,7,12,14,815,3,1,1,6,4728000,-454000,4,2,2,0,1,1,0,74,1,0,1,3,1,0,1,0,1
200700074788,7,12,11,2200,3,1,1,5,4843800,-443600,2,2,4,0,1,3,0,73,1,0,1,0,1,0,2,0,1
200700074789,7,12,13,1315,1,1,1,3,4845000,-425800,3,2,0,1,2,1,0,100,1,5,1,0,1,0,0,1,1
200700074790,7,12,13,1930,5,1,1,6,4844800,-427400,3,2,2,0,1,1,0,0,1,0,4,0,0,1,0,0,1
200700074791,7,12,10,1630,1,1,1,6,4859300,-460500,4,2,2,0,1,1,0,60,1,0,1,0,0,0,1,0,1
200700074792,7,12,15,1830,3,1,8,6,4861200,-451800,3,2,2,0,1,1,0,62,1,0,3,0,0,0,2,0,1
200700074793,7,12,21,1900,5,1,1,6,4855200,-450700,3,2,3,0,4,1,0,125,1,5,1,0,0,1,0,1,1
200700074794,7,12,9,415,3,1,6,6,4853100,-474800,3,2,2,0,2,1,0,65,2,0,1,0,0,0,2,0,1
200700074795,7,12,14,1700,1,1,1,3,4830200,-416800,3,2,2,0,1,1,0,0,1,3,1,0,1,0,1,0,1
200700074805,7,12,3,1230,1,1,1,1,4763800,-279300,4,2,2,0,1,2,50,0,1,0,1,0,0,0,1,1,1
200700074807,7,12,1,2015,3,1,1,1,4769700,-257100,3,2,2,0,2,1,0,68,1,0,1,0,0,3,0,0,1
200700074810,7,12,31,2200,3,1,1,7,4793000,-218000,2,3,2,0,2,1,0,0,1,0,3,0,0,0,1,0,1
200700074812,7,12,3,945,1,5,1,3,4807000,-319000,3,0,1,0,1,1,0,40,2,5,1,0,1,0,1,0,1
200700074813,7,12,31,1245,1,2,8,3,4795400,-279100,3,2,0,0,1,1,0,48,1,0,1,0,2,0,0,1,1
200700074814,7,12,5,15,3,1,1,6,4791800,-280600,3,2,2,0,1,1,0,75,2,0,3,0,0,0,1,1,1
200700074815,7,12,10,1445,1,1,1,6,4787700,-289000,3,2,2,0,2,3,0,55,1,0,3,0,0,0,1,0,1
200700074816,7,12,2,130,3,1,6,7,4811700,-343100,3,2,2,0,1,3,0,60,2,2,3,0,0,2,0,0,1
200700074817,7,12,11,815,3,1,8,1,4925000,-40000,3,2,2,0,1,1,0,60,1,0,1,0,0,0,2,0,1
200700074819,7,12,7,1945,5,2,3,3,4900600,-39100,3,2,2,0,1,1,0,50,2,0,1,0,0,0,2,2,1
200700074821,7,12,18,800,2,1,9,2,4912500,-18800,3,2,0,0,1,1,0,110,1,0,1,0,1,0,0,2,1
200700074824,7,12,11,1830,5,1,1,6,4922700,-87100,3,2,2,0,1,1,0,46,1,0,1,0,1,0,0,1,1
200700074827,7,12,9,2315,3,1,6,1,4908200,-700,3,2,0,0,1,1,0,81,2,0,1,0,0,0,2,0,1
200700074828,7,12,28,1500,2,1,9,6,4907400,9200,3,2,2,0,2,3,0,59,7,2,1,0,0,0,0,1,1
200700074829,7,12,22,1045,1,1,1,3,4927700,-10200,3,1,1,0,1,2,0,36,2,5,1,0,0,0,0,2,1
200700074830,7,12,5,1030,1,1,1,7,4890000,-87900,3,2,2,0,1,1,30,60,1,0,3,0,0,0,1,0,1
200700074831,7,12,20,1545,1,1,1,1,4884800,-88600,3,2,0,0,2,1,0,0,1,0,1,0,1,0,1,0,1
200700074832,7,12,24,1815,5,1,1,3,4884600,-88600,3,2,0,0,2,1,10,59,1,0,1,3,2,0,1,0,1
200700074835,7,12,11,1000,1,1,1,6,4923800,-115900,3,2,2,0,1,1,0,61,1,0,1,0,1,1,0,0,1
200700074837,7,12,9,1845,3,1,2,6,4906200,-120400,3,2,2,0,1,1,0,61,2,0,1,0,2,1,0,0,1
200700074838,7,12,18,1400,1,1,1,3,4901400,-117600,3,2,0,0,1,1,0,56,1,5,1,0,1,0,1,0,1
200700074839,7,12,22,1900,2,1,1,1,4908900,-114400,3,2,2,0,1,1,0,55,1,0,1,0,2,0,0,2,1
200700074840,7,12,5,1000,1,1,3,3,4869900,-134800,3,2,0,2,1,1,0,70,2,0,1,0,1,0,1,0,1
200700074846,7,12,21,1300,1,9,9,1,4951800,-184500,3,2,2,0,1,2,0,62,7,0,1,0,0,0,0,3,1
200700074847,7,12,26,515,3,1,1,6,4940200,-178100,3,2,2,0,1,1,0,77,1,0,1,0,0,0,1,0,1
200700074849,7,12,7,1400,1,9,1,1,4903800,-152400,3,2,0,0,1,1,0,70,1,0,1,0,0,0,2,0,1
200700074850,7,12,15,1530,1,1,1,6,4900200,-134600,3,2,2,0,0,2,0,60,1,0,1,0,0,0,2,0,1
200700074852,7,12,23,2200,3,1,5,3,4918100,-136400,3,2,0,0,1,1,0,70,2,0,1,0,0,1,1,0,1
200700074853,7,12,28,1930,3,1,1,3,4918600,-138700,3,2,0,0,1,1,0,0,1,0,1,0,0,2,0,1,1
200700074857,7,12,15,915,1,1,1,3,4871100,22500,3,2,2,0,1,1,0,100,1,0,1,0,1,0,1,1,1
200700074858,7,12,21,2315,3,1,1,3,4870500,17400,3,2,2,0,1,1,0,0,1,0,1,0,2,1,0,0,1
200700074859,7,12,21,1645,1,1,1,3,4859300,-63500,3,2,2,0,1,1,0,65,1,0,3,0,1,0,1,0,1
200700074862,7,12,28,1745,3,1,5,2,4851400,43600,2,3,4,0,1,1,10,73,1,0,1,0,2,0,1,0,1
200700074863,7,12,24,2245,5,1,1,6,4865200,75600,2,2,2,0,1,1,0,106,1,0,1,3,1,0,1,0,1
200700074864,7,12,8,1045,1,1,3,1,4710100,-136200,4,2,2,0,1,3,0,37,2,0,1,0,1,0,1,0,1
200700074868,7,12,8,1315,1,1,2,4,4748400,-102400,3,2,2,0,1,2,60,60,2,0,1,0,0,0,1,6,1
200700074870,7,12,9,1630,1,1,2,6,4716200,-126300,4,2,2,0,0,3,0,0,2,0,0,0,2,1,1,0,1
200700074871,7,12,6,1915,3,1,1,6,4772500,-137800,3,2,0,0,0,0,0,50,1,0,4,0,0,0,2,0,1
200700074872,7,12,14,830,1,1,1,7,4756500,-155900,3,2,0,0,0,1,0,60,7,0,1,0,0,0,1,0,1
200700074873,7,12,14,830,1,1,8,6,4771800,-139700,3,2,0,0,1,1,0,60,7,0,3,0,1,0,0,2,1
200700074874,7,12,20,1115,1,1,1,6,4772200,-137600,9,2,2,0,1,1,0,0,1,0,1,0,1,0,1,0,1
200700074875,7,12,26,1830,3,1,2,6,4772000,-148300,3,2,2,0,0,3,0,60,6,0,3,0,1,0,1,0,1
200700074876,7,12,29,1600,1,1,1,7,4767000,-141300,3,2,2,0,0,1,0,60,1,0,3,0,0,0,1,0,1
200700074877,7,12,29,2130,1,2,1,1,4758200,-136800,3,2,2,0,0,1,0,60,1,0,1,0,0,0,0,2,1
200700074878,7,12,2,1200,1,1,3,6,4744900,-170900,3,2,2,0,1,3,0,46,2,0,1,0,1,0,1,0,1
200700074879,7,12,3,1830,3,1,1,3,4737300,-173000,3,2,2,0,1,1,0,65,1,0,1,0,1,1,0,0,1
200700074880,7,12,7,2130,3,1,1,5,4759000,-160600,3,2,2,0,1,1,0,77,1,0,1,0,1,1,1,0,1
200700074881,7,12,10,2000,3,1,1,7,4746900,-152600,3,2,2,0,1,2,0,0,1,0,3,0,0,1,0,0,1
200700074882,7,12,13,1845,3,1,1,3,4749300,-155200,3,2,2,0,0,1,0,65,1,0,1,0,1,0,1,0,1
200700074883,7,12,18,1130,1,2,1,3,4761600,-167700,3,2,2,0,1,1,0,50,1,0,0,0,1,0,1,0,1
200700074884,7,12,18,1800,3,1,1,1,4755800,-170100,3,2,2,0,2,1,0,55,1,0,1,0,0,1,0,1,1
200700074885,7,12,21,600,3,2,1,3,4745200,-166200,3,2,0,0,0,1,0,60,1,0,1,0,1,0,1,0,1
200700074886,7,12,13,1800,3,1,1,7,4714100,-204900,3,2,2,0,1,1,0,0,1,0,1,0,0,0,1,0,1
200700074888,7,12,23,1800,5,1,1,1,4715900,-199200,9,2,2,0,0,1,0,47,1,0,1,0,1,1,0,0,1
200700074889,7,12,1,130,3,1,3,6,4733800,-238300,3,2,2,0,1,2,0,0,2,0,1,0,0,0,1,0,1
200700074894,7,12,16,1645,3,1,1,6,4733100,-213800,2,3,0,0,1,1,0,70,1,0,3,0,0,0,1,1,1
200700074896,7,12,22,1845,5,1,1,6,4729800,-221200,4,3,2,0,1,1,40,58,1,0,1,0,1,0,1,1,1
200700074897,7,12,30,930,1,1,1,6,4730000,-175600,3,2,2,0,1,1,0,0,1,0,1,0,0,0,1,0,1
200700074899,7,12,8,30,3,1,8,6,4729600,-174000,9,2,0,0,0,1,0,56,2,5,1,0,4,0,1,0,1
200700074900,7,12,22,1100,1,1,1,3,4731800,-190900,3,2,2,0,1,3,0,41,1,0,1,0,1,0,1,0,1
200700074901,7,12,6,1430,1,1,2,3,4745100,-25600,3,2,2,0,1,3,70,0,2,5,1,0,2,0,1,0,1
200700074902,7,12,26,745,3,1,5,1,4745900,-27800,3,2,2,0,1,0,0,76,2,0,1,0,0,1,1,0,1
200700074903,7,12,6,730,3,3,1,3,4737100,-56500,3,0,2,0,1,1,0,0,1,0,1,0,1,0,1,0,1
200700074904,7,12,24,600,3,1,5,6,4725900,-44400,3,2,0,0,2,1,0,0,2,0,1,0,0,0,1,0,1
200700074907,7,12,5,715,2,1,1,2,4741300,-93100,3,2,2,0,1,1,0,65,1,0,1,0,1,0,0,1,1
200700074910,7,12,11,1515,1,1,1,3,4721000,-99000,4,2,0,0,1,1,0,70,1,5,1,0,1,0,0,1,1
200700074912,7,12,28,2215,3,1,1,7,4707900,-101900,3,2,2,0,0,2,0,62,1,0,1,0,2,0,1,0,1
200700074915,7,12,18,1745,2,2,1,3,4749300,7500,3,2,2,0,1,1,0,48,1,0,1,0,1,0,1,0,1
200700074917,7,12,31,1445,1,1,1,3,4729200,4900,3,2,2,0,0,1,4,160,1,5,0,0,1,0,0,1,1
200700074922,7,12,4,1700,2,1,1,7,4747900,-70500,3,0,2,0,1,1,0,70,1,0,3,0,0,0,1,0,1
200700074923,7,12,12,815,2,1,1,6,4757100,-72100,3,2,0,0,1,1,0,56,1,0,3,0,0,1,0,0,1
200700074924,7,12,22,1030,1,2,7,3,4762200,-62200,3,2,2,0,0,1,0,56,1,0,1,0,1,0,1,0,1
200700074925,7,12,23,1130,1,1,8,6,4751800,-93600,3,2,0,0,4,1,42,0,7,0,1,0,0,0,1,0,1
200700074926,7,12,5,2045,3,1,8,7,4767000,-55700,3,2,2,0,2,1,0,7,1,0,3,0,0,0,1,0,1
200700074927,7,12,15,1830,1,1,1,7,4762500,-49400,3,2,2,0,1,1,0,58,1,2,1,0,0,1,0,0,1
200700074928,7,12,1,230,3,1,2,5,4804300,-89200,3,2,0,0,1,1,60,0,2,0,1,0,5,0,2,1,1
200700074929,7,12,4,2015,5,1,8,3,4783800,-71400,9,2,2,0,1,1,0,41,1,0,1,3,2,0,1,0,1
200700074930,7,12,12,1715,1,1,1,6,4783400,-56000,3,2,2,0,1,1,0,60,1,0,3,0,0,1,3,0,1
200700074932,7,12,20,1500,1,1,1,3,4783000,-70500,3,2,2,0,2,1,65,82,1,0,1,0,1,0,1,0,1
200700074933,7,12,21,2045,5,6,1,6,4785300,-95500,3,0,2,0,1,1,0,0,1,0,3,0,0,0,1,0,1
200700074936,7,12,10,1930,5,1,1,3,4795000,18400,3,0,2,0,1,1,0,50,1,0,1,0,1,0,1,0,1
200700074939,7,12,31,1915,3,2,1,3,4797600,25800,3,2,2,0,1,1,11,71,1,0,1,0,1,0,3,0,1
200700074941,7,12,21,2000,3,1,1,1,4793900,46800,3,2,0,0,1,1,60,0,1,0,1,3,1,1,0,0,1
200700074942,7,12,8,1945,3,1,2,7,4801500,27100,3,2,0,2,3,1,0,43,2,0,5,0,0,1,0,0,1
200700074944,7,12,1,1045,1,3,1,3,4815400,38900,3,2,0,0,4,1,0,75,1,0,1,0,1,1,0,0,1
200700074946,7,12,11,1830,3,1,1,1,4788500,3100,3,2,3,0,2,1,5,126,1,5,1,0,2,0,1,0,1
200700074947,7,12,15,1500,1,1,1,3,4803000,6900,3,2,0,0,1,1,0,75,1,5,1,0,1,0,1,0,1
200700074956,7,12,3,1045,1,1,1,7,4845200,19400,3,2,2,0,1,2,0,51,1,0,1,0,1,1,0,0,1
200700074957,7,12,27,1445,1,1,9,6,4825600,16500,3,2,2,0,1,1,0,56,2,0,1,0,0,0,1,0,1
200700074958,7,12,31,1545,1,1,1,1,4841100,8700,6,2,2,0,1,1,0,69,1,0,1,0,1,0,1,0,1
200700074960,7,12,24,1545,1,3,1,3,4666500,-104500,3,2,3,0,4,1,0,111,1,0,1,0,1,0,1,0,1
200700074961,7,12,24,2045,3,1,1,1,4678200,-111400,3,2,2,0,0,1,0,77,9,0,1,0,3,0,1,0,1
200700074962,7,12,24,1130,1,1,1,6,4669000,-105000,9,2,0,0,4,2,0,0,7,0,1,0,1,0,1,0,1
200700074964,7,12,21,1900,3,1,1,1,4694700,-128700,3,2,2,0,0,1,0,78,1,0,1,0,1,0,1,0,1
200700074965,7,12,19,1215,1,1,1,4,4700500,-96400,3,2,2,0,3,1,0,0,1,5,1,0,1,0,1,2,1
200700074968,7,12,11,930,1,3,1,3,4634200,-82400,3,2,0,0,0,1,0,62,1,0,1,0,1,0,1,0,1
200700074969,7,12,7,2015,5,1,1,1,4684100,-77800,3,2,2,0,1,1,0,53,1,0,1,0,1,0,1,0,1
200700074972,7,12,11,1400,1,1,1,3,4672600,-234700,9,1,2,1,2,3,0,40,1,0,5,0,1,0,1,0,1
200700074973,7,12,22,1800,2,1,1,5,4662500,-166000,3,2,0,0,1,1,0,0,1,0,1,0,0,0,3,0,1
200700074974,7,12,20,1415,5,1,1,3,4701200,-224600,4,2,2,0,1,1,0,50,1,0,1,0,1,0,1,0,1
200700074982,7,12,28,1700,2,1,5,6,4494700,-60600,3,2,0,0,1,1,0,60,2,5,1,0,2,0,0,1,1
200700074984,7,12,12,1830,5,1,1,1,4481000,-77800,3,2,2,0,1,1,0,0,1,0,1,0,1,0,1,0,1
200700074985,7,12,14,1600,1,1,1,5,4516100,-62700,3,2,2,0,1,1,0,64,1,0,1,0,1,0,2,1,1
200700074986,7,12,15,2000,3,2,1,3,4513900,-63700,3,0,2,0,0,1,0,60,1,0,1,0,0,0,6,0,1
200700074988,7,12,16,230,3,1,1,6,4457600,-21800,4,2,2,0,1,4,0,30,1,0,3,0,0,0,1,0,1
200700074989,7,12,8,1415,1,1,9,5,4467000,-47000,3,2,0,0,0,3,0,0,2,0,1,0,0,0,4,1,1