Num_Acc,an,mois,jour,hrmn,lum,int,atm,col,lat,long,catr,circ,nbv,vosp,prof,plan,lartpc,larrout,surf,infra,situ,env1,unscathed,killed,hospital,light,chance
200700074990,7,12,26,1515,1,1,1,6,4476000,-39000,3,2,1,0,1,1,0,60,1,0,3,0,0,0,1,0,1
200700074991,7,12,3,900,1,8,1,1,4475400,-53600,4,2,2,0,2,1,0,65,2,0,1,0,2,3,0,0,1
200700074992,7,12,27,1500,1,1,1,1,4462000,-50400,3,2,2,0,1,2,0,0,1,0,1,0,1,0,1,0,1
200700074993,7,12,8,1930,3,1,3,7,4470000,-41000,3,2,2,0,0,2,0,70,2,0,1,0,0,0,3,1,1
200700074994,7,12,6,1515,1,6,1,3,4501000,-44000,3,2,2,0,1,1,0,80,1,5,1,0,1,0,1,0,1
200700074995,7,12,19,1945,5,6,1,2,4501000,-44000,3,2,2,0,0,0,0,0,0,5,0,0,1,0,1,0,1
200700074996,7,12,7,800,2,1,3,6,4458800,-7100,2,2,2,0,2,1,0,96,2,0,1,0,0,0,1,0,1
200700074997,7,12,20,1015,1,1,1,1,4474300,-26900,3,2,2,0,1,1,0,55,1,0,3,0,1,0,2,0,1
200700074998,7,12,5,1300,1,1,1,6,4528300,-91600,3,2,2,0,0,1,0,70,1,0,3,0,0,1,0,0,1
200700074999,7,12,22,130,3,1,1,6,4527000,-107000,3,2,2,0,1,1,30,70,1,5,1,0,0,1,0,0,1
200700075001,7,12,1,1715,2,9,1,3,4499400,-69400,3,2,2,0,1,1,0,54,1,0,1,3,1,0,1,0,1
200700075002,7,12,21,915,1,1,1,2,4543900,-103800,3,2,2,0,1,1,0,59,1,0,1,0,1,0,1,0,1
200700075003,7,12,12,1530,1,3,1,1,4482200,-25100,3,2,2,3,4,1,28,92,1,5,1,0,0,0,3,1,1
200700075004,7,12,4,1500,1,1,1,1,4487100,-8900,4,2,2,0,1,2,0,50,1,0,1,0,3,0,1,0,1
200700075005,7,12,10,930,1,1,1,7,4504500,-13400,3,2,2,0,1,2,0,50,1,2,3,0,1,0,1,0,1
200700075008,7,12,21,1700,1,1,1,1,4494800,-18400,4,2,0,0,0,1,0,60,1,0,1,0,1,0,0,1,1
200700075012,7,12,21,745,2,1,9,3,4547500,43400,3,2,2,0,1,1,0,72,7,0,1,0,0,0,2,0,1
200700075015,7,12,20,1815,3,1,1,6,4512600,48700,3,2,2,0,1,1,0,54,1,0,1,0,1,0,1,0,1
200700075017,7,12,13,730,5,1,1,6,4521700,82900,2,2,2,0,3,2,0,77,1,0,1,3,1,1,0,0,1
200700075018,7,12,23,1115,1,1,1,1,4531400,85200,3,2,0,0,1,1,0,60,1,0,1,0,3,0,0,1,1
200700075021,7,12,4,830,1,1,8,1,4541900,92500,2,2,2,0,2,1,0,74,2,0,1,0,0,1,4,0,1
200700075022,7,12,20,1345,1,1,1,2,4553800,96900,2,2,2,0,1,1,0,75,1,0,3,0,1,0,1,0,1
200700075023,7,12,23,1930,3,1,9,6,4539700,108800,3,2,2,0,1,2,0,71,7,0,3,0,0,1,1,0,1
200700075024,7,12,9,1330,1,1,3,1,4529200,54200,3,2,2,0,2,1,0,58,2,0,1,0,2,1,0,0,1
200700075025,7,12,27,1545,1,1,1,6,4533800,50800,3,2,2,0,0,2,0,0,1,0,1,0,0,0,1,0,1
200700075031,7,12,20,1045,1,1,9,7,4411800,-60600,3,2,0,0,0,1,0,0,7,0,3,0,0,0,1,0,1
200700075032,7,12,2,1945,3,1,1,6,4380700,-76100,3,2,2,0,1,1,0,0,1,0,1,0,0,0,1,0,1
200700075033,7,12,10,1345,1,1,8,3,4364300,-110000,3,2,2,0,0,2,0,62,2,0,1,0,2,1,0,0,1
200700075034,7,12,21,800,2,1,1,3,4363100,-89700,3,2,2,0,1,1,0,43,1,2,1,0,0,0,2,0,1
200700075036,7,12,8,1845,5,1,8,3,4356900,-144400,2,2,2,0,1,1,0,102,2,0,1,0,0,0,3,0,1
200700075037,7,12,27,1900,5,1,1,3,4354700,-137700,4,2,0,0,1,1,0,0,1,0,1,0,2,0,2,0,1
200700075038,7,12,30,1630,1,1,1,1,4355800,-131900,2,2,2,0,0,3,0,80,1,0,1,0,1,0,3,0,1
200700075039,7,12,3,1130,3,1,1,6,4418300,-77700,3,2,2,0,0,1,0,70,1,0,1,0,0,0,0,1,1
200700075040,7,12,14,1345,1,1,1,1,4420800,-124200,3,2,2,0,1,1,63,0,1,0,1,0,1,1,0,0,1
200700075043,7,12,24,2030,3,1,8,1,4415200,63800,2,2,2,0,2,4,0,60,2,0,1,0,0,0,1,3,1
200700075045,7,12,20,1845,5,1,1,7,4417100,70500,3,2,2,0,1,1,0,74,1,0,3,0,0,0,1,0,1
200700075048,7,12,10,930,1,1,1,6,4473300,28600,4,2,0,0,4,2,0,40,1,0,1,0,0,1,0,1,1
200700075050,7,12,7,1815,5,1,8,6,4436500,37600,3,2,2,0,1,1,0,83,2,6,1,0,1,0,1,0,1
200700075053,7,12,30,515,3,1,2,1,4464900,63300,3,2,2,0,3,3,0,63,2,0,1,0,0,1,1,0,1
200700075055,7,12,9,630,3,1,2,6,4438100,49200,3,2,0,0,1,1,0,60,2,0,1,0,1,0,2,1,1
200700075057,7,12,27,1315,1,1,1,6,4451800,43500,3,2,2,0,2,3,0,70,1,0,3,0,0,0,1,0,1
200700075059,7,12,29,1800,3,2,2,1,4320500,-23700,3,2,2,0,1,2,0,58,2,0,1,0,1,0,2,0,1
200700075060,7,12,30,1645,1,1,1,3,4316800,-23100,3,2,2,3,1,1,0,97,1,5,1,0,1,1,0,1,1
200700075062,7,12,3,1015,1,1,3,3,4334800,-140100,3,2,2,0,1,3,0,84,2,0,1,0,1,1,0,0,1
200700075063,7,12,12,1200,1,1,1,1,4333900,-140700,4,2,2,0,1,0,0,60,1,0,1,0,1,0,1,0,1
200700075064,7,12,10,1745,3,1,2,2,4326100,-87800,3,2,2,0,1,1,0,0,2,0,1,0,0,0,0,2,1
200700075065,7,12,22,945,1,1,7,6,4333000,-102900,3,2,2,0,1,1,0,72,1,6,1,0,1,0,1,0,1
200700075066,7,12,21,930,5,1,1,7,4309200,-41900,4,2,2,0,1,1,0,46,1,0,1,0,0,0,1,0,1
200700075068,7,12,5,730,2,1,8,1,4335000,-62900,3,2,2,0,2,3,0,54,2,0,1,0,0,0,2,0,1
200700075073,7,12,16,1145,1,1,1,5,4673100,43000,3,2,0,0,1,1,0,156,1,0,3,0,2,0,1,0,1
200700075078,7,12,27,445,3,1,9,6,4709200,12300,3,2,2,0,1,2,0,0,7,0,1,0,0,0,1,0,1
200700075080,7,12,28,1845,3,1,1,1,4690700,13100,3,2,0,0,1,1,0,72,1,0,1,0,0,1,0,0,1
200700075081,7,12,25,1915,1,1,8,1,4623800,75000,3,2,2,0,2,3,0,64,6,0,1,0,0,0,2,3,1
200700075089,7,12,4,1215,1,1,1,6,4601500,900,3,2,2,0,1,2,0,60,1,0,3,0,0,1,0,0,1
200700075090,7,12,5,1600,1,1,2,3,4602700,19300,3,2,0,0,1,1,10,60,2,0,1,0,1,0,1,0,1
200700075095,7,12,5,1830,3,1,1,1,4617900,-100300,3,2,0,0,1,2,0,0,2,0,1,0,0,0,2,1,1
200700075096,7,12,1,445,3,1,3,7,4628000,-99000,2,2,0,0,1,1,0,70,4,0,1,0,0,0,4,0,1
200700075097,7,12,6,1715,5,1,2,1,4615400,-130700,9,2,0,0,1,1,0,0,2,0,1,0,1,0,1,0,1
200700075100,7,12,14,1345,1,1,1,3,4594900,-130800,6,0,0,0,1,1,0,0,0,0,0,0,1,1,0,0,1
200700075101,7,12,19,1645,1,1,1,6,4569500,-105400,3,2,2,0,1,3,0,54,1,0,1,3,1,0,1,0,1
200700075102,7,12,3,915,1,1,8,6,4599200,-109200,4,1,0,0,0,1,0,44,9,0,1,0,1,1,0,0,1
200700075105,7,12,30,1415,1,1,1,3,4611800,-93500,3,2,2,0,1,1,0,64,1,0,1,0,1,0,1,0,1
200700075106,7,12,14,1300,1,1,1,6,4564700,-70800,3,2,0,0,1,1,0,55,1,0,0,0,0,1,0,0,1
200700075107,7,12,13,1830,3,1,1,1,4565300,-89000,3,2,0,0,1,1,0,55,1,0,1,0,1,0,1,0,1
200700075110,7,12,1,2145,3,1,1,6,4619800,-50200,3,2,0,0,1,2,0,42,2,0,1,0,1,0,3,0,1
200700075111,7,12,3,1530,1,2,1,3,4626000,-30000,3,2,2,0,1,2,0,54,1,0,1,0,1,1,0,0,1
200700075114,7,12,1,645,3,1,2,3,4689200,-19800,3,2,0,0,1,1,0,75,2,0,1,0,3,0,2,0,1
200700075115,7,12,18,945,1,1,1,2,4622600,-14600,4,2,2,0,2,3,0,54,1,0,1,0,1,0,1,0,1
200700075116,7,12,21,1630,1,1,8,1,4627000,-21000,4,2,2,0,1,2,0,65,1,0,1,0,1,0,1,0,1
200700075117,7,12,1,200,3,1,1,5,4611300,-9900,3,2,2,0,1,3,0,60,1,0,1,0,0,0,4,0,1
200700075119,7,12,14,815,1,1,1,3,4584800,118100,4,0,2,0,2,3,0,56,7,0,1,0,1,0,2,0,1
200700075120,7,12,26,1030,1,1,1,6,4573000,110000,3,2,2,0,1,3,0,60,2,0,1,0,0,0,2,0,1
200700075121,7,12,9,1930,3,1,3,7,4595700,145300,3,2,2,0,1,3,0,64,2,0,3,0,0,1,0,0,1
200700075122,7,12,29,1545,1,1,2,1,4594800,134300,4,2,2,0,1,1,0,56,7,0,1,0,1,0,2,0,1
200700075123,7,12,8,915,1,1,1,3,4581500,176500,3,2,2,0,2,2,0,72,1,0,1,0,1,1,0,0,1
200700075124,7,12,19,1745,2,1,1,3,4589700,157900,3,2,2,0,1,1,0,74,1,0,1,0,0,0,2,0,1
200700075125,7,12,7,815,4,1,2,1,4564100,94500,3,2,0,0,3,1,0,57,2,0,1,0,1,0,2,0,1
200700075126,7,12,9,1645,1,1,8,6,4567700,114200,3,2,2,0,0,1,0,0,2,2,3,0,0,0,2,0,1
200700075127,7,12,19,1415,1,1,1,1,4552300,120800,3,0,2,0,0,2,0,71,1,0,1,0,1,0,1,0,1
200700075128,7,12,9,500,3,1,2,1,4611800,106100,2,2,2,0,4,2,0,103,2,0,1,0,0,0,2,1,1
200700075129,7,12,31,2100,3,1,5,7,4615700,112100,3,2,2,0,1,1,0,70,2,0,1,0,0,0,1,0,1
200700075131,7,12,22,815,1,1,9,1,4547900,176800,3,2,2,0,0,3,0,68,7,0,1,0,0,0,1,1,1
200700075132,7,12,27,1845,3,1,2,6,4546900,149300,3,2,2,0,1,2,70,0,2,0,3,0,0,0,1,0,1
200700075133,7,12,30,1700,4,1,8,1,4534900,168800,3,2,2,0,4,2,0,66,1,0,1,0,0,0,0,2,1
200700075134,7,12,5,1345,1,1,1,6,4509500,143500,3,0,0,0,0,2,0,65,2,0,0,0,0,0,1,0,1
200700075135,7,12,12,1815,3,1,1,3,4510600,156800,3,2,2,0,0,1,0,0,1,0,1,0,1,0,1,1,1
200700075136,7,12,26,2000,3,1,1,6,4513600,143700,3,2,0,0,1,2,0,65,1,0,3,0,0,0,1,0,1
200700075137,7,12,26,1245,1,1,7,3,4516000,146300,4,2,0,0,1,2,0,0,1,0,1,0,1,0,1,0,1
200700075138,7,12,16,1245,1,1,1,1,4542900,139500,3,2,2,0,2,2,0,65,1,0,1,0,0,0,1,2,1
200700075139,7,12,20,1745,3,1,1,7,4546200,146700,3,2,2,0,1,1,0,65,1,0,1,0,0,0,1,0,1
200700075140,7,12,26,1730,1,1,1,3,4549000,233600,3,2,0,0,2,1,0,66,1,0,1,0,1,0,1,2,1
200700075141,7,12,1,230,3,1,6,6,4620100,215900,2,3,2,0,1,1,0,93,1,2,1,0,0,1,0,0,1
200700075142,7,12,15,1515,1,1,1,2,4620800,198000,2,3,2,0,0,1,0,75,1,0,1,0,2,0,1,0,1
200700075144,7,12,3,1515,1,1,1,6,4629200,200600,3,2,2,0,1,2,0,46,0,0,1,0,0,0,1,0,1
200700075146,7,12,22,1800,3,1,3,7,4625500,227700,4,2,2,0,2,2,0,0,4,0,3,0,0,0,1,0,1
200700075153,7,12,9,1730,3,1,1,2,4368900,122000,2,2,2,0,1,1,0,70,2,0,1,0,1,0,1,1,1
200700075154,7,12,23,1545,1,1,1,7,4372200,129500,3,2,0,0,1,1,0,53,2,0,1,0,0,0,1,0,1
200700075155,7,12,30,1415,1,1,1,2,4371100,134300,3,2,2,0,1,2,60,0,1,0,1,0,2,0,0,1,1
200700075156,7,12,29,1815,5,2,1,5,4349900,140000,4,0,2,0,2,1,0,60,1,0,1,0,2,0,1,0,1
200700075159,7,12,3,1745,5,1,2,3,4353000,126800,3,2,2,0,1,1,0,62,2,0,1,0,1,0,1,0,1
200700075160,7,12,22,715,5,1,1,6,4355000,115300,3,2,2,0,1,1,0,43,9,0,3,0,0,2,1,0,1
200700075161,7,12,27,1800,3,1,5,1,4341900,116800,3,2,2,0,0,0,0,50,1,0,0,0,2,1,0,0,1
200700075166,7,12,11,2130,3,1,1,6,4343100,161900,3,2,2,0,1,2,0,60,1,0,3,0,0,0,1,0,1
200700075167,7,12,15,1900,3,1,1,6,4341900,174200,3,0,2,0,1,1,0,60,2,0,1,0,0,0,3,0,1
200700075168,7,12,7,645,5,1,1,3,4365800,165100,3,2,2,0,2,3,0,70,1,5,1,0,1,0,0,1,1
200700075169,7,12,29,1045,1,1,1,3,4364900,160400,3,2,2,0,1,1,0,110,1,0,1,0,0,0,2,1,1
200700075171,7,12,2,645,5,1,1,6,4346000,200400,3,2,2,0,1,2,0,69,2,0,4,0,0,1,2,0,1
200700075173,7,12,18,2030,3,1,9,7,4299500,143800,3,2,2,0,1,3,0,60,7,0,1,0,0,0,1,0,1
200700075174,7,12,6,1400,1,1,1,2,4293000,185000,3,2,0,0,1,1,0,60,1,0,1,0,1,0,0,1,1
200700075178,7,12,18,730,3,1,9,1,4309100,186600,3,2,0,0,1,1,0,78,7,0,1,0,2,0,1,1,1
200700075179,7,12,18,915,1,1,1,1,4310000,189700,3,2,2,0,1,3,0,68,7,0,1,0,0,0,1,1,1
200700075180,7,12,29,1745,3,1,2,1,4313500,183700,3,2,2,0,2,3,0,52,2,0,1,0,0,0,2,3,1
200700075181,7,12,30,600,3,3,3,3,4310800,191700,3,2,2,0,4,1,0,52,2,5,1,0,1,0,4,2,1
200700075184,7,12,9,545,3,1,2,7,4449300,273900,3,2,2,0,1,3,70,0,2,0,3,0,0,1,3,0,1
200700075187,7,12,19,700,2,1,8,6,4457900,216500,3,2,2,0,1,3,0,60,7,0,1,0,0,0,2,0,1
200700075192,7,12,9,1745,3,1,6,6,4372300,98200,3,2,2,0,2,1,0,60,2,0,3,0,0,0,1,0,1
200700075193,7,12,12,1830,5,1,1,6,4361600,108900,9,2,2,0,1,1,0,90,1,0,1,0,1,0,1,0,1
200700075194,7,12,8,1630,1,8,2,6,4400200,35900,3,2,2,0,1,4,0,63,2,4,3,0,0,0,0,1,1
200700075197,7,12,11,1430,1,1,1,1,4372700,-4600,3,2,2,0,3,2,0,60,1,0,1,0,1,0,0,3,1
200700075198,7,12,16,1030,3,1,1,1,4386700,-4200,3,2,0,0,3,1,0,55,1,0,1,0,1,0,1,0,1
200700075205,7,12,1,600,3,1,8,7,4455600,139700,3,2,2,0,1,3,0,52,2,0,1,0,0,0,1,0,1
200700075206,7,12,15,1515,1,1,1,1,4446300,149800,3,2,2,0,1,3,0,62,0,0,1,0,0,0,2,0,1
200700075207,7,12,7,1445,1,1,2,6,4458000,116000,3,2,0,0,4,3,0,40,2,2,3,0,0,0,1,0,1
200700075208,7,12,21,700,3,1,9,6,4463600,206900,2,2,2,0,1,2,0,66,7,0,3,0,1,0,3,0,1
200700075209,7,12,11,1545,1,1,1,3,4463000,185000,3,2,2,0,1,1,0,60,1,0,1,0,1,1,0,0,1
200700075213,7,12,24,730,2,1,5,6,4479700,147400,3,2,2,0,2,3,0,73,7,0,3,0,0,1,0,0,1
200700075215,7,12,16,1000,1,1,1,7,4317000,-900,2,2,2,0,1,1,0,100,1,0,3,0,0,0,1,1,1
200700075219,7,12,19,1545,1,1,1,3,4348100,9600,3,0,0,0,1,1,0,52,1,0,1,0,1,0,1,0,1
200700075222,7,12,1,1445,1,1,2,1,4310700,-13400,3,2,2,0,1,1,0,59,1,0,1,0,4,0,1,0,1
200700075225,7,12,4,1645,1,1,1,2,4388600,210100,3,2,2,0,2,1,0,64,1,0,1,0,3,0,0,1,1
200700075227,7,12,24,1445,1,1,1,7,4363800,277700,3,2,2,0,1,3,0,53,7,0,0,0,1,0,1,2,1
200700075230,7,12,4,1930,5,1,1,7,4574800,477300,3,3,3,3,1,1,35,33,1,0,1,0,0,0,1,0,1
200700075231,7,12,5,1800,5,9,8,3,4573500,474600,4,2,2,0,2,3,0,36,1,0,1,0,1,0,1,0,1
200700075232,7,12,10,1715,3,1,2,6,4575200,473700,3,2,2,0,1,1,70,0,2,6,1,0,1,0,1,0,1
200700075233,7,12,7,745,2,1,2,5,4387900,184200,3,2,2,0,1,1,0,70,2,0,1,0,2,0,1,0,1
200700075235,7,12,7,1630,1,1,2,7,4349300,246100,3,2,1,0,1,2,0,69,2,0,3,0,0,0,1,0,1
200700075237,7,12,8,1015,1,1,2,1,4408500,127800,3,2,0,0,0,2,0,76,2,0,1,0,0,0,2,0,1
200700075238,7,12,8,615,3,1,2,6,4407800,152900,3,2,2,0,1,1,0,52,2,2,1,0,0,0,1,0,1
200700075241,7,12,17,1045,1,1,1,6,4403500,121500,3,2,2,0,1,1,0,0,1,0,3,0,0,0,1,0,1
200700075242,7,12,7,1930,3,1,2,1,4402600,128000,3,2,2,0,2,4,0,63,2,0,1,0,0,0,2,0,1
200700075249,7,12,20,2345,5,1,1,3,4569500,503600,2,2,0,0,1,1,0,46,1,0,1,0,1,0,1,0,1
200700075263,7,12,2,1945,5,1,1,7,4594000,472100,3,1,1,0,1,1,50,0,1,6,1,0,0,0,0,1,1
200700075264,7,12,18,1730,3,1,9,7,4589700,470100,3,2,0,0,1,1,100,0,1,0,1,0,0,0,0,1,1
200700075265,7,12,15,915,1,1,1,3,4611200,475300,3,2,2,0,2,1,80,0,1,0,1,0,1,0,1,0,1
200700075268,7,12,17,530,1,1,5,6,4590000,442700,2,2,0,0,1,1,0,0,1,6,1,0,0,0,1,0,1
200700075275,7,12,31,1900,3,1,5,1,4583600,566100,3,2,2,0,1,2,0,67,2,0,1,0,1,0,1,0,1
200700075276,7,12,21,1600,1,1,1,4,4594800,531400,3,2,2,0,1,1,0,110,1,0,1,0,0,0,2,2,1
200700075277,7,12,13,1030,1,1,1,1,4618000,568200,3,2,2,0,1,1,0,53,2,2,1,0,0,0,1,2,1
200700075279,7,12,17,1430,1,6,1,6,4621300,560600,3,2,1,0,0,1,50,62,1,5,1,0,1,0,1,0,1
200700075282,7,12,2,1915,3,1,3,5,4619100,593000,3,1,2,0,1,1,0,0,2,0,1,0,3,0,1,0,1
200700075288,7,12,28,745,2,1,2,7,4605300,477400,3,2,2,0,1,1,0,48,2,0,3,0,0,0,1,0,1
200700075290,7,12,3,1930,3,1,1,1,4430600,460800,3,2,2,0,0,1,0,77,1,5,1,0,2,0,1,0,1
200700075291,7,12,25,1945,3,1,9,1,4482300,461700,3,2,2,0,2,2,0,79,7,0,1,0,0,0,1,1,1
200700075292,7,12,22,1600,1,1,2,6,4449700,466400,3,2,0,0,0,3,0,64,2,0,1,0,1,0,0,1,1
200700075293,7,12,13,715,5,1,1,6,4475800,474900,3,2,2,0,1,1,0,77,1,0,1,0,1,0,1,0,1
200700075295,7,12,26,2200,3,1,1,6,4454000,434600,3,2,2,0,2,2,0,63,1,0,3,0,0,1,1,1,1
200700075301,7,12,5,2130,3,1,8,6,4490100,441100,3,2,2,0,1,3,0,60,2,0,0,0,1,0,1,0,1
200700075302,7,12,13,2130,3,1,1,6,4520500,470700,4,2,2,0,0,4,0,45,1,0,3,0,0,0,1,0,1
200700075305,7,12,9,915,1,1,1,3,4463300,497500,3,2,0,0,3,3,0,0,1,0,1,0,1,0,0,2,1
200700075309,7,12,9,400,3,1,5,6,4512100,508200,3,2,2,0,2,3,0,50,2,0,1,0,0,1,1,0,1
200700075310,7,12,13,1630,2,1,1,3,4507700,511400,3,2,0,0,1,1,0,0,1,5,1,0,1,0,0,1,1
200700075311,7,12,2,1015,1,1,1,5,4507000,523800,3,2,2,0,0,3,0,72,2,0,1,0,2,0,1,1,1
200700075315,7,12,10,2000,5,1,2,6,4526300,565900,4,1,1,0,2,3,0,30,2,5,1,0,1,0,1,0,1
200700075317,7,12,3,1645,2,1,2,4,4515000,537300,3,2,2,0,0,1,0,0,2,0,1,0,2,0,1,0,1
200700075322,7,12,8,615,3,1,2,5,4528800,554600,3,2,2,0,1,1,0,75,2,0,1,0,3,1,0,2,1
200700075323,7,12,13,1900,3,9,1,3,4530500,560400,3,2,2,0,1,1,0,71,1,0,1,0,1,0,1,0,1
200700075326,7,12,20,1815,5,1,1,3,4582300,540600,3,2,0,0,1,1,0,50,1,0,1,0,1,0,1,0,1
200700075329,7,12,26,1745,2,1,1,1,4554500,552900,3,2,0,0,1,2,0,80,1,0,1,0,0,0,1,1,1
200700075330,7,12,27,730,2,1,5,6,4545600,552100,3,2,0,0,1,1,0,60,2,0,1,0,0,0,1,0,1
200700075334,7,12,29,2245,3,1,2,7,4736300,-165400,2,1,2,0,1,1,0,0,2,0,1,0,0,0,1,0,1
200700075336,7,12,28,2130,5,1,1,6,4547400,483200,5,2,0,0,1,4,0,62,1,0,1,0,0,1,0,0,1
200700075341,7,12,13,800,2,1,1,5,4578600,516700,3,2,2,0,1,1,0,65,1,0,1,0,3,1,0,0,1
200700075342,7,12,6,1345,1,1,1,3,4533500,490200,3,2,2,0,0,1,0,60,1,0,1,0,1,0,0,1,1
200700075343,7,12,18,1700,1,1,1,2,4532900,480800,2,2,2,0,1,1,30,30,1,5,1,0,1,0,0,2,1
200700075344,7,12,19,1145,1,1,1,1,4531900,482500,4,2,0,0,0,1,0,59,1,0,1,0,0,0,0,3,1
200700075345,7,12,22,500,3,1,2,6,4534400,480800,4,2,2,0,1,3,0,50,7,0,1,0,0,0,0,1,1
200700075346,7,12,9,1400,1,1,1,3,4557800,404100,3,2,2,0,2,4,0,74,2,0,1,0,0,0,1,3,1
200700075348,7,12,2,530,3,1,9,6,4583100,388100,3,2,2,0,2,3,0,56,5,0,3,0,3,0,1,0,1
200700075351,7,12,8,2015,5,1,2,3,4574800,423000,4,2,2,0,1,1,0,60,2,0,1,0,1,0,0,1,1
200700075352,7,12,8,1245,1,1,1,3,4567400,429500,3,2,2,0,1,1,0,63,1,0,1,0,1,0,1,0,1
200700075353,7,12,16,1600,1,1,1,6,4578700,417200,3,2,2,0,1,3,0,0,1,0,1,0,0,0,1,0,1
200700075354,7,12,31,1130,1,3,1,3,4574600,422900,4,2,2,0,1,1,0,75,1,5,1,0,1,0,0,1,1
200700075355,7,12,9,300,3,1,5,1,4539100,415600,3,2,2,0,2,2,0,67,2,0,3,0,2,0,0,3,1
200700075357,7,12,24,1800,3,1,9,1,4540700,414600,3,2,2,0,2,3,0,66,2,0,1,0,0,1,1,0,1
200700075358,7,12,2,1530,3,1,1,7,4564900,429800,3,2,2,0,0,2,0,63,9,0,1,0,0,0,0,1,1
200700075359,7,12,18,1145,1,1,1,6,4561300,425800,4,2,2,0,1,1,0,50,1,0,4,0,1,0,0,1,1
200700075361,7,12,7,645,3,1,2,6,4595300,404700,3,2,2,0,2,2,0,61,2,0,3,0,0,0,1,0,1
200700075363,7,12,2,1300,1,1,1,6,4605000,397000,3,2,2,0,1,1,0,92,2,0,3,0,0,0,1,0,1
200700075364,7,12,10,715,2,1,2,6,4583500,401200,3,2,2,0,1,1,0,0,2,0,1,0,1,0,1,0,1
200700075365,7,12,18,1215,1,1,1,1,4505200,552300,3,2,0,0,2,1,0,79,1,0,5,0,0,1,0,1,1
200700075366,7,12,17,1715,1,1,1,6,4551300,601800,3,2,2,1,0,3,0,113,1,0,3,0,0,1,0,0,1
200700075368,7,12,4,1945,3,1,1,1,4560500,627800,3,2,2,0,1,1,0,76,1,0,1,0,1,1,0,1,1
200700075374,7,12,21,1800,3,9,1,6,4549100,653200,9,1,1,0,0,0,0,0,1,6,1,0,1,0,1,0,1
200700075375,7,12,3,2015,3,1,2,6,4521500,649100,3,2,2,0,0,1,0,62,2,2,0,0,0,0,1,0,1
200700075376,7,12,14,1030,1,1,7,6,4527900,634700,3,2,2,0,1,1,0,65,1,0,1,0,1,0,1,0,1
200700075377,7,12,16,1430,2,1,1,3,4526100,638300,3,2,0,0,2,1,0,0,1,0,1,0,1,0,0,1,1
200700075378,7,12,27,2000,4,1,1,5,4515300,642100,3,2,0,0,0,3,0,0,7,0,1,0,1,0,2,0,1
200700075379,7,12,8,2015,3,1,2,6,4548300,629200,3,2,2,0,0,1,0,75,2,0,3,0,0,0,1,0,1
200700075382,7,12,27,2215,5,3,1,3,4586100,594500,3,2,0,0,1,1,0,0,1,5,1,0,0,0,2,0,1
200700075384,7,12,10,1030,1,1,4,3,4587900,632400,3,2,2,0,1,1,0,0,5,0,1,0,1,0,1,0,1
200700075386,7,12,13,1845,5,1,1,6,4601400,639700,3,2,2,0,1,1,0,64,1,6,1,0,1,0,0,1,1
200700075387,7,12,29,100,5,1,9,6,4589800,678300,9,2,0,0,1,1,0,69,7,0,1,0,1,0,2,1,1
200700075391,7,12,3,1700,5,1,2,1,4607000,631700,4,2,2,0,1,1,0,70,2,5,1,0,1,0,1,1,1
200700075392,7,12,12,1500,1,1,8,6,4603300,639200,3,2,2,0,2,2,0,65,2,0,1,0,0,0,1,0,1
200700075394,7,12,3,1030,1,1,2,6,4594000,663300,2,2,0,0,1,1,0,0,2,0,1,0,1,0,1,0,1
200700075398,7,12,11,1800,3,2,2,1,4633000,629400,3,2,2,0,2,2,0,80,2,0,1,0,1,0,0,1,1
200700075400,7,12,9,1400,1,1,1,3,4572100,339900,3,2,0,0,0,3,0,52,0,0,1,0,1,0,1,0,1
200700075401,7,12,24,1100,1,1,7,1,4572300,333500,9,2,2,0,0,1,0,60,1,0,0,0,2,0,1,0,1
200700075402,7,12,27,1445,1,1,9,3,4558500,280200,3,2,2,0,2,3,0,62,2,0,1,0,0,2,1,2,1
200700075406,7,12,14,1700,2,1,8,1,4570100,321600,3,2,2,0,1,1,0,62,1,0,1,0,2,0,2,0,1
200700075408,7,12,23,1600,1,1,7,6,4561900,325100,3,2,2,0,3,3,0,53,1,0,1,0,1,0,2,0,1
200700075410,7,12,5,1600,1,1,1,3,4565200,368400,3,2,2,0,2,3,0,46,1,0,1,0,1,1,0,0,1
200700075412,7,12,5,1730,5,1,2,6,4594000,311000,3,2,2,0,1,1,0,71,2,0,1,0,0,0,0,1,1
200700075413,7,12,5,1345,1,1,1,1,4593900,322200,3,2,2,0,2,1,0,63,1,0,1,0,1,0,0,1,1
200700075414,7,12,1,2245,3,1,2,2,4584900,288200,3,2,2,0,2,1,0,69,2,0,1,0,1,4,2,0,1
200700075415,7,12,6,730,2,1,1,5,4607600,299000,3,2,2,0,1,1,0,70,1,0,1,0,2,0,2,0,1
200700075416,7,12,13,1600,1,1,1,1,4586700,352700,3,2,0,0,2,3,0,67,2,1,1,3,1,0,1,0,1
200700075417,7,12,13,800,2,1,8,7,4583400,342400,3,2,2,0,1,1,0,77,2,0,0,0,0,0,0,1,1