Num_Acc,an,mois,jour,hrmn,lum,int,atm,col,lat,long,catr,circ,nbv,vosp,prof,plan,lartpc,larrout,surf,infra,situ,env1,unscathed,killed,hospital,light,chance
200700075862,7,12,12,1000,1,8,7,3,4373100,419300,3,2,2,0,1,1,0,53,1,4,1,0,1,1,0,0,1
200700075863,7,12,17,1145,1,1,1,3,4378600,429700,2,2,0,0,1,2,30,0,1,0,1,0,1,0,0,1,1
200700075864,7,12,18,1900,3,1,1,3,4378300,429200,2,2,2,0,1,1,0,74,1,0,1,0,0,1,0,1,1
200700075865,7,12,2,800,1,1,1,6,4417800,414400,3,2,2,0,1,2,0,60,1,0,3,0,0,0,1,0,1
200700075866,7,12,10,1045,1,6,1,1,4416000,405700,3,0,0,0,1,0,0,0,1,5,1,0,2,0,1,0,1
200700075867,7,12,14,645,2,1,1,3,4410300,415100,4,2,2,0,1,1,0,80,1,0,1,0,1,0,0,1,1
200700075868,7,12,18,1215,1,1,1,1,4403800,420700,3,2,2,0,3,2,0,38,0,0,1,0,1,0,0,1,1
200700075870,7,12,25,1215,1,1,1,3,4426900,420100,3,2,2,0,1,1,0,58,1,0,1,0,3,0,1,0,1
200700075873,7,12,3,945,3,1,1,6,4397600,449900,3,2,0,0,1,1,0,72,1,0,3,0,0,1,0,0,1
200700075874,7,12,13,1115,1,1,1,2,4389200,455400,3,2,2,0,1,1,0,55,1,0,3,0,0,0,1,2,1
200700075876,7,12,18,830,3,1,1,6,4401400,474400,3,2,2,0,2,4,0,54,1,0,1,0,0,1,0,0,1
200700075883,7,12,9,930,1,1,1,1,4396200,368800,3,2,0,0,1,1,0,70,2,0,1,0,0,0,0,3,1
200700075884,7,12,28,1530,1,1,8,7,4399600,360500,9,2,2,0,1,1,0,0,1,0,0,0,1,0,1,0,1
200700075885,7,12,14,1930,3,1,1,1,4455100,361800,2,2,2,0,2,2,0,71,1,0,1,0,1,0,1,0,1
200700075886,7,12,16,1515,1,1,1,1,4443100,376600,3,2,2,0,2,1,0,62,7,0,1,0,2,1,0,0,1
200700075887,7,12,4,1030,1,1,1,6,4473400,385700,2,2,2,0,1,1,0,70,0,0,1,0,1,0,1,0,1
200700075888,7,12,21,1800,3,1,1,6,4485000,360300,3,2,2,0,0,2,54,54,7,0,1,0,0,0,1,0,1
200700075890,7,12,28,1345,1,1,7,6,4473000,385400,2,2,2,0,1,1,0,80,1,0,1,0,1,1,0,0,1
200700075895,7,12,25,30,3,1,1,1,4281700,228300,3,2,2,0,1,2,0,65,1,0,1,0,0,0,2,0,1
200700075903,7,12,19,915,1,3,1,6,4200900,876200,3,2,2,0,0,1,0,60,1,0,1,0,0,0,1,0,1
200700075904,7,12,23,1830,5,1,3,5,4196200,880300,2,2,2,0,1,1,0,75,2,0,1,0,2,0,1,1,1
200700075909,7,12,16,600,3,1,2,6,4279800,948900,3,2,2,0,2,1,0,72,2,0,3,0,0,0,2,1,1
200700075910,7,12,11,1530,1,1,7,7,4269900,933500,3,2,2,0,1,2,0,55,1,0,3,0,0,1,0,0,1
200700075912,7,12,11,715,1,1,1,1,4230600,915800,2,2,2,0,1,1,0,65,1,0,1,0,0,0,0,4,1
200700075914,7,12,16,1030,1,1,4,7,4248400,920500,3,2,2,0,2,3,0,0,5,0,1,0,0,0,1,0,1
200700075915,7,12,29,1245,1,1,1,3,4191000,939100,2,2,2,0,1,1,0,75,1,0,1,0,1,0,1,0,1
200700075916,7,12,31,1400,1,1,1,3,4203200,941500,2,2,2,0,1,1,0,75,1,0,1,0,0,0,1,1,1
200700075917,7,12,25,1045,1,1,1,3,4244700,945700,3,0,1,0,4,3,0,81,2,0,1,0,1,0,0,1,1
200700075918,7,12,30,2015,3,1,2,6,4248600,948200,2,2,2,0,1,1,0,72,2,0,1,0,2,0,0,1,1
200700075919,7,12,14,1045,1,2,1,3,4893200,157100,3,2,2,0,1,1,0,94,1,0,1,0,0,0,1,4,1
200700075920,7,12,19,1700,1,1,1,1,4903800,158000,9,1,1,0,2,1,0,0,1,0,1,3,1,0,2,0,1
200700075921,7,12,20,1030,1,1,1,1,4901700,181900,3,2,2,0,3,2,0,66,7,0,3,0,1,1,0,0,1
200700075922,7,12,21,600,3,1,1,6,4902600,166900,4,2,2,0,1,4,0,0,7,0,3,0,0,0,1,0,1
200700075925,7,12,25,1730,3,1,9,1,4875600,183200,3,2,2,0,2,3,0,67,1,0,1,0,2,0,1,0,1
200700075926,7,12,7,1530,1,1,2,6,4879300,189900,3,2,0,0,1,1,0,60,2,0,3,0,0,1,0,0,1
200700075927,7,12,18,2230,5,1,1,1,4882200,192300,4,2,0,0,1,1,50,0,1,0,1,0,0,0,0,1,1
200700075930,7,12,14,1845,5,1,1,1,4860200,242300,9,2,0,0,1,1,0,0,1,5,1,3,0,0,0,2,1
200700075932,7,12,9,1400,1,1,8,5,4851500,202000,3,2,2,0,1,1,0,80,1,0,1,0,2,0,1,0,1
200700075933,7,12,9,745,1,1,1,6,4846800,226900,3,2,0,0,0,3,0,0,1,0,1,0,0,0,1,0,1
200700075937,7,12,7,1245,1,1,8,7,4870100,221600,4,1,1,0,2,2,0,0,2,0,1,0,0,0,1,0,1
200700075938,7,12,6,1100,1,1,2,2,4854500,227100,3,2,2,0,0,2,0,80,2,0,1,0,1,0,1,0,1
200700075939,7,12,21,2145,3,1,1,1,4861400,233700,3,3,4,0,0,2,7,0,2,0,1,0,0,0,1,1,1
200700075941,7,12,4,915,1,1,1,2,4869100,215100,3,2,2,0,1,1,0,0,1,0,1,0,0,0,0,2,1
200700075944,7,12,2,330,3,1,8,1,4912600,206600,3,2,0,0,0,1,0,60,2,0,1,0,0,0,2,0,1
200700075945,7,12,4,1930,3,1,1,6,4916100,188400,3,2,0,0,1,1,0,79,1,0,1,0,0,0,1,1,1
200700075951,7,12,4,845,1,1,1,3,4858600,296600,3,2,2,0,1,1,0,100,1,0,1,0,1,0,1,1,1
200700075952,7,12,10,930,1,1,2,1,4890400,294100,3,2,2,0,0,2,0,50,2,0,1,0,1,0,0,1,1
200700075953,7,12,20,815,1,9,1,1,4885700,284500,3,2,2,0,1,1,0,0,1,0,1,0,1,0,1,0,1
200700075954,7,12,8,1800,3,1,3,6,4878000,317500,3,2,2,0,1,1,0,0,2,0,3,0,0,1,0,0,1
200700075955,7,12,24,1945,3,1,1,7,4879500,328100,3,2,0,0,1,3,0,0,7,0,1,0,0,0,0,2,1
200700075956,7,12,1,1130,1,1,1,3,4895200,313800,4,2,2,0,2,1,0,0,1,0,1,0,1,0,0,1,1
200700075957,7,12,4,1730,3,1,2,6,4893300,311300,3,2,2,0,0,0,0,0,2,0,0,0,1,0,1,0,1
200700075958,7,12,7,2015,5,1,2,3,4894100,314800,3,2,2,0,1,1,0,0,2,0,1,0,1,0,1,0,1
200700075959,7,12,7,1830,5,6,1,6,4894700,312500,3,0,2,0,0,0,0,0,2,0,1,0,0,0,1,1,1
200700075960,7,12,30,1800,3,1,1,3,4893400,312700,3,2,2,0,2,1,0,50,1,0,1,0,1,0,1,3,1
200700075961,7,12,7,930,1,3,2,3,4824300,281500,3,2,2,0,0,1,0,92,2,5,1,0,0,0,3,0,1
200700075964,7,12,3,1230,1,1,1,6,4900200,304400,3,2,2,0,1,3,0,50,1,0,4,0,0,0,1,0,1
200700075965,7,12,30,1045,1,1,1,3,4841200,322000,4,2,0,0,1,1,0,48,1,0,1,0,1,0,2,0,1
200700075966,7,12,8,1345,1,1,3,1,4785100,231400,3,2,2,0,1,1,0,86,2,0,1,0,0,0,2,0,1
200700075967,7,12,1,1800,5,1,8,7,4785000,180200,4,2,2,0,1,1,0,0,0,0,1,0,0,0,1,0,1
200700075968,7,12,7,1945,3,1,1,6,4783100,173900,3,2,0,0,0,1,0,64,1,0,3,0,0,1,0,0,1
200700075969,7,12,14,1300,1,1,1,6,4784500,221500,4,2,2,0,1,3,0,46,0,0,3,0,3,0,1,0,1
200700075970,7,12,19,745,2,1,1,1,4787600,212600,3,2,2,0,1,1,0,68,1,5,1,0,2,0,1,0,1
200700075971,7,12,22,1030,1,1,1,1,4779700,186900,3,2,2,0,1,1,0,50,1,0,1,0,2,0,1,0,1
200700075972,7,12,12,2015,3,1,1,6,4798700,201300,9,2,0,0,1,3,0,0,2,0,0,0,0,1,0,0,1
200700075973,7,12,21,2100,3,1,8,7,4819000,205000,3,2,0,0,1,1,0,0,1,0,1,0,0,0,1,0,1
200700075978,7,12,20,2130,3,1,1,6,4809400,279100,3,2,2,0,1,1,0,70,1,0,1,0,1,0,1,0,1
200700075979,7,12,21,730,3,1,1,1,4808600,282700,3,2,0,0,1,2,0,70,1,0,1,0,1,0,1,0,1
200700075980,7,12,21,800,3,1,9,7,4713400,283400,4,2,0,0,2,1,0,34,7,2,1,0,0,1,0,0,1
200700075982,7,12,5,900,1,1,1,6,4690400,253500,3,2,2,0,2,3,0,53,1,0,1,0,1,0,1,0,1
200700075983,7,12,10,1030,1,1,2,1,4693300,295100,3,2,2,0,1,3,0,73,2,0,1,0,1,0,1,1,1
200700075984,7,12,24,900,1,3,8,1,4695600,294100,3,2,2,0,1,1,0,75,1,0,1,0,0,0,2,0,1
200700075985,7,12,3,730,3,1,2,5,4714000,227600,2,2,2,0,0,1,0,74,2,0,1,0,1,0,4,0,1
200700075986,7,12,12,1345,1,1,1,3,4713200,221500,3,2,2,0,1,1,0,0,2,0,1,0,1,0,1,0,1
200700075987,7,12,14,715,3,1,9,7,4717700,234300,3,2,2,0,0,3,0,75,7,0,3,0,0,0,1,0,1
200700075988,7,12,30,830,2,1,9,2,4834800,143900,2,2,0,0,1,1,0,0,0,0,1,0,1,0,1,0,1
200700075989,7,12,9,1800,3,1,3,5,4841500,142400,3,2,0,0,1,1,0,85,3,0,1,0,8,0,1,2,1
200700075990,7,12,9,2030,5,1,2,7,4847300,136600,3,2,0,0,1,2,0,56,2,0,3,0,0,0,1,0,1
200700075991,7,12,1,1830,3,1,1,3,4842000,192900,3,0,0,0,1,1,0,0,1,0,1,0,1,0,1,0,1
200700075992,7,12,17,930,1,1,1,3,4847700,177200,3,2,0,0,1,1,0,60,1,0,1,0,1,0,0,1,1
200700075994,7,12,11,1000,5,1,1,6,4808300,133900,2,3,2,0,1,1,45,90,1,5,1,0,1,1,0,0,1
200700075995,7,12,6,1545,1,1,2,6,4821600,116800,3,2,2,0,3,3,0,0,2,0,1,0,1,0,1,0,1
200700075996,7,12,15,200,3,1,1,6,4821900,117300,3,2,1,0,2,3,0,0,1,0,3,0,0,0,1,0,1
200700075997,7,12,9,1645,1,1,3,1,4876600,125100,3,2,2,0,0,2,0,0,2,5,1,0,0,0,1,1,1
200700076000,7,12,10,1730,2,1,8,6,4864500,152300,3,2,2,0,4,1,10,60,2,0,1,0,1,0,1,0,1
200700076001,7,12,30,1515,5,1,1,6,4831500,82800,3,2,2,0,1,3,0,55,2,0,1,0,1,0,1,1,1
200700076003,7,12,12,315,3,1,1,6,4642200,136600,3,2,2,0,1,1,0,30,1,0,1,0,0,0,1,0,1
200700076004,7,12,17,1815,5,1,1,1,4664000,129000,3,2,2,0,1,1,0,69,1,0,1,0,1,0,0,1,1
200700076006,7,12,14,515,5,1,9,6,4694600,132200,3,2,2,0,2,2,0,54,7,0,3,0,1,0,0,1,1
200700076007,7,12,20,945,1,1,1,6,4689400,142600,3,2,2,0,0,0,0,0,1,5,1,0,1,0,1,0,1
200700076008,7,12,25,1630,2,1,2,1,4692500,130500,3,2,2,0,2,1,0,71,2,0,1,0,1,0,3,0,1
200700076009,7,12,18,1845,3,1,1,2,4694200,123000,3,2,0,0,1,0,0,60,1,0,1,0,3,0,1,0,1
200700076010,7,12,31,1845,3,1,1,1,4690200,126700,4,2,0,0,1,0,0,30,1,0,1,0,0,1,0,1,1
200700076013,7,12,22,915,1,1,9,7,4694200,191900,3,2,2,0,1,1,0,55,7,0,1,0,1,0,0,1,1
200700076014,7,12,9,430,3,1,8,6,4741000,93300,3,2,2,0,1,1,0,175,2,0,3,0,0,0,2,0,1
200700076015,7,12,7,2345,3,9,2,1,4750000,63000,3,0,2,0,0,0,0,42,0,0,0,0,1,0,1,0,1
200700076016,7,12,13,630,3,1,9,5,4756700,88100,3,2,2,0,2,1,0,75,7,0,1,0,2,0,1,1,1
200700076017,7,12,13,1400,1,1,1,1,4759500,92200,3,2,2,0,2,3,0,62,1,0,1,0,1,0,1,0,1
200700076018,7,12,19,900,1,1,9,2,4746000,73600,3,2,0,0,1,1,0,74,2,0,1,0,1,0,1,0,1
200700076019,7,12,28,530,3,1,5,6,4756700,101200,3,2,2,0,1,2,0,53,2,0,0,0,2,0,1,1,1
200700076021,7,12,24,1445,1,1,9,6,4716200,56900,3,2,2,0,2,2,0,48,7,0,3,0,0,1,2,1,1
200700076023,7,12,8,1830,3,1,2,3,4680200,84200,3,2,0,0,1,1,0,60,2,0,1,0,1,1,1,0,1
200700076024,7,12,1,430,3,1,3,7,4747300,110900,3,2,2,0,1,2,0,60,2,0,3,0,0,1,0,0,1
200700076029,7,12,11,1230,1,1,1,3,4726300,140000,3,2,2,0,1,1,0,71,1,0,1,0,1,0,1,0,1
200700076030,7,12,14,845,2,1,9,3,4731800,133600,3,2,2,0,1,1,0,80,7,0,1,0,1,0,1,0,1
200700076031,7,12,22,1030,1,1,9,6,4716000,131000,3,2,2,0,2,1,0,58,7,0,1,0,0,1,0,0,1
200700076034,7,12,29,630,3,1,2,6,4790900,104600,3,2,1,0,1,1,0,51,2,0,3,0,0,1,0,0,1
200700076039,7,12,17,1530,1,1,1,6,4791100,-385300,1,3,4,0,1,1,30,72,1,0,3,0,0,0,1,0,1
200700076041,7,12,28,1815,5,1,9,1,4579100,128800,3,2,0,0,1,1,0,107,2,5,1,0,1,0,4,0,1
200700076042,7,12,31,1815,3,1,1,5,4574400,128100,3,2,2,0,2,1,0,0,1,0,1,0,1,0,2,1,1
200700076044,7,12,15,930,3,1,1,1,4869700,738600,3,2,2,0,0,3,31,149,1,5,1,0,0,0,1,1,1
200700076045,7,12,10,745,2,1,2,6,4726500,506800,3,2,2,0,1,1,0,100,2,0,1,0,1,0,1,0,1
200700076046,7,12,13,845,1,1,1,3,4348200,554000,3,2,0,0,1,1,0,70,1,0,1,3,1,0,1,0,1
200700076047,7,12,18,530,3,1,1,2,4347900,552800,3,2,2,0,1,1,20,60,1,0,1,0,1,0,1,0,1
200700076048,7,12,19,1145,1,1,4,1,4409100,19100,3,2,2,0,0,2,60,0,7,0,1,0,0,0,0,2,1
200700076052,7,12,13,700,2,1,1,6,4319200,255600,3,2,3,0,1,1,0,90,1,5,1,0,1,0,1,0,1
200700076053,7,12,8,1745,3,1,3,1,4593600,206700,3,2,2,0,1,4,0,58,2,0,1,0,0,0,1,2,1
200700076059,7,12,11,1000,1,1,1,6,4474600,-109800,3,2,2,0,0,1,0,96,1,5,1,0,1,0,1,0,1
200700076066,7,12,22,1015,1,1,1,6,4633000,481000,1,3,0,0,1,3,105,30,1,0,2,0,1,0,1,0,1
200700076070,7,12,26,1415,3,1,1,6,4364500,489000,1,1,0,0,1,1,40,100,1,0,1,0,0,0,0,1,1
200700076071,7,12,24,2045,3,1,1,2,4355600,524900,1,1,3,0,1,1,10,140,1,0,1,0,2,0,0,1,1
200700076072,7,12,2,445,3,1,1,6,4324800,608600,1,3,2,0,1,1,35,95,1,0,1,0,1,0,1,0,1
200700076073,7,12,20,1945,3,1,1,3,4315100,603400,1,3,2,0,1,1,15,60,1,0,2,0,2,0,1,0,1
200700076074,7,12,21,1415,1,1,1,6,4341400,617600,1,3,3,0,1,1,20,115,1,0,2,0,0,0,2,0,1
200700076078,7,12,18,1315,1,1,1,5,4944600,269700,1,3,3,0,1,1,30,135,1,0,1,0,3,0,1,1,1
200700076081,7,12,21,1830,3,9,1,4,4556700,537200,1,1,2,0,1,1,20,85,1,0,1,0,0,0,0,4,1
200700076082,7,12,2,30,3,1,3,6,4806000,-96900,3,2,2,0,2,3,0,50,3,0,3,0,3,1,0,0,1
200700076086,7,12,12,1600,1,1,5,6,4773800,151300,1,3,3,0,0,0,6,105,0,0,0,0,0,0,1,0,1
200700076087,7,12,29,1600,1,1,2,6,4776300,155600,1,3,3,0,1,1,8,135,2,0,3,0,3,0,2,0,1
200700076093,7,12,18,1330,1,1,1,3,4739900,76300,3,2,2,0,1,1,0,0,1,0,1,0,1,0,1,0,1
200700076095,7,12,13,1815,3,1,1,1,4886400,803600,3,2,2,0,1,1,0,39,1,0,1,0,2,0,1,1,1
200700076097,7,12,27,1030,3,1,1,5,4524400,566200,1,3,3,0,1,0,0,0,1,0,1,0,2,0,1,0,1
200700076100,7,12,16,1100,1,1,1,7,4567400,474800,3,2,1,0,2,4,0,61,1,0,1,0,0,0,2,0,1
200700076101,7,12,14,1045,1,1,1,1,4357500,386500,1,3,0,0,1,1,0,0,1,0,1,0,0,0,0,1,1
200700076102,7,12,22,615,2,1,1,7,4574300,315000,1,1,2,0,1,1,0,0,1,3,3,0,0,0,1,0,1
200700076103,7,12,4,1915,3,1,1,1,4546700,325700,1,3,2,3,2,1,0,125,1,3,1,0,1,0,1,0,1
200700076104,7,12,31,830,1,1,1,2,4337100,-168200,1,3,0,0,1,1,30,73,1,0,1,0,1,0,0,2,1
200700076105,7,12,10,900,1,1,8,4,4854800,221400,2,3,2,0,2,1,10,70,2,0,1,0,4,0,0,1,1
200700076110,7,12,8,1845,3,1,2,4,4523000,582200,1,3,2,0,1,1,0,80,2,3,2,0,2,0,0,2,1
200700076116,7,12,12,145,3,1,1,6,4329300,194500,1,3,2,0,1,1,50,100,1,2,3,0,0,1,0,0,1
200700076120,7,12,19,600,3,1,1,3,4450000,-83600,1,1,2,0,1,1,100,75,7,0,1,0,3,0,1,0,1
200700076121,7,12,19,745,1,1,9,2,4450100,-78800,1,1,2,0,0,0,15,0,7,0,0,0,1,0,0,1,1
200700076127,7,12,10,1730,5,1,2,6,4520800,576200,3,2,4,0,1,1,55,150,2,5,1,0,1,0,1,0,1
200700076128,7,12,11,700,2,1,2,1,4526000,584700,3,2,2,0,1,1,0,75,2,0,1,0,1,0,1,0,1
200700076129,7,12,13,1400,1,1,1,6,4521700,583000,4,2,0,0,1,1,0,50,1,0,1,0,1,0,0,1,1
200700076131,7,12,9,600,5,1,1,6,4892800,199700,3,1,22,0,1,3,20,72,2,0,1,0,0,0,1,0,1
200700076132,7,12,16,1915,5,1,1,6,4892400,197700,4,2,2,0,1,1,0,70,1,0,1,0,0,0,2,0,1
200700076135,7,12,12,830,1,1,8,4,4648000,6000,1,1,0,0,2,2,50,70,1,2,1,0,3,0,1,0,1
200700076136,7,12,20,1530,1,9,1,7,4609200,583300,1,0,2,0,1,3,15,110,1,0,4,0,0,0,2,0,1
200700076137,7,12,24,2000,3,1,1,6,4606900,590400,1,3,2,0,2,2,15,110,2,0,1,0,0,0,1,0,1
200700076139,7,12,16,15,5,1,1,4,4550600,424200,4,2,0,0,0,1,0,0,1,0,1,0,1,0,2,0,1
200700076140,7,12,1,1945,3,1,1,5,4916100,410100,3,2,2,0,3,1,0,54,1,0,1,0,1,0,6,0,1
200700076141,7,12,21,2145,3,1,1,6,4919600,411400,3,2,0,0,1,1,0,56,1,0,3,0,0,1,0,0,1
200700076142,7,12,11,915,1,1,7,3,4362600,702200,3,2,2,0,2,2,0,76,1,0,1,0,0,0,1,1,1
200700076143,7,12,17,845,1,1,1,6,4362600,710800,3,2,0,0,1,1,0,70,1,0,1,0,1,0,1,0,1
200700076147,7,12,7,2230,3,1,4,7,4974700,162500,1,1,2,0,1,1,10,70,7,0,1,0,1,0,0,1,1
200700076148,7,12,13,600,2,9,9,7,4992800,164000,1,1,1,0,2,3,0,42,2,3,1,0,0,1,0,0,1
200700076150,7,12,4,1745,3,3,1,3,4764000,-272100,4,2,0,0,1,1,71,0,1,0,1,0,3,0,0,1,1
200700076151,7,12,8,130,3,1,1,1,4755900,-265700,3,2,2,0,1,1,0,45,1,0,1,0,2,0,0,1,1
200700076158,7,12,28,800,1,1,1,6,4351100,379700,4,2,2,0,1,1,0,64,1,0,1,0,2,0,1,0,1
200700076160,7,12,3,1245,1,2,1,3,4928000,-56300,3,2,0,0,1,1,0,60,1,5,1,0,1,0,1,0,1
200700076161,7,12,22,1500,1,1,2,2,4628600,304800,1,3,2,3,1,1,25,95,2,0,1,0,4,0,2,0,1
200700076164,7,12,23,845,1,1,1,6,4362400,694700,3,3,4,3,1,3,20,120,2,0,1,0,1,0,1,0,1
200700076165,7,12,14,1615,1,1,9,6,4752200,-43000,1,1,1,0,4,2,25,80,7,3,1,0,0,0,0,1,1
200700076166,7,12,23,1845,3,1,5,1,4861700,771800,3,2,2,2,1,1,0,90,7,0,1,0,1,0,0,1,1
200700076168,7,12,10,1545,1,1,1,6,4310700,47800,1,3,2,0,1,1,20,70,1,0,2,0,0,0,1,0,1
200700076169,7,12,24,2145,3,1,5,5,4322100,11600,1,3,2,0,4,2,30,75,2,3,1,0,3,0,1,1,1
200700076172,7,12,30,1530,1,9,9,3,4548000,602000,1,1,0,0,1,2,0,96,2,3,2,0,1,0,1,2,1
200700076173,7,12,22,2200,3,1,2,6,4528800,552500,1,3,0,0,1,2,20,75,2,0,2,0,0,0,1,0,1
200700076176,7,12,24,1800,3,1,1,4,4878100,425900,1,3,2,0,1,1,10,0,1,0,1,0,2,0,1,0,1
200700076182,7,12,15,1545,5,1,2,6,4605500,648500,4,2,2,0,0,1,0,57,2,0,0,0,0,0,1,0,1
200700076190,7,12,23,230,3,1,9,6,4551900,230100,1,2,4,0,2,2,0,150,7,0,3,0,0,0,0,1,1
200700076191,7,12,2,800,2,1,2,6,4874800,205400,3,3,0,0,1,1,10,50,2,0,3,0,0,0,0,1,1
200700076194,7,12,10,815,2,1,2,3,4810500,4400,3,2,1,0,1,1,0,70,2,0,1,0,1,0,1,0,1
200700076195,7,12,13,500,3,1,5,1,4807300,15400,3,2,1,0,0,2,0,74,7,0,1,0,1,0,1,0,1
200700076196,7,12,19,1800,3,1,1,6,4816100,-21600,4,2,1,0,1,2,0,46,1,0,0,0,0,0,1,0,1
200700076198,7,12,5,2100,5,1,2,3,4780700,723700,3,3,2,2,1,1,28,71,2,5,1,0,2,0,1,0,1
200700076199,7,12,17,1045,1,1,1,1,4350100,130300,3,2,2,0,1,1,0,0,1,0,1,0,1,0,1,0,1
200700076200,7,12,20,1645,1,1,1,5,4349500,131600,3,2,2,0,1,1,0,38,1,0,1,0,3,0,0,1,1
200700076203,7,12,1,1445,1,1,1,6,4390000,478000,3,2,2,0,1,1,0,80,1,0,1,0,0,1,0,0,1
200700076204,7,12,7,800,1,1,1,7,4388300,477600,3,2,3,0,1,1,0,0,1,2,3,0,0,0,1,0,1
200700076205,7,12,5,1330,1,1,2,1,5006100,137300,4,2,2,0,2,0,0,59,2,0,1,0,0,0,1,2,1
200700076206,7,12,11,830,1,1,1,7,5000400,143400,3,3,0,0,1,1,0,0,1,0,1,0,0,0,1,0,1
200700076207,7,12,21,1615,1,1,8,6,5004600,142200,3,2,2,0,1,1,0,79,1,6,4,0,1,0,1,0,1
200700076208,7,12,30,1930,5,1,1,1,4996100,147400,3,2,2,0,1,1,0,90,1,0,1,0,1,0,1,0,1
200700076209,7,12,29,1030,1,1,1,6,4337500,-62200,3,2,3,3,2,1,0,90,1,0,1,0,1,0,1,0,1
200700076216,7,12,30,700,2,1,8,4,4906600,198900,3,3,4,0,0,1,5,215,2,0,1,0,3,0,0,2,1
200700076219,7,12,2,45,3,1,1,1,4777400,-298200,3,2,2,0,2,2,0,0,1,0,1,0,1,0,2,0,1
200700076220,7,12,12,1830,4,1,1,2,4776800,-329900,3,2,2,0,1,1,0,71,1,0,1,0,0,0,2,1,1
200700076223,7,12,17,915,1,1,1,2,4921800,-52400,2,3,2,0,1,1,10,70,1,0,1,0,4,0,0,1,1
200700076224,7,12,22,2230,3,1,9,6,5071700,233700,4,2,0,0,1,1,0,37,7,0,1,0,0,0,2,0,1
200700076225,7,12,8,1045,1,1,1,6,4374400,390900,3,0,2,0,0,0,0,60,0,0,0,0,0,0,1,0,1
200700076226,7,12,25,845,1,1,1,6,4368600,392400,3,2,2,0,1,1,2,70,1,0,1,0,0,0,0,1,1
200700076227,7,12,27,745,1,1,1,3,4365200,388700,3,3,1,1,1,1,71,40,1,5,1,0,1,0,1,0,1
200700076230,7,12,1,1730,2,2,8,1,4266700,294000,3,2,2,0,1,1,0,66,1,0,1,0,0,0,1,2,1
200700076235,7,12,5,2315,3,1,1,1,4356700,380100,3,2,2,0,4,1,0,0,1,0,1,0,2,0,1,0,1
200700076236,7,12,18,245,3,1,1,2,4784300,-169400,2,3,2,0,2,3,20,70,1,0,1,0,1,1,1,0,1
200700077113,7,12,2,1632,1,1,1,3,4516810,453819,4,2,2,0,1,1,0,0,1,0,1,0,1,0,0,2,1
200700077114,7,12,3,1000,1,1,2,6,4516228,453278,4,1,2,0,1,1,0,59,2,0,1,99,1,0,1,0,1
200700077115,7,12,5,1855,5,1,2,6,4516710,454838,4,2,2,0,1,1,0,118,2,0,1,99,1,0,1,0,1
200700077116,7,12,5,2026,5,3,1,3,4516121,450304,4,2,3,0,1,1,0,0,2,0,1,99,1,0,0,1,1
200700077117,7,12,6,1520,1,1,1,6,4516588,452225,4,2,2,0,1,1,0,0,1,0,1,99,1,0,0,1,1
200700077118,7,12,6,1720,1,1,1,6,4515918,453368,4,1,1,0,1,2,0,0,2,0,1,99,1,0,0,1,1
200700077119,7,12,6,1820,5,1,2,6,4515676,452751,4,2,2,0,1,1,0,47,2,0,1,3,0,0,2,0,1
200700077120,7,12,6,1800,5,1,2,3,4514932,451227,4,2,0,0,1,1,0,0,2,0,1,0,1,0,0,1,1
200700077121,7,12,7,1500,1,1,2,6,4515836,452363,4,2,2,0,1,1,0,0,2,0,1,3,1,0,1,0,1
200700077122,7,12,8,1520,1,3,3,3,4515499,453769,4,1,0,0,1,1,0,0,2,0,1,0,1,0,0,1,1
200700077123,7,12,11,1750,5,1,1,6,4515836,452363,4,2,2,0,1,1,0,0,1,0,2,3,1,0,0,1,1
200700077124,7,12,12,1415,1,2,1,6,4515645,450408,4,2,3,0,1,1,0,0,2,0,1,99,1,0,0,1,1
200700077125,7,12,14,1225,1,3,1,3,4515781,455164,4,2,2,0,1,1,0,0,1,0,1,99,1,0,0,1,1
200700077126,7,12,15,1800,5,1,1,6,4515602,454058,4,2,2,0,1,1,0,72,1,0,1,99,2,0,1,0,1
200700077127,7,12,16,1530,1,3,1,2,4516726,454848,4,2,3,0,1,1,0,0,1,0,1,99,3,0,0,1,1
200700077128,7,12,20,845,1,2,1,3,4516256,452279,4,2,3,0,1,1,0,0,1,1,1,99,1,0,0,1,1
200700077129,7,12,21,750,2,1,1,6,4513943,448482,3,2,2,0,0,0,0,70,0,0,1,0,1,0,0,1,1
200700077130,7,12,23,1705,1,1,1,6,4515458,448059,3,2,2,0,1,0,0,70,1,4,1,0,2,0,0,1,1
200700077131,7,12,23,1900,5,2,1,3,4515429,451207,3,2,2,0,1,1,0,70,2,0,0,0,1,0,1,0,1
200700077132,7,12,28,1410,1,2,1,3,4515907,454121,4,2,2,0,1,1,0,0,1,0,1,99,1,0,0,1,1
200700077133,7,12,9,2250,5,1,2,6,4525855,375737,4,2,2,0,1,1,0,75,2,0,1,99,2,0,1,0,1