Num_Acc,an,mois,jour,hrmn,lum,int,atm,col,lat,long,catr,circ,nbv,vosp,prof,plan,lartpc,larrout,surf,infra,situ,env1,unscathed,killed,hospital,light,chance
200700077134,7,12,16,1750,2,1,1,1,4525810,378177,3,2,3,0,4,3,0,105,7,0,1,99,3,0,2,0,1
200700077135,7,12,20,1250,1,1,1,6,4525864,375234,4,2,2,0,1,1,0,102,1,0,1,99,1,0,1,0,1
200700077349,7,12,12,915,1,9,1,7,4382683,436118,4,1,2,0,1,1,0,98,1,0,1,3,1,0,0,1,1
200700077350,7,12,1,1000,1,1,1,6,4382237,435140,4,2,4,0,1,1,60,120,1,0,1,99,1,0,0,1,1
200700077351,7,12,1,1142,1,1,1,7,4382831,435972,4,2,2,0,1,1,0,60,1,0,1,99,1,0,0,1,1
200700077352,7,12,2,1151,1,1,1,4,4384736,437000,4,2,2,0,1,1,0,70,1,0,1,99,1,0,0,2,1
200700077354,7,12,3,1825,5,1,1,2,4385456,437969,4,2,3,0,1,1,0,100,1,0,1,99,0,0,0,1,1
200700077355,7,12,4,858,1,1,1,7,4384731,439554,4,2,9,0,1,1,0,90,1,0,1,0,1,0,0,2,1
200700077358,7,12,6,2135,5,1,1,7,4383940,436636,4,1,1,0,1,1,0,80,1,0,1,0,1,0,0,1,1
200700077359,7,12,7,1615,1,1,1,6,4383307,736532,4,2,4,3,1,1,0,180,1,0,1,3,1,0,0,1,1
200700077360,7,12,7,1843,5,1,1,6,4383424,436167,4,1,3,3,1,2,0,150,1,0,1,3,1,0,0,1,1
200700077361,7,12,8,1100,1,1,1,1,4381519,430427,3,2,2,0,1,3,0,60,1,0,1,99,0,0,0,2,1
200700077363,7,12,10,1410,1,1,1,6,4384047,436535,4,2,2,0,1,1,0,90,1,0,1,99,1,0,0,1,1
200700077364,7,12,11,1923,5,1,1,2,4381808,434806,4,2,6,0,1,1,0,150,1,0,1,99,1,0,0,1,1
200700077365,7,12,13,220,3,1,1,7,4384496,428653,4,1,2,0,1,1,0,63,1,0,3,99,0,0,0,1,1
200700077368,7,12,13,2221,5,1,1,6,4381152,436416,6,4,0,3,1,1,0,0,1,6,1,99,1,0,0,1,1
200700077370,7,12,14,929,1,1,1,6,4381514,430430,4,2,2,0,1,1,0,76,1,0,1,99,1,1,0,0,1
200700077371,7,12,14,1839,2,2,1,3,4380505,433669,4,2,2,0,1,1,0,110,1,0,1,99,1,0,1,0,1
200700077372,7,12,15,1931,5,1,1,6,4383663,433757,3,2,2,0,2,1,0,85,1,0,1,99,1,0,0,1,1
200700077373,7,12,17,843,1,1,1,6,4382552,436040,4,2,2,0,1,1,0,69,1,0,1,99,1,0,0,1,1
200700077374,7,12,17,1122,1,3,1,3,4383081,436110,4,1,1,0,1,1,0,80,1,0,1,99,1,0,0,1,1
200700077375,7,12,17,1527,1,1,1,6,4383889,435743,4,1,1,0,1,1,0,34,1,0,1,99,0,0,1,0,1
200700077376,7,12,17,1825,5,6,1,3,4383257,438026,4,2,2,0,1,2,0,60,1,0,1,99,2,0,0,1,1
200700077380,7,12,21,1030,1,1,1,6,4383467,436084,4,1,2,0,1,3,0,70,1,0,1,3,0,0,1,0,1
200700077381,7,12,21,2004,5,2,1,3,4383309,435480,4,3,2,0,1,1,0,134,1,5,1,0,1,0,0,2,1
200700077383,7,12,22,1305,1,1,2,2,4381285,436557,4,3,1,0,1,1,0,86,2,0,1,0,2,0,0,1,1
200700077384,7,12,23,929,1,1,1,7,4375654,434322,3,2,2,0,1,1,0,54,2,0,3,99,0,0,0,2,1
200700077385,7,12,23,1704,3,1,1,2,4383090,432288,4,3,1,0,1,1,0,115,1,0,1,0,2,0,0,1,1
200700077386,7,12,26,1929,5,1,1,6,4383503,435067,4,1,2,0,1,1,0,105,1,0,1,3,1,0,0,1,1
200700077388,7,12,27,1645,1,1,1,4,4381458,436384,4,2,4,0,1,1,0,98,1,0,1,99,3,0,0,2,1
200700077389,7,12,28,2009,3,1,1,7,4388290,441681,3,2,2,0,1,1,0,66,1,0,1,99,0,0,0,1,1
200700077390,7,12,29,530,5,1,1,6,4382702,436113,4,2,2,0,1,1,0,92,1,0,1,3,0,0,2,0,1
200700077391,7,12,30,1107,1,1,1,7,4387019,440815,4,2,2,0,1,1,0,40,1,0,1,99,0,0,0,1,1
200700077392,7,12,30,1440,1,1,1,2,4383113,435066,3,2,2,0,1,1,0,69,1,0,1,0,1,0,0,2,1
200700077646,7,12,8,2205,4,2,1,3,4334000,345699,4,2,2,0,2,1,0,60,1,5,1,0,1,0,1,1,1
200700077652,7,12,17,1012,1,1,1,7,4331700,345699,3,2,2,0,1,1,0,120,1,0,1,99,0,0,1,0,1
200700077666,7,12,3,1340,1,1,1,6,4360378,389220,4,2,5,0,3,1,0,150,1,5,1,3,2,1,0,0,1
200700077669,7,12,4,1410,1,1,1,6,4363908,381929,4,2,1,0,1,1,0,54,1,0,1,0,1,1,0,0,1
200700077670,7,12,5,730,5,1,1,7,4358171,389986,4,2,4,0,2,3,36,128,1,0,1,99,0,1,0,0,1
200700077677,7,12,6,1220,1,1,1,3,4361373,388268,4,2,3,0,1,1,0,95,1,0,1,3,1,0,1,0,1
200700077678,7,12,9,1810,5,1,1,6,4360349,389360,4,2,3,0,4,1,0,90,1,0,1,99,2,0,1,0,1
200700077681,7,12,10,825,1,1,1,3,4357041,389617,3,2,5,0,1,1,0,0,1,3,1,99,1,0,1,0,1
200700077691,7,12,13,2019,5,1,1,7,4359221,385845,4,2,4,0,2,1,0,121,1,0,1,99,1,0,1,0,1
200700077702,7,12,22,2130,5,1,9,6,4358538,389598,3,3,4,0,1,1,53,66,2,0,1,99,3,1,0,1,1
200700077706,7,12,26,1210,1,1,1,3,4360462,388988,4,2,3,0,2,1,0,101,1,0,1,99,1,0,0,3,1
200700077711,7,12,27,1950,5,1,1,1,4361780,383956,4,2,3,0,1,1,0,120,1,5,1,3,1,0,0,3,1
200700077713,7,12,28,1940,5,1,1,1,4367116,385973,3,2,2,0,1,1,0,90,1,0,1,99,2,0,1,0,1
200700077714,7,12,28,1900,5,1,1,2,4359603,386299,4,3,3,0,1,2,0,90,1,3,1,99,1,0,1,1,1
200700077716,7,12,31,1530,1,3,1,7,4361102,397190,4,2,3,0,2,1,0,97,1,5,1,99,1,0,1,0,1
200700077874,7,12,30,1525,1,1,8,6,4522325,418364,3,2,20,0,2,2,0,45,2,0,1,99,0,0,0,1,1
200700077875,7,12,30,1530,1,1,8,6,4523365,420018,3,2,2,0,2,4,0,0,2,0,0,0,3,0,1,0,1
200700077876,7,12,7,1830,3,1,3,2,4524476,422197,3,2,3,0,1,1,0,90,1,0,1,0,1,0,0,2,1
200700077877,7,12,20,1800,5,1,1,6,4522998,416928,4,1,1,0,1,1,0,35,1,0,0,99,1,0,0,1,1
200700077878,7,12,21,840,1,3,1,3,4547500,422596,4,2,2,0,1,1,0,0,1,0,1,99,2,0,0,1,1
200700077879,7,12,21,830,1,1,8,5,4524477,422597,3,1,2,0,1,1,0,740,2,0,1,0,4,0,0,5,1
200700077880,7,12,21,1150,1,1,1,6,4524477,422597,4,0,1,0,1,0,0,70,1,0,1,99,1,1,0,0,1
200700077881,7,12,21,1600,1,1,1,2,4524307,415423,4,2,2,0,1,1,0,61,1,0,1,3,1,0,0,1,1
200700077882,7,12,23,1200,1,1,1,6,4523048,416676,4,2,2,0,1,1,0,50,1,0,1,0,1,0,0,1,1
200700077883,7,12,23,1310,1,1,1,3,4523000,416970,4,0,0,0,1,0,0,50,1,0,1,99,2,0,0,1,1
200700077884,7,12,29,1700,5,1,2,6,4523379,416865,6,0,0,0,1,0,0,43,1,0,1,0,2,0,0,1,1
200600003774,6,1,4,1755,2,1,2,3,4878219,247355,2,0,2,0,0,0,0,80,2,0,1,0,1,0,0,1,1
200600003775,6,1,10,1820,5,1,1,6,4880180,246152,2,2,4,0,1,1,0,120,0,0,1,0,1,0,0,1,1
200600003776,6,1,11,1120,1,1,1,3,4876289,247978,3,1,2,0,0,0,0,60,0,0,1,0,1,0,0,1,1
200600003777,6,1,13,1410,1,9,1,2,4876290,247916,2,1,2,0,0,0,0,60,0,0,1,0,1,0,0,1,1
200600003778,6,1,13,2135,2,1,1,2,4878932,243892,2,0,2,0,0,0,0,60,0,0,1,0,1,0,0,1,1
200600003779,6,1,17,830,1,1,2,6,4880300,246089,4,2,2,0,0,0,0,60,0,0,1,3,1,0,1,0,1
200600003781,6,1,20,1215,1,1,1,6,4877583,245768,4,1,2,0,1,1,0,60,1,0,1,99,1,0,0,1,1
200600003782,6,1,25,1945,5,1,1,4,4878332,244704,2,3,6,3,1,1,10,180,1,0,1,0,2,0,0,2,1
200600003783,6,1,27,1230,1,1,1,3,4880282,246058,3,2,2,0,0,0,0,60,0,0,1,0,1,0,0,1,1
200600003784,6,1,27,1345,1,1,1,3,4877086,246513,3,2,2,0,0,0,0,60,0,0,1,0,2,0,0,1,1
200600003785,6,1,30,1740,1,1,1,3,4877149,246063,4,2,2,0,1,1,0,60,1,0,1,0,1,0,0,1,1
200600003786,6,1,31,950,1,1,1,6,4879924,246611,4,2,2,0,1,1,0,60,0,0,1,0,1,0,0,1,1
200600003787,6,1,31,1700,1,2,1,3,4878831,246188,4,2,2,0,1,1,0,60,1,0,1,0,4,0,0,2,1
200600004403,6,1,14,1015,1,1,7,6,5052900,293500,3,2,0,0,1,1,0,75,1,0,1,0,1,0,1,0,1
200600004404,6,1,20,2215,5,1,1,3,5051600,290000,3,2,2,0,1,1,0,62,1,0,1,0,1,1,0,0,1
200600004405,6,1,17,1400,1,2,8,3,5057700,286200,3,2,2,1,1,2,0,109,2,0,1,0,1,0,1,0,1
200600004406,6,1,24,1815,3,1,1,5,5058800,288500,3,2,2,0,1,1,0,65,1,0,1,0,2,0,1,0,1
200600004407,6,1,25,1615,1,1,1,6,5055700,291700,9,2,2,0,1,1,0,46,1,0,1,3,3,0,1,0,1
200600004409,6,1,22,1430,1,1,1,6,5058900,314900,3,3,1,0,0,2,53,36,1,0,1,0,0,0,1,0,1
200600004415,6,1,28,1200,1,1,1,1,5087400,248200,3,2,2,0,1,1,0,63,1,0,1,0,0,0,1,1,1
200600004416,6,1,25,1645,1,1,2,1,5076600,264400,3,2,0,0,2,3,0,60,6,0,1,0,1,0,1,0,1
200600004417,6,1,14,1045,1,1,7,3,5047100,340200,3,2,2,1,1,3,0,60,1,0,0,0,1,0,1,0,1
200600004419,6,1,21,900,1,1,9,3,5016200,379700,3,2,2,0,1,4,0,0,7,0,1,0,0,1,0,1,1
200600004421,6,1,26,1930,3,9,1,6,5020900,332900,3,2,2,0,2,1,0,65,1,0,1,0,1,1,0,0,1
200600004424,6,1,15,1245,1,2,1,3,5031600,400000,3,2,2,0,1,1,54,0,1,0,1,0,2,0,0,2,1
200600004425,6,1,23,1115,1,1,7,6,5030200,379100,3,2,2,0,1,2,0,80,1,0,1,0,1,1,0,0,1
200600004436,6,1,17,830,2,1,2,6,5051900,164800,9,0,2,0,1,1,0,0,2,0,1,3,1,0,1,0,1
200600004438,6,1,29,223,3,1,1,7,5048600,169100,3,2,2,0,1,2,0,68,1,2,1,0,0,1,0,0,1
200600004441,6,1,15,115,5,1,1,6,5086000,193900,3,3,0,0,0,0,0,0,1,0,1,0,0,0,1,0,1
200600004442,6,1,27,1445,3,1,1,3,5080500,204200,3,2,2,0,1,3,0,59,1,0,1,0,1,0,1,0,1
200600004443,6,1,13,1945,3,1,1,6,5086000,214500,3,2,0,0,2,1,0,43,1,0,0,0,0,0,1,0,1
200600004444,6,1,17,1745,5,1,8,6,5088200,208000,4,1,0,0,0,1,0,76,2,0,1,3,1,0,1,0,1
200600004445,6,1,28,1000,1,1,8,6,5088200,208000,9,1,1,0,1,1,0,76,1,0,1,0,1,0,1,0,1
200600004446,6,1,19,1615,1,1,8,7,5041100,236800,2,2,2,0,1,3,0,0,2,0,1,0,0,0,1,0,1
200600004447,6,1,23,1245,1,1,1,6,5039500,209100,3,2,1,0,1,1,0,71,1,0,1,0,1,0,1,0,1
200600004449,6,1,14,1530,1,1,1,6,5028100,253100,4,1,1,0,1,1,0,47,1,0,1,0,1,0,1,0,1
200600004450,6,1,16,645,5,1,9,6,5028200,253400,3,2,2,0,1,1,0,70,7,0,1,0,1,0,1,0,1
200600004451,6,1,19,1630,1,1,1,1,5027900,252000,3,2,2,0,0,3,0,63,1,0,1,0,1,0,1,1,1
200600004452,6,1,21,845,1,1,1,6,5036900,265200,3,2,2,0,1,2,0,65,7,0,3,0,0,0,1,0,1
200600004455,6,1,3,1540,1,2,8,3,4988100,181900,3,2,2,0,1,1,0,50,1,0,1,0,2,0,0,1,1
200600004456,6,1,15,1815,3,1,1,7,4984200,177000,3,2,0,0,1,1,0,72,1,0,1,0,0,0,0,1,1
200600004457,6,1,7,1615,1,1,8,5,4994300,230900,2,4,3,0,1,1,0,0,2,0,1,0,6,1,3,2,1
200600004459,6,1,27,2015,5,2,1,1,5001400,200500,3,2,2,0,1,1,0,55,1,0,1,0,0,0,1,1,1
200600004460,6,1,12,915,1,1,1,3,5006600,162300,3,2,2,0,1,1,0,78,1,5,1,0,0,0,2,0,1
200600004462,6,1,31,1545,1,1,1,6,5015000,234000,4,2,2,0,1,1,0,0,1,0,1,0,0,0,0,1,1
200600004464,6,1,31,1645,1,1,1,6,5012200,223300,4,2,2,0,1,1,0,63,7,0,4,3,1,0,1,0,1
200600004469,6,1,23,1745,2,1,1,6,4976200,237100,3,2,0,0,1,1,0,55,1,0,1,0,1,0,1,0,1
200600004470,6,1,31,1715,1,1,9,6,4971300,239800,3,2,0,0,0,2,0,60,7,0,0,0,2,0,0,1,1
200600004471,6,1,7,1415,1,1,1,7,4998600,270500,4,2,2,0,1,0,0,27,6,0,1,0,0,1,0,0,1
200600004472,6,1,4,1145,1,1,1,6,4981400,285800,3,2,2,0,1,1,0,52,1,0,1,0,1,0,1,0,1
200600004473,6,1,3,1330,1,1,1,6,4975400,307100,3,2,2,0,0,3,0,70,1,0,0,3,1,0,1,0,1
200600004479,6,1,30,1345,1,9,1,2,4949300,355600,2,2,2,0,1,1,0,74,1,5,1,0,1,0,1,0,1
200600004480,6,1,1,200,3,1,9,6,4959300,373900,3,2,2,0,1,1,0,44,7,0,3,0,3,0,1,0,1
200600004486,6,1,14,1930,5,1,1,5,4925800,310000,3,2,1,0,1,3,0,45,1,5,1,0,2,0,1,0,1
200600004487,6,1,27,1845,3,1,1,5,4923200,310200,3,2,2,0,1,1,0,68,1,0,1,0,0,0,1,2,1
200600004489,6,1,14,2115,3,1,9,6,4994500,390500,2,2,2,0,0,1,0,77,1,0,3,0,0,0,2,0,1
200600004490,6,1,6,800,4,1,1,6,4943600,204500,4,2,2,0,1,1,0,35,1,6,1,0,0,0,0,1,1
200600004491,6,1,23,1845,3,3,1,3,4948300,213300,2,2,2,0,1,1,0,72,1,5,1,0,0,1,0,1,1
200600004492,6,1,24,445,3,1,1,7,4946600,222800,3,2,2,0,1,1,0,74,1,0,1,0,0,0,1,0,1
200600004493,6,1,6,1730,5,1,2,3,4944400,186800,2,2,2,0,1,2,0,70,2,0,1,0,2,0,1,0,1
200600004495,6,1,11,1800,5,1,1,5,4945200,190100,3,2,2,0,0,1,0,69,2,0,1,0,3,0,0,1,1
200600004502,6,1,17,1215,1,1,2,3,4953700,200500,4,2,2,0,2,3,0,45,2,0,1,0,1,0,0,1,1
200600004504,6,1,4,845,1,1,5,6,4932900,243600,2,3,0,0,1,1,0,100,1,3,1,0,1,0,0,1,1
200600004508,6,1,4,1100,1,1,1,7,4950600,234800,3,2,2,0,0,1,0,0,1,0,1,0,0,0,1,0,1
200600004509,6,1,21,2045,3,1,1,7,4953000,244100,3,2,2,0,4,3,0,54,1,0,1,0,0,1,0,0,1
200600004510,6,1,31,1600,1,3,1,3,4953900,294700,3,2,2,0,1,1,0,71,1,0,1,0,1,1,1,0,1
200600004511,6,1,31,845,1,1,9,7,4945000,279000,3,2,0,0,1,1,0,74,7,0,1,0,1,0,1,0,1
200600004517,6,1,21,445,5,1,1,6,4918000,245400,2,2,2,0,1,1,90,0,1,0,3,3,0,0,1,0,1
200600004521,6,1,2,1345,1,1,1,3,4923700,246800,9,2,2,0,1,1,0,70,1,0,1,0,3,0,0,1,1
200600004526,6,1,6,2130,3,1,1,6,4987800,120200,3,2,2,0,2,3,0,70,1,0,3,0,0,1,0,0,1
200600004527,6,1,7,1200,1,1,1,2,4994400,118500,3,2,0,0,1,1,0,110,1,0,1,0,1,1,0,0,1
200600004534,6,1,8,900,1,1,2,3,4974900,147400,3,2,2,0,2,2,0,80,2,0,1,0,1,0,1,0,1
200600004536,6,1,24,2000,5,2,1,3,4989500,142700,3,2,2,0,1,1,0,64,1,0,1,0,0,0,2,0,1
200600004538,6,1,25,900,1,1,1,6,4962000,74000,2,2,2,2,1,1,8,97,1,0,1,0,1,1,0,0,1
200600004546,6,1,15,1515,1,9,1,1,4972200,36400,4,2,0,0,1,1,0,79,1,0,1,0,2,0,1,0,1
200600004550,6,1,12,1315,1,1,1,1,4891200,127700,4,2,2,0,1,1,0,45,0,5,1,0,1,0,1,0,1
200600004551,6,1,14,45,3,1,5,7,4883100,124500,4,2,0,0,2,4,0,22,1,0,3,0,3,0,0,2,1
200600004552,6,1,1,115,5,2,1,3,4881700,74000,3,2,2,0,1,1,0,60,2,0,1,0,2,0,1,0,1
200600004553,6,1,12,1815,3,1,2,7,4884900,65400,4,2,0,0,1,1,37,37,2,0,3,0,0,0,1,0,1
200600004554,6,1,27,1415,1,1,1,2,4875200,100200,2,3,2,0,1,1,0,0,1,0,1,0,1,0,2,0,1
200600004558,6,1,5,1800,5,1,2,6,4919500,71100,2,3,2,0,0,1,30,67,2,0,1,0,1,0,1,0,1
200600004560,6,1,22,500,3,2,1,6,4898400,78300,3,2,2,0,0,1,0,83,1,0,4,0,2,0,2,0,1
200600004561,6,1,12,545,3,1,2,6,4915200,132200,3,2,2,0,2,3,0,0,2,0,1,0,1,0,2,0,1
200600004562,6,1,27,930,1,1,1,6,4929700,121300,3,2,1,0,1,2,0,64,0,0,3,0,0,0,1,0,1
200600004563,6,1,19,1200,1,1,1,3,4924400,95800,3,2,2,0,4,1,0,128,1,5,1,0,1,0,2,1,1
200600004565,6,1,12,45,3,1,1,6,4930400,78700,4,2,2,0,1,4,0,50,2,0,1,0,0,0,1,0,1
200600004568,6,1,26,715,2,1,1,3,4937600,84800,3,2,1,0,2,3,0,56,7,0,1,0,0,0,2,0,1
200600004569,6,1,21,1645,1,1,1,1,4932700,73000,4,2,2,0,2,2,0,0,1,0,1,0,2,0,1,0,1
200600004570,6,1,24,1215,1,3,1,3,4927800,45100,3,2,2,0,1,1,0,81,1,0,1,0,1,0,2,0,1
200600004583,6,1,27,1730,2,1,1,1,4848200,-181400,3,2,0,0,0,2,0,44,1,0,1,0,0,0,2,1,1
200600004588,6,1,28,1015,1,1,4,6,4809100,-135100,2,3,2,0,1,1,0,110,5,0,3,0,1,0,1,0,1
200600004589,6,1,7,2300,3,1,2,6,4795900,-140600,3,2,2,0,4,3,0,53,2,0,3,0,0,0,4,0,1
200600004590,6,1,20,200,3,1,1,7,4790600,-117800,3,0,2,0,0,3,0,63,2,2,3,0,0,1,1,0,1
200600004591,6,1,31,1345,1,1,1,4,4794300,-123100,3,2,2,0,1,1,0,76,1,0,1,0,3,0,1,0,1
200600004593,6,1,27,2000,3,1,1,3,4818600,-281300,2,2,2,0,1,1,0,71,2,5,1,0,1,0,0,1,1
200600004595,6,1,3,645,2,1,2,6,4858100,-249900,3,2,0,0,0,3,0,63,0,0,3,0,0,0,1,0,1
200600004597,6,1,25,2030,3,1,9,5,4849400,-284400,3,2,0,0,0,2,0,62,7,0,3,0,1,0,1,3,1
200600004598,6,1,21,1715,1,1,1,3,4845000,-206000,2,2,3,3,2,2,0,0,1,5,1,0,2,0,1,0,1
200600004601,6,1,1,1300,1,1,8,6,4854500,-243300,3,2,2,0,2,0,0,0,2,0,1,3,1,0,2,0,1
200600004602,6,1,12,1600,1,1,1,2,4857000,-321300,2,3,4,0,1,1,0,0,1,0,1,0,1,0,1,1,1
200600004604,6,1,18,2000,5,1,1,6,4861000,-346000,3,2,0,0,1,1,0,70,2,0,1,0,0,0,1,0,1
200600004608,6,1,24,1545,1,7,1,6,4802800,-453700,3,1,2,0,1,1,0,65,1,0,1,0,1,0,1,0,1
200600004609,6,1,4,1430,1,1,1,6,4808800,-429500,3,2,2,0,1,1,0,70,1,5,4,0,1,0,1,0,1
200600004610,6,1,12,1100,1,9,1,7,4798300,-401000,3,1,1,0,4,2,0,71,1,3,1,0,0,0,1,0,1
200600004611,6,1,8,630,3,1,1,6,4780400,-425300,4,2,2,0,1,3,7,80,2,0,1,0,0,3,1,0,1
200600004612,6,1,4,1330,1,1,1,3,4851700,-441000,3,2,0,0,1,1,0,93,1,5,1,0,0,0,2,0,1
200600004613,6,1,11,1600,1,1,1,1,4850000,-442900,3,2,0,0,2,1,0,0,1,0,1,0,0,0,1,1,1
200600004616,6,1,22,1830,1,1,1,1,4830000,-416800,2,3,0,0,1,1,40,85,1,3,1,0,0,0,1,2,1
200600004633,6,1,13,1,1,1,1,1,4798100,-237800,3,2,3,3,4,1,7,129,1,5,1,0,1,2,0,0,1
200600004634,6,1,28,1045,1,1,4,7,4791700,-208500,3,2,2,0,1,3,0,65,5,0,1,0,0,0,1,0,1
200600004635,6,1,15,245,5,1,1,7,4792900,-268200,3,2,2,0,1,1,0,60,1,0,3,0,0,0,4,0,1
200600004636,6,1,4,1515,1,1,1,6,4805600,-295900,3,2,0,1,1,1,0,61,1,0,1,0,0,0,1,1,1
200600004637,6,1,12,1630,1,1,1,6,4806100,-296200,3,2,2,0,1,1,0,75,1,0,1,0,0,0,0,2,1
200600004638,6,1,26,800,3,1,9,7,4801600,-297000,3,2,2,0,2,3,0,74,1,0,3,0,0,0,1,0,1
200600004639,6,1,6,730,3,1,1,6,4794200,-277600,3,2,0,0,1,1,0,45,7,0,1,0,0,0,1,3,1
200600004640,6,1,27,1645,1,1,1,6,4787900,-301900,3,2,2,0,1,1,0,25,1,5,1,0,1,0,1,0,1
200600004647,6,1,24,1915,3,1,1,6,4929100,-74400,3,0,2,0,2,1,0,0,1,0,1,0,0,1,0,1,1
200600004649,6,1,25,1145,1,1,1,4,4891100,-47900,3,0,2,0,1,4,0,63,7,2,1,0,2,0,1,1,1
200600004651,6,1,13,730,5,1,1,1,4901500,-4100,3,2,0,0,1,1,32,60,1,5,1,0,1,0,3,0,1
200600004653,6,1,26,815,2,1,9,6,4931000,4400,3,2,2,0,0,0,42,0,7,0,3,0,0,0,1,0,1
200600004657,6,1,6,1415,1,1,1,3,4905000,-99200,3,2,0,0,1,1,0,103,1,5,1,0,0,0,1,3,1
200600004665,6,1,13,1930,5,1,1,1,4931200,-142300,3,2,1,0,1,0,0,65,1,5,1,0,0,0,1,1,1
200600004683,6,1,12,630,3,3,5,3,4707500,-139100,2,2,0,0,1,1,0,60,1,0,1,0,0,0,1,1,1
200600004689,6,1,23,1930,2,1,1,3,4698900,-144300,3,2,2,0,1,1,0,69,1,0,1,0,0,0,1,1,1
200600004695,6,1,24,730,5,6,1,5,4737900,-117900,4,1,1,0,1,3,110,80,1,5,1,3,2,1,0,0,1
200600004697,6,1,30,1400,1,1,1,1,4752900,-118000,9,0,0,0,1,1,0,79,1,0,1,3,1,0,1,0,1
200600004698,6,1,1,300,3,1,1,6,4723600,-140300,3,2,2,0,1,1,0,0,1,0,3,0,0,0,1,0,1
200600004701,6,1,6,1700,1,1,1,1,4751700,-175000,3,2,0,0,1,3,61,0,1,0,1,0,0,1,2,0,1
200600004702,6,1,11,1530,1,1,2,1,4756600,-199600,3,2,2,0,0,3,0,46,2,0,1,0,1,0,1,0,1
200600004703,6,1,1,145,3,1,1,6,4744100,-154400,3,2,2,0,1,4,0,60,2,0,3,0,1,0,1,0,1
200600004704,6,1,10,2145,3,1,1,1,4739500,-145500,3,2,2,0,1,3,0,60,1,0,1,0,0,1,0,2,1
200600004705,6,1,17,1515,1,1,1,7,4737200,-145500,3,2,2,0,1,3,0,70,1,0,3,0,0,0,1,0,1
200600004707,6,1,14,1145,1,1,1,2,4714900,-169200,3,2,0,0,1,1,0,60,1,0,1,0,1,0,1,0,1
200600004708,6,1,21,1545,1,9,1,3,4703300,-189400,3,2,2,0,1,1,0,62,1,0,1,0,1,0,1,0,1
200600004711,6,1,8,2115,3,1,1,7,4713300,-181700,3,2,2,0,0,2,0,60,0,0,3,0,0,0,1,0,1
200600004713,6,1,23,1500,3,1,1,2,4698700,-177900,3,2,2,0,1,1,0,60,1,0,1,0,1,0,1,0,1
200600004714,6,1,16,1915,3,1,1,1,4724700,-169200,3,2,0,0,1,1,0,61,1,0,1,0,0,1,0,1,1
200600004719,6,1,31,1415,1,1,1,3,4738700,-209400,3,0,2,0,1,1,0,41,1,0,1,0,0,0,2,0,1
200600004721,6,1,3,715,3,1,1,1,4740300,-51300,3,2,2,0,1,2,0,70,1,0,1,0,2,0,1,0,1
200600004722,6,1,4,1900,3,1,8,1,4721200,-65600,3,2,2,0,0,3,0,55,2,0,1,0,2,0,2,0,1
200600004723,6,1,26,1700,1,1,1,3,4737400,-55900,2,2,2,0,2,1,0,74,1,0,1,0,1,0,1,0,1
200600004725,6,1,13,1830,3,1,1,1,4716200,-75700,2,2,2,0,3,1,0,83,1,0,1,0,1,0,1,0,1
200600004726,6,1,22,330,5,1,1,1,4718900,-69400,3,2,0,0,1,1,0,61,1,5,1,0,3,0,1,1,1
200600004727,6,1,11,2200,3,1,1,7,4701000,-69000,3,2,1,0,0,2,0,50,2,0,0,0,0,0,1,0,1
200600004730,6,1,7,1215,1,1,1,6,4725700,-3100,4,2,2,0,0,1,0,0,1,0,1,0,1,0,0,1,1
200600004731,6,1,31,800,2,1,1,2,4738300,-9500,4,2,2,0,1,1,0,0,1,5,1,0,1,0,1,0,1
200600004732,6,1,1,1215,1,1,1,1,4761700,-103400,3,0,2,0,1,1,0,62,2,0,1,0,0,0,2,3,1
200600004734,6,1,15,1245,1,1,1,1,4756000,-104100,3,2,0,0,1,1,0,70,1,5,0,0,1,0,0,1,1
200600004735,6,1,14,115,4,1,1,1,4747000,-89300,3,2,2,0,2,1,0,72,1,0,1,0,0,0,3,0,1
200600004736,6,1,24,1815,3,1,1,6,4749900,-76800,3,2,2,0,0,1,0,60,1,0,1,0,0,0,1,0,1
200600004737,6,1,12,1530,1,1,1,6,4760200,-61100,3,2,2,0,0,2,0,53,2,0,0,0,0,1,0,0,1
200600004738,6,1,23,1650,1,1,1,1,4809900,-35500,3,2,2,0,2,1,0,74,1,0,1,0,3,0,1,0,1
200600004739,6,1,19,730,2,1,8,5,4835800,-48200,2,3,2,0,4,1,41,74,2,5,1,0,2,0,2,0,1
200600004740,6,1,7,1440,1,1,1,3,4843100,-11000,3,2,2,0,0,4,0,55,1,0,1,0,2,0,1,0,1
200600004741,6,1,14,2215,3,1,1,6,4845700,-21500,3,2,2,0,1,3,0,60,1,0,3,0,1,1,2,0,1
200600004742,6,1,9,1345,1,1,1,5,4798700,25800,4,2,0,0,0,2,0,60,1,0,0,0,2,0,1,0,1
200600004744,6,1,31,1715,1,1,1,6,4795400,18000,9,2,1,0,1,1,0,60,1,0,1,0,0,0,1,0,1
200600004746,6,1,31,1700,1,1,1,6,4783500,74800,4,2,2,0,0,1,0,80,1,0,1,3,1,0,1,0,1
200600004747,6,1,1,1800,2,1,2,1,4800600,40700,2,2,2,0,1,1,0,0,2,0,1,0,0,0,1,5,1