Num_Acc,an,mois,jour,hrmn,lum,int,atm,col,lat,long,catr,circ,nbv,vosp,prof,plan,lartpc,larrout,surf,infra,situ,env1,unscathed,killed,hospital,light,chance
200600004748,6,1,7,1330,1,2,1,3,4789800,3200,3,2,2,0,1,1,10,84,1,5,1,0,1,0,0,1,1
200600004750,6,1,18,930,1,1,1,1,4789500,9600,3,2,2,0,1,3,0,49,2,0,1,0,1,1,0,0,1
200600004756,6,1,24,900,1,1,1,6,4817700,62800,3,2,2,0,1,1,0,60,1,0,3,0,0,1,0,0,1
200600004757,6,1,13,930,1,1,1,1,4652600,-120800,3,2,2,0,1,1,0,75,1,0,1,0,1,0,1,1,1
200600004759,6,1,31,1430,1,1,1,7,4698300,-130600,3,2,2,0,1,1,0,60,1,0,1,0,1,0,1,0,1
200600004763,6,1,25,1500,1,1,1,6,4646100,-117000,3,0,1,0,0,0,0,0,1,5,1,0,1,0,1,0,1
200600004766,6,1,31,1745,2,1,1,1,4666600,-74700,4,2,2,0,2,2,0,51,1,0,1,0,1,0,1,0,1
200600004767,6,1,11,1845,5,1,2,6,4684000,-187500,3,2,3,0,0,0,0,112,2,0,1,0,0,0,1,0,1
200600004770,6,1,15,215,3,1,5,6,4678500,-191800,3,2,0,0,1,1,0,60,2,0,1,0,2,1,0,0,1
200600004771,6,1,30,2345,3,1,5,7,4455000,-61000,3,2,2,0,0,3,0,0,0,0,0,0,0,1,0,0,1
200600004777,6,1,19,1930,5,1,2,6,4504600,-55900,3,2,2,0,1,1,0,75,2,0,1,0,1,0,1,0,1
200600004778,6,1,17,1815,3,4,3,3,4520800,-58400,2,2,2,0,1,1,0,75,2,5,1,0,1,0,0,1,1
200600004779,6,1,17,630,3,1,1,6,4499000,-52000,4,2,2,0,2,2,0,30,1,0,3,0,0,1,0,0,1
200600004785,6,1,15,1730,1,2,1,3,4477900,-26800,3,2,2,0,1,1,0,45,1,0,1,0,2,0,0,2,1
200600004791,6,1,27,1630,1,1,1,6,4455900,-25000,3,1,2,0,1,1,0,80,1,0,1,0,1,0,1,0,1
200600004796,6,1,8,1845,3,1,3,3,4482200,-25200,3,2,0,0,1,1,0,110,2,5,1,0,2,0,0,2,1
200600004798,6,1,26,2000,5,2,1,3,4497200,-22000,3,2,2,0,1,1,0,80,1,0,0,0,2,0,1,0,1
200600004801,6,1,6,830,2,2,1,3,4495400,-19600,2,2,2,0,0,1,0,0,1,0,1,0,0,0,1,1,1
200600004802,6,1,7,100,3,1,1,1,4496300,-18000,2,2,2,0,1,1,0,78,1,0,1,0,1,1,3,0,1
200600004803,6,1,15,1800,2,3,1,1,4495500,-10100,4,2,0,0,0,1,0,48,1,0,1,0,1,0,1,1,1
200600004805,6,1,1,930,1,1,2,3,4519900,56300,4,2,2,0,1,3,0,46,2,0,1,0,4,0,1,1,1
200600004806,6,1,6,1845,5,1,2,2,4534100,105500,3,2,2,0,1,1,0,86,2,5,1,0,1,0,1,0,1
200600004808,6,1,4,1645,3,1,1,3,4478600,78900,3,2,2,0,1,3,0,0,1,0,1,0,1,0,0,1,1
200600004815,6,1,10,2000,3,1,5,3,4497000,16400,3,2,2,0,1,2,0,64,2,0,1,0,2,0,1,0,1
200600004816,6,1,30,1330,1,1,1,6,4512100,8000,3,2,2,0,1,1,0,39,1,0,3,0,0,1,0,0,1
200600004817,6,1,13,745,2,9,5,1,4488000,121000,3,2,2,0,0,1,0,95,1,0,1,0,1,0,1,0,1
200600004821,6,1,23,500,3,1,9,6,4513200,132100,3,2,2,0,1,1,0,75,1,0,3,0,0,0,1,0,1
200600004824,6,1,7,2015,3,1,1,5,4371600,-101900,3,2,2,0,1,1,0,70,1,0,1,0,2,0,1,0,1
200600004826,6,1,8,445,3,1,1,1,4394800,-130400,3,2,2,0,1,3,0,62,1,0,1,0,0,0,1,1,1
200600004829,6,1,28,1830,3,1,1,3,4355900,-131400,2,2,0,0,1,1,0,80,1,0,3,0,0,0,1,1,1
200600004833,6,1,20,2330,3,1,5,6,4434800,-61000,3,2,2,0,0,2,0,60,1,0,3,0,0,0,1,0,1
200600004839,6,1,26,1805,2,1,1,3,4422300,53800,2,2,1,0,1,1,0,95,1,0,1,0,2,1,0,0,1
200600004840,6,1,2,1000,1,1,1,7,4430600,70000,2,0,0,0,2,1,0,130,1,0,0,0,0,0,1,0,1
200600004841,6,1,16,1530,1,1,1,7,4426000,72700,3,2,2,0,1,1,0,54,1,0,1,0,1,0,0,1,1
200600004842,6,1,27,1145,1,1,1,7,4415700,81600,3,2,2,0,2,1,0,44,1,0,1,0,2,0,1,0,1
200600004843,6,1,5,1815,3,1,1,6,4446300,22500,2,2,2,0,1,1,0,70,1,0,1,0,1,0,1,0,1
200600004845,6,1,21,1100,1,1,2,7,4449800,24600,3,2,2,0,0,4,0,60,2,0,3,0,2,0,1,2,1
200600004848,6,1,29,245,1,1,4,6,4461700,35800,3,2,2,0,1,1,0,65,5,0,3,0,0,0,1,0,1
200600004852,6,1,24,900,1,1,1,6,4437300,32900,3,2,0,0,2,2,0,50,1,0,0,0,0,0,1,0,1
200600004854,6,1,1,330,3,1,5,7,4443800,66400,4,2,2,0,1,3,0,45,2,0,1,0,0,0,1,0,1
200600004857,6,1,8,1145,1,1,8,6,4454000,52000,3,2,0,0,0,1,0,67,2,0,3,0,0,1,0,0,1
200600004860,6,1,30,2215,3,1,1,6,4338600,-133000,3,2,2,0,1,4,0,70,8,0,3,0,0,0,1,0,1
200600004861,6,1,11,1500,1,1,1,3,4336000,-155000,3,2,2,0,1,1,0,61,1,0,1,3,2,0,1,0,1
200600004863,6,1,13,1900,5,1,1,1,4340000,-145000,3,2,2,0,1,0,0,0,1,0,1,3,1,0,1,0,1
200600004864,6,1,19,1030,1,1,2,7,4319500,-125400,3,2,2,0,1,3,0,85,2,0,1,0,0,0,1,0,1
200600004867,6,1,9,645,3,1,2,1,4656500,52800,2,2,2,0,1,1,0,73,2,0,1,0,1,0,1,0,1
200600004869,6,1,5,1615,1,1,1,1,4643900,12000,9,0,0,0,1,1,0,64,1,0,1,0,1,0,1,0,1
200600004870,6,1,18,315,3,1,1,6,4637300,20800,2,3,2,0,1,3,45,75,1,3,1,0,2,1,0,0,1
200600004872,6,1,12,1700,1,2,1,3,4664000,22400,2,2,2,0,0,1,0,71,1,0,1,0,2,2,0,1,1
200600004875,6,1,12,830,2,1,5,7,4687500,48200,3,2,0,0,2,1,0,65,1,0,1,0,0,0,1,0,1
200600004877,6,1,23,1230,1,9,1,1,4642600,86400,9,2,2,0,1,1,0,68,1,0,1,0,2,0,1,0,1
200600004878,6,1,17,1800,5,1,2,6,4657300,64900,2,2,2,0,1,1,0,71,2,0,1,0,1,0,1,0,1
200600004880,6,1,4,2250,3,1,1,7,4542700,18900,3,0,0,0,0,3,0,0,0,0,1,0,0,0,1,0,1
200600004892,6,1,14,620,3,1,1,6,4619300,-107300,2,3,2,0,1,1,20,72,1,3,3,0,1,0,1,0,1
200600004896,6,1,27,1000,3,1,1,7,4549000,-44400,3,2,2,0,1,3,0,65,1,0,3,0,1,0,3,0,1
200600004898,6,1,29,530,3,1,4,6,4600000,-133200,9,0,0,0,0,2,0,0,2,0,5,0,1,0,1,0,1
200600004899,6,1,14,430,3,1,1,6,4601300,-77700,4,2,2,0,4,1,0,35,6,0,3,0,0,1,1,0,1
200600004900,6,1,22,300,5,1,1,6,4606000,-94900,3,2,0,0,1,2,0,0,1,0,1,0,3,0,2,0,1
200600004901,6,1,28,1745,2,1,4,7,4610700,-71300,3,2,1,0,0,2,0,59,7,0,0,0,1,0,2,0,1
200600004903,6,1,21,100,3,1,1,6,4571500,-49100,2,2,2,0,3,2,0,103,1,0,3,0,0,0,2,0,1
200600004905,6,1,29,2015,3,1,1,7,4571200,-79300,3,2,0,0,1,1,0,31,1,0,1,0,0,0,1,0,1
200600004909,6,1,26,745,2,1,8,7,4598000,-33800,3,2,0,0,1,1,0,58,1,0,3,0,0,0,1,0,1
200600004911,6,1,14,1645,1,1,1,3,4632700,-58500,9,2,2,0,1,1,0,45,1,0,1,0,2,0,1,0,1
200600004912,6,1,29,1645,1,1,1,6,4626000,-71000,3,2,2,0,1,3,120,120,1,0,1,0,0,1,0,0,1
200600004913,6,1,28,1800,3,1,4,1,4626000,-48000,3,2,2,0,0,3,0,55,7,0,3,0,1,0,0,2,1
200600004917,6,1,18,1230,1,1,2,6,4684400,-48900,9,2,2,0,1,1,0,70,2,0,1,0,1,0,1,0,1
200600004919,6,1,9,1630,1,1,8,7,4622900,-13000,3,2,2,3,1,2,0,105,2,0,1,0,0,0,1,0,1
200600004924,6,1,22,1215,1,1,1,1,4577100,117800,3,2,2,0,2,2,0,52,0,0,1,0,1,0,1,0,1
200600004928,6,1,25,1000,1,1,1,6,4622200,116500,4,2,2,0,0,1,0,60,1,0,0,0,1,0,1,0,1
200600004929,6,1,11,1715,2,1,9,7,4540200,196100,3,2,2,0,2,2,0,80,7,0,3,0,0,0,1,0,1
200600004930,6,1,12,800,1,1,9,6,4537800,194300,3,2,2,0,2,2,53,0,7,2,1,0,0,0,1,0,1
200600004931,6,1,11,1545,1,1,9,6,4541800,183000,3,2,2,0,4,3,0,60,7,2,3,0,0,0,2,0,1
200600004932,6,1,6,1515,1,1,1,6,4510900,138600,3,2,0,0,2,1,0,62,1,0,3,0,0,1,0,0,1
200600004934,6,1,30,1930,3,1,9,4,4513400,167300,3,2,2,0,2,1,0,71,2,0,1,0,1,2,0,0,1
200600004937,6,1,20,100,3,1,5,6,4525300,139900,3,2,2,0,1,1,0,66,1,0,1,0,0,0,1,0,1
200600004938,6,1,6,1815,3,1,2,6,4615900,190300,3,2,2,0,0,1,0,68,2,0,0,0,0,1,0,0,1
200600004941,6,1,6,1630,1,1,1,7,4609500,218500,3,2,2,0,1,1,0,62,1,0,1,0,0,1,0,0,1
200600004942,6,1,3,1800,3,1,1,2,4619600,229600,3,2,2,0,1,1,0,56,1,0,1,0,1,0,1,0,1
200600004946,6,1,5,1,5,1,5,7,4367900,120700,2,2,2,1,1,1,0,61,1,0,1,0,0,1,0,0,1
200600004948,6,1,13,1815,5,1,1,3,4357000,128900,3,0,2,0,0,1,0,0,1,0,1,0,1,0,2,0,1
200600004949,6,1,17,1900,5,2,1,5,4357400,128800,3,2,0,0,0,1,0,0,1,0,1,0,3,0,1,0,1
200600004950,6,1,19,700,3,1,2,3,4363400,123900,3,2,2,0,4,1,0,60,2,0,1,0,1,0,1,0,1
200600004951,6,1,12,1615,1,1,7,6,4355400,147200,3,2,2,0,1,1,0,70,1,0,1,0,2,0,1,0,1
200600004952,6,1,10,630,5,1,8,1,4370000,137000,3,2,2,0,0,3,0,54,2,0,0,0,1,1,0,0,1
200600004955,6,1,25,1715,1,1,1,3,4342900,144400,3,2,2,0,2,1,0,70,1,0,1,0,1,0,1,0,1
200600004956,6,1,10,1000,1,6,1,6,4320300,100900,2,1,1,0,0,2,0,0,1,0,1,0,1,0,1,0,1
200600004959,6,1,8,1915,3,1,1,1,4311200,62500,2,2,2,0,0,0,0,90,1,0,1,0,1,0,1,0,1
200600004960,6,1,17,1930,5,1,2,3,4303700,67000,3,2,2,0,1,1,0,37,2,0,1,0,1,0,0,2,1
200600004961,6,1,6,2030,3,1,1,7,4292700,68600,2,2,2,0,0,1,0,0,1,0,3,0,0,0,0,2,1
200600004965,6,1,12,1300,1,1,1,7,4355800,167700,3,2,2,0,1,1,0,60,1,0,1,0,0,0,1,0,1
200600004966,6,1,29,1845,3,1,2,1,4353900,176500,3,2,2,0,1,1,0,0,2,0,1,0,1,0,1,0,1
200600004969,6,1,2,1545,1,9,2,3,4288500,189000,3,2,2,0,1,3,0,50,2,0,1,3,1,0,1,0,1
200600004973,6,1,11,1815,5,1,1,3,4300400,113400,3,2,2,0,2,1,0,85,1,5,1,0,1,0,1,0,1
200600004974,6,1,6,1745,5,1,1,7,4307900,119300,3,2,0,0,0,1,0,47,1,0,3,0,0,0,1,0,1
200600004977,6,1,18,1400,1,1,8,5,4396000,289300,3,2,2,0,1,1,0,69,1,0,1,0,2,0,1,0,1
200600004982,6,1,21,620,3,1,5,7,4391200,34000,3,2,0,0,2,2,0,62,2,0,3,0,0,0,1,0,1
200600004984,6,1,7,545,3,1,1,6,4373100,-500,3,2,2,0,1,3,0,55,1,0,3,0,0,0,1,0,1
200600004985,6,1,7,1900,3,1,1,6,4386900,-8100,3,2,0,0,2,2,0,60,1,0,3,0,0,0,1,0,1
200600004989,6,1,21,2045,5,1,1,6,4385500,66600,2,2,2,0,1,1,0,80,2,0,1,0,3,1,0,0,1
200600004992,6,1,24,545,3,1,9,7,4355700,13600,3,2,2,0,1,1,0,60,0,0,1,0,0,0,0,1,1
200600004993,6,1,25,745,1,1,9,7,4434100,163500,3,2,2,0,0,3,0,65,7,0,3,0,0,0,1,0,1
200600004994,6,1,11,1945,3,1,1,6,4449600,112000,3,2,2,0,1,1,0,50,1,0,1,0,2,0,1,0,1
200600004995,6,1,10,1900,3,8,5,6,4492700,182100,4,2,2,0,0,1,0,50,2,4,1,0,1,1,0,0,1
200600005002,6,1,31,1200,1,1,1,1,4360500,-1900,3,2,2,0,1,1,0,54,1,0,1,0,1,0,1,0,1
200600005003,6,1,24,1115,1,1,1,6,4308300,38300,3,2,0,0,1,1,0,70,1,0,1,0,1,1,0,0,1
200600005005,6,1,23,2140,3,1,1,6,4365000,200700,3,2,0,0,1,1,0,68,1,0,3,0,0,1,0,0,1
200600005007,6,1,11,1630,1,1,8,6,4363100,238300,3,2,0,0,0,2,0,0,2,0,0,0,0,0,1,0,1
200600005014,6,1,21,2315,3,1,1,1,4352800,229400,2,2,2,0,2,1,0,67,1,0,1,0,1,0,2,0,1
200600005015,6,1,12,745,2,1,1,7,4404000,156200,3,3,2,0,1,1,0,57,1,0,1,0,0,0,1,0,1
200600005016,6,1,27,1500,1,1,1,1,4388200,129800,2,2,2,0,1,3,0,72,1,0,1,0,2,0,1,0,1
200600005017,6,1,30,1415,1,1,1,6,4394000,146000,3,2,1,0,1,1,0,77,2,0,3,0,0,1,0,0,1
200600005022,6,1,6,1245,1,1,1,6,4584600,472200,3,2,0,0,2,1,0,56,2,0,3,0,0,1,0,0,1
200600005028,6,1,18,1545,1,1,8,3,4571900,515600,3,2,2,0,1,1,0,60,1,0,1,0,1,0,4,0,1
200600005029,6,1,26,1500,1,1,1,3,4572100,502400,3,2,1,0,1,1,0,0,1,5,1,0,1,0,2,0,1
200600005042,6,1,15,1000,1,1,1,6,4615900,476600,3,2,0,0,1,1,0,70,1,0,1,3,1,0,0,1,1
200600005043,6,1,17,1030,1,1,1,6,4611500,473600,3,0,2,0,1,1,0,70,1,5,1,0,1,0,1,0,1
200600005044,6,1,18,745,2,1,1,6,4611400,474300,3,2,2,0,1,1,8,90,1,5,1,3,1,0,0,2,1
200600005045,6,1,22,200,3,1,1,5,4612200,465200,3,2,2,0,1,1,0,67,1,0,1,0,2,1,1,1,1
200600005046,6,1,26,1915,5,1,1,6,4606600,471900,3,2,0,0,1,1,0,0,1,6,1,3,1,0,0,1,1
200600005051,6,1,19,1945,3,1,2,3,4641000,492000,3,2,0,0,1,1,0,60,2,5,1,0,0,0,1,2,1
200600005052,6,1,12,510,3,1,9,3,4630800,485200,2,2,2,0,3,1,0,74,7,2,1,0,1,0,1,0,1
200600005065,6,1,11,2015,3,1,1,1,4623100,555700,3,2,2,0,2,1,0,62,1,0,1,0,0,0,2,0,1
200600005066,6,1,23,1500,1,1,7,2,4618200,556200,3,2,2,0,1,1,0,70,1,0,1,0,1,0,1,0,1
200600005068,6,1,12,1845,5,1,1,3,4630400,607100,2,3,2,0,1,1,0,120,1,0,1,0,1,0,1,0,1
200600005070,6,1,10,1900,5,1,1,1,4616800,590300,4,2,0,0,2,0,0,40,1,0,1,0,1,0,1,0,1
200600005072,6,1,27,900,1,1,9,6,4610200,588100,2,2,2,0,1,2,0,0,9,0,3,0,0,0,1,0,1
200600005074,6,1,1,400,3,1,5,6,4608300,510200,2,2,0,0,1,1,0,88,2,0,3,0,0,0,0,1,1
200600005079,6,1,11,700,3,1,5,3,4619100,482400,3,2,2,0,0,1,28,62,7,0,0,0,1,1,0,0,1
200600005081,6,1,21,1645,1,1,1,1,4615000,487500,3,2,0,0,1,3,0,58,1,0,1,0,1,0,1,0,1
200600005082,6,1,25,2100,3,1,1,6,4428800,461600,2,2,2,0,1,2,0,73,1,0,3,0,0,0,1,0,1
200600005085,6,1,1,900,1,1,8,3,4472200,473400,3,3,0,0,0,0,0,69,2,5,0,0,2,0,0,4,1
200600005086,6,1,4,2130,3,1,1,6,4476000,472000,2,2,2,0,1,3,0,72,1,0,1,0,0,0,1,0,1
200600005089,6,1,30,730,2,1,5,7,4503600,470700,3,2,2,0,2,3,0,60,7,0,3,0,9,0,0,1,1
200600005094,6,1,19,830,1,1,1,2,4476600,487600,3,2,0,0,1,1,0,60,1,0,1,0,2,0,0,1,1
200600005095,6,1,19,1630,1,1,1,2,4489300,492000,3,2,2,0,2,1,0,62,1,0,1,0,1,1,1,0,1
200600005102,6,1,5,1700,1,9,1,4,4526700,590300,3,2,0,0,1,1,70,0,1,0,1,0,2,0,1,0,1
200600005104,6,1,17,1330,1,1,8,6,4505800,567500,4,2,2,0,0,2,0,0,2,0,1,0,0,0,0,1,1
200600005109,6,1,13,1045,3,1,1,1,4535400,594600,2,2,2,0,1,1,0,70,1,0,1,0,0,0,2,0,1
200600005113,6,1,21,1230,1,1,1,1,4534600,597700,3,2,2,0,1,1,0,69,1,0,1,0,0,0,0,2,1
200600005114,6,1,24,2300,5,1,1,7,4530700,595300,3,2,2,0,1,1,18,69,1,0,1,0,0,0,1,0,1
200600005119,6,1,17,1000,1,1,1,1,4532800,508200,3,2,2,1,1,1,0,71,1,0,1,0,1,2,0,0,1
200600005120,6,1,15,1130,1,1,1,6,4531000,549200,2,2,0,0,1,2,0,90,1,0,3,0,0,1,0,0,1
200600005121,6,1,22,700,3,1,5,6,4567200,533300,3,2,0,0,1,2,0,0,7,0,1,0,0,1,0,0,1
200600005123,6,1,4,500,5,1,9,6,4579700,540800,4,2,2,0,2,2,0,45,7,0,4,0,0,0,1,0,1
200600005124,6,1,13,1015,1,1,1,6,4572900,539900,3,2,0,0,0,3,0,45,1,0,1,0,0,0,0,1,1
200600005125,6,1,16,1830,5,1,9,6,4573100,540900,2,2,2,0,0,2,10,70,7,0,1,0,0,0,0,1,1
200600005126,6,1,21,2300,3,1,1,6,4583200,539300,3,2,1,0,0,4,0,50,1,0,1,0,1,0,0,2,1
200600005137,6,1,17,1645,2,1,2,6,4538300,479700,6,0,0,0,1,0,0,0,2,0,0,0,1,0,1,0,1
200600005138,6,1,24,1600,1,1,1,7,4537400,481200,9,1,2,0,1,0,0,0,1,0,1,0,0,1,0,0,1
200600005140,6,1,5,1400,1,1,1,3,4535600,442500,3,2,2,0,1,1,0,61,2,0,1,0,1,0,1,0,1
200600005141,6,1,30,1100,1,1,5,5,4556700,414200,3,0,2,0,1,1,0,71,2,0,1,0,3,0,2,0,1
200600005142,6,1,30,1115,1,1,5,6,4556700,414100,3,2,2,0,1,1,0,106,2,0,3,0,0,0,2,0,1
200600005145,6,1,11,1900,5,1,1,6,4571700,432200,4,2,2,0,1,1,0,40,7,0,1,0,0,0,1,0,1
200600005147,6,1,19,1315,1,1,1,6,4568300,430100,3,2,2,0,1,2,0,65,1,0,3,0,0,0,1,0,1
200600005148,6,1,27,2345,3,1,4,1,4570300,422900,2,2,2,0,1,1,0,80,5,0,1,0,0,0,3,0,1
200600005151,6,1,15,1345,1,1,1,7,4545700,475400,2,2,2,0,1,1,0,91,1,0,0,0,0,0,2,0,1
200600005153,6,1,21,1800,5,1,1,1,4600900,409800,3,2,3,0,1,3,0,108,1,0,1,0,1,0,1,0,1
200600005158,6,1,30,830,1,1,9,6,4609900,391700,3,2,2,0,1,1,0,58,2,0,3,0,0,0,1,0,1
200600005163,6,1,23,1045,1,1,1,2,4560300,629600,3,2,0,0,1,1,0,64,1,0,1,0,1,1,0,0,1
200600005170,6,1,5,1800,2,1,2,4,4589800,678700,4,2,2,0,1,1,0,70,2,0,1,0,2,0,0,1,1
200600005171,6,1,16,2030,5,1,4,5,4606800,652600,4,2,2,1,2,1,0,0,5,0,1,0,0,0,1,2,1
200600005172,6,1,31,1145,1,1,1,1,4607300,656500,4,2,3,0,1,1,0,0,1,0,1,0,0,0,0,1,1
200600005173,6,1,31,1215,1,1,1,3,4606500,657400,9,1,1,0,1,1,0,58,1,0,1,0,1,0,1,0,1
200600005183,6,1,9,1815,1,1,1,5,4617900,631000,3,3,4,0,0,1,10,140,1,3,1,0,3,0,2,0,1
200600005184,6,1,30,2030,3,1,1,5,4624900,632600,2,2,2,0,1,1,0,113,1,0,1,0,1,0,2,0,1
200600005186,6,1,19,1200,1,1,1,1,4633900,647900,3,2,2,0,1,1,0,70,1,0,1,0,1,0,1,0,1
200600005187,6,1,19,545,3,1,1,1,4621200,641300,3,2,2,0,2,3,0,61,7,0,1,0,0,0,1,2,1
200600005188,6,1,27,800,1,1,1,1,4621200,640500,3,2,2,0,1,0,0,90,1,0,1,3,1,0,1,0,1
200600005190,6,1,21,1600,1,1,1,7,4566700,257100,3,2,2,0,2,1,56,0,2,0,1,0,0,0,0,1,1
200600005191,6,1,28,1200,1,1,2,7,4565100,271100,3,2,2,0,2,2,0,50,2,0,3,0,0,0,0,1,1
200600005192,6,1,25,1545,1,2,1,3,4577700,301100,3,2,2,0,1,1,0,90,1,5,1,0,1,0,1,0,1
200600005194,6,1,5,745,2,3,1,5,4569300,320100,3,2,0,0,0,1,0,73,1,0,1,0,4,0,0,1,1
200600005195,6,1,14,100,3,1,9,7,4572700,327700,3,2,2,0,1,2,0,85,7,0,1,0,1,0,1,0,1
200600005196,6,1,24,730,2,2,9,1,4569000,319000,4,2,2,0,1,1,0,0,9,0,0,3,1,0,1,0,1
200600005200,6,1,9,1525,1,1,1,3,4589000,322000,3,2,2,0,1,1,0,75,1,0,1,0,1,0,0,1,1
200600005202,6,1,6,1800,5,1,1,6,4606100,301700,2,2,2,0,1,1,0,75,1,0,1,0,1,0,1,0,1
200600005204,6,1,20,2115,3,1,1,6,4581900,339600,3,2,1,0,1,1,0,63,2,0,3,0,0,0,1,0,1
200600005205,6,1,5,1700,2,1,4,6,4591500,351700,3,2,2,0,1,1,0,60,5,0,3,0,0,0,1,0,1
200600005210,6,1,7,300,3,1,2,3,4632700,250100,2,2,0,0,2,1,79,0,2,0,1,0,1,0,0,1,1
200600005213,6,1,22,2030,3,1,1,7,4627000,263000,3,2,0,0,0,1,0,0,1,0,1,0,0,0,1,0,1
200600005214,6,1,19,900,1,1,5,5,4633700,297700,2,2,1,0,0,1,0,75,2,2,1,0,4,0,1,1,1
200600005215,6,1,19,1000,1,1,5,2,4637000,302400,2,3,4,0,2,1,22,72,2,0,1,0,1,0,1,0,1
200600005216,6,1,24,200,3,1,1,6,4633100,293100,3,2,2,0,0,1,0,148,9,0,1,0,0,1,0,0,1
200600005217,6,1,18,1215,1,1,2,6,4609200,338500,3,2,2,0,1,3,0,0,2,0,3,0,0,0,1,0,1
200600005218,6,1,21,100,3,1,2,6,4608600,338400,3,2,2,0,1,2,0,73,2,0,3,0,0,0,1,0,1
200600005219,6,1,3,2115,3,1,1,7,4622700,343400,2,2,1,0,3,2,0,77,2,0,3,0,0,2,0,0,1
200600005223,6,1,1,245,3,1,9,1,4490300,385200,2,2,2,0,1,1,0,77,7,0,1,0,2,0,2,0,1
200600005224,6,1,14,1200,1,7,8,6,4484800,383200,6,0,0,0,2,0,0,500,2,6,1,0,1,0,1,0,1
200600005225,6,1,8,1600,1,1,1,6,4503000,402100,3,2,2,0,1,4,0,76,1,0,1,0,1,1,0,0,1
200600005234,6,1,9,2030,5,1,1,3,4920800,609900,3,2,2,0,1,1,0,72,1,0,1,0,1,0,0,1,1
200600005238,6,1,14,1830,3,1,1,6,4889600,636600,3,2,2,0,3,3,8,105,1,0,1,0,3,0,1,0,1
200600005239,6,1,14,2215,3,1,1,6,4884400,655500,3,2,2,0,0,1,0,63,1,0,3,0,1,0,1,1,1
200600005240,6,1,26,815,2,1,4,6,4878100,646700,2,2,2,0,2,2,0,75,5,0,3,0,0,0,0,2,1
200600005241,6,1,5,1400,3,1,9,6,4912900,689500,3,2,2,0,1,1,0,68,9,0,4,0,1,0,1,0,1
200600005242,6,1,21,1200,1,1,1,2,4884900,684900,3,2,0,0,3,1,0,62,1,0,1,0,1,0,1,0,1
200600005249,6,1,10,2145,3,1,4,7,4898400,724100,3,2,2,0,1,1,0,0,5,0,1,0,0,1,2,0,1
200600005255,6,1,3,1555,1,1,9,3,4869900,608800,3,2,2,0,4,1,0,100,7,0,1,0,1,0,0,1,1
200600005260,6,1,3,1600,1,1,1,1,4853000,617000,3,2,2,0,4,3,0,70,1,0,1,0,1,0,1,0,1
200600005262,6,1,8,1430,1,1,1,6,4850500,608500,4,2,0,0,2,1,0,37,1,0,1,0,0,0,1,0,1
200600005269,6,1,1,430,3,1,2,6,4861100,589200,3,2,0,0,1,1,0,78,2,0,3,0,0,0,1,1,1
200600005272,6,1,23,1345,1,1,1,1,4893800,552800,3,2,2,0,0,1,0,60,1,0,1,0,2,0,0,1,1
200600005273,6,1,3,745,2,1,5,6,4946700,539300,3,2,2,0,1,1,0,70,2,0,3,0,0,0,1,0,1
200600005282,6,1,4,1445,1,4,1,1,4809000,603600,3,2,2,0,1,3,0,40,1,5,1,0,1,0,1,0,1
200600005283,6,1,11,800,1,1,8,6,4825400,642000,9,2,2,0,4,1,0,68,1,0,1,0,1,0,0,1,1
200600005284,6,1,24,1500,1,1,1,6,4824200,641600,2,3,4,0,1,1,10,196,1,0,3,0,0,0,2,0,1
200600005286,6,1,30,1618,1,1,1,6,4831200,578000,3,2,2,0,2,1,0,54,1,0,1,0,2,0,1,0,1
200600005287,6,1,14,1015,1,1,1,3,4808900,675100,4,1,1,0,1,1,0,64,7,0,1,0,1,0,1,0,1
200600005288,6,1,16,730,4,1,1,6,4801200,688300,3,2,2,0,1,1,0,75,7,0,1,0,1,0,1,0,1
200600005289,6,1,14,800,1,1,1,1,4791700,668400,2,2,0,0,2,1,0,71,7,0,1,0,0,0,2,0,1
200600005292,6,1,22,1300,1,1,1,3,4838000,690000,3,2,2,0,1,1,0,90,1,0,1,0,1,0,1,0,1
200600005293,6,1,6,815,1,1,1,6,4837400,759500,9,1,1,0,1,1,0,61,1,0,1,0,1,0,1,1,1
200600005294,6,1,20,1630,1,1,1,3,4849400,769500,3,2,2,0,1,1,0,0,1,0,1,0,1,0,1,0,1
200600005295,6,1,6,1845,5,9,1,6,4884200,768200,4,2,1,0,1,1,0,0,1,0,1,0,1,0,1,0,1
200600005297,6,1,3,1530,1,1,1,1,4852900,749600,6,0,0,0,0,1,0,0,1,0,1,0,0,0,1,0,1
200600005298,6,1,9,1020,1,3,8,3,4857500,756800,3,2,2,0,1,1,0,182,2,5,3,0,0,0,2,0,1
200600005299,6,1,20,1845,3,1,1,1,4857400,749200,3,2,2,0,2,2,0,60,2,0,1,0,1,0,0,1,1
200600005300,6,1,16,815,2,1,1,6,4849000,746000,3,2,2,0,2,1,0,64,1,0,3,0,0,2,0,0,1
200600005302,6,1,10,1330,1,1,1,7,4842100,714000,3,3,2,0,1,0,0,0,1,0,1,0,0,0,1,0,1
200600005303,6,1,5,1930,3,1,4,6,4859600,748300,3,2,0,0,1,1,0,0,7,0,1,0,2,0,1,0,1
200600005307,6,1,3,1345,1,1,1,6,4894000,708000,2,2,0,0,1,1,0,0,1,0,1,0,1,0,0,1,1