Num_Acc,an,mois,jour,hrmn,lum,int,atm,col,lat,long,catr,circ,nbv,vosp,prof,plan,lartpc,larrout,surf,infra,situ,env1,unscathed,killed,hospital,light,chance
200600005308,6,1,17,1500,1,1,8,7,4892000,732000,3,2,2,0,0,2,0,60,7,0,1,0,0,0,0,3,1
200600005310,6,1,28,1930,3,1,1,6,4897800,703300,2,2,0,0,1,1,72,0,2,0,3,0,0,0,0,3,1
200600005311,6,1,11,1830,5,1,1,6,4873300,771100,2,2,2,0,1,2,0,60,1,0,1,0,1,0,1,0,1
200600005314,6,1,7,1315,1,1,8,1,4861600,755300,2,2,3,3,1,1,0,72,1,0,1,0,1,0,0,1,1
200600005315,6,1,23,1630,1,1,1,1,4866000,765900,3,2,2,0,1,1,0,99,1,0,1,0,0,1,0,1,1
200600005316,6,1,13,1830,5,1,1,2,4858700,768700,3,2,3,0,1,1,0,90,1,0,1,0,2,0,1,0,1
200600005317,6,1,27,1315,1,1,1,4,4860800,763400,2,0,0,3,0,0,0,0,0,0,0,0,2,0,1,0,1
200600005318,6,1,14,930,1,1,5,6,4827500,764400,3,2,2,0,1,1,0,65,7,0,3,0,0,0,1,0,1
200600005319,6,1,13,1745,5,1,1,2,4894300,788200,3,2,1,0,1,1,0,50,1,0,1,0,1,0,0,1,1
200600005320,6,1,14,2230,3,1,1,6,4890100,774600,3,2,2,0,1,1,60,60,1,0,1,0,1,0,1,0,1
200600005322,6,1,17,1015,1,1,5,1,4816100,721000,3,2,2,0,1,2,0,70,7,0,1,0,3,0,1,0,1
200600005323,6,1,22,1715,2,1,8,6,4811200,747300,3,2,2,0,1,3,0,135,1,3,3,0,1,0,0,4,1
200600005324,6,1,13,1330,1,1,9,1,4815000,725000,4,2,2,0,1,3,0,0,7,0,1,3,2,0,0,1,1
200600005325,6,1,29,230,3,1,1,6,4817000,736000,3,2,2,0,2,1,0,68,1,2,1,0,1,0,1,0,1
200600005326,6,1,3,1800,5,1,1,6,4807500,729700,3,2,2,0,1,0,0,80,1,0,1,0,1,0,0,1,1
200600005327,6,1,3,1700,1,1,1,1,4755300,717800,3,2,2,0,1,1,0,61,1,0,1,0,1,0,1,0,1
200600005328,6,1,20,1245,1,6,1,2,4754100,726400,3,2,1,0,1,1,0,58,1,0,1,0,1,0,0,1,1
200600005329,6,1,21,2115,3,1,9,7,4750100,732100,3,2,2,0,2,2,0,70,7,0,1,0,0,0,1,0,1
200600005330,6,1,30,1015,1,1,8,7,4753800,719000,3,2,0,0,2,4,0,61,7,0,3,0,0,0,1,0,1
200600005331,6,1,13,1515,1,3,1,3,4799400,739300,3,2,2,0,1,2,0,72,1,5,1,0,1,0,1,1,1
200600005332,6,1,30,1600,1,3,1,3,4786900,735100,4,0,0,0,1,0,0,0,1,5,1,0,0,0,0,3,1
200600005333,6,1,29,515,5,1,1,1,4778000,739000,9,3,2,0,1,1,11,171,1,0,1,0,1,0,1,0,1
200600005334,6,1,17,1000,1,1,2,7,4773000,720200,2,2,2,0,1,2,0,78,7,0,3,0,0,0,1,1,1
200600005335,6,1,29,15,3,1,1,7,4776200,719100,3,2,2,0,1,2,0,60,1,0,3,0,3,0,1,0,1
200600005337,6,1,17,1000,1,1,9,7,4756200,750700,3,2,0,0,1,1,0,70,7,0,4,0,1,0,0,1,1
200600005338,6,1,28,1115,1,1,1,7,4759100,745600,3,2,2,0,1,1,70,0,1,0,3,0,0,0,1,0,1
200600005339,6,1,29,700,2,1,8,6,4758000,747900,3,2,2,0,4,2,0,71,1,0,3,0,0,1,0,1,1
200600005342,6,1,5,750,2,1,1,6,4784700,707500,4,2,1,0,1,1,0,116,1,0,1,0,2,0,0,1,1
200600005343,6,1,16,745,1,1,9,1,4888500,420800,3,2,2,0,1,1,76,76,7,0,1,0,1,1,0,0,1
200600005344,6,1,8,1930,3,1,1,7,4907900,434700,3,2,2,0,1,1,0,70,1,0,1,0,0,0,1,0,1
200600005346,6,1,30,915,1,3,1,3,4913400,453400,3,2,2,0,1,1,0,63,1,0,1,0,1,0,0,2,1
200600005347,6,1,28,1415,1,1,1,3,4903300,400600,3,2,2,0,1,1,0,75,1,0,1,0,0,0,0,2,1
200600005348,6,1,5,1930,3,1,1,6,4873800,392500,2,3,4,0,1,1,20,160,1,0,1,0,1,0,2,0,1
200600005350,6,1,4,1100,1,1,5,2,4896400,374900,3,2,1,0,1,1,0,62,1,0,1,0,1,0,1,0,1
200600005351,6,1,17,1130,1,1,2,1,4882600,358400,3,2,2,0,0,2,0,70,2,0,0,0,2,0,3,0,1
200600005352,6,1,22,900,1,1,4,7,4881300,362400,3,2,2,0,2,1,0,62,7,0,3,0,0,0,2,0,1
200600005354,6,1,31,1745,2,1,1,7,4877000,344800,3,2,2,0,1,1,0,45,8,0,3,0,0,1,0,0,1
200600005355,6,1,3,2000,5,1,5,3,4931400,367900,3,2,2,0,1,1,0,0,1,5,1,0,1,0,1,0,1
200600005356,6,1,19,930,1,1,2,5,4931500,364400,2,2,2,0,0,1,0,0,2,0,1,0,2,0,1,0,1
200600005358,6,1,28,530,3,9,9,6,4915800,401400,2,2,2,0,1,3,0,69,5,0,3,0,2,0,1,0,1
200600005362,6,1,5,1615,1,1,8,1,4927400,413100,3,2,2,0,0,2,63,0,2,0,1,0,0,0,4,1,1
200600005363,6,1,24,1500,1,1,1,7,4883400,460500,9,0,1,0,2,1,0,0,7,0,0,0,1,0,1,1,1
200600005364,6,1,7,2345,5,1,1,6,4878900,491400,3,2,2,0,1,1,0,70,1,0,4,0,0,0,1,0,1
200600005366,6,1,9,1900,5,1,2,6,4981700,474500,3,2,2,0,2,1,0,58,0,0,1,0,1,0,1,0,1
200600005369,6,1,9,1800,5,1,1,7,5009200,472500,2,2,2,0,1,1,0,70,1,0,1,0,1,0,1,0,1
200600005370,6,1,5,1730,5,1,2,6,4961100,507700,4,2,0,0,0,0,0,0,2,0,0,0,1,0,1,0,1
200600005371,6,1,15,315,3,1,9,7,4962300,513200,3,2,2,0,0,4,0,74,7,0,3,0,0,0,2,2,1
200600005372,6,1,3,730,5,2,1,3,4823400,412900,2,2,2,0,1,1,0,60,1,0,1,0,1,0,1,0,1
200600005374,6,1,3,930,1,3,1,3,4826500,424700,2,2,2,3,1,3,0,76,1,5,1,0,0,0,2,0,1
200600005375,6,1,15,930,1,1,9,7,4813400,434200,2,2,1,0,1,1,0,70,7,0,1,0,0,0,0,1,1
200600005380,6,1,12,800,1,1,1,1,4852100,372200,9,2,2,0,0,1,0,57,1,5,1,0,1,0,1,0,1
200600005381,6,1,26,1745,3,1,4,1,4840500,394300,2,2,3,0,1,1,0,100,5,0,1,0,0,0,1,1,1
200600005385,6,1,16,1415,1,1,1,3,4824600,512000,3,2,0,0,1,2,55,0,1,2,1,0,3,0,1,0,1
200600005388,6,1,14,2145,3,1,1,7,4785000,544700,2,2,2,0,1,2,0,76,1,0,3,0,0,0,1,0,1
200600005390,6,1,10,800,1,1,1,6,4844600,513800,4,2,0,0,1,1,0,60,1,0,1,0,1,0,1,0,1
200600005391,6,1,17,1330,1,1,3,6,4719800,539500,4,2,0,0,1,2,50,0,2,5,4,0,2,0,1,0,1
200600005392,6,1,21,1645,1,1,1,6,4719700,515300,4,2,2,0,1,2,0,52,1,0,4,0,0,0,1,0,1
200600005397,6,1,6,1845,3,1,8,3,4707200,487100,2,2,2,0,0,1,0,68,5,0,1,0,1,0,2,0,1
200600005398,6,1,21,720,3,1,1,2,4699300,487500,3,2,2,0,1,1,0,100,2,0,1,0,0,0,2,0,1
200600005399,6,1,25,1645,1,1,1,6,4714300,497600,3,2,2,0,1,1,0,56,1,0,1,0,1,1,0,0,1
200600005400,6,1,21,1930,5,1,1,1,4700500,514900,4,2,0,0,1,1,0,58,1,5,1,0,1,0,1,0,1
200600005401,6,1,31,345,5,1,1,6,4786300,455900,3,2,2,0,1,1,0,73,1,0,3,0,0,0,1,0,1
200600005402,6,1,22,515,3,1,1,6,4738700,429500,3,2,2,0,0,3,0,75,1,0,3,0,0,0,3,0,1
200600005408,6,1,15,330,3,1,9,7,4673100,337400,3,2,1,0,1,1,0,0,7,0,1,0,1,0,4,0,1
200600005409,6,1,24,1725,1,1,1,3,4694900,366500,3,2,2,0,1,1,0,58,1,0,1,0,1,0,2,0,1
200600005410,6,1,12,730,3,1,1,7,4686000,390800,4,2,0,0,0,0,0,0,7,0,1,0,0,0,0,1,1
200600005411,6,1,27,645,5,1,4,6,4748600,352200,3,2,0,0,2,3,0,64,5,0,3,0,0,0,1,0,1
200600005413,6,1,17,1715,3,1,2,7,4754900,310800,3,2,0,0,2,3,0,56,2,0,1,0,0,0,0,1,1
200600005414,6,1,6,1700,2,1,4,7,4646100,472400,3,2,2,0,0,0,40,0,5,0,1,0,0,0,0,2,1
200600005421,6,1,9,1700,1,1,1,3,4696400,490500,3,2,0,0,0,1,0,0,2,0,1,0,1,0,1,1,1
200600005422,6,1,27,1930,3,1,4,6,4641100,425300,3,0,2,0,0,2,0,65,5,0,3,0,0,0,1,0,1
200600005425,6,1,10,1430,1,1,1,5,4649200,419600,2,2,2,0,1,1,0,80,1,0,1,0,4,1,0,0,1
200600005432,6,1,11,800,2,1,9,6,4805500,378200,3,2,2,0,1,3,0,48,7,0,3,0,2,0,0,1,1
200600005433,6,1,31,1745,2,1,1,3,4793400,366200,3,2,2,0,3,1,0,53,1,0,1,0,0,0,1,1,1
200600005435,6,1,11,1615,1,1,1,6,4748700,406100,3,2,2,0,1,1,0,60,1,0,4,0,0,0,1,0,1
200600005442,6,1,28,2230,3,1,4,6,4815500,334700,3,2,2,0,2,1,0,50,7,0,3,0,0,0,1,1,1
200600005444,6,1,14,1145,1,1,1,7,4813400,311900,3,2,0,0,1,1,0,73,1,0,0,0,0,0,1,0,1
200600005452,6,1,24,830,1,1,8,1,4724100,610500,3,2,2,0,0,2,0,81,7,0,1,0,0,0,1,1,1
200600005456,6,1,24,730,2,1,1,1,4712000,669600,3,2,2,0,1,1,0,66,1,0,1,0,0,1,0,1,1
200600005461,6,1,15,1530,1,1,1,3,4695900,611000,4,2,2,0,1,1,0,64,1,5,1,0,1,0,1,0,1
200600005462,6,1,3,1845,5,1,1,1,4667900,548800,2,2,2,0,1,1,0,77,1,0,1,0,0,1,0,2,1
200600005463,6,1,13,1930,5,1,1,3,4675100,545600,3,2,2,0,1,1,0,80,1,0,1,0,1,0,1,0,1
200600005464,6,1,13,1230,1,1,1,1,4677700,599100,3,2,2,0,2,3,0,75,2,0,1,0,1,0,1,0,1
200600005465,6,1,7,1730,3,1,1,6,4688700,566200,2,2,2,0,1,1,0,72,2,0,1,0,1,1,0,0,1
200600005466,6,1,25,1430,1,1,1,1,4687400,571700,2,2,2,0,2,3,0,73,1,0,1,0,1,1,0,0,1
200600005471,6,1,30,1345,1,1,4,1,4736800,611400,3,2,2,0,1,1,0,57,7,0,1,0,0,0,0,2,1
200600005472,6,1,26,1245,1,1,8,1,4742600,607400,4,2,2,0,2,1,0,0,5,0,1,0,0,0,1,1,1
200600005473,6,1,28,900,1,1,8,7,4770500,666300,3,2,2,0,1,2,0,67,1,0,3,0,0,0,1,0,1
200600005474,6,1,31,1830,5,1,1,1,4770700,667900,3,2,2,0,1,1,64,0,1,0,1,0,1,0,1,0,1
200600005475,6,1,9,1700,2,1,1,1,4778200,634900,3,2,2,0,1,4,0,80,1,0,1,0,1,0,1,0,1
200600005478,6,1,16,1600,1,1,1,1,4767400,587600,4,2,2,0,1,3,0,60,0,0,1,0,1,0,1,0,1
200600005479,6,1,4,715,2,1,5,6,4738000,563200,3,2,2,0,1,2,0,0,1,0,3,0,0,0,1,0,1
200600005483,6,1,21,1900,5,1,1,6,4749000,692600,3,2,2,0,1,1,0,70,2,0,1,0,1,0,1,0,1
200600005488,6,1,30,530,3,1,1,2,4365000,556200,2,2,0,0,0,1,0,98,1,0,1,0,0,0,3,0,1
200600005495,6,1,26,830,1,2,1,4,4389300,482800,3,4,3,3,1,1,0,100,1,5,1,0,3,0,1,0,1
200600005501,6,1,28,1300,1,1,3,1,4353000,511000,3,2,2,0,2,3,0,80,2,2,1,0,1,0,1,1,1
200600005502,6,1,19,800,2,1,1,2,4349600,523100,3,3,2,0,1,1,0,80,1,0,1,0,1,0,1,0,1
200600005503,6,1,23,1355,1,1,1,3,4405100,613700,2,2,2,3,1,1,0,0,1,5,1,0,1,0,0,1,1
200600005504,6,1,4,1630,1,9,1,1,4375000,584800,3,2,2,0,1,3,0,70,1,0,1,0,2,0,1,0,1
200600005507,6,1,1,130,3,1,2,7,4436000,632000,3,2,2,0,1,3,0,65,7,0,3,0,1,0,1,1,1
200600005508,6,1,11,1015,1,1,1,3,4445000,639500,3,2,2,0,2,2,0,0,2,0,1,0,0,1,0,1,1
200600005509,6,1,28,830,1,1,8,1,4440200,648600,3,2,2,0,1,2,0,74,5,0,1,0,0,1,2,1,1
200600005510,6,1,23,1915,3,1,1,2,4388900,586300,2,2,2,0,0,1,0,0,1,0,1,0,0,0,0,2,1
200600005512,6,1,9,845,1,1,9,1,4470000,605900,2,2,2,0,1,3,0,72,7,0,1,0,0,0,2,2,1
200600005513,6,1,31,1645,2,9,1,1,4473900,600500,2,2,0,0,1,2,0,79,1,2,1,0,0,0,0,3,1
200600005514,6,1,23,1830,5,1,1,6,4446700,605400,3,2,2,0,1,1,0,52,1,0,4,0,1,0,1,0,1
200600005518,6,1,5,1900,5,1,4,6,4458200,612600,2,3,0,0,1,1,0,70,5,0,3,0,0,1,0,0,1
200600005520,6,1,14,1100,1,1,1,3,4379300,733400,3,2,2,0,0,1,0,90,1,0,1,0,2,0,0,1,1
200600005525,6,1,16,730,2,1,1,3,4364000,687000,3,2,2,0,1,1,0,73,1,0,1,0,1,0,1,0,1
200600005528,6,1,19,845,1,1,1,1,4379900,718700,4,2,1,0,1,0,81,70,1,0,1,0,1,0,1,0,1
200600005530,6,1,2,1630,2,1,1,5,4405000,713000,3,2,2,0,1,4,0,70,1,0,1,0,3,0,1,0,1
200600005531,6,1,27,1300,1,1,1,6,4409000,711000,3,2,2,0,1,1,0,70,2,0,3,0,0,0,0,1,1
200600005535,6,1,1,2015,3,1,9,7,4356200,612400,3,2,2,0,1,1,0,70,7,0,1,0,0,0,1,0,1
200600005538,6,1,14,1600,1,1,1,6,4330000,612300,3,2,0,0,0,4,0,0,1,0,1,0,0,0,1,0,1
200600005539,6,1,17,1000,3,1,1,6,4324700,609700,3,0,0,0,0,0,0,0,0,0,0,0,0,0,1,0,1
200600005550,6,1,30,1930,3,1,1,6,4326500,653100,3,2,2,0,0,1,0,60,2,0,1,0,1,1,0,0,1
200600005555,6,1,29,1830,5,1,2,3,4313300,607600,2,2,3,2,2,1,0,155,2,0,1,0,2,0,1,0,1
200600005560,6,1,6,800,1,6,1,6,4392000,505000,4,2,2,0,2,1,0,0,1,0,1,0,1,0,0,1,1
200600005563,6,1,2,900,1,1,1,1,4388800,534800,3,2,2,2,1,1,0,92,7,0,1,0,1,0,2,0,1
200600005565,6,1,2,845,1,1,8,6,4373800,548500,3,2,2,0,2,3,0,52,7,0,3,0,0,0,1,0,1
200600005567,6,1,23,1200,1,1,1,1,4418100,513900,3,2,2,0,1,2,0,57,1,0,1,0,1,0,1,0,1
200600005569,6,1,22,200,3,2,1,3,4402200,503200,3,2,0,0,1,1,0,80,1,0,1,3,0,0,2,0,1
200600005571,6,1,19,745,1,1,1,6,4430500,475000,3,2,2,0,1,2,0,0,0,0,1,0,0,0,2,0,1
200600005575,6,1,13,1115,1,1,1,5,4369800,413700,3,2,0,0,1,3,0,0,1,0,1,0,1,0,2,1,1
200600005576,6,1,28,1315,1,1,6,1,4362300,411900,3,2,1,0,1,1,0,80,2,0,1,0,1,0,2,0,1
200600005578,6,1,25,1600,1,1,1,3,4358400,306200,3,2,0,0,0,1,0,62,1,5,1,0,1,0,1,0,1
200600005580,6,1,31,530,3,1,1,6,4332600,302100,3,2,2,0,4,3,0,75,1,0,3,0,0,1,0,0,1
200600005585,6,1,11,1100,1,1,2,1,4360900,336100,3,2,2,0,1,1,0,76,7,0,1,0,2,0,1,0,1
200600005586,6,1,26,1145,1,1,1,3,4357500,341600,3,2,0,0,1,1,0,47,1,0,1,0,1,0,1,0,1
200600005587,6,1,23,2000,3,1,1,6,4362400,350800,3,0,2,0,1,1,0,64,1,0,1,0,2,1,0,0,1
200600005589,6,1,25,1350,1,2,1,1,4336600,348800,3,2,0,0,1,1,0,45,1,5,1,0,0,0,2,0,1
200600005591,6,1,6,900,1,1,3,6,4351500,365600,3,2,0,0,2,3,0,70,2,0,1,0,1,0,1,0,1
200600005592,6,1,25,1400,1,1,1,6,4348700,369900,2,2,3,0,1,1,0,106,1,0,3,0,0,0,2,1,1
200600005593,6,1,31,2200,3,1,1,7,4344900,363600,2,2,2,0,3,3,0,94,1,0,0,0,0,0,1,0,1
200600005595,6,1,11,1500,1,1,1,2,4331700,255800,3,2,2,0,1,1,0,59,1,0,1,0,1,0,1,0,1
200600005596,6,1,18,845,1,1,8,5,4336000,180000,2,2,1,0,1,2,0,67,2,0,1,0,2,0,1,1,1
200600005599,6,1,10,1830,3,1,1,1,4317700,232600,3,2,2,0,1,1,0,0,1,0,3,0,5,0,0,1,1
200600005607,6,1,31,1630,1,9,1,6,4354300,413700,4,1,0,0,1,1,0,0,1,0,1,0,1,0,1,0,1
200600005610,6,1,13,1800,5,9,1,7,4374900,421900,6,0,0,0,1,0,0,0,1,0,0,0,1,0,1,0,1
200600005612,6,1,1,845,1,1,1,6,4412500,386400,3,2,2,0,2,3,0,60,0,0,0,0,0,0,1,0,1
200600005615,6,1,5,1830,3,1,4,1,4403100,412500,3,2,0,0,0,1,0,70,5,0,1,0,1,0,0,1,1
200600005617,6,1,31,915,1,1,1,2,4408500,412200,3,2,0,0,1,1,0,60,1,0,1,0,1,0,1,0,1
200600005622,6,1,21,600,3,1,1,7,4388400,459600,3,2,2,0,1,2,0,60,1,0,3,0,0,0,2,0,1
200600005629,6,1,7,645,3,1,8,6,4400500,366000,3,2,2,0,1,4,0,75,2,0,1,0,1,0,0,1,1
200600005632,6,1,5,945,1,1,4,1,4458000,363000,2,2,2,0,0,3,0,64,7,0,1,0,2,0,1,0,1
200600005634,6,1,20,2015,3,1,1,6,4452000,391000,3,2,0,0,1,4,0,60,2,0,1,0,1,0,1,0,1
200600005637,6,1,13,1500,1,9,1,1,4448900,336400,2,2,2,0,1,1,0,70,1,0,1,0,1,0,0,1,1
200600005638,6,1,26,1745,2,1,1,1,4471100,314900,3,2,2,0,0,1,0,69,1,0,1,0,1,0,1,0,1
200600005639,6,1,3,1115,1,1,6,2,4265600,296000,3,2,0,2,2,1,0,62,1,0,1,0,1,0,1,0,1
200600005640,6,1,19,915,1,1,1,3,4269100,303100,3,2,1,0,0,1,96,0,1,5,1,0,1,0,1,0,1
200600005643,6,1,23,1845,2,1,1,7,4266000,278700,4,2,0,0,1,1,0,35,1,0,1,0,0,0,1,0,1
200600005647,6,1,31,2100,3,1,1,1,4250300,312300,3,2,2,0,2,3,0,61,1,0,1,0,0,0,1,1,1
200600005651,6,1,5,1130,1,1,1,1,4190800,883800,4,2,0,0,2,3,0,29,1,0,1,0,0,0,1,2,1
200600005657,6,1,25,630,5,3,1,3,4262100,895700,3,2,1,0,3,2,0,70,1,0,1,0,2,0,0,3,1
200600005658,6,1,18,500,3,1,1,6,4229300,919900,3,2,2,0,1,2,0,43,1,2,3,0,1,0,3,0,1
200600005659,6,1,26,530,5,1,8,6,4230500,915300,4,2,2,0,1,1,0,40,7,0,4,0,0,0,1,0,1
200600005662,6,1,19,730,2,1,1,1,4230900,954500,2,2,2,0,0,0,0,60,1,5,3,0,4,0,0,1,1
200600005666,6,1,2,1330,1,1,1,6,4900200,164700,4,2,2,0,2,2,60,0,1,0,1,0,0,0,1,0,1
200600005667,6,1,5,830,1,1,1,6,4900300,163200,4,2,2,0,1,1,0,51,1,0,1,3,1,0,1,0,1
200600005668,6,1,11,2230,5,1,1,2,4902000,161000,2,2,0,0,4,1,0,0,1,0,1,0,1,0,0,1,1
200600005672,6,1,9,815,1,1,1,1,4878500,189300,3,2,2,0,2,1,0,0,2,0,1,0,1,0,1,0,1
200600005673,6,1,14,2045,3,1,1,6,4879200,191900,3,2,0,0,2,1,0,60,1,0,1,0,1,0,1,0,1
200600005679,6,1,12,645,5,1,5,6,4845600,195700,3,3,2,0,1,2,10,80,2,0,3,0,0,0,0,1,1
200600005680,6,1,10,1245,1,1,5,3,4855900,202700,3,2,0,0,0,1,0,60,1,0,1,0,0,0,1,1,1
200600005681,6,1,13,1730,3,1,2,7,4852100,201800,3,2,0,0,1,1,0,71,2,0,1,0,0,0,1,0,1
200600005686,6,1,19,1155,1,1,1,6,4861400,235700,9,2,1,0,1,1,0,0,1,0,1,0,2,0,1,0,1
200600005687,6,1,20,1745,1,1,2,1,4910000,179000,3,2,2,0,1,1,0,75,2,0,1,0,1,0,1,0,1
200600005694,6,1,10,2330,3,1,1,6,4854900,279400,3,2,2,0,1,1,0,82,1,0,3,0,0,0,1,0,1
200600005695,6,1,18,1830,3,1,2,1,4866600,284100,3,2,2,0,0,2,0,76,2,0,1,0,4,0,1,0,1
200600005697,6,1,3,1945,2,1,1,1,4894900,311300,2,3,3,0,0,1,30,0,1,5,1,0,1,0,1,0,1
200600005698,6,1,14,1115,1,1,1,6,4896000,314500,3,0,0,0,0,1,103,0,0,0,0,0,0,0,1,0,1
200600005699,6,1,27,1330,1,1,1,3,4888200,329400,3,2,2,0,1,1,0,58,1,0,1,0,1,0,1,0,1
200600005700,6,1,5,1800,3,1,8,5,4869700,291200,2,3,4,0,1,1,15,70,2,0,1,0,3,1,0,0,1
200600005701,6,1,23,715,3,1,1,3,4872400,284600,3,2,2,0,1,1,0,0,0,5,1,0,1,0,1,0,1
200600005703,6,1,14,1730,1,1,1,3,4815700,269200,3,2,2,0,1,1,0,0,1,5,1,0,2,0,0,1,1
200600005704,6,1,7,1130,1,1,8,7,4824200,282400,3,2,2,0,0,1,0,70,2,0,3,0,0,0,1,0,1
200600005705,6,1,19,745,2,1,1,3,4905000,262400,4,2,2,0,1,1,0,0,1,5,1,0,1,0,1,0,1
200600005706,6,1,2,1745,2,1,1,3,4889200,282900,4,2,2,0,1,1,0,72,1,0,1,0,1,0,1,0,1
200600005709,6,1,17,1230,1,1,3,5,4856800,305600,2,2,2,0,1,1,0,90,2,0,1,0,2,0,1,1,1
200600005711,6,1,19,1115,5,1,1,3,4790100,202600,3,2,2,0,1,1,0,62,1,5,1,0,1,0,1,0,1
200600005712,6,1,25,1700,1,1,1,1,4787200,183600,4,2,1,0,1,1,0,48,1,5,1,0,0,0,2,0,1
200600005713,6,1,14,930,1,1,1,7,4775600,213400,3,2,2,0,1,2,0,58,1,0,3,0,0,1,0,0,1
200600005714,6,1,23,1615,1,1,1,1,4785800,208100,3,2,2,0,1,3,0,70,1,0,1,0,2,0,1,1,1
200600005715,6,1,4,1545,1,1,1,3,4779100,162600,4,2,2,0,1,1,0,45,2,5,1,3,1,0,1,0,1
200600005716,6,1,16,1030,1,1,1,4,4794200,163200,2,2,0,0,1,1,70,0,1,0,1,0,1,0,1,1,1
200600005717,6,1,2,1530,1,1,1,3,4809500,203900,3,2,2,0,1,1,0,60,1,0,1,0,1,0,2,0,1
200600005718,6,1,14,1845,3,1,1,6,4755700,272700,3,2,2,0,1,2,0,54,1,0,3,0,0,1,0,0,1
200600005719,6,1,2,1915,3,1,1,1,4781200,241500,3,2,2,0,1,1,0,86,1,0,0,0,0,0,2,0,1
200600005721,6,1,6,2015,3,1,1,6,4804500,271600,4,2,2,0,1,3,0,52,2,0,3,0,0,1,0,0,1
200600005722,6,1,13,830,1,1,1,6,4787000,286400,3,2,2,0,1,1,0,55,1,0,1,3,1,0,1,0,1
200600005725,6,1,25,1430,1,9,1,3,4817200,234600,3,2,0,0,1,1,0,30,1,0,1,0,1,0,1,2,1
200600005726,6,1,21,1700,1,1,1,1,4819300,233000,3,2,0,0,1,0,0,66,1,0,1,0,0,0,1,1,1
200600005728,6,1,20,1500,1,1,1,7,4717400,290500,3,2,2,0,1,1,0,42,1,0,3,0,0,0,1,0,1
200600005730,6,1,13,745,2,1,9,1,4703000,244200,3,2,2,0,0,1,60,0,7,0,1,0,0,0,1,1,1
200600005734,6,1,31,1645,1,6,1,6,4749300,244000,9,2,2,0,1,2,0,86,1,6,1,0,1,0,1,0,1
200600005736,6,1,1,300,3,1,8,7,4834500,150200,3,2,0,0,0,1,0,0,2,0,3,0,0,1,0,0,1
200600005737,6,1,14,1745,3,1,1,3,4836000,144400,2,2,0,0,0,1,0,0,1,0,1,0,4,0,0,1,1
200600005738,6,1,1,1000,1,1,2,6,4841100,164600,3,2,2,0,1,1,0,68,2,0,3,0,0,0,1,2,1
200600005742,6,1,20,1915,3,1,2,6,4846000,169000,3,2,1,0,1,0,0,0,2,0,1,0,0,0,0,1,1
200600005743,6,1,23,815,2,2,1,3,4841200,180300,3,2,2,0,1,1,0,61,1,5,1,0,1,0,1,0,1
200600005745,6,1,10,1600,1,1,8,1,4827800,166900,3,2,2,0,1,1,0,62,2,5,1,0,1,1,0,0,1
200600005746,6,1,13,1700,1,2,1,3,4831800,192100,3,2,2,0,1,1,60,0,1,0,1,0,1,0,0,1,1
200600005747,6,1,6,530,3,9,1,1,4827500,121700,3,2,0,0,0,2,0,0,1,0,1,0,0,0,3,0,1
200600005749,6,1,14,1045,1,2,1,3,4872900,144900,3,2,2,0,1,1,0,63,1,0,0,0,6,0,1,0,1
200600005751,6,1,31,1945,3,1,1,6,4870400,134700,3,2,0,0,1,1,38,44,1,0,1,0,0,0,1,0,1
200600005752,6,1,2,1000,1,1,7,3,4882100,154100,3,2,1,0,1,1,0,55,2,0,1,0,1,0,1,0,1
200600005754,6,1,24,2000,3,1,1,7,4880400,145300,3,2,0,0,1,3,0,37,1,0,1,0,0,0,1,3,1
200600005757,6,1,1,1230,1,1,1,6,4862600,125800,3,2,2,0,1,1,0,75,2,0,3,0,0,1,0,0,1
200600005762,6,1,26,1230,1,1,1,7,4667900,170000,3,2,0,0,1,1,0,43,2,0,3,0,0,0,1,0,1
200600005763,6,1,8,1900,3,1,3,2,4652900,147400,3,2,2,0,1,1,0,58,2,0,1,0,1,1,0,0,1
200600005764,6,1,19,1530,1,1,1,6,4659200,152000,3,2,1,0,1,1,0,54,1,0,1,0,1,0,0,1,1
200600005766,6,1,28,1700,1,1,4,3,4688200,141400,3,2,2,0,0,2,0,74,5,3,1,0,1,0,0,2,1
200600005767,6,1,8,1200,1,1,2,6,4661000,113300,3,2,2,0,2,3,0,60,2,0,3,0,2,0,2,0,1
200600005770,6,1,28,145,4,1,1,6,4747000,106000,3,2,2,0,1,1,0,60,1,0,1,0,0,0,1,1,1
200600005771,6,1,20,1830,3,1,8,4,4738900,59000,2,2,2,0,1,2,0,68,2,0,1,0,2,0,2,0,1
200600005774,6,1,10,1715,1,1,1,3,4720900,62700,3,2,2,0,1,1,0,51,2,0,1,0,1,0,1,0,1
200600005775,6,1,22,1100,1,1,1,1,4710300,54900,3,2,0,0,2,1,0,70,1,0,1,0,0,0,2,0,1
200600005776,6,1,29,1730,1,1,1,6,4714500,43200,3,0,0,0,0,3,0,0,1,0,1,0,1,0,1,0,1
200600005777,6,1,31,1615,1,1,1,1,4711100,61100,3,2,0,0,4,4,0,63,1,0,1,0,2,0,1,0,1
200600005778,6,1,25,815,1,1,1,1,4711600,98100,2,2,2,0,2,3,0,70,1,2,1,0,1,1,0,0,1
200600005779,6,1,24,1940,2,1,1,7,4709400,123700,3,2,2,0,1,1,0,58,1,0,1,0,0,0,1,0,1