Num_Acc,an,mois,jour,hrmn,lum,int,atm,col,lat,long,catr,circ,nbv,vosp,prof,plan,lartpc,larrout,surf,infra,situ,env1,unscathed,killed,hospital,light,chance
200600005780,6,1,26,915,1,1,1,3,4705800,61500,2,2,2,0,1,1,0,143,1,5,1,0,1,0,2,0,1
200600005781,6,1,29,2000,3,1,9,6,4729000,77800,3,2,2,0,1,1,0,70,7,0,3,0,0,0,1,0,1
200600005786,6,1,2,1930,3,1,1,6,4771100,76300,4,2,2,0,2,1,0,40,1,0,3,0,1,0,1,0,1
200600005787,6,1,28,1645,1,1,4,1,4779000,96700,3,2,2,0,1,3,55,0,7,0,1,0,1,0,0,3,1
200600005789,6,1,22,1,1,1,1,1,4519800,-97400,3,2,2,0,1,1,0,55,1,0,1,0,2,0,2,0,1
200600005790,6,1,26,1345,1,1,1,3,4519100,-106400,4,2,2,0,1,3,0,59,1,0,1,0,1,0,1,0,1
200600005792,6,1,2,2000,3,1,1,6,4792200,-384100,4,2,2,0,2,1,0,68,1,0,3,0,0,1,0,0,1
200600005793,6,1,8,200,3,1,2,6,4789200,-370400,1,3,4,0,0,1,10,150,2,3,2,0,0,0,3,0,1
200600005794,6,1,17,2015,3,1,2,5,4797700,-398900,3,2,2,0,0,1,0,72,2,0,1,0,0,0,1,2,1
200600005795,6,1,22,2030,3,1,1,6,4804900,-367500,3,2,0,0,1,1,0,80,1,0,3,0,0,1,0,0,1
200600005796,6,1,10,245,3,1,1,6,4907000,246200,3,2,2,0,2,4,0,58,7,0,3,0,1,0,1,0,1
200600005797,6,1,21,2030,3,9,1,3,4909600,241600,2,3,4,0,1,0,0,71,1,3,1,0,0,0,2,2,1
200600005798,6,1,27,2045,3,1,8,7,4908100,241000,3,2,3,0,1,1,0,100,2,0,1,0,0,0,1,0,1
200600005805,6,1,10,1930,3,1,5,5,4725300,509000,3,2,0,0,0,1,0,77,2,0,1,0,2,0,5,0,1
200600005806,6,1,27,830,1,1,4,1,4346000,554700,3,2,0,0,4,1,0,77,5,0,1,0,0,0,0,5,1
200600005807,6,1,30,1030,1,1,1,1,4346800,561300,3,2,0,1,0,2,0,60,1,5,0,0,1,0,1,0,1
200600005814,6,1,19,1745,3,1,1,2,4856000,193600,1,3,4,0,1,1,24,340,1,0,1,0,1,0,0,1,1
200600005817,6,1,28,1715,1,1,2,7,4840700,189500,1,3,0,0,1,1,24,270,7,0,1,0,1,0,1,0,1
200600005818,6,1,28,2030,3,1,9,6,4835700,187700,1,3,0,0,1,1,24,270,7,0,3,0,0,0,1,0,1
200600005822,6,1,3,2015,5,1,2,6,4836500,-425900,4,2,2,0,1,1,0,60,2,5,1,0,1,0,1,0,1
200600005823,6,1,8,1415,1,1,1,3,4833900,-422700,3,2,4,0,1,1,0,70,1,0,1,0,0,0,2,1,1
200600005824,6,1,29,430,3,1,1,6,4836400,-425000,2,3,4,0,4,3,30,90,2,2,2,0,0,3,0,0,1
200600005833,6,1,8,1900,3,1,1,1,4326900,614100,1,3,2,0,0,1,5,95,1,0,1,0,1,0,0,1,1
200600005834,6,1,27,1745,3,1,2,4,4346100,654300,1,3,3,0,1,1,20,130,2,0,1,0,3,0,2,0,1
200600005837,6,1,16,700,2,1,1,1,4751900,472600,2,2,2,0,1,1,0,0,0,0,1,0,0,0,3,0,1
200600005845,6,1,4,1600,1,1,1,2,4368500,144100,4,2,2,0,1,1,0,0,1,0,1,0,1,0,1,0,1
200600005846,6,1,10,1830,1,1,1,1,4369400,141400,4,2,0,0,1,1,0,51,1,0,1,3,1,0,2,0,1
200600005847,6,1,24,1800,2,1,1,3,4369700,141400,3,2,0,0,1,1,10,60,1,0,1,3,1,0,0,1,1
200600005848,6,1,31,1815,2,1,1,6,4370700,146900,3,2,2,0,1,1,0,83,1,0,1,0,1,0,1,0,1
200600005857,6,1,10,845,2,6,1,5,4739600,77000,3,0,0,0,0,0,0,0,0,0,0,0,3,0,0,1,1
200600005858,6,1,13,1845,5,1,1,3,4734100,99000,3,2,2,0,3,1,0,69,1,4,1,0,1,0,1,0,1
200600005862,6,1,23,430,3,1,1,6,4788000,173000,1,3,3,0,1,1,15,270,1,0,1,0,0,0,1,0,1
200600005864,6,1,1,800,1,1,1,6,4702200,487100,1,3,4,3,1,1,10,140,1,0,2,0,0,1,0,0,1
200600005865,6,1,19,1200,1,1,1,6,4582800,602500,1,3,4,0,1,1,25,70,1,0,1,0,0,0,0,1,1
200600005868,6,1,5,345,3,1,1,1,4746400,152400,3,2,2,0,1,1,0,63,2,0,1,0,1,1,0,0,1
200600005869,6,1,19,1930,5,1,1,6,4750200,130000,3,2,2,0,1,1,0,60,1,0,1,0,1,0,1,0,1
200600005876,6,1,7,130,3,1,1,1,4367600,-131700,1,1,2,0,1,1,0,70,1,0,1,0,1,0,1,1,1
200600005878,6,1,18,1300,1,1,2,2,4922800,406700,1,3,3,0,1,1,0,0,2,0,1,0,1,0,1,0,1
200600005881,6,1,21,1130,1,1,1,3,4516000,569500,3,2,2,1,2,1,0,0,1,0,1,0,1,0,1,0,1
200600005895,6,1,23,1400,1,1,1,1,4351800,543600,1,0,3,0,1,1,0,0,1,0,1,0,1,0,0,1,1
200600005899,6,1,28,1515,1,1,4,1,4319000,230000,1,2,2,0,2,2,0,80,5,3,1,0,1,0,1,1,1
200600005901,6,1,8,1000,1,1,1,6,4734400,623100,1,3,0,0,1,1,35,70,1,0,3,0,0,0,1,0,1
200600005902,6,1,9,815,1,1,1,7,4726000,591000,1,3,2,3,1,1,30,100,1,0,1,0,0,0,1,0,1
200600005903,6,1,9,2115,3,1,1,2,4730700,603500,1,3,2,3,1,1,30,100,1,0,1,0,0,0,1,1,1
200600005907,6,1,26,845,1,1,1,6,4348500,154100,1,1,3,0,1,1,20,135,1,0,0,0,0,1,0,0,1
200600005908,6,1,7,715,3,1,1,4,4463200,-89500,1,0,2,0,1,1,32,75,1,0,1,0,2,0,1,0,1
200600005909,6,1,12,1845,3,1,1,4,4461600,-101500,1,3,0,0,1,1,25,132,1,0,1,0,2,0,0,1,1
200600005910,6,1,15,700,3,6,1,7,4462100,-110100,1,1,2,0,1,3,0,140,1,5,3,0,0,0,0,1,1
200600005911,6,1,22,2345,3,1,1,2,4466000,-83000,1,1,2,0,1,1,45,104,1,0,1,0,2,0,0,1,1
200600005920,6,1,29,45,3,1,1,6,4778400,740200,1,3,0,0,0,1,30,70,9,0,1,0,0,0,0,4,1
200600005925,6,1,5,1300,1,1,1,3,4521400,579300,4,2,0,0,1,2,0,80,1,5,1,0,1,0,1,0,1
200600005926,6,1,12,945,1,2,1,1,4521600,578200,9,2,0,0,0,2,0,0,1,0,1,0,1,0,1,0,1
200600005928,6,1,8,1500,1,1,8,6,4469000,-71000,2,2,1,0,1,1,0,66,2,0,3,0,0,0,1,0,1
200600005932,6,1,24,1100,1,1,1,6,4170300,935200,3,2,2,0,3,1,0,62,1,0,1,3,1,0,0,1,1
200600005934,6,1,4,930,1,1,8,7,4590500,522800,1,1,0,0,1,1,10,0,2,0,1,0,0,0,0,1,1
200600005935,6,1,4,1100,1,1,1,6,4584100,503600,1,0,2,0,2,1,30,148,1,0,2,0,0,0,1,1,1
200600005936,6,1,24,1245,1,1,1,2,4920600,412500,3,0,2,0,1,1,0,57,1,0,1,0,1,0,1,0,1
200600005938,6,1,31,1730,1,1,1,3,4919500,425000,3,2,2,0,1,1,67,0,1,0,1,0,2,0,0,1,1
200600005940,6,1,17,1100,1,9,1,7,5072800,216700,1,3,0,0,1,1,0,0,1,7,1,0,0,0,0,2,1
200600005941,6,1,20,1415,1,1,1,3,4354200,134600,4,2,0,0,1,1,0,0,1,0,1,0,1,0,1,0,1
200600005942,6,1,13,955,1,2,1,3,4361000,705000,3,1,2,0,2,2,0,151,1,5,1,0,1,1,0,0,1
200600005943,6,1,21,915,1,1,1,5,4363900,700300,3,2,0,0,0,0,0,79,2,0,1,0,3,0,2,0,1
200600005944,6,1,28,1400,1,1,1,1,4542800,477400,3,2,2,0,1,1,0,60,5,0,1,0,0,0,4,1,1
200600005949,6,1,29,45,3,1,1,2,4910300,228600,3,3,0,0,2,1,0,150,1,0,1,0,3,0,4,1,1
200600005950,6,1,8,915,1,1,1,7,4764000,-269000,1,3,4,0,1,1,46,136,2,0,1,0,0,1,0,0,1
200600005954,6,1,21,2310,3,1,1,5,4766500,198100,1,3,0,0,0,1,30,180,1,0,1,0,1,0,6,0,1
200600005955,6,1,23,845,1,1,1,7,4711700,220000,1,3,0,0,1,1,20,190,1,0,3,0,0,0,0,1,1
200600005960,6,1,25,745,1,1,1,3,4617300,569100,1,3,2,0,2,1,20,0,1,0,1,0,1,0,0,1,1
200600005961,6,1,7,1515,1,1,9,2,4361000,514000,3,2,2,0,1,1,0,80,2,0,1,0,6,0,0,1,1
200600005964,6,1,18,730,2,1,1,5,4357100,515500,2,2,4,0,2,2,0,150,1,0,1,0,1,0,2,1,1
200600005967,6,1,25,1620,1,1,8,7,4864000,772000,3,2,2,0,1,2,0,109,1,0,1,0,0,0,1,0,1
200600005971,6,1,13,1430,1,1,1,7,4768400,518100,1,3,0,0,2,1,26,70,1,0,1,0,0,0,1,0,1
200600005972,6,1,17,1900,3,1,8,3,4358600,546700,4,2,2,0,1,1,0,0,2,5,1,0,1,0,1,0,1
200600005973,6,1,28,1030,1,1,8,4,4508000,521000,1,1,0,0,1,1,14,70,2,0,1,0,1,0,0,3,1
200600005981,6,1,6,200,3,1,1,7,4338500,128100,1,3,4,0,1,1,0,0,1,0,3,0,0,0,1,0,1
200600005984,6,1,23,1230,1,1,1,7,4989000,228000,1,1,1,0,1,3,0,35,1,3,3,0,0,0,1,0,1
200600005992,6,1,8,930,1,1,1,3,4803700,16300,4,2,2,0,1,1,0,70,1,0,1,0,1,0,1,0,1
200600006000,6,1,13,1545,1,1,1,1,4369000,132600,3,2,2,0,1,1,0,71,1,0,1,0,1,0,1,0,1
200600006002,6,1,10,2145,5,1,8,6,4786500,-309200,3,2,2,0,1,1,0,68,1,0,3,0,0,1,0,0,1
200600006003,6,1,12,715,3,1,8,5,4786200,-309200,2,3,4,0,2,2,30,73,2,0,1,0,3,1,0,3,1
200600006004,6,1,28,1500,1,1,4,1,4770600,-290000,4,2,2,0,1,1,0,49,5,0,1,0,0,0,2,2,1
200600006006,6,1,21,1600,1,1,1,5,4822000,-170200,3,2,0,0,0,1,0,0,1,5,1,0,5,0,1,0,1
200600006012,6,1,21,515,5,1,9,3,4845800,262200,2,3,2,0,1,1,0,140,2,0,1,0,1,0,1,1,1
200600006014,6,1,29,500,3,1,1,2,4831200,-419200,2,3,2,0,1,1,0,0,1,0,0,0,2,0,1,0,1
200600006015,6,1,28,2300,3,1,2,7,4895400,46100,1,1,2,3,1,1,7,55,7,0,3,0,0,0,1,0,1
200600006053,6,2,13,1130,1,1,1,1,5073400,242800,2,2,2,0,1,3,0,75,1,0,1,0,1,0,2,0,1
200600006054,6,2,3,1300,1,6,1,6,5053400,322400,3,2,0,0,1,1,0,62,1,5,4,0,0,0,1,0,1
200600006056,6,2,3,2320,5,1,8,7,5070300,297200,3,2,2,0,1,1,0,70,2,0,1,0,0,1,0,0,1
200600006057,6,2,1,1045,1,1,7,6,5006900,379000,3,2,2,0,0,1,0,49,1,0,3,0,0,0,1,0,1
200600006059,6,2,10,1200,3,1,1,7,5000600,413800,9,2,0,0,1,2,0,45,7,0,1,0,0,0,1,0,1
200600006061,6,2,22,1800,1,1,9,1,5011300,352000,2,0,0,0,4,1,0,0,1,0,1,0,1,0,1,0,1
200600006063,6,2,22,1145,1,1,8,1,5004900,334600,3,2,2,0,0,3,0,65,2,0,1,0,0,0,2,0,1
200600006067,6,2,3,1930,5,2,8,3,5036300,274700,3,2,2,0,1,1,0,110,2,0,1,0,1,0,1,0,1
200600006069,6,2,7,745,1,1,1,1,5029200,297000,3,2,2,0,1,2,0,59,1,0,1,0,0,1,1,0,1
200600006070,6,2,8,1200,1,1,1,6,5021600,308500,3,2,2,0,1,1,0,64,1,0,4,0,1,0,1,0,1
200600006071,6,2,19,715,1,1,2,6,5029600,285000,3,2,2,0,1,3,0,69,2,0,1,0,1,0,1,1,1
200600006073,6,2,19,1045,1,1,2,1,5065000,276000,3,2,0,0,0,2,0,69,2,0,1,0,0,0,1,1,1
200600006077,6,2,1,645,2,1,5,7,5077200,191400,3,2,0,0,4,3,0,37,7,0,3,0,12,0,2,1,1
200600006078,6,2,23,2015,3,1,1,7,5040500,260700,3,2,2,0,2,2,0,50,1,0,1,0,0,0,1,0,1
200600006079,6,2,4,1015,1,1,1,1,5044700,183200,3,2,2,0,1,3,0,67,2,0,1,0,0,0,3,0,1
200600006080,6,2,7,1400,1,1,1,7,5036700,205000,3,2,2,0,2,2,0,64,1,2,1,0,0,0,1,0,1
200600006083,6,2,13,1830,5,1,8,6,5038300,235300,3,0,0,0,1,1,0,71,9,0,1,0,1,0,1,0,1
200600006084,6,2,15,1530,1,1,6,1,5039200,235000,2,2,2,0,1,1,0,79,2,0,1,0,1,0,1,0,1
200600006085,6,2,2,1245,1,1,1,3,5037500,255100,3,2,0,0,1,1,0,59,1,0,1,0,1,0,0,4,1
200600006086,6,2,17,1130,1,2,2,3,5039300,262400,3,2,2,0,1,1,0,60,2,0,0,0,0,0,2,0,1
200600006087,6,2,27,1830,5,1,2,3,5040100,252400,3,2,2,0,1,1,0,50,2,0,1,0,1,0,1,0,1
200600006089,6,2,13,1630,1,1,2,5,4987400,244400,2,2,2,0,4,1,0,82,2,0,1,0,1,0,2,0,1
200600006091,6,2,10,1300,1,1,1,7,4989700,178700,3,2,2,0,1,1,0,57,1,0,1,0,0,1,0,0,1
200600006092,6,2,10,1215,1,1,1,2,4982000,222200,3,2,2,0,2,3,0,50,1,0,1,0,1,0,1,0,1
200600006095,6,2,5,1415,1,1,1,7,4997600,184700,3,2,0,0,1,1,0,60,1,0,3,0,0,0,1,0,1
200600006096,6,2,3,1400,1,1,1,3,4998700,163100,3,2,2,0,1,1,0,66,1,5,1,0,1,0,1,0,1
200600006097,6,2,18,1230,1,1,1,3,5034300,156800,3,2,2,0,1,1,0,64,1,0,1,0,1,0,1,0,1
200600006098,6,2,5,915,1,1,5,1,5016200,159100,3,2,2,0,1,3,0,65,2,0,1,0,2,0,1,1,1
200600006099,6,2,25,1815,2,1,1,6,5015900,167600,4,0,0,0,1,3,0,35,1,0,3,0,0,0,1,1,1
200600006101,6,2,10,730,2,2,1,3,4994800,254100,3,2,2,0,1,1,0,53,1,0,1,0,1,0,0,1,1
200600006102,6,2,19,530,3,1,2,6,4985200,267800,3,2,2,0,1,1,0,60,2,0,1,0,0,1,0,0,1
200600006104,6,2,12,1730,1,1,4,7,4976300,375500,3,2,2,0,2,1,0,60,5,0,1,0,0,0,0,1,1
200600006105,6,2,13,1700,1,1,1,3,4969800,362400,3,2,2,0,1,1,0,70,1,0,1,0,0,0,0,2,1
200600006106,6,2,24,415,3,1,1,7,4961800,356400,3,2,2,0,1,1,0,56,1,0,3,0,0,0,1,2,1
200600006113,6,2,27,1745,2,2,8,1,4931600,349800,3,2,2,0,1,1,0,70,2,5,1,0,1,0,1,0,1
200600006115,6,2,1,600,3,1,1,2,4920900,310900,3,2,0,0,1,1,0,68,1,0,3,0,1,0,1,0,1
200600006116,6,2,2,900,1,1,9,3,4926400,304500,3,2,1,0,1,2,0,58,7,0,1,0,1,0,1,0,1
200600006117,6,2,10,1645,1,3,1,3,4925900,306500,3,2,2,0,3,3,0,75,1,0,1,0,4,0,1,0,1
200600006127,6,2,2,2230,5,1,1,6,4956700,239500,3,2,2,0,1,3,0,53,1,0,1,0,0,0,1,1,1
200600006132,6,2,16,1200,1,1,1,1,4946600,285800,2,2,0,1,2,3,0,70,1,0,1,0,0,0,1,1,1
200600006133,6,2,17,1300,1,1,1,7,4939700,270900,3,2,2,0,1,2,0,60,1,0,1,0,0,0,1,0,1
200600006141,6,2,25,1815,2,1,1,3,4919000,245900,4,2,2,1,1,3,80,60,1,0,1,0,3,0,1,0,1
200600006147,6,2,1,1415,1,1,1,6,4947900,46100,3,2,2,0,1,1,0,75,1,0,1,0,1,0,1,0,1
200600006150,6,2,5,600,3,1,1,5,4947800,165000,2,2,0,0,0,1,0,0,1,0,1,0,3,0,1,1,1
200600006151,6,2,3,1700,1,1,1,3,4948800,171500,2,2,0,0,0,1,0,0,1,0,1,0,1,0,1,0,1
200600006154,6,2,19,530,3,1,3,7,4965000,82000,3,2,2,0,1,4,0,45,3,0,1,0,1,0,2,1,1
200600006160,6,2,20,1930,3,1,2,3,4918300,156900,3,2,2,0,1,1,0,0,2,5,1,0,0,0,3,0,1
200600006162,6,2,10,1515,1,1,1,1,4897600,45400,3,2,2,0,0,2,0,62,1,0,1,0,1,0,1,0,1
200600006163,6,2,18,915,1,1,9,3,4906300,60500,3,0,2,0,1,1,0,0,2,0,1,0,0,1,1,0,1
200600006167,6,2,15,1845,3,1,3,6,4914900,79500,3,2,2,0,1,1,0,0,2,0,1,0,0,1,1,0,1
200600006169,6,2,10,1830,5,1,1,3,4914900,113100,4,2,2,0,1,1,0,44,1,0,1,0,1,0,1,0,1
200600006174,6,2,22,800,2,1,2,1,4935900,81500,3,0,0,0,1,1,0,50,2,0,1,0,1,0,0,1,1
200600006175,6,2,3,2000,3,1,8,7,4920100,48300,3,2,2,0,1,3,0,57,1,0,3,0,0,0,0,1,1
200600006184,6,2,8,1315,1,1,8,5,4792000,-170000,3,2,2,0,1,3,0,50,1,0,0,0,7,0,1,0,1
200600006189,6,2,7,1730,1,1,1,6,4855700,-158000,4,2,1,0,2,1,0,60,1,0,1,0,0,0,1,1,1
200600006191,6,2,10,1845,2,1,1,5,4843700,-179200,3,2,0,0,3,1,0,60,1,0,1,0,2,0,1,0,1
200600006198,6,2,9,1645,1,1,1,3,4861600,-287900,3,2,2,0,1,1,0,0,1,0,1,0,0,0,0,2,1
200600006202,6,2,25,1645,1,1,3,5,4848600,-294600,3,2,0,0,1,2,0,70,8,0,1,0,3,1,0,1,1
200600006203,6,2,22,630,3,1,8,1,4848000,-209000,3,2,0,0,2,1,0,45,2,0,1,0,1,1,0,0,1
200600006204,6,2,4,2100,3,1,1,6,4852800,-211000,3,2,0,0,1,1,0,50,1,0,1,0,0,0,1,0,1
200600006205,6,2,3,2015,5,2,1,6,4856300,-315600,4,2,2,0,1,1,0,78,1,0,1,0,1,0,1,0,1
200600006207,6,2,18,1945,3,1,2,6,4851600,-324400,3,2,2,0,2,2,0,66,2,0,3,0,0,1,1,0,1
200600006209,6,2,6,1715,1,1,1,1,4808900,-439400,3,2,2,0,0,1,0,60,1,0,1,0,0,0,2,0,1
200600006210,6,2,3,1930,3,2,1,3,4824100,-408200,3,2,2,0,0,1,0,97,1,0,1,0,0,0,2,0,1
200600006211,6,2,10,1100,1,1,1,2,4817500,-423100,3,2,0,0,2,1,0,70,1,0,1,0,1,0,2,0,1
200600006212,6,2,13,730,3,1,1,6,4820400,-411200,4,2,2,0,2,2,0,60,1,0,3,0,0,0,1,0,1
200600006219,6,2,19,1700,1,1,8,2,4771800,-219000,3,3,1,0,1,1,0,66,1,0,1,0,1,0,0,1,1
200600006222,6,2,27,1130,1,8,1,1,4773000,-303700,4,2,2,0,2,2,0,60,1,4,1,0,1,1,0,0,1
200600006227,6,2,7,2215,5,6,1,6,4807800,-296100,3,2,2,0,1,3,0,66,1,0,4,0,0,0,2,2,1
200600006228,6,2,8,1800,1,1,1,1,4802600,-294800,4,2,2,0,2,3,0,52,1,0,1,0,1,0,2,0,1
200600006229,6,2,16,1500,1,9,2,6,4805700,-295800,5,1,1,0,1,1,0,42,2,0,1,0,1,0,0,1,1
200600006234,6,2,10,1530,1,1,1,7,4910200,-34600,4,2,2,0,2,3,0,69,1,0,1,0,0,0,1,1,1
200600006236,6,2,10,1930,3,1,1,1,4922800,-22700,3,2,0,0,4,1,0,60,1,0,1,0,0,2,3,0,1
200600006237,6,2,6,1900,3,1,1,1,4927700,-64200,3,2,2,0,1,3,0,65,1,0,1,0,0,0,2,0,1
200600006241,6,2,6,630,3,1,5,6,4920900,-12100,2,2,0,0,1,1,0,0,1,0,3,0,0,0,0,1,1
200600006243,6,2,4,115,3,1,1,6,4894100,-80200,3,4,3,0,2,1,0,105,0,0,3,0,1,0,1,0,1
200600006244,6,2,6,1715,1,1,8,3,4901700,-62300,3,2,0,0,1,3,0,71,2,0,1,0,3,0,1,0,1
200600006246,6,2,1,1045,1,2,8,3,4930300,-118900,2,2,2,0,1,1,0,0,1,0,1,0,1,1,0,0,1
200600006247,6,2,16,1745,1,1,1,6,4915600,-119700,3,2,2,0,1,3,0,40,1,0,1,0,1,0,1,0,1
200600006253,6,2,1,745,3,1,1,1,4903000,-142300,3,2,2,0,1,1,0,60,1,0,1,0,1,0,1,0,1
200600006254,6,2,8,1415,1,1,1,7,4904100,-147300,3,2,2,0,1,1,0,0,6,0,3,0,1,0,0,1,1
200600006256,6,2,20,800,2,1,2,2,4886900,-154300,3,2,2,0,1,1,0,70,2,0,1,0,3,0,1,0,1
200600006258,6,2,21,1100,1,1,1,1,4858800,-92300,3,2,2,0,2,2,0,54,2,0,1,0,1,0,1,0,1
200600006259,6,2,25,1700,1,1,2,7,4858400,-84500,3,2,2,0,1,2,0,54,2,0,1,0,0,0,0,1,1
200600006262,6,2,5,2115,3,1,1,1,4870900,22700,2,2,2,0,2,4,0,72,1,4,1,0,0,0,1,2,1
200600006269,6,2,28,1345,1,1,2,3,4727200,-148400,2,3,4,0,1,1,0,0,2,5,1,0,1,0,1,0,1
200600006271,6,2,2,1915,5,1,1,7,4692900,-152900,3,2,2,0,1,1,0,58,1,0,1,0,0,0,1,0,1
200600006275,6,2,11,1130,1,1,1,1,4739900,-117900,9,2,2,0,2,2,0,32,1,0,1,0,0,0,1,1,1
200600006278,6,2,16,1800,2,1,8,1,4739000,-138900,3,2,2,0,1,1,0,62,2,0,1,0,1,1,0,0,1
200600006279,6,2,23,1245,1,1,1,6,4776000,-147000,3,2,2,0,1,1,0,73,1,5,1,0,1,0,0,1,1
200600006281,6,2,19,1745,3,1,2,6,4762900,-194900,3,2,0,0,1,1,0,57,2,0,3,0,1,0,1,0,1
200600006282,6,2,3,730,5,1,1,6,4756000,-153000,3,2,0,0,1,1,0,60,1,5,1,0,1,0,1,0,1
200600006283,6,2,1,1910,5,9,1,7,4742000,-165000,6,0,0,0,0,1,0,0,1,0,0,0,1,0,1,0,1
200600006287,6,2,16,1545,1,1,8,3,4711600,-202000,3,2,2,0,1,1,0,0,1,0,1,0,2,0,0,2,1
200600006288,6,2,17,1415,1,1,1,6,4712700,-170500,3,2,0,0,1,2,0,0,2,0,1,0,0,0,1,0,1
200600006292,6,2,28,1145,1,1,2,6,4727800,-170700,3,2,2,0,1,1,0,60,2,0,3,0,2,0,1,0,1
200600006295,6,2,10,1030,1,6,1,6,4744100,-22100,4,2,0,0,1,1,0,84,1,0,1,0,1,0,1,0,1
200600006296,6,2,6,830,1,1,5,5,4737600,-57500,3,2,2,0,1,1,0,68,1,0,1,0,2,0,2,0,1
200600006297,6,2,11,400,3,1,1,7,4736000,-45000,3,3,2,0,2,3,20,70,1,0,3,0,0,0,1,0,1
200600006298,6,2,11,2300,3,1,1,6,4747000,-37000,2,2,0,0,1,1,0,70,1,0,1,0,0,0,1,0,1
200600006299,6,2,13,630,3,1,1,1,4747400,-37100,2,2,2,0,1,1,0,72,1,0,1,0,0,0,2,0,1
200600006300,6,2,28,1845,2,1,1,5,4753000,-42000,2,4,3,0,1,1,0,107,1,0,1,0,1,1,2,0,1
200600006301,6,2,1,1045,1,1,5,4,4720500,-92200,3,2,2,0,0,1,0,90,1,0,1,0,1,0,2,0,1
200600006302,6,2,3,1130,1,1,1,1,4725700,-89700,6,1,0,0,2,1,0,90,1,0,0,0,1,0,1,0,1
200600006303,6,2,4,445,5,1,1,6,4718900,-69400,3,2,0,0,1,1,0,59,1,0,1,0,1,0,1,0,1
200600006304,6,2,27,545,3,1,8,6,4720700,-83600,3,2,2,1,2,1,0,90,1,0,1,0,1,0,0,1,1
200600006308,6,2,27,1230,1,2,1,3,4758400,-2000,3,2,2,0,2,1,0,49,1,0,1,0,1,0,2,1,1
200600006311,6,2,23,815,1,1,1,6,4740000,-13200,2,2,2,0,1,1,0,70,1,0,1,0,0,1,0,0,1
200600006312,6,2,27,1730,1,1,1,1,4738600,-5700,4,2,1,0,1,0,0,28,1,0,1,0,0,0,0,1,1
200600006316,6,2,8,1145,1,1,1,6,4763100,-71300,4,0,0,0,1,0,0,82,1,0,0,0,0,0,0,1,1
200600006317,6,2,26,600,3,1,1,6,4748000,-70900,3,2,0,0,1,1,0,0,1,0,1,0,1,0,1,0,1
200600006318,6,2,9,930,1,1,1,1,4760400,-48100,3,2,0,0,1,1,0,63,1,0,1,0,0,1,3,0,1
200600006319,6,2,23,1730,1,1,1,6,4770300,-53600,3,2,0,0,0,1,0,60,1,0,1,0,0,0,1,0,1
200600006321,6,2,16,530,3,1,2,1,4797700,-59400,3,2,2,0,1,1,0,75,2,0,1,0,1,1,0,0,1
200600006323,6,2,15,1545,1,2,8,3,4829300,-65300,3,2,2,0,1,1,0,55,2,5,1,0,1,0,1,0,1
200600006324,6,2,27,1445,1,1,1,2,4828200,-52600,3,2,2,0,1,1,0,63,1,0,1,0,0,0,1,1,1
200600006328,6,2,19,2145,3,6,1,6,4801600,31900,2,0,0,0,3,3,0,0,2,3,1,0,0,1,0,0,1
200600006329,6,2,9,1145,1,1,1,5,4808100,29900,3,2,2,0,1,1,0,71,1,0,1,0,3,0,1,1,1
200600006331,6,2,14,1215,1,1,2,5,4796100,9100,4,2,1,0,1,1,0,0,2,0,1,0,2,0,1,0,1
200600006332,6,2,14,745,2,1,1,1,4803800,7700,3,2,2,0,1,3,0,0,1,0,1,0,1,0,1,0,1
200600006336,6,2,13,2030,3,1,1,5,4810000,57000,2,2,3,0,1,1,0,93,1,0,1,0,1,0,1,2,1
200600006337,6,2,17,900,1,1,1,6,4814000,69000,3,2,2,0,4,1,0,0,2,0,3,0,0,0,1,0,1
200600006338,6,2,14,1400,1,1,1,6,4834000,-600,3,2,0,0,1,3,0,50,1,0,1,0,0,0,1,0,1
200600006341,6,2,9,745,1,1,5,1,4687800,-125800,3,2,2,0,1,1,0,50,7,0,1,0,0,0,1,1,1
200600006342,6,2,10,2345,3,1,1,1,4666400,-111500,3,2,0,0,2,1,0,0,1,0,1,0,0,0,1,5,1
200600006351,6,2,21,2145,3,1,1,6,4637200,-87300,3,2,2,0,1,1,0,76,1,0,2,0,2,0,1,0,1
200600006352,6,2,1,1015,1,9,5,3,4664400,-73700,3,2,2,0,1,1,0,68,2,5,1,0,1,1,0,0,1
200600006364,6,2,25,210,3,1,1,6,4517400,-59300,2,2,1,0,1,1,0,76,1,0,3,0,3,0,1,0,1
200600006365,6,2,28,1320,1,1,1,3,4515700,-59800,2,2,2,0,1,1,0,63,1,0,1,0,1,0,2,0,1
200600006366,6,2,9,1145,1,1,1,7,4488300,-38500,2,3,0,0,2,1,0,190,1,0,1,0,0,0,1,0,1
200600006367,6,2,14,845,1,1,1,6,4471600,-32500,3,2,0,0,0,2,0,0,0,0,0,0,0,0,1,0,1
200600006368,6,2,10,1600,1,1,1,3,4483100,-44300,6,0,0,0,1,0,0,0,0,0,1,0,1,0,1,0,1
200600006369,6,2,9,2115,3,1,1,6,4500400,-45900,3,2,2,0,0,1,62,0,1,0,3,0,1,0,1,0,1
200600006370,6,2,10,745,1,6,1,3,4455400,-24400,2,2,2,0,0,0,0,0,1,5,1,0,1,0,1,0,1
200600006372,6,2,1,1900,2,1,5,7,4521700,-87500,3,2,2,0,0,2,0,60,1,0,3,0,0,0,2,0,1