Num_Acc,an,mois,jour,hrmn,lum,int,atm,col,lat,long,catr,circ,nbv,vosp,prof,plan,lartpc,larrout,surf,infra,situ,env1,unscathed,killed,hospital,light,chance
200600006374,6,2,2,315,3,1,1,6,4497400,-14500,3,2,2,0,1,4,0,50,1,0,3,0,0,1,0,0,1
200600006375,6,2,27,715,2,1,1,7,4510400,-400,3,2,2,0,0,0,0,0,0,0,0,0,0,0,1,0,1
200600006382,6,2,11,1100,1,1,1,6,4554000,102000,3,2,2,0,2,1,0,53,0,0,3,0,0,0,1,0,1
200600006383,6,2,10,1630,1,2,7,3,4502900,16100,3,2,2,0,1,1,0,0,1,5,1,0,2,0,1,0,1
200600006386,6,2,3,1030,1,1,2,7,4506700,116500,3,2,0,0,2,3,0,70,2,0,1,0,0,0,1,0,1
200600006391,6,2,8,1730,1,1,1,3,4354800,-110100,2,2,3,0,1,1,0,0,1,0,1,0,1,0,0,2,1
200600006392,6,2,10,1145,1,1,1,6,4351100,-112000,4,0,1,0,1,1,0,50,1,0,1,0,1,0,1,1,1
200600006393,6,2,11,1,3,1,1,6,4354200,-93200,2,2,2,0,1,1,0,74,1,0,3,0,0,1,0,0,1
200600006395,6,2,27,500,5,1,1,6,4366200,-143800,4,0,2,0,0,0,0,0,0,0,0,0,0,0,1,0,1
200600006396,6,2,8,1430,1,1,1,3,4352500,-142200,2,2,2,0,0,2,0,80,1,0,1,0,1,0,1,4,1
200600006400,6,2,20,1200,1,1,1,3,4397100,-31200,3,2,2,0,2,1,0,70,1,0,1,0,1,0,0,1,1
200600006403,6,2,22,1530,1,1,1,3,4413800,65700,4,2,2,0,1,1,0,37,1,0,0,0,1,0,1,0,1
200600006405,6,2,10,900,1,1,7,4,4425200,41100,3,2,2,0,1,3,0,76,1,0,1,0,1,0,0,3,1
200600006406,6,2,15,730,1,1,5,1,4429000,81300,3,2,2,0,1,1,0,58,1,0,1,0,3,0,0,1,1
200600006407,6,2,3,1315,1,3,8,3,4444500,25000,2,2,2,0,1,2,0,75,1,0,1,0,0,0,2,1,1
200600006408,6,2,11,245,3,1,1,7,4447200,20700,2,2,2,0,0,1,0,70,1,0,3,0,0,0,1,0,1
200600006409,6,2,24,2030,3,1,1,1,4446600,21900,2,2,0,0,1,1,0,75,1,0,1,0,1,0,1,0,1
200600006413,6,2,13,2030,3,1,1,4,4440300,105400,3,2,2,0,1,1,0,58,1,5,1,0,3,0,1,0,1
200600006414,6,2,3,600,3,1,1,7,4443800,53800,3,3,0,0,2,1,0,60,1,0,3,0,0,0,1,0,1
200600006422,6,2,8,2000,5,1,9,1,4349900,-129800,3,2,2,0,1,3,57,0,7,0,1,0,1,0,1,0,1
200600006429,6,2,11,2100,5,1,1,6,4661300,60400,3,2,0,0,0,1,0,59,1,0,1,0,0,0,1,1,1
200600006430,6,2,25,1700,1,1,1,2,4656900,59100,2,2,0,0,1,1,0,70,1,0,1,0,2,0,1,1,1
200600006444,6,2,18,1630,1,1,2,7,4575000,30800,9,2,2,0,4,2,0,49,2,0,1,0,0,0,1,0,1
200600006448,6,2,24,1345,1,2,1,1,4613100,-98300,3,2,0,0,1,1,0,60,1,5,1,0,1,0,1,0,1
200600006450,6,2,9,745,2,1,5,1,4582800,-106300,3,2,2,0,1,1,0,70,2,0,1,0,1,0,1,0,1
200600006457,6,2,22,1400,1,1,1,3,4569100,-67200,3,2,2,0,1,1,0,60,1,0,1,0,1,0,0,1,1
200600006461,6,2,2,1900,3,3,1,1,4587600,-35000,3,2,2,0,1,2,0,61,1,0,0,0,0,0,1,2,1
200600006462,6,2,25,1245,1,1,1,1,4580600,-46700,9,2,0,0,1,1,0,30,1,0,1,0,0,0,1,1,1
200600006463,6,2,9,1400,1,1,1,7,4660400,-49300,3,2,0,0,1,3,0,40,1,0,0,0,0,0,1,0,1
200600006465,6,2,14,1730,1,1,1,3,4636900,-30500,3,2,2,0,2,1,0,55,1,0,1,0,1,0,1,1,1
200600006466,6,2,25,1315,1,1,1,2,4641600,-19800,3,2,2,0,1,1,0,60,1,0,1,0,1,0,1,0,1
200600006473,6,2,22,730,5,6,2,6,4665000,-24800,4,1,0,0,2,2,70,32,2,5,1,0,1,0,0,1,1
200600006474,6,2,18,1630,1,1,1,6,4577900,121400,3,2,2,0,2,1,0,65,1,0,1,0,0,0,1,0,1
200600006475,6,2,26,1445,1,1,1,3,4599100,132900,3,2,2,0,1,1,0,80,1,0,1,0,0,0,1,1,1
200600006476,6,2,9,2100,3,1,1,7,4567200,156100,3,2,2,0,0,2,0,0,0,0,3,0,0,0,2,0,1
200600006477,6,2,1,1445,1,1,1,6,4604700,112300,2,2,2,0,0,1,0,76,1,0,1,0,1,0,1,0,1
200600006478,6,2,3,730,2,1,1,7,4599500,115400,2,2,2,0,1,1,0,78,1,0,3,0,0,1,0,0,1
200600006483,6,2,23,1600,1,2,1,2,4509800,199400,3,2,0,0,2,1,0,70,1,0,1,0,1,0,1,0,1
200600006484,6,2,24,1500,1,1,1,6,4533900,191200,2,2,2,0,0,0,0,40,0,0,1,0,0,0,1,0,1
200600006488,6,2,16,1300,1,1,2,6,4551600,243800,3,2,2,0,1,2,0,400,2,0,3,0,0,1,0,0,1
200600006489,6,2,25,2130,3,1,1,6,4621700,202100,3,2,2,0,1,1,0,56,1,0,3,0,4,0,1,0,1
200600006490,6,2,12,1615,1,9,1,3,4624000,149000,3,2,2,0,2,1,0,60,1,5,1,0,3,0,0,2,1
200600006491,6,2,22,845,1,1,1,6,4603600,226700,3,0,0,0,0,0,0,42,0,0,0,0,0,0,1,0,1
200600006492,6,2,6,2000,3,1,8,7,4581400,235400,3,2,1,0,1,1,0,60,2,0,3,0,0,0,0,1,1
200600006493,6,2,14,1615,1,1,1,2,4624000,232000,2,2,2,0,3,1,0,80,1,0,1,0,1,0,1,0,1
200600006494,6,2,28,2315,3,9,4,2,4628400,239500,2,2,2,0,1,1,0,115,7,3,1,0,1,2,2,0,1
200600006497,6,2,10,730,2,3,1,3,4359300,158300,2,2,3,3,2,1,12,97,1,5,1,0,0,0,2,0,1
200600006498,6,2,15,2030,5,1,3,6,4378800,134700,5,2,2,0,1,1,0,76,2,0,1,0,0,1,0,0,1
200600006500,6,2,16,830,1,1,2,7,4371900,123500,3,2,2,0,1,1,0,49,2,0,1,0,0,0,1,1,1
200600006501,6,2,13,1405,1,1,1,6,4360100,127800,3,2,0,0,1,1,0,58,1,2,3,0,0,0,0,1,1
200600006502,6,2,26,1900,3,3,1,3,4363800,123500,3,2,2,0,3,1,0,55,1,5,1,0,1,0,1,0,1
200600006504,6,2,3,1145,1,1,1,5,4373000,141000,3,2,2,0,1,2,0,70,1,0,1,0,2,0,1,0,1
200600006509,6,2,5,2300,3,1,1,6,4323900,137400,3,0,2,0,0,1,0,62,1,0,1,0,0,0,1,0,1
200600006510,6,2,11,445,3,1,1,6,4336800,120200,3,2,0,0,1,1,0,46,1,0,1,0,0,0,1,0,1
200600006511,6,2,19,400,5,1,1,6,4320600,101700,2,2,2,0,1,3,0,58,1,0,1,0,0,1,0,0,1
200600006513,6,2,25,1500,1,1,1,3,4284500,60600,3,2,3,0,2,2,0,134,1,0,1,0,2,0,1,0,1
200600006515,6,2,9,945,1,1,1,6,4305000,83000,3,2,1,0,1,2,0,59,1,0,3,3,0,0,1,0,1
200600006516,6,2,2,1530,1,1,1,1,4356100,157300,3,2,2,0,1,1,0,52,1,0,1,0,1,0,1,0,1
200600006517,6,2,7,1645,1,3,1,3,4346800,156800,2,2,2,0,0,1,0,70,1,5,1,0,1,0,1,1,1
200600006518,6,2,11,1400,1,1,7,3,4350600,161800,3,2,2,0,1,1,0,90,1,5,1,0,0,0,2,0,1
200600006519,6,2,26,215,5,2,1,3,4345200,159700,2,2,2,0,1,2,0,60,1,5,1,0,0,0,1,3,1
200600006521,6,2,8,1845,5,2,1,3,4310500,139100,3,2,0,0,1,1,0,80,1,5,1,0,0,0,0,2,1
200600006522,6,2,14,1100,1,3,1,1,4317000,141700,3,2,2,0,1,1,0,60,1,0,1,0,1,0,1,0,1
200600006524,6,2,10,1630,1,1,7,1,4299200,190800,3,2,2,0,0,1,0,62,1,0,1,0,1,0,1,0,1
200600006526,6,2,18,1730,1,1,1,6,4297200,187300,3,2,0,0,0,3,0,60,1,0,1,0,1,0,1,0,1
200600006528,6,2,18,50,3,1,8,6,4437000,287200,2,2,2,0,1,1,0,75,2,0,1,0,1,1,0,0,1
200600006529,6,2,28,1945,3,1,2,1,4444700,270700,3,2,2,0,4,3,0,76,2,0,1,0,1,0,1,0,1
200600006533,6,2,20,2045,3,1,2,5,4435000,298500,2,2,2,0,2,2,0,76,2,0,3,0,2,2,2,0,1
200600006539,6,2,9,745,2,9,2,3,4395900,38800,3,2,2,0,3,1,0,63,2,0,1,0,1,0,0,1,1
200600006541,6,2,15,1315,1,1,2,7,4385100,24000,3,2,2,0,1,3,0,62,1,0,3,0,0,0,0,1,1
200600006542,6,2,28,1600,1,1,1,7,4376100,-3600,2,2,2,0,1,1,0,64,1,0,4,0,2,0,1,0,1
200600006545,6,2,9,1830,2,1,1,6,4355200,47200,2,2,0,0,1,3,0,70,2,0,3,0,0,0,1,0,1
200600006546,6,2,26,1545,1,2,1,3,4338300,71300,3,2,2,0,1,1,0,60,1,0,1,0,0,0,2,0,1
200600006548,6,2,10,1615,1,1,1,7,4427800,144700,4,2,1,0,2,2,0,0,9,0,1,0,0,0,1,0,1
200600006552,6,2,6,2000,5,1,1,1,4319700,9100,3,2,2,0,0,1,0,57,1,0,1,0,0,0,2,0,1
200600006554,6,2,25,1700,1,1,1,1,4294000,20000,3,2,2,0,2,3,0,61,1,1,1,0,0,0,0,2,1
200600006557,6,2,12,1515,1,1,1,6,4367700,180700,3,2,2,0,2,2,0,56,1,0,3,0,0,0,1,0,1
200600006559,6,2,14,1100,1,1,1,3,4396400,187100,3,2,2,0,1,3,0,63,1,5,1,0,1,0,1,0,1
200600006560,6,2,25,1030,1,1,1,3,4391900,169300,3,2,3,0,0,1,0,101,1,5,0,0,2,1,0,0,1
200600006561,6,2,5,530,3,1,1,1,4351700,232500,2,2,1,0,1,1,0,70,1,0,1,0,1,0,0,1,1
200600006562,6,2,5,540,3,1,1,1,4351700,232800,2,2,1,0,1,1,0,70,1,0,1,0,2,0,0,1,1
200600006563,6,2,18,1615,1,1,1,5,4352200,230800,2,2,2,0,1,1,0,70,1,0,1,0,5,0,1,0,1
200600006566,6,2,5,415,3,1,1,6,4433300,95600,3,2,2,0,1,1,0,0,1,0,3,0,0,0,0,1,1
200600006568,6,2,10,1800,1,1,1,1,4396500,124200,3,2,2,0,1,1,0,76,1,0,1,0,1,0,1,0,1
200600006569,6,2,16,615,3,2,1,3,4393100,122200,2,2,2,0,0,1,70,0,1,0,1,0,1,0,2,0,1
200600006576,6,2,3,1530,1,1,1,3,4571900,515600,3,2,2,0,1,1,0,60,1,0,1,0,1,0,1,0,1
200600006586,6,2,15,1545,1,1,2,3,4611200,475100,3,2,0,0,1,1,0,0,2,0,1,0,1,0,0,1,1
200600006587,6,2,24,1900,5,1,1,6,4606500,472700,3,2,0,0,0,1,0,60,1,0,1,0,0,0,0,1,1
200600006588,6,2,6,1930,3,1,1,1,4592000,461600,3,2,2,0,1,2,0,0,1,0,1,0,1,0,2,0,1
200600006600,6,2,1,1830,3,1,1,1,4625500,611400,3,2,2,0,1,1,0,71,1,0,1,0,1,0,2,0,1
200600006605,6,2,10,2045,3,1,9,5,4601000,475200,3,2,0,0,1,1,0,0,7,0,1,0,1,0,3,0,1
200600006606,6,2,22,45,5,1,1,1,4430500,457200,4,0,2,0,1,2,0,60,1,0,1,0,1,0,3,0,1
200600006610,6,2,2,1230,1,1,1,3,4440900,412900,3,2,2,0,1,1,0,190,2,5,1,0,1,0,0,1,1
200600006612,6,2,10,1815,3,1,1,1,4501000,483000,2,2,2,0,1,2,0,97,1,0,1,0,0,0,2,0,1
200600006615,6,2,15,930,1,1,2,6,4516200,463000,3,2,2,0,1,3,0,72,8,0,3,0,0,0,2,0,1
200600006618,6,2,11,1715,2,2,1,3,4486000,492200,3,2,2,0,1,1,0,56,1,0,1,0,1,0,1,0,1
200600006623,6,2,21,1430,1,1,1,3,4533000,498500,3,2,2,0,1,1,0,74,1,0,1,0,7,0,1,0,1
200600006624,6,2,7,830,1,1,8,2,4506000,524000,2,2,0,0,1,3,0,71,1,0,1,0,1,0,1,0,1
200600006628,6,2,14,1715,1,1,1,1,4512800,570100,2,2,2,0,1,1,0,200,1,5,1,3,1,0,1,0,1
200600006632,6,2,11,545,5,1,9,3,4516000,532400,9,2,2,0,2,1,0,62,0,0,1,0,1,0,1,0,1
200600006633,6,2,6,700,1,1,9,1,4534100,548400,3,2,2,0,2,3,0,70,7,0,3,0,1,0,1,0,1
200600006634,6,2,11,1845,3,1,1,6,4534500,543100,3,2,2,0,1,1,0,60,1,0,3,0,0,0,1,0,1
200600006635,6,2,25,15,3,1,1,6,4541800,554200,4,2,1,0,0,0,0,33,1,0,3,0,0,0,1,0,1
200600006638,6,2,17,1700,1,1,1,7,4569000,528600,3,2,2,0,1,2,0,68,1,0,3,0,0,1,1,0,1
200600006639,6,2,16,1345,1,1,2,1,4583600,532300,3,2,2,0,1,3,0,67,2,0,1,0,0,0,2,0,1
200600006640,6,2,21,1915,3,1,1,5,4586800,538500,2,2,2,0,0,1,0,70,1,0,1,0,2,0,1,0,1
200600006641,6,2,23,1700,1,6,1,6,4581200,540300,2,2,0,0,0,0,0,0,0,0,3,0,0,0,0,1,1
200600006642,6,2,7,1600,1,1,2,3,4570000,550400,3,2,2,0,3,4,60,0,2,0,0,0,1,0,0,1,1
200600006643,6,2,8,1930,3,1,2,2,4559300,561100,3,2,2,0,1,1,0,0,2,0,1,0,1,0,0,1,1
200600006645,6,2,15,745,1,3,1,3,4550900,491200,3,2,2,0,3,1,0,0,1,0,1,0,1,0,0,1,1
200600006652,6,2,9,1100,1,1,2,7,4538900,486900,4,2,0,0,1,1,0,62,2,0,0,0,0,1,0,0,1
200600006653,6,2,20,945,1,1,1,1,4531600,481000,2,2,3,0,1,1,0,0,2,0,1,0,0,3,2,0,1
200600006654,6,2,1,1200,1,9,1,5,4564400,508900,3,2,2,0,0,2,0,70,1,0,1,0,0,0,2,1,1
200600006656,6,2,27,1900,3,1,1,1,4565100,511200,3,2,2,0,1,1,0,100,1,0,1,0,1,0,1,2,1
200600006657,6,2,27,1200,1,1,1,1,4534000,440100,3,2,2,0,0,1,0,55,1,0,1,0,2,0,0,1,1
200600006660,6,2,12,100,5,1,1,1,4554700,417800,3,2,2,0,1,2,0,74,1,0,1,0,1,0,2,1,1
200600006663,6,2,18,1230,1,1,1,7,4538400,411100,3,2,2,0,1,1,0,61,1,0,1,0,0,0,1,0,1
200600006664,6,2,24,1545,1,1,8,7,4543400,399200,3,2,2,0,0,0,0,60,0,0,0,0,0,0,1,0,1
200600006666,6,2,4,1845,5,1,1,3,4549000,457600,3,2,1,0,1,1,0,90,1,0,1,0,0,0,0,3,1
200600006674,6,2,1,2030,3,1,1,7,4560500,571300,3,2,2,0,2,4,0,67,1,0,1,0,1,0,1,0,1
200600006675,6,2,20,1600,1,1,1,1,4552300,585400,2,2,2,0,1,0,0,73,1,0,1,0,1,0,2,0,1
200600006676,6,2,22,1515,1,1,1,1,4544200,575700,2,2,2,0,0,1,0,70,1,0,1,0,1,0,1,0,1
200600006677,6,2,3,1300,1,1,1,3,4575500,641300,4,2,2,0,2,1,0,71,1,0,1,0,1,0,1,0,1
200600006686,6,2,8,1815,3,1,2,1,4590200,622000,3,2,3,0,1,1,27,71,2,0,1,0,0,0,2,0,1
200600006690,6,2,10,1630,1,1,1,2,4607700,656800,3,2,2,1,1,1,0,0,1,0,1,0,1,0,1,1,1
200600006691,6,2,17,2300,5,1,4,4,4604900,662300,3,2,2,0,2,2,0,64,5,0,1,0,8,0,1,0,1
200600006695,6,2,16,1700,1,2,8,3,4607600,630700,4,1,1,0,1,1,0,80,2,5,1,0,1,0,1,0,1
200600006699,6,2,15,1045,1,1,1,6,4611200,597000,2,2,2,0,1,1,0,65,1,5,4,3,0,1,0,0,1
200600006700,6,2,5,1645,1,1,1,3,4628600,625600,2,2,2,0,0,3,0,74,1,0,1,0,1,0,2,1,1
200600006709,6,2,17,1800,1,1,2,7,4555300,316300,3,2,2,0,1,3,0,0,2,0,3,0,0,1,0,0,1
200600006710,6,2,19,1700,1,3,2,3,4555300,325100,9,2,2,0,1,1,0,65,2,0,1,0,3,0,0,1,1
200600006711,6,2,27,1645,1,1,1,1,4552500,277200,3,0,2,0,2,4,0,80,1,0,1,0,4,0,1,1,1
200600006713,6,2,28,1900,3,1,4,1,4601300,317200,3,2,2,0,1,3,0,62,5,0,1,0,1,0,0,3,1
200600006714,6,2,5,2015,5,1,1,6,4583000,336800,2,2,2,0,1,1,0,75,1,0,3,0,0,0,1,0,1
200600006715,6,2,19,2000,3,9,1,7,4586000,334700,3,2,0,0,1,2,0,56,1,0,3,0,0,0,1,0,1
200600006716,6,2,19,410,3,1,1,1,4592500,334200,3,2,2,0,1,1,0,50,9,0,1,0,4,0,0,1,1
200600006718,6,2,17,2030,5,1,2,1,4638400,247700,3,2,2,0,1,2,0,56,2,0,1,0,0,0,3,0,1
200600006720,6,2,8,1630,1,1,2,1,4608200,344200,3,2,2,0,0,2,0,0,2,0,1,0,1,0,1,0,1
200600006721,6,2,4,30,3,1,1,7,4608000,325700,3,2,0,0,1,3,0,0,1,0,1,0,0,0,2,0,1
200600006722,6,2,17,730,1,1,1,1,4611000,310000,3,2,2,0,1,1,0,60,1,0,1,0,0,0,1,2,1
200600006725,6,2,12,545,3,1,1,6,4484800,213900,3,2,2,0,1,2,0,50,1,0,0,0,0,1,2,0,1
200600006727,6,2,21,1745,1,1,1,7,4499800,386900,2,2,1,0,2,1,0,78,1,5,3,0,0,0,1,1,1
200600006728,6,2,10,1900,3,1,9,6,4483000,386000,2,2,2,0,1,1,0,73,5,0,3,0,0,0,1,0,1
200600006729,6,2,10,2130,3,1,6,6,4483400,386600,2,2,2,0,0,1,0,60,5,0,1,0,0,0,1,0,1
200600006731,6,2,21,1100,1,1,1,7,4485000,385000,3,2,0,0,0,3,0,55,5,0,0,0,0,1,1,0,1
200600006733,6,2,24,1515,1,1,1,1,4512800,400100,3,2,2,0,2,3,0,56,1,0,1,0,1,1,0,0,1
200600006736,6,2,16,1545,1,1,7,6,4533500,384700,3,2,2,0,1,2,0,70,1,6,1,0,1,0,1,0,1
200600006737,6,2,2,1100,1,2,1,3,4509000,363000,3,2,2,0,0,1,0,0,1,0,0,0,1,0,0,2,1
200600006738,6,2,8,815,1,1,1,1,4537700,329200,2,0,2,0,1,1,0,71,1,0,1,0,0,1,1,0,1
200600006739,6,2,14,1530,1,1,1,1,4537700,334900,3,2,2,0,1,4,0,64,8,0,1,0,0,0,2,0,1
200600006740,6,2,25,1700,1,1,1,7,4536400,335500,3,2,2,0,1,1,0,0,1,0,3,0,0,0,1,0,1
200600006744,6,2,9,1300,1,1,4,3,4923400,602100,3,2,1,0,1,4,0,0,2,4,1,0,1,0,0,1,1
200600006754,6,2,2,745,2,1,5,1,4881200,668500,3,2,2,0,1,1,0,65,1,0,1,0,0,1,1,0,1
200600006767,6,2,9,45,3,1,9,7,4850800,671000,3,2,2,0,2,3,0,0,7,0,1,0,0,0,0,1,1
200600006772,6,2,19,615,3,1,1,6,4887900,544400,3,2,2,0,2,4,0,54,2,0,0,0,0,1,1,2,1
200600006773,6,2,17,330,3,1,2,7,4926000,566600,2,2,2,0,0,1,0,72,2,0,3,0,1,0,1,0,1
200600006781,6,2,22,1945,3,1,1,3,4821900,602200,3,0,2,0,2,1,0,64,1,0,1,0,1,1,0,0,1
200600006782,6,2,4,715,1,1,1,6,4799100,672300,3,2,2,0,0,1,0,70,1,0,1,0,0,0,1,0,1
200600006784,6,2,2,1615,1,1,1,6,4793500,669800,4,2,0,0,2,4,0,25,9,0,1,0,1,0,1,0,1
200600006785,6,2,20,945,1,7,2,6,4788800,685400,6,0,1,0,1,0,0,80,2,0,1,0,0,0,1,1,1
200600006789,6,2,9,1430,1,1,8,2,4850100,768900,2,3,2,0,0,1,15,84,1,0,1,0,1,0,0,2,1
200600006792,6,2,6,1115,1,1,1,3,4876800,785300,3,2,3,0,1,1,0,106,1,5,1,0,4,0,1,1,1
200600006793,6,2,7,1745,3,1,2,1,4853500,745500,2,3,0,0,1,1,0,70,2,0,1,0,0,0,3,0,1
200600006797,6,2,2,915,1,3,2,3,4891700,741200,3,2,2,0,1,1,0,65,2,5,1,3,1,0,1,1,1
200600006798,6,2,10,1515,3,1,9,7,4884800,719900,3,2,0,0,0,1,0,61,7,0,3,0,0,0,1,0,1
200600006800,6,2,9,600,3,1,9,7,4870300,748100,3,2,0,0,1,4,0,60,7,0,3,0,0,0,1,0,1
200600006802,6,2,1,1215,1,1,8,1,4864400,760600,3,2,0,0,2,1,0,40,1,0,1,0,1,0,1,0,1
200600006804,6,2,24,2145,3,1,1,1,4861600,755400,2,2,3,3,1,1,0,105,1,0,1,0,0,0,3,0,1
200600006805,6,2,5,1630,1,1,1,1,4872900,780300,3,2,0,0,0,1,0,0,2,0,1,0,2,0,1,1,1
200600006807,6,2,18,1545,1,1,1,1,4827100,753600,3,2,2,0,1,0,0,73,1,0,1,0,1,0,1,0,1
200600006808,6,2,25,1200,1,1,1,3,4820000,757000,3,2,2,0,1,4,0,62,1,0,1,0,1,0,1,0,1
200600006809,6,2,27,1415,1,1,7,6,4822400,759000,3,2,2,0,1,1,0,60,1,0,3,0,0,0,1,0,1
200600006810,6,2,8,2300,3,1,9,1,4890200,805000,3,2,2,0,1,2,0,65,7,0,1,0,1,1,0,0,1
200600006811,6,2,22,1800,3,9,1,7,4894000,772000,3,2,2,0,1,1,60,0,9,0,1,0,0,0,1,0,1
200600006812,6,2,23,2100,3,1,1,5,4814600,718000,3,2,0,0,0,1,0,0,1,0,0,0,1,0,1,1,1
200600006813,6,2,3,615,3,1,5,3,4800700,753800,3,2,2,0,1,1,0,0,7,0,1,0,1,0,1,0,1
200600006814,6,2,19,515,3,1,1,7,4802700,751300,2,2,2,0,2,1,0,0,1,2,1,0,1,0,1,0,1
200600006815,6,2,23,2300,5,1,1,1,4808800,748700,3,2,2,0,1,3,0,62,1,0,1,0,2,1,0,0,1
200600006816,6,2,24,1330,1,1,1,1,4818800,733900,3,2,2,0,1,3,0,61,1,0,1,0,0,0,0,2,1
200600006817,6,2,2,1730,2,9,5,1,4809000,731500,4,2,2,0,0,1,0,80,0,0,1,0,2,0,1,0,1
200600006818,6,2,11,1530,1,1,1,1,4807900,724300,3,2,2,0,1,1,0,62,1,0,1,0,1,0,1,0,1
200600006820,6,2,3,1645,1,1,8,1,4765500,726500,3,2,2,0,1,1,0,96,1,0,1,0,0,0,1,4,1
200600006821,6,2,17,1900,5,1,3,6,4766000,727600,3,2,2,0,2,1,0,86,2,5,1,0,1,0,1,0,1
200600006823,6,2,24,1300,1,1,8,6,4750700,742900,3,2,2,0,2,2,0,58,2,0,1,0,0,0,0,1,1
200600006824,6,2,1,715,2,1,5,6,4787600,737400,3,2,2,0,1,2,0,70,2,0,1,0,0,0,1,1,1
200600006825,6,2,24,645,2,1,1,2,4796800,737200,3,2,2,0,1,1,0,70,1,0,1,0,1,0,1,0,1
200600006826,6,2,28,1015,1,1,9,3,4787200,734400,9,2,2,0,1,1,0,72,2,0,1,0,0,0,1,2,1
200600006827,6,2,23,1430,1,1,5,1,4800900,721100,3,2,0,0,2,3,0,51,2,0,0,0,1,0,0,1,1
200600006828,6,2,16,745,1,1,1,3,4777600,736200,3,4,3,2,1,1,0,130,2,0,1,0,1,0,0,1,1
200600006830,6,2,3,1700,1,1,1,1,4762500,755400,3,2,2,0,1,4,0,60,2,0,1,0,0,0,4,0,1
200600006832,6,2,24,1230,1,1,1,1,4781500,710200,4,2,1,0,1,1,0,86,1,0,1,3,1,0,0,1,1
200600006834,6,2,15,1500,2,1,3,1,4899500,424500,3,2,2,0,1,1,72,0,2,0,1,0,1,1,0,0,1
200600006835,6,2,3,1445,1,1,1,3,4873000,390500,3,2,2,0,1,1,0,78,1,0,1,0,1,0,0,1,1
200600006836,6,2,5,1500,1,1,1,1,4874400,414900,2,2,2,0,1,1,0,74,1,0,1,0,0,4,1,0,1
200600006837,6,2,24,2030,5,2,2,3,4887700,353900,3,2,2,0,2,2,0,0,2,5,1,0,1,0,1,0,1
200600006838,6,2,2,730,2,1,8,7,4870100,365000,3,2,2,0,1,1,0,45,7,0,1,0,0,0,1,0,1
200600006839,6,2,6,800,2,2,1,3,4862100,360800,3,2,2,0,1,1,0,121,1,5,1,0,2,0,0,1,1
200600006840,6,2,13,1500,1,1,2,3,4857300,365500,3,2,2,0,3,1,0,60,2,0,1,0,0,0,2,0,1
200600006841,6,2,23,1315,1,1,1,6,4868500,371600,3,2,2,0,2,1,0,70,1,0,1,0,1,0,1,0,1
200600006847,6,2,7,1715,2,1,8,7,4915100,469300,3,2,2,0,1,1,0,60,1,0,3,0,0,0,1,0,1
200600006848,6,2,20,1345,1,1,1,7,4891900,482300,3,2,1,0,4,1,63,60,1,0,3,0,0,0,1,0,1
200600006849,6,2,24,1815,1,1,1,1,4976300,478200,3,2,2,0,2,1,0,49,1,0,1,0,1,1,0,0,1
200600006851,6,2,9,1145,1,1,4,6,4995300,465000,3,2,2,0,1,2,0,80,5,0,1,0,1,0,1,0,1
200600006854,6,2,2,830,1,1,5,1,4935300,437500,3,2,2,0,1,3,0,64,7,0,1,0,1,0,1,0,1
200600006855,6,2,12,5,3,1,1,7,4944200,417300,3,2,2,0,1,2,0,53,1,0,3,0,0,1,0,0,1
200600006856,6,2,11,1545,1,1,1,1,4953100,429800,3,2,0,0,1,1,0,60,1,0,1,0,1,0,0,1,1
200600006857,6,2,21,2055,5,1,1,2,4953000,447700,3,2,2,0,1,1,0,77,1,0,1,0,1,0,1,0,1
200600006858,6,2,20,2215,5,1,2,6,4866600,422000,3,2,0,0,0,2,0,0,2,0,0,0,0,1,1,0,1
200600006860,6,2,1,700,3,1,9,3,4824000,444000,2,2,0,0,1,1,0,76,1,0,1,0,2,0,1,0,1
200600006862,6,2,15,930,1,1,3,3,4840600,375100,3,2,2,0,1,1,64,64,2,0,1,0,0,1,1,0,1
200600006863,6,2,17,1915,5,1,1,3,4859000,354700,3,2,0,3,1,1,65,35,1,5,1,0,3,0,1,0,1
200600006865,6,2,9,1000,1,1,4,6,4803800,521200,3,2,2,0,2,2,0,43,5,0,1,0,0,0,1,0,1
200600006866,6,2,11,300,3,1,9,6,4810400,494600,3,2,0,0,1,1,59,0,7,0,3,0,0,0,1,0,1
200600006867,6,2,5,2230,3,1,1,6,4824500,560900,3,0,2,0,0,1,0,68,2,0,3,0,0,0,1,0,1
200600006869,6,2,19,315,3,1,1,7,4824600,511900,2,3,4,0,0,1,74,0,1,0,3,0,0,0,1,0,1
200600006872,6,2,10,1830,3,1,1,5,4854800,483200,3,2,2,0,3,1,0,69,1,0,1,0,3,0,3,0,1
200600006873,6,2,11,500,5,1,2,6,4859400,486500,3,2,2,0,1,3,0,62,2,0,4,0,2,0,0,1,1
200600006876,6,2,21,1500,1,1,4,4,4708300,476400,1,2,2,0,2,2,20,80,5,0,1,0,3,0,2,0,1
200600006877,6,2,13,930,1,1,4,3,4727000,513200,3,2,2,0,1,1,0,75,2,2,1,0,1,1,0,0,1
200600006878,6,2,17,1600,1,3,1,3,4721900,517900,3,2,2,0,0,1,0,0,2,0,1,0,1,0,1,2,1
200600006880,6,2,20,245,3,1,2,6,4730500,528800,3,2,2,0,1,1,0,0,2,0,1,0,0,1,0,0,1