Num_Acc,an,mois,jour,hrmn,lum,int,atm,col,lat,long,catr,circ,nbv,vosp,prof,plan,lartpc,larrout,surf,infra,situ,env1,unscathed,killed,hospital,light,chance
200600006881,6,2,14,715,2,1,5,7,4749700,520900,3,2,2,0,1,1,0,61,2,0,3,0,0,0,1,0,1
200600006882,6,2,12,700,2,1,1,3,4737400,473900,3,2,2,0,1,1,0,95,1,0,4,0,2,0,1,0,1
200600006883,6,2,24,850,1,1,1,3,4704500,490700,3,2,0,0,0,0,0,100,1,5,0,0,0,0,2,0,1
200600006884,6,2,11,1915,5,3,1,1,4711100,525900,3,2,2,0,1,1,0,60,1,5,1,0,1,1,1,0,1
200600006885,6,2,9,545,3,1,8,7,4792900,452800,3,2,2,0,1,3,0,52,7,2,3,0,0,1,0,0,1
200600006887,6,2,23,1145,1,1,1,1,4749900,435700,3,2,2,0,1,1,0,64,1,0,1,0,1,1,0,0,1
200600006890,6,2,18,1745,2,1,2,1,4689600,315500,2,2,0,0,1,1,0,70,2,0,1,0,3,0,3,0,1
200600006891,6,2,21,1830,1,1,1,3,4690300,315700,2,2,3,0,2,1,0,110,1,0,1,0,3,0,2,1,1
200600006892,6,2,10,1,5,1,9,7,4746400,352400,2,2,2,0,1,1,0,60,7,2,1,0,0,0,1,0,1
200600006898,6,2,11,2140,3,1,1,7,4726200,305000,3,2,2,0,1,3,0,44,1,0,3,0,0,0,1,0,1
200600006899,6,2,10,2030,3,1,1,7,4749700,314500,3,2,2,0,2,3,0,60,1,0,1,0,0,0,1,0,1
200600006900,6,2,26,1745,2,1,1,7,4644000,466000,3,2,2,0,1,3,0,61,1,0,1,0,0,0,1,0,1
200600006901,6,2,12,1615,1,1,1,6,4690500,445400,4,2,0,0,1,1,0,47,1,0,1,0,1,0,1,0,1
200600006905,6,2,18,2045,3,1,2,7,4681900,506800,3,2,0,0,1,3,0,0,2,0,1,0,3,0,2,0,1
200600006907,6,2,17,1830,5,1,1,3,4644400,430300,3,2,2,0,1,1,0,65,1,3,1,0,4,0,1,0,1
200600006909,6,2,13,1000,1,1,4,3,4654600,396400,3,2,2,0,1,1,0,58,5,0,1,0,2,0,1,0,1
200600006914,6,2,16,915,2,1,1,6,4788100,353100,3,2,2,0,1,1,0,60,1,0,1,0,1,1,0,0,1
200600006918,6,2,11,1730,1,1,1,2,4752600,326100,9,2,2,0,1,1,0,42,1,0,1,0,3,0,2,0,1
200600006919,6,2,16,1600,1,1,2,7,4771200,326500,3,2,2,0,1,2,0,63,2,0,3,0,0,1,0,0,1
200600006920,6,2,17,1130,1,1,1,1,4768500,325600,3,0,2,0,2,2,0,67,1,0,1,0,2,0,1,0,1
200600006921,6,2,5,1830,3,1,1,2,4795000,347000,2,2,2,0,1,1,0,104,1,0,1,0,2,0,0,2,1
200600006922,6,2,2,1830,3,1,1,1,4798100,323600,3,0,0,0,1,1,0,0,1,0,1,0,0,0,2,0,1
200600006924,6,2,2,630,2,4,5,1,4710300,665800,3,2,2,0,1,2,0,55,1,0,1,0,0,0,1,1,1
200600006928,6,2,20,200,3,1,9,6,4714000,643000,3,3,2,0,2,2,0,0,7,0,1,0,0,0,1,0,1
200600006929,6,2,8,1545,1,1,4,5,4672500,621100,3,2,2,0,1,1,0,59,5,0,1,0,3,1,2,0,1
200600006930,6,2,21,1330,1,1,1,1,4704800,670400,3,2,2,0,2,3,0,46,7,0,1,0,1,0,1,0,1
200600006933,6,2,25,1500,1,1,1,3,4726100,556000,3,2,0,0,1,1,0,73,1,5,1,0,1,0,1,0,1
200600006934,6,2,26,1,3,4,1,1,4649000,572000,3,2,2,0,3,1,0,87,1,0,0,0,1,0,1,3,1
200600006936,6,2,20,1815,3,1,9,7,4645000,597000,3,2,1,0,2,1,0,60,7,0,1,0,0,0,1,0,1
200600006937,6,2,12,915,1,1,1,1,4639800,597500,3,2,2,0,1,1,0,60,1,0,1,0,4,0,1,0,1
200600006938,6,2,28,1030,1,1,4,1,4786900,584800,3,2,2,0,0,2,0,45,7,0,0,0,1,0,1,0,1
200600006939,6,2,12,1630,1,9,1,3,4752200,600500,3,0,0,0,1,0,0,0,0,0,0,0,2,0,1,2,1
200600006944,6,2,12,500,3,1,1,6,4773200,683300,3,2,2,0,1,1,0,70,1,0,1,0,1,1,0,0,1
200600006948,6,2,14,925,1,1,1,3,4364000,559000,4,2,1,0,1,1,0,69,1,0,1,0,1,0,1,0,1
200600006949,6,2,27,1645,1,1,1,1,4344700,537800,4,2,0,0,1,1,0,55,1,0,1,0,1,0,1,0,1
200600006950,6,2,15,430,3,1,1,6,4365000,469600,2,3,2,0,1,1,20,74,0,0,3,0,0,1,0,0,1
200600006952,6,2,13,1600,1,1,1,3,4388400,491600,2,2,2,0,1,1,0,70,1,0,1,0,1,0,0,2,1
200600006959,6,2,15,1745,2,1,2,7,4336400,566100,3,2,2,0,1,1,0,46,2,0,3,0,2,1,1,0,1
200600006966,6,2,25,1015,1,1,1,2,4349400,521900,2,3,1,0,1,1,118,92,1,5,1,0,2,0,1,0,1
200600006969,6,2,5,530,3,1,1,6,4378600,582300,3,2,0,0,4,3,0,69,1,0,0,0,0,0,4,1,1
200600006970,6,2,25,1445,1,1,1,1,4402600,593100,2,2,2,0,1,1,0,71,1,0,1,0,1,2,0,0,1
200600006971,6,2,12,1545,1,1,1,6,4396400,638100,2,2,2,0,1,1,0,62,1,0,1,0,1,0,1,1,1
200600006974,6,2,4,1540,1,1,1,2,4388600,585500,2,2,2,0,4,1,0,100,1,0,1,0,1,0,0,3,1
200600006975,6,2,8,910,1,6,1,3,4389800,587100,4,2,2,0,2,1,0,65,1,5,1,0,2,0,0,1,1
200600006976,6,2,9,845,1,1,1,2,4390100,587900,2,2,2,0,1,1,0,70,1,0,1,0,3,0,0,1,1
200600006977,6,2,9,1530,1,1,6,3,4388300,566700,3,2,2,0,2,1,0,55,1,0,1,0,0,0,0,3,1
200600006981,6,2,17,1015,1,1,4,3,4501400,666000,3,2,2,0,1,3,0,57,5,0,1,0,1,0,1,3,1
200600006982,6,2,25,1415,1,1,1,4,4504800,628800,2,2,2,0,2,3,0,71,1,0,1,0,8,0,1,2,1
200600006984,6,2,24,145,5,1,1,6,4375300,727700,4,2,0,0,0,3,0,56,1,0,1,0,0,0,3,0,1
200600006985,6,2,23,700,1,1,1,1,4377200,733300,3,2,2,0,1,1,0,124,1,0,1,0,1,0,1,0,1
200600006987,6,2,4,1145,1,1,1,7,4371000,685000,3,2,2,0,2,1,0,45,1,0,3,0,0,0,1,0,1
200600006988,6,2,14,1315,1,1,4,3,4376800,677700,4,2,0,0,4,2,0,50,5,0,1,0,1,0,1,0,1
200600006989,6,2,18,1545,1,1,1,3,4377800,684000,3,2,2,0,1,4,0,60,2,0,1,0,1,0,1,0,1
200600006991,6,2,11,1845,5,1,1,1,4369300,712700,3,2,2,0,2,1,0,110,1,0,1,3,1,0,1,0,1
200600006995,6,2,7,800,1,1,1,3,4373600,738400,3,2,2,0,2,1,0,70,1,0,1,0,1,0,1,0,1
200600006997,6,2,16,1130,1,1,2,7,4395700,716000,3,2,2,0,1,3,0,71,0,0,1,0,0,1,1,1,1
200600007003,6,2,4,1315,1,1,1,6,4326300,610900,2,0,0,0,0,0,0,0,0,0,0,0,0,0,0,1,1
200600007009,6,2,10,2230,5,1,1,6,4326700,660700,2,2,2,0,1,4,0,77,1,0,3,0,0,1,1,0,1
200600007010,6,2,23,900,1,1,1,1,4324300,660200,3,2,0,0,1,1,0,64,1,0,1,0,0,0,4,0,1
200600007012,6,2,5,1430,1,1,1,6,4325400,606900,3,2,0,0,0,2,0,74,1,0,3,0,0,1,0,0,1
200600007013,6,2,13,1400,1,1,1,5,4324000,610400,3,3,0,0,1,1,0,53,1,5,1,0,1,0,2,0,1
200600007015,6,2,9,2200,3,1,1,1,4312600,607400,3,2,0,2,1,1,0,70,1,0,1,0,1,0,2,0,1
200600007018,6,2,4,230,5,1,1,6,4316000,604500,4,2,0,0,1,3,0,63,1,0,3,0,0,0,2,0,1
200600007019,6,2,18,1545,1,1,1,3,4317700,604100,3,3,2,0,1,1,10,70,1,0,1,0,1,0,2,1,1
200600007020,6,2,24,1615,1,1,1,1,4318200,604700,2,2,0,0,0,1,0,75,1,0,1,0,2,0,1,0,1
200600007022,6,2,8,1115,1,6,1,2,4393200,505300,4,1,1,1,1,2,150,67,1,0,1,3,1,0,1,0,1
200600007024,6,2,16,830,1,1,2,7,4377400,550000,3,2,0,0,1,1,0,52,2,0,3,0,0,1,2,2,1
200600007025,6,2,21,1400,1,1,1,6,4373000,549700,3,2,0,0,2,1,0,63,1,0,3,0,0,0,3,0,1
200600007029,6,2,9,830,2,1,1,1,4408100,536400,4,2,0,0,2,3,0,28,1,0,1,0,1,0,1,0,1
200600007030,6,2,14,1715,1,1,1,6,4408200,545100,3,2,2,0,2,2,0,56,1,0,3,0,1,0,1,0,1
200600007032,6,2,12,530,5,1,1,6,4428100,476200,3,2,2,0,1,2,0,0,1,0,4,0,0,1,0,0,1
200600007033,6,2,23,1230,1,1,1,3,4423100,471400,2,2,0,0,1,3,0,80,1,0,1,0,1,0,1,0,1
200600007035,6,2,4,1100,1,1,1,7,4436300,491300,4,0,0,0,1,1,40,0,1,0,1,0,1,0,1,0,1
200600007040,6,2,3,1300,1,1,1,3,4367900,413500,9,0,2,0,1,1,0,0,1,0,1,3,2,0,2,0,1
200600007042,6,2,8,1445,1,1,1,3,4365700,411200,3,2,2,0,1,1,1,61,1,0,1,0,2,0,1,1,1
200600007048,6,2,18,1100,1,1,1,1,4379300,376000,3,2,0,0,0,1,60,60,1,0,1,0,1,0,1,0,1
200600007050,6,2,27,1900,2,1,1,1,4323700,325100,3,2,2,0,1,2,0,70,1,0,1,0,1,0,1,0,1
200600007051,6,2,2,1230,1,2,1,3,4356000,352700,3,2,2,0,1,1,0,47,1,5,1,0,1,0,0,3,1
200600007052,6,2,22,1600,1,1,1,6,4357600,341600,3,2,2,0,1,1,0,45,1,0,3,0,0,0,1,1,1
200600007055,6,2,5,2045,3,1,1,1,4332700,354100,3,2,0,0,0,3,0,63,1,0,1,0,1,0,1,0,1
200600007057,6,2,21,1700,1,1,1,3,4352800,373600,2,2,2,0,1,1,57,141,1,5,1,0,1,0,1,0,1
200600007061,6,2,21,1445,1,1,1,7,4329100,190900,3,2,2,0,2,4,0,0,1,0,1,0,0,0,1,0,1
200600007066,6,2,24,1700,1,1,1,1,4326300,295900,4,2,2,0,1,1,0,45,1,0,1,0,5,0,2,0,1
200600007070,6,2,19,30,3,1,1,6,4379500,412400,3,2,0,0,0,1,20,150,1,0,1,0,0,0,1,0,1
200600007071,6,2,25,2030,3,1,1,6,4381400,449300,3,2,2,0,0,3,37,0,1,0,0,0,0,1,0,0,1
200600007075,6,2,19,530,3,1,1,6,4377100,425100,3,2,1,0,1,2,0,50,1,0,3,0,0,0,0,1,1
200600007077,6,2,1,800,5,1,1,6,4418200,415300,3,2,2,0,1,1,0,60,0,0,0,0,0,1,0,0,1
200600007078,6,2,3,745,2,1,9,3,4419300,413000,3,2,0,3,1,1,0,108,7,5,1,0,1,0,1,0,1
200600007081,6,2,6,945,1,1,1,6,4399100,410600,2,2,2,0,1,1,0,69,1,0,3,0,0,0,1,1,1
200600007082,6,2,11,1000,1,1,1,3,4396100,410000,2,2,0,0,0,1,0,65,1,0,1,0,1,0,0,1,1
200600007083,6,2,14,1630,1,1,1,3,4426700,416100,3,2,2,0,1,3,47,86,1,0,1,0,0,1,0,1,1
200600007088,6,2,28,1815,2,9,1,6,4426200,464900,2,2,0,0,1,1,0,0,1,6,1,0,0,0,1,0,1
200600007091,6,2,16,715,1,1,1,2,4387800,407700,3,2,2,0,0,1,0,0,0,0,1,0,1,0,0,1,1
200600007092,6,2,15,945,1,1,1,3,4391800,401100,3,2,0,0,1,1,0,0,1,0,1,0,1,0,0,1,1
200600007093,6,2,19,200,3,1,9,7,4445900,346700,3,2,0,0,0,0,0,0,7,0,1,0,2,0,3,0,1
200600007095,6,2,17,1115,1,1,1,1,4435400,340200,3,2,0,0,2,3,0,73,1,0,1,0,1,0,3,0,1
200600007096,6,2,2,1745,2,1,7,1,4465900,329000,3,2,2,0,1,1,0,51,1,0,1,0,1,0,0,3,1
200600007108,6,2,1,915,1,1,1,1,4246500,202600,3,2,2,0,1,4,0,70,0,0,1,0,1,0,1,0,1
200600007110,6,2,4,1730,1,1,1,1,4250200,205600,3,2,2,0,0,2,0,55,1,0,1,0,4,0,2,0,1
200600007115,6,2,16,1400,1,1,1,1,4263600,894100,2,2,2,0,1,1,0,60,1,0,1,0,1,0,1,0,1
200600007117,6,2,28,900,1,1,1,1,4247900,926000,2,2,2,0,1,1,0,70,1,0,1,0,0,0,4,0,1
200600007119,6,2,15,1400,1,1,1,3,4233400,949700,3,0,0,0,0,4,0,65,1,0,1,0,1,0,1,0,1
200600007120,6,2,11,1800,1,1,1,1,4248900,945500,3,2,2,0,2,1,0,43,1,0,1,0,1,0,0,2,1
200600007122,6,2,23,815,1,1,8,7,4904700,175300,3,2,2,0,1,1,0,63,2,0,3,0,0,0,1,0,1
200600007123,6,2,5,1700,1,1,1,1,4846400,190000,2,2,2,0,1,1,0,71,1,0,1,0,1,0,1,0,1
200600007126,6,2,28,1215,1,1,8,1,4864000,237000,9,2,0,0,1,1,0,0,2,0,1,0,0,0,0,4,1
200600007128,6,2,6,1200,1,1,1,6,4849800,219600,4,1,1,0,1,1,0,60,1,5,1,0,0,0,1,0,1
200600007133,6,2,6,845,1,1,8,1,4907400,252800,3,2,3,0,0,3,0,0,1,0,1,0,1,0,1,0,1
200600007134,6,2,28,1615,1,1,1,7,4862700,282900,2,2,2,0,1,2,0,79,1,0,1,0,0,0,1,0,1
200600007136,6,2,11,1230,1,1,1,3,4873800,278200,2,3,2,0,1,1,6,72,1,0,1,0,1,0,0,1,1
200600007137,6,2,3,2130,5,1,1,6,4888200,284900,3,3,0,0,1,1,21,68,1,5,4,0,2,0,1,0,1
200600007140,6,2,5,1600,1,1,8,7,4880400,333900,3,2,0,0,1,3,0,0,2,0,3,0,0,0,1,0,1
200600007142,6,2,11,2315,3,1,1,7,4879300,287700,3,2,2,0,0,1,0,72,1,0,0,0,1,0,1,2,1
200600007143,6,2,7,1600,1,1,1,3,4887900,336600,4,2,0,0,1,2,0,0,1,0,1,0,0,0,1,1,1
200600007145,6,2,28,2130,3,1,4,6,4884000,320000,4,2,0,0,2,3,0,0,7,0,3,0,1,0,0,1,1
200600007146,6,2,25,1930,3,1,1,2,4872300,284600,2,2,2,0,1,1,0,120,1,5,1,0,2,0,1,1,1
200600007147,6,2,27,1445,1,1,2,3,4907700,212900,3,2,2,0,1,1,0,0,2,0,1,0,1,0,1,0,1
200600007148,6,2,8,830,1,1,1,6,4849700,235300,4,2,2,0,2,1,25,60,1,0,1,0,1,0,1,0,1
200600007153,6,2,6,1030,1,1,1,6,4772400,179800,3,2,0,0,0,1,0,60,1,0,3,0,0,0,1,0,1
200600007157,6,2,17,1600,1,3,1,3,4777000,161000,2,2,2,0,1,1,0,77,1,0,1,0,0,0,1,1,1
200600007158,6,2,14,930,1,1,1,6,4778200,163200,4,2,0,0,1,1,0,60,1,6,1,3,1,0,1,0,1
200600007159,6,2,2,830,1,1,5,6,4805800,201100,3,2,2,0,1,1,0,0,7,0,0,0,1,0,3,0,1
200600007160,6,2,16,2215,5,1,1,3,4800300,208800,2,0,0,0,1,1,0,70,1,5,1,0,1,0,0,1,1
200600007161,6,2,27,1515,1,1,1,3,4802100,211200,2,2,1,0,0,1,0,76,1,0,1,0,1,0,1,0,1
200600007163,6,2,18,1130,1,6,1,2,4768400,264500,3,2,2,0,1,3,0,61,1,5,1,0,2,0,0,3,1
200600007165,6,2,4,1900,5,1,1,3,4757400,283000,2,2,2,3,2,3,0,70,1,5,1,0,4,0,0,1,1
200600007166,6,2,14,730,1,1,9,7,4776600,255000,3,2,2,0,1,2,0,53,7,0,1,0,0,0,1,0,1
200600007170,6,2,23,1515,1,1,1,3,4813300,290400,3,2,2,0,4,1,0,52,1,0,3,0,1,0,1,0,1
200600007172,6,2,2,1945,5,7,1,1,4818000,225800,6,2,2,0,0,0,0,0,1,0,1,0,0,0,1,1,1
200600007175,6,2,4,2310,3,1,1,7,4713400,221200,3,2,2,0,1,2,0,55,1,0,3,0,0,0,1,0,1
200600007178,6,2,11,1215,1,1,1,1,4834000,149000,4,2,2,0,1,1,0,55,1,0,1,0,3,1,0,0,1
200600007179,6,2,12,1530,1,1,1,6,4844700,139800,3,2,2,0,1,1,0,28,1,0,3,0,0,0,1,0,1
200600007181,6,2,17,1630,1,1,1,1,4859000,158000,3,2,2,0,2,1,0,63,1,0,1,0,3,0,1,0,1
200600007182,6,2,27,830,1,1,1,7,4853000,168000,3,2,2,0,0,0,0,60,7,0,3,0,0,0,0,1,1
200600007183,6,2,10,2130,3,1,1,3,4820200,119800,3,2,2,0,2,1,0,82,1,0,1,0,1,1,0,0,1
200600007185,6,2,16,745,2,1,2,1,4885500,152200,3,2,2,0,2,2,0,0,2,0,1,0,0,0,2,0,1
200600007186,6,2,11,100,3,1,1,3,4831000,80700,2,2,3,0,0,3,0,0,2,0,1,0,1,0,1,0,1
200600007188,6,2,22,1015,1,1,5,1,4840800,108100,2,2,0,0,1,3,0,73,2,0,1,0,1,0,2,0,1
200600007189,6,2,18,2030,5,1,1,6,4708800,134600,3,2,2,0,1,1,0,70,1,0,1,0,0,0,1,0,1
200600007190,6,2,22,1715,1,1,1,6,4689600,142200,3,2,2,0,4,1,0,50,1,0,1,0,1,0,0,3,1
200600007191,6,2,12,1130,1,1,1,2,4722000,148000,9,2,2,0,2,1,0,42,1,0,1,0,1,0,0,1,1
200600007192,6,2,23,1345,1,1,1,6,4663500,105800,3,2,2,0,2,1,0,100,1,0,4,0,1,0,1,0,1
200600007194,6,2,27,845,1,7,1,6,4658600,198800,4,1,1,0,1,1,0,50,1,0,1,0,2,0,1,0,1
200600007196,6,2,9,1530,1,2,1,3,4742900,96900,9,2,2,0,0,1,0,56,1,0,1,0,1,0,1,0,1
200600007198,6,2,22,1530,1,1,8,4,4752100,81400,2,2,2,0,1,1,0,78,1,0,1,0,4,1,0,0,1
200600007199,6,2,3,1945,3,1,1,6,4720000,18000,3,0,2,0,0,1,0,67,1,0,1,0,1,0,1,0,1
200600007209,6,2,25,1615,1,2,1,3,4789700,108400,2,2,1,0,1,1,0,72,1,5,1,0,0,0,5,0,1
200600007213,6,2,23,1930,3,1,1,3,4782900,140300,3,2,0,0,1,1,0,62,1,0,1,0,2,0,2,1,1
200600007214,6,2,11,30,3,1,1,1,4520500,-107200,3,2,2,0,1,1,0,62,1,0,1,0,0,1,1,1,1
200600007215,6,2,24,2015,3,1,1,2,4482900,-112800,3,2,2,0,0,1,0,62,1,0,1,0,1,0,2,0,1
200600007217,6,2,11,945,1,6,7,3,4783000,-379600,3,0,2,0,1,2,100,59,1,5,1,0,1,0,1,0,1
200600007218,6,2,5,400,3,1,1,6,4801400,-382200,3,2,0,0,1,1,0,60,1,0,0,0,0,1,0,0,1
200600007219,6,2,11,1230,1,1,1,6,4804500,-383200,4,2,2,0,1,1,0,65,1,0,3,0,0,0,1,0,1
200600007222,6,2,4,1945,5,1,1,7,4462900,-100200,3,2,2,1,1,1,0,69,1,0,3,0,0,1,0,0,1
200600007224,6,2,13,645,2,1,1,2,4349200,560100,2,2,2,0,1,1,0,70,1,0,1,0,1,0,1,0,1
200600007225,6,2,19,15,3,1,1,6,4349400,553900,2,2,2,0,1,1,0,80,1,0,0,0,0,1,0,0,1
200600007226,6,2,13,1245,1,1,2,1,4931300,601100,3,2,2,0,2,3,0,66,2,0,1,0,0,0,1,1,1
200600007227,6,2,17,1715,1,1,2,5,4931200,600900,3,2,2,0,2,3,0,67,2,0,1,0,1,0,4,1,1
200600007230,6,2,19,600,3,1,9,6,4358200,376900,3,2,2,0,2,2,25,50,2,0,1,0,2,0,1,0,1
200600007231,6,2,3,915,1,1,8,5,4850000,251400,1,3,3,0,1,1,10,210,1,0,1,0,1,0,1,1,1
200600007243,6,2,10,1330,1,1,1,6,4563100,517400,1,3,0,0,1,1,0,0,1,0,3,0,0,0,0,2,1
200600007244,6,2,11,1215,1,1,1,7,4823100,-90100,4,2,1,0,1,2,0,0,0,0,1,0,0,0,1,0,1
200600007245,6,2,20,1030,1,1,2,1,4810100,-88600,3,2,2,0,1,1,0,61,2,4,1,0,1,0,1,0,1
200600007246,6,2,4,1000,1,1,1,6,4767600,139600,1,3,3,0,1,1,8,105,1,0,3,0,3,0,0,1,1
200600007252,6,2,3,1445,1,1,1,3,4735700,80400,3,2,2,0,0,1,0,65,1,5,1,0,0,0,3,0,1
200600007260,6,2,18,545,3,1,2,3,4584600,605500,1,3,4,0,4,1,12,72,2,2,1,0,0,0,2,0,1
200600007269,6,2,15,300,3,1,1,2,4330800,322700,1,3,3,0,1,1,40,105,1,0,1,0,1,1,0,0,1
200600007270,6,2,20,1715,1,1,1,6,4359200,389500,1,3,4,0,1,1,10,85,1,0,2,0,1,0,1,0,1
200600007272,6,2,12,130,3,1,1,1,4578300,314100,1,3,0,0,1,1,20,140,1,3,1,0,2,0,2,0,1
200600007273,6,2,25,1915,5,9,1,1,4925900,397300,1,1,2,0,1,3,0,0,1,3,1,0,3,0,1,0,1
200600007275,6,2,10,2315,3,1,1,3,4512000,596800,2,2,2,0,1,4,0,66,2,0,1,0,3,0,2,0,1
200600007277,6,2,1,1915,3,1,1,3,4379700,751000,1,3,2,0,1,1,0,0,1,2,1,0,0,0,2,2,1
200600007279,6,2,18,1215,1,1,1,2,4371400,721300,1,3,2,0,2,3,100,90,1,0,1,0,1,0,0,1,1
200600007283,6,2,18,1220,1,1,4,4,4691500,52600,1,3,2,0,2,1,15,100,9,0,1,0,28,1,1,1,1
200600007288,6,2,24,1745,1,1,1,6,4339000,-59200,1,2,3,0,0,2,0,0,1,3,2,0,0,0,0,1,1
200600007294,6,2,1,300,3,1,1,1,4734000,624000,1,3,2,3,1,1,35,70,1,2,1,0,0,0,2,0,1
200600007295,6,2,7,1715,3,1,1,2,4728500,599400,1,3,2,0,1,1,30,100,1,0,1,0,1,0,1,0,1
200600007298,6,2,14,1345,1,1,1,7,4461600,-102000,1,3,2,0,1,1,15,0,1,0,1,0,0,0,1,0,1
200600007310,6,2,11,1315,1,2,1,3,4520700,576200,1,3,3,0,1,1,150,0,1,5,1,0,1,0,3,3,1
200600007312,6,2,18,645,3,1,2,6,4524600,-53300,1,3,0,0,1,1,0,0,2,0,1,0,1,0,1,0,1
200600007313,6,2,19,1015,2,1,1,7,4179600,939600,2,2,1,0,4,1,0,65,1,0,1,0,0,0,2,0,1
200600007314,6,2,27,1645,1,1,3,2,4170800,936300,2,2,2,0,1,1,60,0,2,0,1,0,2,0,1,0,1
200600007316,6,2,1,1315,1,1,5,6,4586900,518900,1,0,2,0,1,1,20,100,1,0,1,0,1,0,1,1,1
200600007317,6,2,5,715,2,1,1,7,4597500,530900,1,1,2,0,1,1,20,85,1,0,1,0,0,0,0,1,1
200600007318,6,2,12,2000,1,1,1,7,4567900,505200,1,0,0,0,1,1,5,73,1,0,2,0,0,0,3,0,1
200600007320,6,2,19,1230,1,1,1,1,4591000,523600,1,1,2,0,1,1,20,142,2,0,1,0,1,0,0,2,1
200600007321,6,2,2,1730,3,1,1,3,4923200,410100,2,3,0,0,0,1,20,75,2,5,1,0,1,0,1,0,1
200600007322,6,2,3,1345,1,1,1,1,4916400,420300,2,2,0,0,1,1,0,144,1,0,1,0,1,0,0,1,1
200600007323,6,2,10,2030,3,1,1,3,4915800,401300,2,0,0,0,1,1,0,78,2,0,1,0,1,1,0,0,1
200600007324,6,2,24,1445,1,1,1,3,4918600,416600,2,2,0,0,1,1,0,0,1,0,1,0,1,0,2,0,1
200600007327,6,2,15,1745,2,1,1,1,4362900,701600,9,2,0,0,0,2,0,60,1,0,3,0,2,0,0,1,1
200600007329,6,2,24,1,5,1,1,6,4582300,486400,3,2,0,0,2,1,0,60,1,0,1,0,0,0,0,1,1
200600007330,6,2,14,2345,3,1,1,7,4970000,344000,1,1,2,0,1,1,10,70,2,0,1,0,0,0,1,0,1
200600007331,6,2,6,1940,5,1,1,3,4885900,202500,3,2,2,0,1,1,60,160,1,5,1,0,1,0,0,2,1
200600007332,6,2,12,630,3,1,2,6,4910100,230800,3,2,2,0,2,3,0,70,2,0,3,0,0,0,1,0,1
200600007334,6,2,13,1830,1,1,1,1,4763300,-264900,3,2,2,0,2,1,0,59,1,0,1,0,1,0,1,0,1
200600007335,6,2,17,1830,2,1,1,6,4765600,-271900,4,2,1,0,1,1,0,64,1,0,1,0,1,1,0,0,1
200600007336,6,2,20,1100,1,1,8,2,4755400,-289300,4,2,2,0,0,1,0,56,1,0,1,0,1,0,0,1,1
200600007341,6,2,26,100,3,1,1,7,4617400,574600,1,3,2,3,2,3,100,95,1,0,3,0,0,0,0,1,1
200600007344,6,2,17,1530,1,1,4,4,4796900,3700,1,1,2,3,1,1,30,90,2,0,1,0,5,0,1,0,1
200600007345,6,2,24,800,1,1,1,2,4797800,4700,1,3,2,0,1,1,10,70,1,0,1,0,1,0,2,0,1
200600007350,6,2,6,1245,1,1,1,6,4359500,548100,2,3,1,0,1,1,39,36,1,0,1,0,0,0,2,0,1
200600007354,6,2,24,1835,2,1,1,5,4366500,525300,2,2,2,0,2,3,0,70,1,0,1,0,1,0,2,0,1
200600007361,6,2,18,545,3,1,8,6,4541100,153400,1,3,4,0,2,1,15,140,2,0,2,0,0,0,1,0,1
200600007362,6,2,24,235,3,1,1,6,4532000,157500,1,3,4,0,3,1,15,140,1,3,1,0,0,1,0,0,1
200600007363,6,2,4,715,2,1,1,6,4642200,147000,1,1,2,0,1,1,15,100,1,2,3,0,0,0,1,0,1
200600007373,6,2,7,815,1,1,1,1,4872900,209000,3,2,2,0,0,1,0,61,1,0,1,0,1,0,0,1,1
200600007374,6,2,22,1900,4,1,1,1,4874100,201500,3,2,2,0,0,1,0,0,1,0,1,0,1,1,0,0,1
200600007377,6,2,1,730,2,1,1,1,4382000,441700,3,2,0,2,1,3,0,100,1,0,1,0,1,1,0,0,1
200600007380,6,2,16,600,3,1,2,6,4970000,468500,1,3,2,0,1,2,10,90,2,0,3,0,1,0,1,0,1
200600007387,6,2,7,2015,3,1,1,6,4946700,123500,2,2,2,0,3,1,0,70,1,0,3,0,0,0,1,0,1
200600007388,6,2,28,1745,2,1,7,6,4958900,135700,3,2,2,0,1,1,0,70,2,0,1,0,1,0,1,0,1
200600007391,6,2,25,530,3,1,1,6,4775300,-329400,3,2,0,0,1,1,0,0,1,0,1,0,1,0,1,0,1
200600007396,6,2,12,2200,5,1,2,6,4845800,262100,2,2,4,0,1,3,16,154,2,0,1,0,0,0,1,2,1
200600007397,6,2,10,925,1,1,1,1,4563000,480000,3,2,2,0,2,4,0,82,9,0,1,0,1,1,0,0,1
200600007398,6,2,28,215,5,1,1,6,4265900,295200,4,2,1,0,0,0,0,0,1,0,4,0,0,0,0,2,1
200600008602,6,2,19,1145,1,1,2,2,4792455,500000,2,2,4,0,1,4,0,70,2,0,1,99,4,0,0,1,1
200600010497,6,2,2,1700,1,1,1,2,4877912,244309,3,1,1,0,0,0,0,30,0,0,1,0,1,0,0,1,1
200600010498,6,2,5,1705,1,1,1,6,4877077,246472,6,0,2,0,0,0,0,60,0,0,1,0,1,0,0,1,1
200600010499,6,2,3,1900,4,1,1,3,4880188,245897,4,2,2,0,1,1,0,60,1,0,1,0,1,0,0,1,1