Num_Acc,an,mois,jour,hrmn,lum,int,atm,col,lat,long,catr,circ,nbv,vosp,prof,plan,lartpc,larrout,surf,infra,situ,env1,unscathed,killed,hospital,light,chance
200600016916,6,3,22,2000,3,1,1,7,4409500,145400,1,3,2,0,1,1,30,70,1,0,1,0,0,0,1,0,1
200600016921,6,3,20,745,1,1,1,5,4859500,-294100,3,2,1,0,0,1,0,65,1,0,1,0,2,0,0,1,1
200600016922,6,3,26,1430,1,1,1,6,4855000,-279200,2,3,2,0,1,1,25,60,1,0,3,0,3,0,2,0,1
200600016923,6,3,30,1100,1,1,1,1,4169000,935000,3,2,2,0,2,4,0,74,1,0,1,0,1,0,0,1,1
200600016931,6,3,4,1545,1,9,1,6,4919400,404500,4,2,2,0,2,2,0,60,1,0,3,0,0,0,2,0,1
200600016932,6,3,20,1545,1,1,1,6,5081800,207400,1,3,4,0,1,1,10,150,1,3,3,0,0,0,1,0,1
200600016934,6,3,17,1230,1,1,1,2,4361300,705600,3,3,4,0,1,1,0,0,1,0,1,0,0,0,1,1,1
200600016943,6,3,9,1700,1,1,1,1,4353900,382300,2,3,0,0,1,1,70,0,0,0,1,0,1,0,1,0,1
200600016948,6,3,6,2030,3,1,1,1,4359900,514200,4,2,2,0,3,3,0,0,1,0,1,0,0,0,0,2,1
200600016949,6,3,11,1130,1,1,1,1,4360600,505100,3,2,2,0,2,1,0,47,1,0,1,0,1,0,1,0,1
200600016950,6,3,19,2130,3,1,1,6,4356800,515700,3,2,4,0,3,1,0,140,1,0,3,0,0,0,4,0,1
200600016951,6,3,28,1815,1,1,4,7,4588900,290800,1,3,0,0,0,0,0,0,0,0,0,0,0,0,0,2,1
200600016955,6,3,30,1945,5,1,1,1,4853900,768500,3,2,2,0,1,1,0,65,1,0,1,0,0,0,0,3,1
200600016957,6,3,23,1830,1,1,1,3,4367900,702300,3,2,0,0,0,3,0,70,1,0,1,0,1,0,1,0,1
200600016959,6,3,30,800,1,1,2,2,4562500,518000,2,2,0,0,1,1,0,0,2,0,1,0,1,0,0,1,1
200600016969,6,3,27,1355,1,1,1,5,4366000,525000,2,2,2,0,1,1,0,70,1,0,1,0,2,0,0,1,1
200600016976,6,3,28,15,3,1,1,6,4528200,156400,1,3,4,0,1,1,20,140,1,0,2,0,0,0,0,1,1
200600016980,6,3,9,1430,1,1,2,1,4875200,202500,3,2,2,0,1,1,24,90,2,5,1,0,1,0,3,0,1
200600016981,6,3,21,900,1,1,1,3,4874500,204100,3,2,2,0,1,1,0,47,1,0,1,0,1,0,0,1,1
200600016982,6,3,20,1600,1,1,1,1,4808100,16300,2,2,2,0,1,1,0,137,1,5,1,0,2,0,1,0,1
200600016984,6,3,15,1015,1,3,1,3,4893400,767100,3,2,2,0,1,1,0,60,1,0,1,0,1,0,1,0,1
200600016992,6,3,1,945,1,1,8,5,4676000,486100,2,2,2,0,1,3,0,78,2,0,1,0,2,1,0,0,1
200600016993,6,3,6,1115,1,1,1,2,4365900,132200,3,2,2,0,1,1,0,57,1,0,1,0,1,0,0,1,1
200600016994,6,3,14,1845,1,1,1,7,4366900,137300,3,2,2,0,0,1,0,70,1,0,1,0,0,0,1,0,1
200600016995,6,3,18,545,3,1,1,5,4366600,136100,3,2,2,0,1,3,0,73,1,0,1,0,3,0,0,1,1
200600016996,6,3,19,315,3,1,6,6,4363600,135700,4,2,2,0,1,2,0,70,1,0,3,0,1,0,1,1,1
200600017000,6,3,14,630,2,1,1,3,4921800,-52500,2,3,2,0,1,2,10,70,1,3,3,0,2,0,1,0,1
200600017002,6,3,26,30,3,1,3,6,4820000,-142400,3,2,2,0,4,2,0,66,2,2,1,0,0,1,3,0,1
200600017004,6,3,17,1745,1,1,1,3,4368200,390300,3,2,2,0,1,1,0,60,1,0,1,0,1,0,0,1,1
200600017056,6,4,23,2245,5,5,2,3,5053500,280400,3,2,2,0,1,3,0,70,2,5,1,0,2,0,1,3,1
200600017058,6,4,28,1600,1,1,7,3,5058100,312100,3,2,2,0,1,1,35,105,1,0,1,0,1,0,1,0,1
200600017062,6,4,16,1515,1,1,1,1,5092200,226700,3,2,2,0,0,0,0,65,1,0,1,0,1,0,1,0,1
200600017065,6,4,29,1930,1,1,1,3,5075700,252700,3,2,2,0,1,1,0,57,1,0,1,0,6,0,3,0,1
200600017066,6,4,18,1215,1,1,1,7,5080500,247200,3,2,2,0,2,4,0,0,1,0,1,0,0,0,1,0,1
200600017067,6,4,27,1645,1,9,1,2,5078500,259500,3,2,2,0,1,2,0,60,1,0,1,0,1,0,1,0,1
200600017068,6,4,6,830,1,1,1,6,5059600,315300,3,2,0,2,1,1,0,0,1,0,1,0,1,0,1,0,1
200600017070,6,4,26,1930,1,1,1,7,5058600,326000,3,2,2,0,1,2,0,60,1,0,3,0,3,0,2,0,1
200600017071,6,4,20,845,1,1,1,5,5027700,343400,3,2,2,0,1,1,0,61,1,0,1,0,2,0,0,1,1
200600017076,6,4,14,1845,1,1,7,1,5029000,386700,4,2,2,0,1,1,0,65,1,0,1,0,1,0,1,0,1
200600017077,6,4,14,1645,1,1,1,1,5014400,246300,3,2,2,0,1,1,0,0,1,0,1,0,1,0,1,0,1
200600017078,6,4,7,2330,5,1,1,2,5036100,274900,3,2,2,0,1,1,0,71,1,0,1,0,3,0,1,0,1
200600017079,6,4,18,1530,1,1,1,4,5031000,269000,3,3,2,0,2,1,35,35,1,0,1,0,8,0,0,1,1
200600017082,6,4,13,800,1,1,1,1,5062800,245200,3,2,2,0,0,2,0,0,1,0,1,0,1,0,1,0,1
200600017086,6,4,8,615,3,1,1,1,5048500,165000,3,2,2,0,1,3,0,61,1,0,1,0,0,0,2,0,1
200600017087,6,4,29,1345,1,1,1,3,5048600,167000,3,0,2,0,1,1,0,60,1,0,1,0,1,0,1,0,1
200600017088,6,4,29,1545,1,1,1,1,5063800,232500,3,2,1,0,1,1,76,0,1,5,0,0,1,0,1,0,1
200600017089,6,4,9,645,2,1,1,7,5065600,217700,3,2,2,0,2,1,0,64,1,0,3,0,0,0,1,0,1
200600017090,6,4,16,1740,1,1,1,7,5060200,209300,3,2,2,0,1,2,0,0,1,0,1,0,0,0,1,0,1
200600017093,6,4,7,1515,1,1,1,3,5038500,233700,3,2,2,0,0,1,0,90,1,5,1,0,2,0,1,0,1
200600017095,6,4,15,1100,1,1,1,3,5033900,205300,3,2,2,0,1,1,0,57,1,0,1,0,1,0,1,0,1
200600017096,6,4,10,1100,1,2,1,3,5022000,256800,2,2,0,0,1,1,0,136,1,0,1,0,0,0,2,0,1
200600017097,6,4,6,1400,1,1,1,6,5028400,226600,3,2,2,0,0,1,0,60,1,0,1,0,0,0,1,0,1
200600017098,6,4,22,415,3,1,1,6,5023900,211300,3,2,2,0,2,1,0,56,1,0,3,0,0,1,0,0,1
200600017099,6,4,23,815,1,6,1,7,5028300,227200,3,2,2,0,1,1,0,66,1,0,3,0,1,0,2,0,1
200600017103,6,4,2,1700,1,1,1,3,4989200,172300,3,2,2,0,1,1,0,56,1,0,1,0,0,1,2,0,1
200600017109,6,4,28,1600,1,1,1,1,4992700,220700,2,2,2,0,0,1,0,90,1,0,1,0,1,0,2,0,1
200600017110,6,4,9,1750,1,3,1,5,5008900,192800,2,2,1,0,1,1,0,0,1,0,1,0,1,0,1,4,1
200600017111,6,4,13,1330,1,1,6,2,5006200,162600,3,2,2,0,1,1,0,0,1,0,1,0,2,0,0,1,1
200600017112,6,4,4,1345,1,1,1,3,5029900,187300,3,2,2,0,1,1,0,44,1,0,1,0,24,1,0,0,1
200600017114,6,4,4,1830,1,1,1,3,4979300,257400,3,3,2,0,1,1,120,0,1,0,1,0,0,0,2,0,1
200600017117,6,4,14,530,5,1,2,2,4975800,235300,3,2,2,0,1,1,0,72,2,0,1,0,1,0,1,0,1
200600017121,6,4,20,1745,1,1,1,7,4981900,275200,3,2,2,0,0,2,0,58,1,0,0,0,0,0,1,0,1
200600017122,6,4,21,2000,1,1,1,1,4980800,279700,3,2,2,0,1,3,0,64,1,0,1,0,1,1,0,0,1
200600017124,6,4,5,645,2,1,1,6,4953800,382900,4,1,0,0,0,2,0,50,1,0,4,0,0,0,1,0,1
200600017130,6,4,25,1330,1,1,1,1,4986200,317300,3,0,2,0,1,2,0,60,1,0,1,0,2,0,1,0,1
200600017131,6,4,10,1300,1,1,1,1,4999400,345300,3,2,2,0,1,3,0,0,1,0,1,0,1,0,0,1,1
200600017132,6,4,6,1900,1,1,1,3,4979500,336600,3,2,0,0,0,1,0,60,1,0,1,0,1,0,1,2,1
200600017133,6,4,11,1230,1,1,1,7,4981900,348000,3,2,2,0,1,2,0,0,1,0,1,0,0,0,1,0,1
200600017136,6,4,25,2330,4,1,2,1,4998000,405100,3,2,0,0,1,3,0,60,2,0,3,0,0,0,3,1,1
200600017147,6,4,29,1600,1,1,1,6,4951300,243000,6,0,0,3,1,1,0,0,1,6,0,0,0,0,1,0,1
200600017148,6,4,16,1900,1,9,1,1,4939000,300900,3,2,2,0,0,0,0,50,1,0,1,0,0,0,0,2,1
200600017150,6,4,8,1815,1,1,2,1,4949300,286000,4,2,0,0,1,1,40,0,2,0,1,0,0,0,3,0,1
200600017152,6,4,7,800,1,3,1,3,4950900,272800,3,2,2,0,0,1,80,0,1,5,1,0,0,0,4,0,1
200600017155,6,4,2,2100,5,1,1,6,4940900,615800,2,2,2,0,1,1,0,0,1,0,1,0,1,0,1,0,1
200600017156,6,4,6,1100,1,1,1,5,4949100,628300,3,2,3,0,1,1,0,130,1,0,1,0,2,1,0,0,1
200600017157,6,4,24,1800,1,1,1,1,4950000,617000,4,0,0,0,2,0,0,0,1,0,0,0,1,0,1,0,1
200600017172,6,4,5,1830,1,1,1,1,4956000,73100,3,2,0,3,1,1,0,115,1,0,1,0,1,0,0,1,1
200600017174,6,4,18,815,1,1,1,7,4945000,78000,3,2,2,0,1,1,0,0,1,0,3,0,0,1,0,0,1
200600017179,6,4,29,45,3,1,1,6,4953100,45100,3,2,0,0,2,4,0,0,1,0,1,0,0,0,1,0,1
200600017182,6,4,24,1915,1,1,1,6,4961400,153900,3,2,2,0,2,0,0,0,1,0,1,0,1,0,1,0,1
200600017183,6,4,6,1215,1,1,1,3,4946400,150500,2,2,2,0,1,1,0,73,1,0,1,0,0,0,2,1,1
200600017184,6,4,12,1800,1,1,1,6,4954700,150900,3,2,0,0,0,2,0,60,1,0,3,0,0,0,2,0,1
200600017185,6,4,15,100,3,1,1,6,4946800,172400,3,2,2,0,1,1,0,75,1,0,3,0,0,1,1,0,1
200600017186,6,4,21,1215,1,3,1,3,4948300,171700,3,2,2,0,1,1,0,81,1,0,1,3,0,0,1,1,1
200600017187,6,4,23,1745,1,2,1,5,4944000,165100,3,2,2,0,1,2,0,60,1,0,1,0,0,0,5,2,1
200600017188,6,4,20,1115,1,1,1,7,4962500,82600,3,2,2,0,1,2,0,0,1,0,1,0,0,0,1,2,1
200600017190,6,4,30,515,3,6,1,7,4962000,71300,2,2,0,0,1,3,0,98,1,5,1,0,0,0,4,0,1
200600017193,6,4,1,1,1,1,7,6,4896400,93500,4,2,1,0,1,1,0,63,1,0,1,0,1,0,1,0,1
200600017196,6,4,24,1645,1,1,1,3,4898900,95000,3,2,2,0,2,1,60,0,1,0,1,0,1,0,0,1,1
200600017197,6,4,16,1715,1,1,1,7,4883600,133900,3,2,2,0,0,1,0,60,1,0,1,0,0,1,1,0,1
200600017198,6,4,1,1900,1,1,1,6,4873600,88300,4,2,2,0,1,3,0,54,1,0,0,0,0,0,1,1,1
200600017199,6,4,3,2330,3,1,1,6,4874600,87300,2,2,2,0,0,1,0,76,1,0,3,0,0,1,0,0,1
200600017200,6,4,11,1930,1,1,1,1,4884100,91700,3,2,0,0,1,1,0,73,1,0,1,0,1,0,1,0,1
200600017207,6,4,21,1115,1,1,1,3,4916900,108300,3,2,0,0,1,3,0,46,1,0,1,0,1,0,0,2,1
200600017210,6,4,9,1800,1,1,1,1,4924600,87700,3,2,2,0,1,1,0,62,1,0,1,0,0,0,1,2,1
200600017212,6,4,17,1615,1,1,1,3,4941800,31400,3,2,2,0,2,3,0,72,1,0,1,0,3,0,1,0,1
200600017218,6,4,27,2145,4,1,1,7,4820500,-172900,2,3,4,0,1,1,10,180,1,0,2,0,0,0,1,0,1
200600017221,6,4,20,1630,1,1,1,4,4833700,-142000,3,2,2,0,1,1,60,0,1,0,1,0,3,0,0,1,1
200600017225,6,4,14,1215,1,1,1,5,4797000,-178000,3,2,2,0,1,3,0,60,1,0,1,0,2,0,1,0,1
200600017227,6,4,26,1415,1,1,8,1,4855800,-169200,3,0,2,0,2,1,0,0,2,0,1,0,1,0,1,0,1
200600017231,6,4,1,1915,1,1,1,1,4801300,-142300,3,2,2,0,1,1,0,56,1,0,1,0,4,0,3,0,1
200600017233,6,4,22,1745,1,1,1,2,4794100,-122500,3,2,2,0,1,1,0,65,1,0,1,0,3,0,1,0,1
200600017234,6,4,23,2045,3,1,1,3,4797100,-121300,3,2,2,0,1,1,5,125,1,5,1,0,0,0,2,0,1
200600017236,6,4,14,1600,1,1,1,2,4847100,-254900,9,1,1,0,2,1,0,40,1,3,1,0,2,0,1,0,1
200600017239,6,4,1,330,3,1,2,6,4845800,-275200,3,2,2,0,2,2,0,70,2,0,1,0,3,1,0,0,1
200600017240,6,4,21,1800,1,1,1,1,4844100,-273200,4,2,0,0,2,1,0,70,1,0,1,0,0,1,0,1,1
200600017241,6,4,27,1645,1,1,1,1,4835000,-298600,3,2,0,0,0,3,0,0,1,0,1,0,0,0,3,1,1
200600017246,6,4,23,1600,1,1,1,1,4851000,-245900,3,2,2,0,2,1,0,66,2,0,1,0,0,0,2,5,1
200600017249,6,4,1,1615,1,1,1,7,4866800,-344400,3,2,0,0,1,1,0,70,1,0,1,0,0,0,2,0,1
200600017250,6,4,14,315,3,1,2,7,4880700,-330800,3,2,2,0,1,2,0,0,2,0,3,0,1,0,1,0,1
200600017252,6,4,2,2215,3,1,1,6,4789700,-426300,3,2,0,0,0,1,0,75,1,0,3,0,0,0,1,0,1
200600017253,6,4,9,415,3,1,1,6,4787500,-411900,9,2,0,0,1,3,0,42,1,0,3,0,0,0,1,2,1
200600017257,6,4,16,1500,1,1,1,4,4840100,-442100,9,2,2,0,1,3,0,25,1,0,1,0,3,0,1,0,1
200600017259,6,4,30,2330,3,1,1,1,4857300,-436400,3,3,2,0,1,1,0,60,1,0,1,0,0,0,2,0,1
200600017260,6,4,13,1730,1,1,1,3,4849900,-446700,3,2,2,0,1,0,0,620,1,0,1,0,1,1,0,0,1
200600017261,6,4,11,1845,2,1,2,1,4855900,-459000,3,2,2,0,2,2,0,62,2,0,1,0,2,0,1,0,1
200600017267,6,4,9,1815,1,1,1,3,4762500,-290500,3,2,0,0,1,1,0,74,1,5,1,0,1,0,1,0,1
200600017269,6,4,16,1745,1,1,1,5,4769700,-230600,3,2,0,0,1,3,0,65,1,0,1,0,3,1,2,0,1
200600017271,6,4,9,2030,2,1,1,7,4766200,-298100,1,3,4,0,2,3,20,130,1,0,1,0,0,0,1,0,1
200600017272,6,4,17,1900,1,1,1,1,4748500,-310900,4,2,2,0,1,1,0,81,1,0,1,0,1,0,1,0,1
200600017273,6,4,30,1615,1,1,1,1,4792000,-335000,3,2,2,0,1,1,0,70,0,0,1,0,3,1,0,0,1
200600017274,6,4,8,1630,1,1,1,3,4766200,-310200,4,2,2,0,0,1,0,53,1,0,1,0,1,0,1,0,1
200600017275,6,4,30,530,3,1,9,6,4792800,-209600,3,2,0,0,1,2,50,0,1,0,3,0,3,0,0,2,1
200600017276,6,4,16,2100,3,1,1,6,4798800,-248100,3,2,1,0,0,1,0,0,1,0,0,0,0,0,1,0,1
200600017277,6,4,22,1610,1,1,1,7,4786900,-277700,3,2,2,0,1,1,0,46,1,0,1,0,0,1,0,0,1
200600017279,6,4,14,1330,1,9,1,1,4809500,-325900,3,2,2,0,4,1,0,60,1,0,1,0,1,0,1,0,1
200600017280,6,4,21,2300,3,1,8,7,4805200,-292800,3,2,2,0,0,0,0,61,0,0,1,0,1,0,1,0,1
200600017281,6,4,30,100,3,1,1,6,4801000,-309500,3,2,2,0,1,4,0,47,1,0,3,0,0,0,1,0,1
200600017282,6,4,19,1500,1,6,1,4,4805300,-363200,4,2,2,0,1,0,0,60,1,0,1,0,1,0,3,0,1
200600017287,6,4,20,1615,1,1,1,2,4909000,-15300,3,2,2,0,0,1,0,63,1,0,1,0,1,0,1,0,1
200600017288,6,4,21,1415,1,1,1,1,4910000,-29200,3,2,2,0,1,1,0,63,1,0,1,0,1,0,1,0,1
200600017291,6,4,20,600,2,1,1,3,4926700,-28700,4,2,2,0,1,1,0,46,1,0,1,0,1,0,1,0,1
200600017292,6,4,29,1545,1,1,1,7,4915400,-82300,3,2,0,0,1,2,0,40,1,0,3,0,0,0,1,0,1
200600017293,6,4,1,1215,1,1,1,7,4920200,-66800,3,2,1,0,1,1,0,40,1,0,1,0,0,0,1,0,1
200600017294,6,4,8,510,3,1,1,1,4925300,-73200,3,2,2,0,1,1,0,74,1,0,1,0,4,0,2,0,1
200600017295,6,4,29,1500,1,1,1,6,4928400,-70400,9,2,1,0,1,1,0,0,1,0,1,0,0,0,0,1,1
200600017297,6,4,4,1245,1,1,1,1,4894000,-31000,4,2,2,0,4,1,0,33,1,0,1,0,1,0,1,0,1
200600017298,6,4,22,1700,1,1,7,7,4903600,-43600,3,2,2,0,1,3,0,40,1,0,1,0,0,0,1,0,1
200600017299,6,4,9,2100,2,1,1,3,4912600,-9400,3,2,2,0,1,1,0,0,1,5,1,0,3,0,1,0,1
200600017300,6,4,11,1245,1,1,1,3,4906300,-11800,3,2,2,0,2,1,0,80,1,0,1,0,1,0,1,0,1
200600017301,6,4,21,1800,1,2,1,3,4918900,38700,3,2,2,0,1,1,0,47,1,0,1,0,2,0,2,1,1
200600017302,6,4,20,200,5,1,1,7,4914500,-800,3,2,2,0,1,3,13,40,1,5,1,0,0,1,0,0,1
200600017303,6,4,7,1615,1,1,1,3,4901300,-87900,3,2,2,0,0,1,0,70,0,0,1,0,1,0,1,0,1
200600017306,6,4,11,830,1,1,1,3,4902200,-73600,3,2,0,0,2,1,60,60,1,5,1,0,1,1,2,0,1
200600017307,6,4,24,1330,1,1,1,5,4903700,-64300,3,2,0,0,0,1,62,0,1,0,3,0,0,2,0,2,1
200600017308,6,4,28,1715,1,1,1,2,4903400,-78400,3,2,0,0,0,1,0,62,1,0,3,0,2,0,0,2,1
200600017316,6,4,28,2230,3,6,1,6,4862200,-128100,3,2,2,0,1,1,0,70,1,0,1,0,1,0,3,0,1
200600017317,6,4,28,1330,1,1,1,1,4874900,-115700,3,2,0,0,0,2,0,47,1,0,1,0,0,0,2,2,1
200600017319,6,4,14,1500,1,1,1,1,4961300,-175000,3,2,2,0,1,3,0,35,3,0,1,0,1,0,1,0,1
200600017326,6,4,6,1100,1,1,1,1,4969600,-143900,3,0,0,0,1,1,0,72,1,0,0,0,1,0,1,0,1
200600017328,6,4,17,1730,1,1,1,7,4904400,-149900,3,0,0,0,1,1,47,0,9,0,3,0,0,0,1,0,1
200600017331,6,4,4,1200,1,3,1,1,4854200,-109100,3,2,0,0,1,1,0,80,1,0,1,0,1,0,1,0,1
200600017338,6,4,9,300,3,2,5,3,4870500,-55900,3,0,0,0,0,0,60,0,0,0,0,0,1,0,0,1,1
200600017339,6,4,22,2030,3,1,1,7,4864400,-46500,3,2,2,0,2,1,0,0,1,0,3,0,0,0,2,0,1
200600017348,6,4,15,1830,1,1,8,3,4713200,-138800,3,2,2,0,1,1,0,65,1,0,1,0,2,0,1,0,1
200600017351,6,4,16,550,3,1,1,6,4712000,-158000,3,2,2,0,1,1,0,56,1,0,1,0,1,1,0,0,1
200600017352,6,4,3,1725,1,1,1,6,4741200,-126600,3,2,2,0,1,1,0,62,1,5,1,0,1,1,1,1,1
200600017353,6,4,12,1800,1,1,1,1,4752100,-131000,3,2,2,0,1,1,0,59,1,0,1,0,0,0,2,1,1
200600017356,6,4,16,1445,1,1,1,6,4769100,-173400,3,2,2,0,3,3,0,60,1,0,3,0,0,0,1,0,1
200600017357,6,4,19,1130,1,1,8,1,4748000,-182300,4,2,2,0,1,2,0,43,1,0,1,0,1,0,1,0,1
200600017358,6,4,26,1445,1,1,1,3,4763000,-204700,3,2,0,0,1,1,62,0,1,0,1,0,1,0,1,0,1
200600017359,6,4,29,1530,1,1,1,3,4740300,-177500,3,2,2,0,1,1,0,60,1,0,1,0,1,0,1,0,1
200600017360,6,4,14,1815,1,2,1,5,4746200,-169200,3,2,0,0,1,1,0,60,1,0,1,0,2,0,1,0,1
200600017363,6,4,5,1000,1,1,1,1,4723000,-197500,3,2,0,0,1,2,0,43,1,0,1,0,1,0,1,0,1
200600017364,6,4,9,1545,1,1,1,3,4718800,-196500,3,2,2,0,1,2,0,58,1,0,1,0,1,0,1,0,1
200600017365,6,4,17,2145,3,3,1,3,4722000,-205300,3,2,1,0,1,1,0,74,1,0,1,0,1,0,1,0,1
200600017367,6,4,3,230,3,1,1,6,4712800,-170300,3,2,1,0,1,1,0,65,1,0,3,0,0,1,0,0,1
200600017369,6,4,20,615,3,1,5,1,4713700,-179200,3,2,2,0,0,0,0,58,1,0,1,0,1,1,0,0,1
200600017370,6,4,20,2330,3,1,1,7,4700900,-182300,3,2,0,0,1,1,0,61,1,0,3,0,0,0,2,3,1
200600017371,6,4,30,1700,1,6,1,1,4720600,-167400,3,2,0,0,1,1,0,0,1,0,1,0,0,0,0,1,1
200600017379,6,4,15,1015,1,1,3,6,4751400,-204000,3,2,2,0,1,1,0,70,2,0,1,0,1,0,1,0,1
200600017381,6,4,23,1600,1,1,1,3,4729900,-182700,3,2,2,0,1,1,0,64,1,0,1,0,1,0,1,0,1
200600017385,6,4,11,700,2,1,1,6,4752400,-66700,4,2,2,0,1,3,0,94,1,0,1,0,1,0,1,0,1
200600017386,6,4,1,1230,1,9,2,2,4746000,-28100,2,2,2,0,0,1,0,0,2,0,1,0,2,0,1,0,1
200600017387,6,4,28,1400,1,3,1,3,4745500,-26200,2,2,2,0,1,1,0,122,1,5,1,0,3,0,1,0,1
200600017391,6,4,3,1425,1,2,1,3,4741600,-83100,2,2,2,0,2,1,90,60,1,5,1,0,3,0,1,0,1
200600017392,6,4,19,1745,1,1,1,1,4735700,-76500,4,2,2,0,2,1,0,59,1,0,1,0,1,0,1,0,1
200600017393,6,4,21,2015,1,1,1,2,4737900,-75100,3,2,2,0,1,2,20,60,1,0,1,0,2,0,1,0,1
200600017395,6,4,10,1615,1,1,1,2,4706400,-94600,3,2,2,0,2,1,0,76,1,0,1,0,1,0,1,0,1
200600017397,6,4,30,245,4,1,1,3,4706900,-102200,3,2,1,0,0,2,0,100,1,0,1,0,1,0,1,1,1
200600017402,6,4,4,1215,1,1,1,6,4720000,-27500,9,2,0,0,1,1,0,63,1,5,1,0,1,0,1,0,1
200600017403,6,4,2,1445,1,1,1,3,4738100,-7700,3,2,2,0,1,1,0,51,1,5,1,0,0,0,0,4,1
200600017404,6,4,6,2145,5,1,1,6,4734400,-35900,3,2,0,0,0,2,0,0,1,0,4,0,0,0,1,0,1
200600017405,6,4,8,1815,1,1,1,3,4738900,-7800,3,2,2,0,1,2,0,59,1,0,1,0,1,0,1,0,1
200600017408,6,4,23,945,1,1,1,1,4757300,-58900,3,2,2,0,4,1,0,75,1,0,1,0,1,0,1,0,1
200600017409,6,4,1,1045,1,1,1,2,4786300,-58500,3,2,2,0,1,1,0,100,1,0,1,0,1,1,0,0,1
200600017411,6,4,25,1745,1,1,1,1,4797300,-111800,3,2,2,0,1,1,0,64,1,0,1,0,1,0,1,0,1
200600017413,6,4,26,1245,1,1,1,4,4834600,-53400,2,2,2,0,1,2,0,72,1,0,1,0,2,1,1,0,1
200600017414,6,4,29,1430,1,1,7,7,4785100,19100,3,2,2,0,0,3,0,58,1,0,2,99,0,1,0,0,1
200600017419,6,4,21,1715,1,1,1,6,4809500,21000,3,2,2,0,1,2,55,0,1,0,3,0,0,0,1,0,1
200600017424,6,4,17,415,3,1,1,7,4788500,-22100,3,2,2,0,2,3,0,60,1,0,0,0,0,1,0,0,1
200600017430,6,4,21,1200,1,1,1,5,4826700,4600,3,2,2,0,1,2,0,82,1,0,1,0,0,0,3,0,1
200600017431,6,4,30,1400,1,1,1,6,4821600,13800,4,2,2,0,1,3,0,40,1,0,1,0,1,0,1,0,1
200600017434,6,4,16,130,3,1,1,1,4691000,-107000,4,2,2,0,1,1,0,35,1,0,1,0,0,2,0,0,1
200600017436,6,4,9,945,1,1,1,5,4655000,-104000,3,2,2,0,1,1,0,56,1,0,1,0,2,0,1,0,1
200600017437,6,4,10,845,1,2,1,4,4647000,-125000,3,2,2,0,1,1,0,64,1,5,1,0,4,1,0,0,1
200600017438,6,4,22,315,3,1,1,2,4652900,-99500,2,2,0,0,1,1,0,60,1,0,1,0,1,0,1,2,1
200600017439,6,4,24,1705,1,1,1,1,4638000,-101000,2,2,2,0,1,1,0,69,1,0,1,0,0,2,2,0,1
200600017441,6,4,15,15,3,1,1,6,4657100,-176900,3,2,0,0,1,1,0,57,1,0,3,0,0,1,0,0,1
200600017450,6,4,9,145,5,1,1,6,4492800,-52600,3,2,2,0,1,1,0,74,1,0,3,0,0,0,1,0,1
200600017453,6,4,2,830,1,1,1,1,4478100,-35100,3,2,2,0,0,3,0,0,1,0,1,0,1,0,0,1,1
200600017456,6,4,7,1950,2,3,1,5,4499000,-43000,3,2,3,0,1,1,0,93,1,0,1,0,3,0,1,0,1
200600017458,6,4,2,2015,2,1,1,7,4455700,-21000,3,2,2,0,4,3,0,0,1,0,3,0,0,0,1,0,1
200600017459,6,4,2,1800,1,1,1,6,4451000,-43000,3,2,2,0,1,1,0,62,1,0,1,0,0,0,1,0,1
200600017460,6,4,21,630,2,6,1,6,4443300,-48500,3,1,0,0,1,2,0,65,1,5,3,0,0,0,1,0,1
200600017461,6,4,10,1445,1,1,1,3,4475300,-11300,3,2,0,0,1,1,0,70,1,0,1,0,0,0,3,0,1
200600017462,6,4,15,930,1,2,1,3,4476500,-14800,3,2,2,0,0,3,0,52,1,0,1,0,0,0,1,1,1
200600017464,6,4,16,1415,1,1,1,3,4543000,-109000,3,2,2,0,1,1,0,59,1,0,1,0,2,0,1,0,1
200600017465,6,4,22,1845,1,1,1,6,4541000,-94000,4,2,2,0,1,3,0,25,1,0,3,0,0,1,0,0,1
200600017466,6,4,29,1145,1,1,1,5,4498200,-15200,2,0,0,0,1,1,0,0,1,0,1,0,12,1,2,0,1
200600017467,6,4,4,1220,1,1,1,1,4481200,-14300,3,2,2,0,2,3,0,68,1,0,1,0,2,1,0,0,1
200600017468,6,4,14,715,2,1,5,5,4483100,-29000,3,2,2,0,2,1,0,70,1,5,1,0,1,1,1,1,1
200600017473,6,4,22,2015,1,1,1,7,4501100,-17000,3,2,2,0,1,1,0,70,1,0,1,0,0,0,1,0,1
200600017474,6,4,24,2000,2,1,1,2,4499400,-18000,3,2,2,0,1,1,0,75,1,0,1,0,1,1,0,0,1
200600017476,6,4,18,2000,1,2,1,3,4500200,-25900,3,2,2,0,1,1,0,67,1,5,1,0,1,1,0,0,1
200600017477,6,4,3,2000,1,1,1,3,4509200,71900,3,2,2,0,1,1,0,53,1,0,1,0,1,0,1,0,1
200600017482,6,4,9,545,3,1,8,6,4526100,61600,3,2,2,0,1,2,0,53,2,0,3,0,0,0,2,0,1
200600017483,6,4,11,1245,1,1,1,6,4519100,56200,4,2,2,0,4,2,0,35,9,0,3,0,0,0,1,0,1
200600017485,6,4,14,2330,3,1,1,7,4532100,87400,2,2,2,0,1,2,0,77,1,0,3,0,0,0,4,0,1
200600017491,6,4,20,1800,1,1,1,5,4483200,6100,4,2,0,0,1,4,0,48,1,0,1,0,2,0,1,0,1