Num_Acc,an,mois,jour,hrmn,lum,int,atm,col,lat,long,catr,circ,nbv,vosp,prof,plan,lartpc,larrout,surf,infra,situ,env1,unscathed,killed,hospital,light,chance
200600018531,6,4,24,715,2,1,5,5,4856700,222800,2,3,2,0,1,1,10,140,1,0,1,0,2,0,1,0,1
200600018541,6,4,20,30,5,1,1,7,4872300,273800,3,2,2,0,0,3,0,50,1,0,3,0,0,1,0,0,1
200600018542,6,4,24,1630,1,1,1,1,4880500,273400,3,2,2,0,1,1,0,60,1,0,1,0,1,1,0,0,1
200600018543,6,4,8,300,5,1,1,7,4886400,291400,2,2,2,0,1,2,0,0,1,0,1,0,0,0,1,0,1
200600018545,6,4,11,1715,1,3,1,5,4876600,339700,2,2,2,0,1,1,0,70,1,0,1,0,3,0,0,1,1
200600018546,6,4,26,1730,1,1,2,5,4878700,330400,3,1,2,0,1,1,0,0,2,0,0,0,2,0,1,0,1
200600018547,6,4,11,1845,1,1,1,6,4891600,315500,3,2,2,0,2,1,0,50,1,0,3,0,0,1,0,0,1
200600018548,6,4,8,1530,1,1,1,1,4883000,290200,3,2,0,0,1,3,0,40,1,0,1,0,1,0,1,0,1
200600018549,6,4,3,2200,3,1,1,6,4869200,285400,3,2,2,0,1,2,0,65,1,0,3,0,0,0,2,0,1
200600018550,6,4,23,1730,1,1,1,6,4870900,283100,2,2,2,0,1,1,0,73,1,0,3,0,0,0,0,2,1
200600018551,6,4,18,1745,1,2,1,3,4815700,269200,3,0,0,0,1,1,0,0,1,0,1,0,2,0,0,1,1
200600018552,6,4,29,945,1,1,1,3,4822000,288000,3,2,2,0,0,1,0,76,1,0,1,0,1,0,0,1,1
200600018553,6,4,12,1900,1,1,1,3,4863200,251200,3,2,3,0,2,1,0,100,1,0,1,0,3,0,1,0,1
200600018554,6,4,21,30,3,1,1,6,4908700,218800,4,2,1,0,1,4,0,0,1,0,1,0,0,0,2,0,1
200600018555,6,4,2,1615,1,1,1,6,4850300,244000,4,2,2,0,1,1,0,50,1,0,1,0,0,0,1,0,1
200600018556,6,4,6,1530,1,1,1,3,4847200,235700,2,2,2,0,1,1,0,80,1,0,1,0,2,0,1,0,1
200600018557,6,4,13,1500,1,1,1,7,4855400,221300,3,2,2,0,1,3,0,60,1,0,3,0,0,0,1,0,1
200600018559,6,4,21,1745,1,1,1,3,4906500,233200,2,2,3,0,1,1,0,130,1,5,1,0,1,0,1,0,1
200600018560,6,4,11,1615,1,1,1,7,4862100,318800,4,0,0,0,1,1,0,20,9,0,1,0,0,0,1,0,1
200600018561,6,4,15,1530,1,1,1,2,4869700,342000,2,2,2,0,1,1,0,73,1,0,1,0,0,0,0,3,1
200600018562,6,4,23,1800,1,1,1,6,4875200,342500,3,2,2,0,2,2,0,55,1,0,3,0,0,0,1,0,1
200600018566,6,4,11,945,1,1,1,3,4856100,301400,3,1,1,0,1,1,0,0,1,0,1,0,1,0,1,0,1
200600018569,6,4,13,1215,1,1,1,1,4783700,177400,3,2,2,0,1,1,74,0,1,0,1,0,1,0,0,1,1
200600018570,6,4,5,900,1,1,1,3,4779400,227700,3,2,0,0,1,1,0,0,1,0,1,0,1,0,0,1,1
200600018571,6,4,8,1845,1,1,1,2,4784900,222900,4,2,2,0,1,2,0,20,1,0,3,0,1,0,1,0,1
200600018582,6,4,8,1415,1,1,1,3,4764000,257200,3,2,0,0,4,1,0,64,1,0,1,0,2,0,1,0,1
200600018583,6,4,30,1700,1,1,1,3,4768800,291600,3,2,2,0,1,1,51,0,1,0,0,0,2,0,1,0,1
200600018586,6,4,16,1800,1,1,1,6,4805000,275500,2,3,4,0,1,1,0,0,1,3,1,0,0,0,1,0,1
200600018588,6,4,1,1305,1,1,1,3,4829200,218900,3,2,2,0,1,1,0,53,1,0,1,0,0,0,4,0,1
200600018591,6,4,15,2345,3,1,1,6,4818800,225200,3,2,2,0,0,1,75,120,1,0,1,0,1,1,0,1,1
200600018592,6,4,22,1545,1,1,1,3,4806700,241700,3,2,2,0,1,1,0,60,1,0,1,0,3,0,1,0,1
200600018593,6,4,27,1345,1,1,1,1,4809900,248300,3,2,2,0,1,1,0,69,1,0,1,0,2,0,1,0,1
200600018613,6,4,4,1400,1,1,1,3,4824300,178300,2,2,2,0,1,1,0,74,1,0,1,0,1,1,0,0,1
200600018614,6,4,11,2030,2,1,1,3,4806600,139000,3,2,2,0,1,1,0,70,1,0,1,0,1,0,1,1,1
200600018617,6,4,22,230,3,1,1,6,4820600,109900,3,2,2,0,1,2,0,65,1,0,0,0,0,0,1,0,1
200600018618,6,4,9,1400,1,1,1,3,4889300,148500,3,2,2,0,4,1,0,54,1,0,1,0,1,0,1,1,1
200600018624,6,4,15,1100,1,1,1,1,4819800,90000,3,2,2,0,2,1,0,68,1,0,1,0,2,0,1,0,1
200600018625,6,4,20,1200,1,2,1,3,4850200,100000,3,2,2,0,1,1,0,60,1,5,1,0,1,0,1,0,1
200600018626,6,4,15,2345,3,1,9,3,4675800,186700,3,2,2,0,1,3,0,75,0,0,1,0,1,0,1,0,1
200600018630,6,4,1,1915,1,1,1,6,4674100,140900,3,2,2,0,1,1,0,70,1,0,4,0,0,0,1,0,1
200600018631,6,4,8,1115,1,1,1,1,4694500,123300,3,2,2,0,1,1,0,54,1,0,1,0,1,0,0,1,1
200600018632,6,4,14,715,1,1,1,6,4689500,147400,3,2,2,0,1,1,0,43,1,0,3,0,0,0,1,0,1
200600018633,6,4,13,2100,3,1,1,3,4723900,162000,3,2,2,0,2,1,0,80,1,0,1,0,1,0,0,1,1
200600018634,6,4,6,545,3,1,1,6,4662800,114000,3,2,2,0,2,3,0,45,1,0,1,0,0,0,1,0,1
200600018636,6,4,23,2245,5,1,1,6,4663500,108000,3,2,2,1,1,1,0,70,1,0,3,0,0,0,1,0,1
200600018638,6,4,16,1800,1,1,1,6,4658400,198200,3,2,2,0,2,1,0,63,1,0,3,0,0,0,0,1,1
200600018639,6,4,17,500,3,1,1,2,4658900,199500,3,2,2,0,1,1,90,80,1,0,1,0,2,0,0,4,1
200600018640,6,4,1,300,3,1,1,6,4643000,184000,3,2,2,0,1,1,0,62,1,0,3,0,0,0,1,0,1
200600018645,6,4,12,900,1,1,1,1,4740800,59500,9,2,0,0,1,1,0,0,1,0,1,3,1,0,1,0,1
200600018648,6,4,26,1545,1,1,1,1,4745100,47500,3,2,2,0,2,1,0,57,1,0,1,0,1,0,1,0,1
200600018651,6,4,2,1745,1,1,1,1,4762200,90900,3,2,2,0,0,3,65,0,1,0,1,0,3,0,1,0,1
200600018652,6,4,14,1400,1,1,1,3,4755300,97900,3,2,2,0,1,1,0,74,1,5,1,0,2,0,1,0,1
200600018653,6,4,10,1645,1,1,1,7,4726000,23000,4,2,1,0,1,1,0,28,1,0,1,0,2,0,1,1,1
200600018656,6,4,27,1115,1,1,1,1,4725000,24000,2,2,2,0,1,3,0,60,1,0,1,0,1,1,0,0,1
200600018657,6,4,5,2100,3,1,1,7,4710800,61400,2,2,3,0,2,1,0,110,1,0,3,0,0,0,1,0,1
200600018658,6,4,16,230,5,1,1,6,4706900,31300,3,2,2,0,1,1,0,65,1,0,1,0,0,0,1,0,1
200600018659,6,4,18,600,3,1,1,6,4719000,97000,3,2,2,0,1,1,0,50,1,2,1,0,0,0,1,0,1
200600018660,6,4,22,1830,1,1,1,1,4714800,113000,3,2,0,0,0,2,0,71,1,0,1,0,2,0,2,0,1
200600018662,6,4,10,1300,1,1,1,6,4706700,72700,3,2,2,0,1,3,0,55,1,0,1,0,0,0,1,0,1
200600018663,6,4,19,1815,1,1,1,3,4705300,61500,2,2,3,0,1,1,0,115,1,0,1,0,5,0,1,0,1
200600018664,6,4,27,1950,1,1,1,1,4710000,62000,3,2,2,0,1,1,0,55,1,0,1,0,1,0,2,1,1
200600018665,6,4,15,2045,5,1,1,1,4749000,126000,3,2,2,0,1,1,0,72,1,0,1,0,1,0,1,0,1
200600018670,6,4,28,1945,1,3,1,5,4754000,200600,3,3,3,0,1,1,0,90,1,3,1,0,3,1,1,0,1
200600018675,6,4,9,1830,1,1,1,6,4804100,107300,3,2,1,0,1,1,0,0,1,0,1,0,1,0,1,2,1
200600018679,6,4,13,1715,1,1,1,3,4781500,-360600,4,2,0,0,1,1,0,45,1,0,1,0,1,0,1,0,1
200600018683,6,4,7,845,1,1,1,2,4911700,243000,3,2,3,0,0,1,0,0,1,0,1,0,1,0,1,0,1
200600018684,6,4,7,800,1,1,1,5,4908000,241000,3,2,3,0,1,1,0,105,1,0,1,0,2,1,0,0,1
200600018690,6,4,30,1730,1,1,1,3,4729700,513400,4,2,2,0,1,1,0,70,1,0,1,0,1,0,0,1,1
200600018691,6,4,12,845,1,1,1,7,4349400,557200,2,2,0,0,1,1,0,70,1,0,0,0,0,0,1,0,1
200600018696,6,4,7,1410,1,1,1,6,4356000,384000,2,2,0,0,0,1,0,90,1,0,1,0,0,0,1,0,1
200600018697,6,4,11,1345,1,1,1,1,4357000,373000,3,2,2,0,1,1,0,73,1,0,1,0,0,0,2,0,1
200600018699,6,4,24,1630,1,6,1,2,4357000,385000,2,1,1,0,2,1,0,0,1,0,1,0,2,0,0,1,1
200600018700,6,4,29,640,2,1,1,3,4359000,380000,3,2,0,1,3,1,0,80,1,0,3,0,1,0,0,1,1
200600018703,6,4,14,1230,1,1,1,4,4832400,186500,1,3,3,0,0,1,24,270,1,0,1,0,4,1,0,3,1
200600018707,6,4,24,2330,3,3,1,3,4931600,398200,2,2,2,0,1,1,0,0,1,0,1,0,2,0,1,0,1
200600018709,6,4,22,430,5,1,1,1,4475900,-109100,3,2,2,1,1,3,0,63,1,0,1,0,1,1,0,0,1
200600018735,6,4,29,700,1,1,1,1,4744100,479600,3,2,2,0,0,3,0,63,1,0,1,0,3,1,0,0,1
200600018738,6,4,21,1945,1,1,1,3,4369300,141000,4,2,2,0,1,1,0,54,1,0,1,0,1,0,1,0,1
200600018739,6,4,23,1800,1,1,1,3,4372000,143300,3,2,2,0,1,1,0,64,1,0,1,0,2,0,1,0,1
200600018744,6,4,14,1415,1,1,1,6,4304000,295300,1,3,0,0,1,3,15,120,1,0,1,0,1,1,0,0,1
200600018745,6,4,19,900,1,1,1,2,4316700,299600,1,3,4,0,0,1,30,176,1,3,1,0,1,2,0,0,1
200600018758,6,4,13,450,3,1,1,5,4524600,566000,1,3,3,0,1,1,10,115,1,0,1,0,2,0,1,0,1
200600018764,6,4,24,1730,1,1,1,1,4835700,-460900,4,2,0,0,1,1,0,0,1,5,1,0,1,0,1,0,1
200600018775,6,4,2,45,3,1,1,2,4912800,352600,1,3,4,0,1,1,20,220,1,0,1,0,2,0,1,0,1
200600018777,6,4,16,1815,1,1,1,2,4380000,748700,1,3,25,0,1,1,8,90,1,2,1,0,1,0,1,0,1
200600018780,6,4,22,1145,1,1,1,2,4373400,726600,1,1,3,3,2,1,0,105,1,1,1,0,2,0,0,1,1
200600018781,6,4,22,2130,3,1,1,5,4377400,744900,1,1,3,0,0,1,120,0,1,0,1,0,2,0,1,0,1
200600018792,6,4,11,330,3,1,1,2,4346500,-71200,1,1,2,0,1,1,30,70,1,0,1,0,4,0,1,0,1
200600018793,6,4,13,1745,1,1,1,2,4342500,-59000,1,1,2,0,1,1,30,70,1,0,1,0,4,0,0,1,1
200600018796,6,4,30,945,1,1,3,3,5014900,327100,3,2,2,0,1,1,0,96,2,0,1,0,1,1,0,0,1
200600018797,6,4,24,1815,1,1,1,6,4734300,616600,1,3,3,3,1,1,30,100,1,0,1,0,1,0,1,1,1
200600018799,6,4,26,2115,2,9,1,3,4864400,245900,2,2,0,0,1,1,66,188,1,0,1,0,1,0,1,0,1
200600018800,6,4,7,800,1,1,1,5,4462000,-110000,2,2,3,0,1,1,0,105,1,0,1,0,1,0,0,2,1
200600018801,6,4,14,730,1,1,1,2,4463100,-95300,1,3,0,0,1,1,10,184,1,0,1,0,1,0,1,1,1
200600018802,6,4,16,1205,1,1,1,6,4470600,-75700,1,1,2,0,1,1,150,104,1,0,1,0,0,0,0,5,1
200600018805,6,4,28,1800,1,1,1,7,4448900,156600,3,2,0,0,1,1,0,71,1,0,1,0,0,0,1,0,1
200600018808,6,4,9,400,3,1,3,7,4576700,592100,3,2,2,0,2,1,0,50,2,0,1,0,0,0,1,0,1
200600018810,6,4,23,2200,3,1,1,6,4806100,736700,1,3,2,3,1,1,0,0,1,0,1,0,1,0,0,1,1
200600018812,6,4,17,800,1,1,1,7,4404500,104500,1,3,2,0,1,1,30,70,1,0,1,0,2,0,2,0,1
200600018822,6,4,20,2000,3,1,1,6,4166000,936000,3,2,2,0,3,2,0,53,1,0,1,0,0,0,2,0,1
200600018823,6,4,13,1330,1,1,1,1,4223200,924300,2,2,0,0,1,3,20,42,1,2,1,0,1,0,1,0,1
200600018825,6,4,15,2115,3,9,1,7,4583400,503000,1,0,0,0,1,1,0,0,1,0,3,0,1,0,2,0,1
200600018826,6,4,13,700,1,1,1,5,4917200,419300,2,2,2,0,1,1,0,78,1,0,1,0,3,0,1,0,1
200600018828,6,4,23,1215,1,1,1,6,4355800,136000,3,2,2,0,1,1,0,70,1,0,1,0,1,1,0,0,1
200600018830,6,4,13,830,1,1,1,6,4361900,704400,3,3,2,0,1,1,0,70,1,0,3,0,0,0,1,0,1
200600018831,6,4,24,1315,1,1,1,3,4362400,702900,3,2,2,0,2,3,0,70,1,0,1,0,1,0,3,1,1
200600018833,6,4,30,1700,1,1,1,1,4583800,484400,3,3,2,1,1,1,11,30,1,5,1,0,2,0,1,0,1
200600018835,6,4,16,1945,1,1,1,6,4539900,476900,4,2,2,0,1,1,0,0,1,5,4,0,0,0,2,0,1
200600018836,6,4,28,1330,1,1,8,1,4543200,481200,3,2,0,0,1,2,0,0,1,0,1,0,1,0,1,2,1
200600018837,6,4,19,845,1,1,1,6,4981200,317800,1,1,2,0,0,1,20,70,1,0,1,0,0,0,1,0,1
200600018838,6,4,12,1505,1,1,1,5,4279300,169400,2,2,2,0,1,1,0,70,1,0,1,0,2,1,1,0,1
200600018839,6,4,14,1915,1,6,1,3,4762600,-273300,4,2,2,0,1,3,8,42,1,5,1,0,1,0,1,0,1
200600018840,6,4,29,430,3,2,1,3,4761300,-271500,4,2,2,0,1,1,0,61,1,5,1,0,1,0,2,2,1
200600018842,6,4,13,1630,1,1,1,1,4745000,200000,1,4,1,0,1,3,0,60,1,3,1,0,1,1,0,1,1
200600018845,6,4,20,330,3,1,1,6,4355900,384700,2,3,0,0,2,1,20,50,1,0,3,0,0,0,1,0,1
200600018849,6,4,4,900,1,1,1,2,4604800,311300,1,3,4,3,3,1,20,200,1,0,1,0,1,0,0,1,1
200600018853,6,4,29,645,2,1,1,6,4749800,-52900,1,3,2,0,1,3,0,0,1,0,1,0,1,0,0,1,1
200600018856,6,4,29,230,5,1,1,6,4861200,768700,4,2,2,0,1,2,0,55,1,0,1,0,0,0,1,0,1
200600018864,6,4,17,1445,1,1,1,6,5092200,183300,3,2,2,0,1,2,0,0,1,0,1,0,0,0,1,1,1
200600018867,6,4,12,1530,1,1,1,1,4945500,27200,2,3,10,0,0,1,16,492,1,7,1,0,1,0,1,0,1
200600018875,6,4,9,1930,1,1,4,2,4558200,148700,1,1,2,0,1,1,10,72,5,0,1,0,2,0,1,0,1
200600018887,6,4,20,1530,1,1,1,2,4350100,130000,3,2,2,0,1,1,0,61,1,0,1,0,1,0,0,1,1
200600018888,6,4,27,2200,3,1,1,3,4350900,125000,3,2,2,0,1,1,0,0,1,5,1,0,1,0,1,2,1
200600018891,6,4,9,230,3,9,1,7,4370900,460800,3,2,2,0,1,2,0,65,1,0,0,0,0,0,1,0,1
200600018894,6,4,2,600,2,1,1,7,4810000,503300,3,2,2,0,1,1,0,79,1,0,3,0,0,0,2,0,1
200600018895,6,4,28,930,1,9,1,1,4797600,497000,3,2,0,0,1,1,0,52,1,0,1,0,1,0,1,0,1
200600018899,6,4,19,1200,1,1,1,6,4948100,130300,3,2,2,0,2,1,0,45,1,0,1,0,1,0,1,0,1
200600018901,6,4,14,1945,1,1,1,7,4367100,129700,2,2,2,0,0,2,0,72,1,0,1,0,0,0,1,0,1
200600018902,6,4,18,745,1,1,1,3,4367300,129300,2,2,2,0,1,1,0,72,1,5,1,0,1,0,1,0,1
200600018909,6,4,9,1545,1,1,2,6,4367400,390300,3,2,2,0,2,2,0,60,2,0,3,0,0,0,2,0,1
200600018913,6,4,20,800,1,1,1,7,4894200,-106200,1,3,4,0,1,1,30,144,1,0,1,0,0,0,1,1,1
200600018915,6,4,21,230,3,9,1,7,4925900,76600,1,3,4,3,1,1,10,130,1,3,2,0,3,1,0,0,1
200600020532,6,4,29,1445,1,1,1,6,4863280,630010,4,2,2,0,1,1,0,73,1,0,1,99,0,0,1,1,1
200600021827,6,4,11,315,3,1,1,7,4833714,237991,3,2,2,0,1,1,32,108,1,0,1,0,0,0,1,1,1
200600021828,6,4,19,2050,1,2,1,3,4831693,239247,2,2,3,0,1,1,0,90,1,0,1,99,1,0,0,1,1
200600022623,6,4,4,1050,1,1,1,6,4877832,245410,6,0,0,0,1,0,0,100,0,0,0,99,0,0,0,1,1
200600022624,6,4,4,2320,1,1,1,6,4877364,248988,3,0,2,0,1,1,0,60,1,0,1,0,1,0,0,1,1
200600022625,6,4,5,1705,1,1,1,6,4880189,245898,4,2,2,0,1,1,0,60,1,0,1,0,1,0,0,1,1
200600022626,6,4,10,750,1,1,1,6,4879699,246381,4,0,2,0,1,1,0,60,1,0,1,99,1,0,0,1,1
200600022628,6,4,11,1515,1,2,1,3,4877414,248198,2,3,3,0,1,0,0,90,1,0,1,0,1,0,0,1,1
200600022629,6,4,11,1140,1,1,1,6,4878000,246554,4,2,2,0,1,1,0,60,1,0,1,0,1,0,0,1,1
200600022631,6,4,14,1340,1,1,1,6,4880552,245660,4,2,2,0,1,1,0,60,1,0,1,0,1,0,0,1,1
200600022632,6,4,7,15,5,1,1,6,4880060,245668,4,2,2,0,1,1,0,60,1,0,1,3,0,0,0,1,1
200600022633,6,4,13,2000,2,1,1,1,4880378,246776,4,2,2,0,1,1,0,60,1,0,1,0,1,0,0,1,1
200600022634,6,4,14,930,1,1,1,2,4880159,246727,4,2,2,0,1,1,0,60,1,0,1,0,1,0,0,1,1
200600022635,6,4,16,220,5,1,1,6,4879882,246515,4,0,4,0,1,0,0,120,0,0,0,0,1,0,0,1,1
200600022636,6,4,18,1715,1,1,1,3,4877320,243516,9,0,1,3,1,1,0,30,1,0,1,99,1,0,0,1,1
200600022637,6,4,19,1455,1,1,1,3,4879340,246096,2,3,6,0,1,1,10,180,1,0,1,0,3,0,0,4,1
200600023198,6,1,20,1630,1,1,1,3,4849000,769000,3,2,2,0,1,1,0,0,1,0,1,0,1,0,1,0,1
200600023199,6,1,9,1800,5,1,1,3,4334700,560500,2,2,2,0,1,1,0,65,1,0,1,0,1,0,1,0,1
200600023318,6,5,6,1700,1,7,1,7,5049000,303700,6,0,0,0,1,1,0,0,1,0,0,0,0,0,1,0,1
200600023320,6,5,15,2230,3,1,1,1,5074000,271700,3,2,1,0,1,3,0,58,1,0,1,0,1,0,1,0,1
200600023321,6,5,30,1030,1,3,1,1,5078000,273900,3,2,2,0,2,1,0,65,1,0,1,0,1,1,0,0,1
200600023322,6,5,6,600,2,1,1,7,5067400,278200,3,2,2,0,1,1,0,56,1,0,3,0,0,0,1,0,1
200600023323,6,5,14,1645,1,1,1,3,5061500,275000,3,2,2,0,0,1,0,72,1,0,1,0,1,0,2,0,1
200600023325,6,5,18,730,1,1,1,1,5080500,250200,3,2,2,0,3,3,0,74,1,0,1,0,1,0,1,0,1
200600023326,6,5,29,815,1,3,1,3,5070500,293200,3,2,2,1,1,1,47,124,1,5,1,0,3,0,1,1,1
200600023327,6,5,30,1345,1,1,2,1,5070700,302000,3,2,2,0,1,1,0,70,2,0,1,0,0,0,1,1,1
200600023328,6,5,6,1645,1,1,1,3,5028200,333400,2,2,2,0,1,1,0,100,1,0,1,0,1,0,1,0,1
200600023330,6,5,7,1015,1,1,1,6,5008800,376300,3,2,0,0,1,1,0,50,0,0,3,0,0,0,1,0,1
200600023331,6,5,12,1230,1,1,1,2,5012400,369900,3,2,2,0,0,1,0,68,1,0,1,0,1,0,0,1,1
200600023333,6,5,10,1645,1,1,3,3,5012000,418200,3,2,1,0,2,1,0,65,2,0,1,0,1,0,1,0,1
200600023334,6,5,7,2100,2,1,1,6,5005000,332100,3,2,2,0,2,1,0,0,1,0,1,0,1,0,3,0,1
200600023335,6,5,30,2200,5,1,1,1,5008300,340100,3,2,0,0,1,1,0,0,2,0,1,0,1,0,1,0,1
200600023337,6,5,24,2030,1,1,1,3,5030000,380000,4,3,2,0,1,1,0,68,1,0,1,0,2,0,0,1,1
200600023338,6,5,25,1500,1,1,2,1,5031700,373600,4,2,1,0,1,4,0,0,2,0,1,0,0,1,0,2,1
200600023339,6,5,19,1200,1,1,1,6,5025200,364100,9,1,0,0,1,0,0,50,1,0,1,3,1,0,1,0,1
200600023342,6,5,3,1830,1,1,1,1,5032000,266000,2,2,2,0,0,1,0,70,1,0,1,0,0,0,5,0,1
200600023344,6,5,6,2345,3,1,3,1,5022100,306600,3,2,0,0,1,1,0,71,2,0,1,0,1,1,0,0,1
200600023346,6,5,9,1930,1,6,1,3,5030000,306000,3,2,0,0,1,1,0,0,1,5,1,0,1,0,1,0,1
200600023349,6,5,20,2330,3,1,1,6,5054900,257300,3,2,0,0,1,1,0,64,1,0,3,0,2,0,1,0,1
200600023354,6,5,28,500,2,1,1,7,5082200,192800,3,0,0,0,0,3,0,60,9,0,3,0,1,0,3,0,1
200600023356,6,5,24,1015,1,1,8,1,5053600,162700,6,0,0,1,0,0,0,0,0,0,0,0,1,0,0,1,1
200600023359,6,5,12,1530,1,1,1,1,5033900,256300,3,2,2,0,0,1,0,75,9,0,1,0,1,0,1,0,1
200600023360,6,5,22,615,2,1,1,7,5030300,232800,3,2,0,0,0,4,0,0,0,0,0,0,0,0,2,1,1
200600023361,6,5,23,1800,1,1,1,6,5028200,229300,3,2,2,0,1,4,90,0,1,0,1,0,0,0,1,0,1
200600023363,6,5,21,2030,1,1,3,1,4977900,186700,2,2,2,0,0,3,0,72,2,0,1,0,1,0,1,0,1
200600023365,6,5,13,1515,1,1,1,1,4997000,190300,4,2,0,0,1,3,0,55,1,0,1,0,1,0,1,0,1
200600023366,6,5,16,2230,5,1,1,6,5014700,200800,3,2,0,0,2,2,0,68,1,0,4,0,0,1,0,0,1
200600023367,6,5,5,2245,5,2,1,3,5006600,160500,3,2,0,0,1,1,0,74,1,5,1,0,2,0,0,3,1
200600023368,6,5,8,745,1,2,2,3,5001500,160900,3,2,0,0,1,1,0,100,2,5,1,0,1,0,1,0,1
200600023369,6,5,10,1715,1,1,1,3,5002800,164000,3,2,0,0,1,1,0,65,1,0,1,0,1,0,1,0,1
200600023370,6,5,23,1915,1,1,1,6,4999300,155500,3,2,0,0,1,1,0,0,1,0,1,0,1,0,0,1,1
200600023371,6,5,22,1045,1,1,1,2,5034800,163300,3,2,2,0,1,1,0,55,1,0,1,0,1,0,1,0,1
200600023374,6,5,9,715,2,1,2,1,4974200,287700,3,2,2,0,1,1,80,0,2,0,1,0,2,0,1,0,1
200600023378,6,5,6,815,1,1,1,7,4982400,246100,3,2,0,0,4,2,0,63,1,0,1,0,0,0,2,0,1
200600023379,6,5,14,1845,1,2,1,3,4972500,240800,3,2,2,0,1,1,0,72,1,5,1,0,8,1,0,0,1
200600023383,6,5,10,1745,1,1,1,5,5011200,274500,3,2,2,0,1,3,0,55,1,0,1,0,3,0,1,0,1
200600023384,6,5,15,1845,1,1,1,7,5003500,265500,3,2,0,0,1,2,0,65,1,0,0,0,0,0,1,0,1
200600023385,6,5,28,1900,1,1,1,1,4998600,267400,3,2,0,0,1,1,0,0,1,0,1,0,1,0,1,0,1
200600023388,6,5,16,845,3,1,1,7,4983900,267300,4,2,2,0,3,3,0,60,1,4,3,0,0,0,3,0,1
200600023391,6,5,18,2145,5,1,2,3,4980400,269500,3,2,2,0,1,1,0,70,2,0,1,0,1,0,0,1,1
200600023395,6,5,16,1145,1,3,1,3,4961200,350300,2,2,0,0,2,2,0,91,1,5,1,0,1,0,2,0,1
200600023396,6,5,27,1115,1,1,8,3,4972800,362300,3,2,0,0,2,3,0,67,2,0,1,0,3,0,0,1,1
200600023397,6,5,28,1900,1,9,1,7,4952100,363600,3,3,2,0,0,1,0,53,1,0,1,0,0,0,0,1,1
200600023398,6,5,12,2230,3,1,2,3,4960100,323100,3,2,2,0,1,1,0,0,2,6,1,0,0,0,1,2,1
200600023402,6,5,12,1830,1,1,8,1,4942800,392700,3,2,0,0,1,1,35,91,2,5,1,0,0,0,2,0,1
200600023403,6,5,13,2315,5,1,1,6,4944200,396700,4,2,0,0,2,3,0,79,1,0,1,0,1,0,1,0,1
200600023406,6,5,24,930,1,2,1,3,4890300,340600,3,2,2,0,1,1,0,95,1,0,1,0,0,0,1,1,1
200600023407,6,5,1,1830,1,1,2,1,4918200,349500,3,2,1,0,2,2,0,50,2,0,1,0,1,0,0,1,1
200600023412,6,5,4,2115,5,1,1,6,4923800,304400,3,2,0,0,1,3,0,60,1,0,1,0,0,0,2,0,1
200600023413,6,5,24,1600,1,2,8,5,4937800,313300,3,2,2,0,0,1,0,63,1,5,1,0,2,0,2,0,1
200600023415,6,5,13,1045,1,1,1,1,5002200,379000,3,2,2,0,2,1,0,80,1,0,1,0,1,0,1,0,1
200600023417,6,5,13,1115,1,1,1,1,4993100,410300,4,2,2,0,1,1,0,60,1,5,1,0,2,0,1,0,1
200600023418,6,5,4,900,1,1,1,5,4938800,222200,3,2,2,0,1,1,0,68,1,0,1,0,2,0,1,0,1
200600023419,6,5,19,145,3,1,1,6,4951500,201600,3,2,2,0,2,1,0,75,1,0,1,0,0,0,1,0,1
200600023421,6,5,2,630,2,1,1,6,4936400,196400,3,2,2,0,1,1,0,74,2,0,1,0,0,0,1,0,1
200600023422,6,5,10,2015,1,1,1,6,4941200,183800,4,2,2,0,1,1,0,50,1,0,1,0,1,0,0,2,1
200600023437,6,5,20,1345,1,1,6,6,4955700,226500,3,2,2,0,2,3,0,47,1,0,4,0,0,0,1,0,1
200600023439,6,5,1,1000,1,1,8,1,4955100,237000,3,2,2,0,1,1,0,72,1,0,1,0,0,0,2,1,1
200600023444,6,5,3,1745,1,1,1,1,4942500,276200,9,2,0,0,0,1,0,40,9,4,1,0,1,0,2,0,1
200600023445,6,5,16,830,1,1,1,1,4946600,276300,3,2,0,0,0,1,0,75,1,0,1,0,0,0,1,1,1
200600023454,6,5,26,1800,1,1,1,1,4914700,280100,3,2,0,0,1,3,0,70,1,0,1,0,0,0,2,0,1
200600023457,6,5,20,1800,1,1,6,1,4991400,94200,3,2,0,0,2,4,0,74,1,0,1,0,4,0,1,1,1
200600023459,6,5,27,1700,1,1,8,7,4979600,111100,3,2,0,0,2,0,0,60,2,0,1,0,0,0,1,0,1
200600023462,6,5,13,300,3,1,8,1,4939200,128300,2,2,2,0,0,1,0,70,2,0,1,0,0,1,1,0,1
200600023469,6,5,20,1530,1,1,1,1,4963400,64200,3,2,2,0,2,0,0,71,1,2,1,0,0,0,2,0,1
200600023472,6,5,6,1915,1,3,2,3,4965700,161600,3,3,2,0,2,1,0,70,2,5,1,0,1,0,1,0,1
200600023473,6,5,1,2215,5,1,3,7,4946400,139600,2,2,2,0,1,1,0,73,2,0,1,0,1,0,1,0,1
200600023475,6,5,10,1815,1,1,1,1,4986700,72300,3,2,0,0,2,1,0,80,1,0,1,0,1,0,1,0,1
200600023478,6,5,3,1445,1,1,1,2,4911200,117300,3,2,1,0,1,1,63,0,1,0,1,0,1,0,2,0,1