Num_Acc,an,mois,jour,hrmn,lum,int,atm,col,lat,long,catr,circ,nbv,vosp,prof,plan,lartpc,larrout,surf,infra,situ,env1,unscathed,killed,hospital,light,chance
200600023965,6,5,9,1400,1,1,1,1,4439700,160800,3,2,0,0,0,3,0,40,1,0,1,0,1,0,1,0,1
200600023974,6,5,1,1045,1,1,1,1,4383200,225800,3,2,2,0,0,0,0,44,1,5,1,0,1,0,1,0,1
200600023977,6,5,28,1700,1,2,1,1,4374600,178000,3,2,2,0,0,0,0,60,1,5,1,0,0,0,1,4,1
200600023978,6,5,30,530,3,1,1,3,4375800,168000,1,3,2,0,1,1,0,70,1,0,1,0,1,0,1,0,1
200600023979,6,5,6,1000,1,1,1,3,4395900,187400,3,2,2,0,1,2,0,71,1,0,1,0,0,0,1,1,1
200600023980,6,5,18,1215,1,1,1,6,4392400,198700,3,2,2,0,0,1,0,69,1,0,1,0,0,1,0,0,1
200600023985,6,5,19,1100,1,1,1,2,4353000,226000,3,2,2,0,1,1,0,56,1,0,1,0,1,0,1,2,1
200600023986,6,5,11,515,3,1,1,6,4356000,190000,2,2,2,0,1,1,0,74,1,0,3,0,0,2,0,0,1
200600023987,6,5,17,1845,1,1,1,7,4357900,206300,4,2,2,0,2,2,0,29,1,0,3,0,0,0,1,1,1
200600023988,6,5,3,1515,1,1,1,7,4412300,135700,3,2,2,0,2,2,0,36,1,0,1,0,1,0,1,0,1
200600023997,6,5,2,1430,1,1,1,6,4398500,123200,3,2,0,0,0,2,0,55,1,0,0,0,0,0,1,0,1
200600023998,6,5,4,1045,1,1,1,3,4397100,121500,3,2,2,0,0,1,0,0,1,0,1,0,1,0,1,0,1
200600023999,6,5,19,2100,1,1,1,3,4402600,119100,3,2,0,0,1,1,0,60,1,0,1,0,0,0,2,0,1
200600024001,6,5,28,1400,1,1,1,6,4395900,122000,3,2,2,0,1,1,0,60,1,0,3,0,0,0,1,1,1
200600024006,6,5,26,1130,1,1,1,3,4589100,483200,3,2,2,0,1,1,0,0,1,0,1,0,1,0,1,0,1
200600024009,6,5,24,945,1,2,1,2,4568700,479800,2,2,2,0,2,1,0,60,1,0,1,0,1,0,1,0,1
200600024019,6,5,13,1845,1,1,1,3,4565700,475000,3,1,2,0,1,1,0,80,1,0,1,0,1,0,1,0,1
200600024021,6,5,24,1745,1,1,1,3,4597500,469300,4,2,0,0,1,1,0,0,1,0,1,0,2,0,0,2,1
200600024023,6,5,24,1945,1,1,1,1,4617600,474700,3,2,3,0,1,1,0,138,1,5,1,0,0,0,1,2,1
200600024024,6,5,17,1615,1,6,1,7,4612400,473800,3,1,1,0,1,2,0,60,1,5,1,0,0,0,1,0,1
200600024029,6,5,3,2245,5,1,1,2,4603900,429000,3,2,2,0,1,1,0,70,1,0,1,0,1,0,1,0,1
200600024030,6,5,7,1815,1,1,1,2,4615800,544300,3,2,0,0,3,1,0,66,1,0,1,0,1,0,1,0,1
200600024033,6,5,27,1000,1,1,1,3,4643500,493900,3,2,0,0,0,1,0,100,1,0,1,0,1,0,1,0,1
200600024036,6,5,13,1845,1,1,1,3,4628600,490600,3,2,0,0,1,1,0,62,2,0,1,0,0,1,1,1,1
200600024041,6,5,19,1930,1,1,1,1,4598000,531400,3,3,3,0,1,1,53,33,1,0,1,0,2,0,1,0,1
200600024044,6,5,1,1315,1,1,1,1,4620900,556700,4,2,2,0,2,2,0,28,1,0,1,0,0,0,2,0,1
200600024050,6,5,7,1730,1,1,3,1,4612600,589700,2,2,2,0,1,3,0,75,2,0,1,0,1,0,1,1,1
200600024054,6,5,11,1015,1,1,1,1,4590500,518900,2,2,0,0,1,1,0,70,1,0,1,0,2,0,1,0,1
200600024059,6,5,10,800,1,1,1,1,4604100,475700,3,2,2,0,1,3,0,65,1,0,1,0,1,0,1,0,1
200600024060,6,5,2,1745,1,1,1,6,4615200,487000,3,2,2,0,1,3,0,60,1,5,1,0,0,0,1,0,1
200600024061,6,5,17,1400,1,1,1,1,4610200,485500,3,2,2,0,2,1,0,65,1,0,1,0,1,0,1,0,1
200600024063,6,5,30,1915,1,1,1,3,4432000,462000,2,2,2,0,1,3,0,80,1,5,1,0,1,0,1,0,1
200600024064,6,5,3,1800,1,1,1,1,4472500,474900,2,2,2,0,1,1,0,80,1,0,1,0,1,0,0,1,1
200600024065,6,5,9,815,1,1,1,6,4476000,474800,2,3,1,0,1,1,40,104,1,0,1,0,1,0,1,0,1
200600024067,6,5,4,15,3,1,1,6,4475900,409800,3,2,0,0,2,1,0,65,1,0,3,0,0,0,1,0,1
200600024073,6,5,10,1930,1,1,8,2,4510800,466700,3,2,0,0,1,1,0,63,2,0,1,0,1,0,1,0,1
200600024074,6,5,12,830,1,1,1,3,4517100,467600,3,2,2,0,2,4,0,65,1,0,1,0,1,0,0,2,1
200600024075,6,5,26,1745,1,6,1,6,4473600,501500,3,0,0,0,1,0,0,0,1,0,1,0,0,0,1,0,1
200600024076,6,5,23,715,1,1,1,7,4482400,489500,3,2,2,0,1,2,0,45,1,0,1,0,0,0,1,0,1
200600024078,6,5,30,1730,1,1,1,7,4473400,477500,3,2,2,0,1,1,0,0,9,0,3,0,0,1,0,0,1
200600024079,6,5,20,1645,1,1,1,3,4460700,542300,3,2,2,0,1,1,0,0,1,0,1,0,1,0,0,1,1
200600024080,6,5,30,1830,1,1,1,1,4494000,458700,4,2,2,0,2,3,0,34,1,0,1,0,1,0,0,2,1
200600024082,6,5,27,1530,1,3,1,3,4452400,471300,3,2,2,0,1,1,0,50,1,0,1,0,1,0,1,0,1
200600024087,6,5,12,2000,1,1,1,6,4448700,494400,3,2,2,0,2,1,0,50,1,0,1,0,0,0,0,1,1
200600024093,6,5,8,1620,1,1,3,6,4529200,498300,3,2,2,0,3,3,0,70,2,0,1,0,0,1,0,0,1
200600024095,6,5,6,1,3,1,1,7,4517000,583400,4,2,0,0,0,2,0,50,1,0,1,0,1,0,1,0,1
200600024098,6,5,3,1645,1,1,1,7,4541800,568300,3,2,2,0,2,3,0,54,1,2,1,0,0,0,1,0,1
200600024106,6,5,6,130,3,1,8,6,4483600,577100,3,2,0,0,2,2,0,61,1,0,3,0,0,0,1,0,1
200600024107,6,5,2,1700,1,1,1,6,4515200,524800,3,2,2,0,0,3,0,35,0,0,0,0,0,0,1,1,1
200600024108,6,5,10,1400,1,1,1,3,4515700,534100,4,2,0,0,2,3,0,0,1,0,1,0,1,0,2,0,1
200600024109,6,5,13,600,2,1,1,6,4513200,527800,3,2,0,0,1,3,0,58,1,0,3,0,0,1,0,0,1
200600024110,6,5,15,700,1,1,1,6,4510500,524700,2,3,0,0,1,1,0,50,1,0,1,0,1,0,1,0,1
200600024113,6,5,15,130,5,1,1,7,4537100,562100,4,2,0,0,3,1,0,0,1,0,1,0,0,0,1,0,1
200600024115,6,5,8,1600,1,1,3,3,4573200,540700,2,2,0,0,0,3,0,70,2,0,1,0,1,0,1,1,1
200600024116,6,5,25,1730,1,1,1,3,4580800,541800,3,2,2,0,1,0,0,0,1,0,1,0,0,0,2,1,1
200600024118,6,5,11,1100,1,1,1,1,4561100,554500,3,2,0,0,1,3,0,55,1,0,1,0,0,0,2,0,1
200600024120,6,5,5,1300,1,1,1,3,4546100,485800,4,2,2,0,2,4,0,42,1,0,1,0,1,0,1,0,1
200600024121,6,5,19,1530,1,1,1,7,4559400,486200,2,2,2,0,2,0,0,80,1,5,1,0,0,0,1,0,1
200600024122,6,5,21,1630,1,1,1,1,4551300,490500,3,2,2,0,4,1,0,69,1,0,1,0,1,1,0,0,1
200600024123,6,5,20,1530,1,1,1,6,4552500,496600,3,1,2,0,1,1,0,54,1,0,1,0,0,0,1,1,1
200600024127,6,5,1,1530,1,1,1,7,4580100,508600,4,2,0,0,1,1,0,0,1,0,1,0,0,1,0,0,1
200600024129,6,5,20,1545,1,1,1,3,4579800,511200,3,2,0,0,1,1,0,0,1,0,1,0,1,0,1,0,1
200600024130,6,5,10,30,3,1,1,6,4534200,478000,3,2,0,0,4,2,0,80,1,5,1,0,1,0,1,0,1
200600024131,6,5,12,45,3,1,1,1,4532000,478900,3,2,2,0,1,1,0,80,1,2,1,0,1,0,0,1,1
200600024132,6,5,19,1800,1,2,1,3,4535200,488700,3,2,2,0,0,1,0,0,1,0,1,0,1,0,0,1,1
200600024134,6,5,8,915,1,1,8,1,4529600,459400,2,2,2,0,1,2,0,53,2,0,1,0,2,0,1,1,1
200600024135,6,5,25,1600,1,1,1,7,4540000,442100,2,2,0,0,2,4,0,70,1,0,3,0,0,0,1,0,1
200600024136,6,5,7,1530,1,1,1,7,4554300,430700,3,2,0,0,1,1,0,77,1,0,3,0,0,0,4,0,1
200600024139,6,5,14,1845,1,1,1,7,4553500,399500,3,2,2,0,1,1,0,49,1,0,1,0,0,0,1,0,1
200600024140,6,5,13,1600,1,1,8,3,4564800,433900,2,2,0,0,2,2,0,75,8,0,1,0,0,0,1,1,1
200600024142,6,5,14,1145,1,6,1,3,4558400,431900,3,2,2,0,1,0,0,0,1,5,1,0,1,0,1,1,1
200600024143,6,5,23,1330,1,1,1,6,4567300,423200,2,2,0,0,1,0,0,0,1,0,1,0,0,0,1,0,1
200600024145,6,5,9,1415,1,1,1,1,4607700,411900,3,2,2,0,1,1,0,52,1,0,1,0,2,0,0,1,1
200600024151,6,5,5,945,1,1,1,2,4604900,392900,3,2,0,0,4,1,0,73,1,0,1,0,1,0,1,0,1
200600024152,6,5,12,1215,1,1,1,6,4607000,392000,3,2,2,0,4,2,0,60,1,0,3,0,0,0,1,0,1
200600024153,6,5,16,1200,1,1,1,3,4613000,390000,2,2,2,0,1,1,0,74,1,0,1,0,1,1,0,0,1
200600024156,6,5,18,1800,1,1,3,1,4568800,613700,3,2,2,0,2,3,0,73,2,0,1,0,0,0,2,0,1
200600024157,6,5,31,1945,1,1,1,6,4561700,609300,3,2,2,0,1,2,0,75,1,0,0,0,0,0,0,1,1
200600024159,6,5,8,2015,3,1,3,1,4570100,579900,2,2,2,0,1,2,0,86,2,0,1,0,0,0,3,0,1
200600024160,6,5,2,2100,3,1,1,1,4576500,641700,4,2,0,0,2,3,0,75,1,0,1,0,1,0,1,0,1
200600024162,6,5,21,1400,1,2,1,6,4566800,630800,3,2,2,0,3,2,0,60,1,0,1,0,1,0,1,0,1
200600024164,6,5,2,1700,1,1,1,6,4565300,643700,2,3,0,0,1,1,31,140,1,0,3,0,1,0,2,0,1
200600024165,6,5,11,1700,1,1,1,2,4527500,635700,4,2,0,0,1,1,0,61,1,0,1,0,1,0,0,1,1
200600024166,6,5,11,1200,1,1,1,6,4527600,633800,4,2,0,0,2,2,0,65,1,0,1,0,0,0,0,1,1
200600024175,6,5,12,1900,1,1,1,7,4616200,617500,2,2,2,0,1,3,0,0,1,0,0,0,0,1,0,0,1
200600024177,6,5,14,1530,1,1,1,6,4616800,636500,3,2,0,0,2,1,0,50,1,0,1,0,0,0,1,0,1
200600024179,6,5,2,800,1,1,7,1,4632400,629600,3,2,2,0,1,1,0,62,1,0,1,0,2,0,1,0,1
200600024180,6,5,1,1915,1,1,1,7,4621800,643700,3,2,2,0,0,3,0,62,1,0,1,0,0,0,1,0,1
200600024182,6,5,28,945,1,1,1,5,4635900,663900,3,2,2,0,2,2,0,63,1,0,1,0,1,0,4,0,1
200600024186,6,5,5,100,5,1,1,6,4579700,288400,4,0,0,0,0,2,0,0,1,0,1,0,0,0,1,0,1
200600024188,6,5,4,1700,1,1,1,3,4562700,374300,3,2,1,0,1,1,0,46,1,0,1,0,1,0,1,0,1
200600024189,6,5,18,1200,1,1,2,1,4548400,374200,3,2,2,0,3,1,0,55,2,0,1,0,0,0,1,1,1
200600024191,6,5,7,1045,1,1,1,1,4562300,368800,4,0,0,0,1,1,0,40,1,0,1,0,1,0,1,0,1
200600024195,6,5,7,430,3,1,3,6,4555500,263400,4,2,1,0,1,1,0,32,2,0,3,0,0,0,0,1,1
200600024198,6,5,14,2030,2,1,1,6,4591200,298500,3,2,2,0,2,1,0,47,1,0,1,0,0,1,0,0,1
200600024200,6,5,13,200,3,1,5,7,4589900,321100,3,2,2,0,1,2,0,71,2,0,3,0,0,0,1,0,1
200600024201,6,5,26,1645,1,2,1,3,4603000,320800,4,2,2,0,1,1,0,50,1,0,1,0,1,0,2,0,1
200600024203,6,5,20,1630,1,1,1,7,4601900,272300,4,2,1,0,1,1,0,0,1,0,3,0,0,0,2,0,1
200600024209,6,5,11,2130,3,1,1,7,4593300,349800,3,2,2,0,0,1,0,60,2,0,1,0,0,0,1,0,1
200600024210,6,5,20,2200,5,1,1,7,4596100,347700,3,2,2,0,1,1,0,60,1,0,1,0,0,0,0,1,1
200600024212,6,5,2,1100,1,1,1,6,4619000,317000,3,2,2,0,2,1,0,70,1,0,3,0,0,0,2,1,1
200600024215,6,5,14,1830,1,1,1,7,4663600,270900,3,2,0,0,1,2,0,56,1,3,1,0,1,0,2,0,1
200600024216,6,5,25,1825,1,1,1,6,4649600,275900,3,2,2,0,1,1,0,62,1,0,3,0,0,1,1,0,1
200600024217,6,5,2,130,3,1,1,6,4625400,280900,3,2,2,0,1,1,0,60,1,0,3,0,0,0,1,0,1
200600024218,6,5,17,2300,3,1,1,6,4628900,273200,3,2,2,0,2,1,0,0,1,0,3,0,0,0,0,1,1
200600024221,6,5,24,1830,1,1,1,1,4611200,346400,9,2,0,0,1,1,0,47,1,0,1,0,1,0,1,0,1
200600024222,6,5,26,2320,3,1,1,7,4611400,331900,2,2,2,0,1,1,0,78,1,0,1,0,1,0,0,1,1
200600024226,6,5,14,1730,1,1,1,3,4598400,374100,3,2,2,0,0,4,0,62,1,0,1,0,1,0,1,0,1
200600024229,6,5,28,2000,1,1,1,1,4498100,262300,3,2,2,0,1,1,0,74,1,0,1,0,1,0,1,0,1
200600024230,6,5,31,1100,1,1,1,3,4497100,260700,2,0,0,0,1,1,0,68,1,0,1,0,1,0,1,0,1
200600024232,6,5,6,130,3,1,1,6,4501600,291000,3,0,2,0,2,2,0,45,1,0,1,0,1,0,1,0,1
200600024233,6,5,1,1215,1,1,1,1,4510000,379500,3,2,2,0,1,3,0,86,1,0,1,0,2,0,1,0,1
200600024234,6,5,1,1500,1,1,1,7,4510200,379800,2,2,2,0,1,2,0,86,1,0,3,0,0,0,1,0,1
200600024235,6,5,14,600,1,1,1,6,4485600,385000,2,0,2,0,1,2,0,71,1,0,3,0,0,0,2,0,1
200600024240,6,5,22,730,1,1,1,6,4533100,370200,3,2,2,0,3,3,0,90,1,0,3,0,0,0,1,0,1
200600024245,6,5,21,2230,3,1,1,1,4517200,406000,3,0,2,0,1,2,0,53,1,0,1,0,1,0,1,0,1
200600024246,6,5,28,1645,1,1,1,6,4514700,411800,4,1,1,0,2,1,0,65,1,0,1,0,4,0,0,1,1
200600024252,6,5,21,1500,1,1,1,1,4529900,425600,4,2,0,0,2,2,0,0,1,0,1,0,0,0,2,0,1
200600024254,6,5,3,2245,3,1,1,3,4911200,605900,2,2,3,0,2,3,0,106,1,0,1,0,2,1,0,0,1
200600024265,6,5,4,1400,1,1,1,6,4893800,685900,3,2,2,0,1,1,0,70,1,0,1,0,0,0,1,0,1
200600024268,6,5,2,1630,1,1,1,7,4908100,702200,2,3,0,0,1,3,0,0,1,0,1,0,0,0,1,0,1
200600024277,6,5,4,1415,1,1,1,1,4859000,603400,4,2,2,0,2,1,0,0,1,0,1,0,1,0,1,0,1
200600024280,6,5,13,1230,1,1,8,3,4847600,611600,3,2,2,0,1,1,0,70,1,5,1,0,1,0,0,1,1
200600024289,6,5,12,1315,1,1,1,1,4849300,694800,3,2,2,0,1,2,63,0,1,0,1,0,1,0,1,0,1
200600024293,6,5,5,730,1,1,1,7,4875700,526400,3,2,2,0,1,1,0,55,1,0,3,0,0,0,1,0,1
200600024294,6,5,4,1830,1,1,1,6,4866300,505400,9,2,1,0,4,1,0,40,1,0,3,0,0,0,1,0,1
200600024297,6,5,20,1530,1,1,8,7,4879100,562600,3,2,0,0,1,4,0,0,1,0,1,0,0,0,1,0,1
200600024302,6,5,22,1130,1,1,2,2,4868700,572100,2,3,2,0,1,2,15,65,2,0,1,0,2,0,1,0,1
200600024304,6,5,26,1530,1,1,1,3,4949700,524300,3,2,0,0,2,1,0,67,1,0,1,0,3,0,0,1,1
200600024307,6,5,25,2200,5,1,8,6,4929200,571500,4,2,2,0,0,2,0,49,2,0,0,0,0,0,0,1,1
200600024319,6,5,26,1930,5,1,2,1,4814800,679100,4,2,1,0,1,1,0,50,2,0,1,0,1,0,0,1,1
200600024324,6,5,30,1730,1,6,1,3,4876800,769700,3,2,2,0,1,1,0,60,1,5,1,0,1,0,1,0,1
200600024326,6,5,4,1710,1,1,1,1,4854100,745400,4,2,0,0,1,1,0,0,1,0,1,3,0,0,1,1,1
200600024329,6,5,2,1730,1,3,1,3,4886600,718100,3,2,2,0,1,1,0,76,1,0,1,0,1,0,1,0,1
200600024330,6,5,8,1130,1,1,1,7,4884500,711700,3,2,2,0,1,3,0,56,2,0,3,0,0,0,1,0,1
200600024331,6,5,16,1830,1,1,2,6,4889600,719800,3,2,0,0,1,3,0,60,2,0,4,0,0,0,1,0,1
200600024336,6,5,7,2215,3,1,1,7,4839700,745500,3,2,2,0,1,2,0,60,1,0,3,0,1,0,0,1,1
200600024340,6,5,25,1000,3,1,1,1,4827700,759900,3,2,2,0,1,1,0,61,1,0,1,0,0,0,2,0,1
200600024342,6,5,8,215,3,1,1,6,4893800,793800,3,2,1,0,1,1,0,66,1,0,1,0,0,0,2,0,1
200600024347,6,5,2,1830,1,9,1,2,4808500,738900,3,2,2,2,1,1,112,86,1,0,5,0,1,0,1,0,1
200600024350,6,5,2,2115,3,1,1,6,4807000,746500,3,2,2,0,1,1,0,62,1,0,1,0,0,0,1,0,1
200600024351,6,5,27,1745,1,1,1,1,4805900,753600,3,2,2,0,0,1,0,63,1,0,1,0,0,0,3,0,1
200600024353,6,5,11,445,3,1,1,1,4827000,726000,2,2,2,0,1,1,0,123,1,0,1,0,0,0,2,0,1
200600024354,6,5,31,1145,1,1,1,6,4823600,716200,3,2,2,0,4,1,0,30,1,0,1,0,1,0,1,0,1
200600024355,6,5,6,1015,1,1,1,3,4809700,732200,2,3,4,0,1,1,30,150,1,5,1,0,2,0,1,0,1
200600024356,6,5,2,45,5,1,1,2,4762600,730800,3,1,0,0,1,1,0,71,1,0,1,0,0,0,1,1,1
200600024357,6,5,17,2045,1,1,1,6,4762400,730700,3,2,3,0,2,1,0,120,1,0,3,0,0,0,0,1,1
200600024359,6,5,8,2200,3,1,3,7,4790200,742800,3,2,0,0,1,1,0,69,2,0,3,0,0,0,1,0,1
200600024363,6,5,3,1815,1,1,1,3,4778100,738200,3,3,4,0,1,1,19,148,1,0,1,0,1,1,0,0,1
200600024364,6,5,13,2330,5,1,2,3,4780200,738300,4,2,2,0,1,1,0,54,2,5,1,0,0,0,1,1,1
200600024366,6,5,10,815,1,1,1,1,4761000,757200,3,2,2,0,1,1,0,102,1,5,1,3,1,0,1,0,1
200600024369,6,5,3,1730,1,1,1,7,4897300,452600,3,2,2,0,0,3,0,60,1,0,0,0,0,0,1,0,1
200600024370,6,5,7,1145,1,1,3,1,4884400,446200,3,2,0,0,1,1,0,60,2,0,1,0,0,0,1,1,1
200600024371,6,5,18,1645,1,1,1,3,4905900,438600,3,2,0,0,1,1,0,60,1,0,0,0,1,0,1,0,1
200600024372,6,5,21,1945,1,1,1,2,4913400,453500,3,2,2,0,1,1,0,70,1,0,1,0,1,0,0,1,1
200600024373,6,5,11,1400,1,1,1,1,4899000,399000,9,2,0,0,1,2,0,53,1,0,1,0,1,0,1,0,1
200600024375,6,5,21,1445,1,1,1,3,4872300,393000,3,2,2,0,2,1,0,50,1,0,1,0,0,0,2,0,1
200600024376,6,5,7,530,2,1,1,6,4855800,365800,4,2,2,0,1,1,0,0,1,0,4,0,0,0,1,0,1
200600024379,6,5,2,2230,3,1,1,7,4926400,389800,4,2,2,0,2,4,0,0,1,0,1,0,0,0,1,0,1
200600024382,6,5,19,745,1,1,8,1,4925400,391200,4,2,0,0,1,4,0,60,0,0,1,0,1,0,1,0,1
200600024385,6,5,4,1745,1,1,1,1,4880100,457700,2,2,2,0,3,2,0,74,1,5,1,0,1,0,1,0,1
200600024386,6,5,29,1515,1,1,8,1,4881800,480400,3,2,0,0,1,3,0,62,2,0,1,0,2,0,2,0,1
200600024387,6,5,14,1430,1,1,1,6,4895600,472400,3,2,2,0,2,1,0,66,1,0,3,0,0,1,0,0,1
200600024388,6,5,22,1815,1,3,1,3,4902300,497400,3,2,2,0,1,1,0,58,1,0,1,0,1,0,1,0,1
200600024390,6,5,29,1715,1,1,8,3,4969800,479000,3,2,3,0,1,1,0,106,2,0,1,0,1,0,1,0,1
200600024395,6,5,6,2030,1,1,1,1,4949800,415600,3,2,2,0,1,3,0,64,1,0,1,0,2,0,0,4,1
200600024396,6,5,1,1200,1,1,1,6,4804500,414800,3,2,2,0,1,1,0,57,1,0,3,0,0,0,1,0,1
200600024397,6,5,4,1600,1,1,1,1,4810900,389600,2,2,0,0,2,1,0,76,1,0,1,0,1,0,1,0,1
200600024398,6,5,30,620,1,1,1,1,4809100,384100,2,2,2,0,1,1,0,71,1,0,1,0,0,1,1,0,1
200600024401,6,5,5,1730,1,1,1,1,4824500,430900,2,2,2,0,1,1,0,76,1,0,1,0,0,0,2,0,1
200600024406,6,5,6,1400,1,1,1,6,4821600,444800,3,2,0,0,1,1,0,73,1,0,3,0,0,1,0,0,1
200600024407,6,5,4,2200,3,1,1,6,4845200,357000,3,2,2,0,1,1,0,0,1,0,3,0,0,0,1,0,1
200600024408,6,5,20,1730,1,1,1,6,4844500,356000,3,2,2,0,1,1,0,60,1,0,3,0,0,0,1,0,1
200600024410,6,5,1,1810,1,1,1,7,4810300,535300,3,2,2,0,2,3,0,0,1,0,0,0,0,1,3,0,1
200600024411,6,5,21,1045,1,1,1,6,4813700,489700,3,2,2,0,1,2,0,60,9,0,3,0,0,1,1,0,1
200600024414,6,5,14,100,5,1,1,6,4795600,573700,4,2,2,0,4,2,0,45,1,0,3,0,2,0,1,0,1
200600024415,6,5,14,2245,3,1,1,6,4801500,558300,3,2,2,0,1,1,0,62,1,0,1,0,1,0,1,0,1
200600024416,6,5,17,15,3,1,1,6,4803200,562800,3,2,2,0,1,1,72,0,1,0,1,0,0,0,1,0,1
200600024418,6,5,28,1245,1,1,1,7,4773800,561400,3,2,0,0,2,1,0,67,1,0,3,0,0,0,1,1,1
200600024420,6,5,31,1130,1,1,1,1,4832900,502800,3,2,2,0,3,2,0,44,1,0,1,0,1,0,1,1,1
200600024427,6,5,15,715,1,1,1,1,4751800,506000,3,2,2,0,1,2,0,72,1,0,1,0,1,0,1,0,1
200600024428,6,5,24,1400,1,1,1,5,4695900,476700,3,2,0,0,0,1,0,0,1,0,1,0,2,0,2,0,1
200600024429,6,5,9,800,1,1,2,2,4719800,453500,3,0,2,0,2,1,0,0,2,0,1,0,0,0,0,2,1
200600024431,6,5,26,1200,1,1,1,7,4710900,440000,3,2,1,0,2,1,0,0,1,0,1,0,0,0,1,0,1
200600024432,6,5,18,530,2,1,1,6,4712900,512700,3,2,0,0,0,2,0,59,1,0,3,0,0,0,1,0,1
200600024433,6,5,30,1515,1,1,1,1,4714300,497800,3,2,2,0,1,1,0,56,1,0,1,0,0,0,0,2,1
200600024434,6,5,14,1830,1,2,1,6,4710600,526400,4,1,1,0,1,1,0,40,1,0,1,0,1,0,1,0,1
200600024439,6,5,5,2145,3,1,1,6,4709300,389800,3,2,2,0,1,1,0,46,1,0,3,0,0,0,1,0,1
200600024441,6,5,31,1745,1,1,1,6,4713300,305100,3,2,2,0,2,1,0,68,1,0,3,0,0,0,1,0,1
200600024442,6,5,11,1800,1,1,1,7,4754000,307600,3,2,2,0,1,3,0,66,1,0,3,3,0,0,1,0,1
200600024443,6,5,16,1230,1,1,9,2,4628200,477700,3,2,0,0,0,1,86,0,2,0,1,0,1,0,1,0,1
200600024448,6,5,15,1415,1,1,1,1,4675800,467400,2,2,3,0,2,1,0,97,1,0,1,0,1,1,0,1,1
200600024452,6,5,29,745,1,1,3,1,4629200,427900,3,2,2,0,2,2,0,60,2,0,1,0,1,0,1,0,1
200600024459,6,5,22,900,1,2,1,3,4652900,430400,4,2,2,0,1,1,41,0,1,0,1,0,1,0,1,0,1
200600024470,6,5,6,15,5,1,1,6,4675300,446800,4,2,2,0,0,1,0,0,1,0,1,0,3,0,0,2,1
200600024471,6,5,17,745,1,1,1,6,4784400,347400,3,0,2,0,1,1,0,0,1,0,1,0,1,0,1,0,1
200600024473,6,5,16,115,3,1,1,6,4772900,360800,2,2,3,0,1,1,0,107,1,5,3,0,0,0,3,0,1
200600024475,6,5,6,1200,1,1,1,3,4764700,307100,3,2,1,0,1,1,0,0,1,0,1,0,3,0,1,0,1
200600024477,6,5,27,1915,1,1,1,3,4752100,390900,3,2,0,0,0,0,0,60,1,5,1,0,2,0,2,0,1
200600024479,6,5,27,1530,1,2,1,3,4802000,371000,3,2,2,0,1,1,0,85,1,5,1,0,1,0,1,0,1
200600024482,6,5,16,1630,1,1,1,1,4809800,313000,2,2,2,0,1,1,0,108,1,0,1,0,0,0,5,0,1
200600024483,6,5,26,1200,1,1,1,1,4819600,304600,3,2,2,0,3,1,0,70,1,0,1,0,0,1,2,0,1
200600024496,6,5,21,1315,1,1,1,1,4745200,681200,3,2,2,0,1,2,0,0,1,0,1,0,1,0,1,0,1
200600024498,6,5,24,1530,1,1,1,1,4712700,630400,2,2,2,0,0,1,0,74,1,0,1,0,0,0,2,0,1
200600024499,6,5,17,1100,1,1,1,1,4673800,638100,2,2,3,3,2,4,0,107,1,0,1,0,1,1,1,0,1
200600024501,6,5,29,1430,1,1,2,1,4659800,559600,3,2,2,0,0,1,0,74,2,0,1,0,0,1,0,1,1
200600024502,6,5,8,1500,1,1,2,6,4646100,546300,3,2,0,0,1,1,0,63,2,0,3,0,0,0,1,0,1
200600024506,6,5,24,1545,1,1,1,3,4714400,565500,3,2,2,0,1,2,0,61,1,0,1,0,1,1,0,2,1
200600024511,6,5,30,530,2,1,8,4,4768900,646600,2,2,2,0,2,3,80,0,2,0,1,0,2,1,0,0,1
200600024514,6,5,13,1930,2,1,2,6,4776800,627600,3,0,2,0,2,3,0,70,2,0,3,0,0,0,1,0,1
200600024518,6,5,4,1315,1,1,1,7,4538000,480600,1,3,3,3,2,2,35,105,1,0,2,0,0,0,1,0,1
200600024525,6,5,31,1145,1,1,1,3,4341000,537200,2,2,0,0,2,1,0,0,1,0,1,3,1,0,0,1,1
200600024526,6,5,9,1930,1,1,1,2,4343800,536500,3,2,2,0,1,1,0,70,1,0,1,0,1,0,1,0,1
200600024539,6,5,12,245,5,1,1,6,4352000,515400,4,2,1,0,1,1,0,40,1,0,0,0,0,0,1,0,1
200600024554,6,5,1,1500,1,1,1,3,4390700,579300,3,2,2,0,1,1,0,94,1,5,1,0,1,0,1,0,1
200600024555,6,5,17,1445,1,1,1,3,4388400,566400,3,2,2,0,2,2,0,56,1,0,1,0,2,0,0,1,1
200600024556,6,5,23,715,1,1,1,5,4398000,573300,3,0,2,0,0,3,0,78,1,0,1,0,2,0,3,2,1
200600024561,6,5,6,1120,1,1,1,6,4429800,579000,9,2,2,0,0,4,0,30,9,0,3,0,0,0,1,0,1
200600024562,6,5,6,1800,1,1,1,1,4432400,581800,4,2,2,0,2,3,0,76,1,0,1,0,2,0,1,0,1
200600024564,6,5,14,300,3,1,1,7,4456400,621300,2,2,2,0,2,2,0,70,1,0,3,0,0,0,0,1,1