Num_Acc,an,mois,jour,hrmn,lum,int,atm,col,lat,long,catr,circ,nbv,vosp,prof,plan,lartpc,larrout,surf,infra,situ,env1,unscathed,killed,hospital,light,chance
200600024565,6,5,17,1515,1,1,1,7,4453700,628500,3,2,2,0,0,2,0,75,1,0,3,0,0,0,0,1,1
200600024567,6,5,22,1215,1,1,1,7,4453700,618700,3,2,2,0,1,2,0,70,1,0,3,0,0,0,0,1,1
200600024581,6,5,18,715,1,1,1,1,4373400,736800,3,2,3,3,1,4,0,107,1,0,1,0,1,0,1,1,1
200600024583,6,5,16,1200,1,1,2,2,4387700,719300,3,1,2,0,1,2,0,87,2,0,3,0,1,1,0,0,1
200600024584,6,5,29,1015,1,1,1,1,4392200,716400,3,2,2,0,1,2,0,73,8,0,1,0,0,0,1,1,1
200600024585,6,5,31,1430,1,1,4,7,4433700,685100,3,2,2,0,1,3,0,60,5,0,1,0,2,0,0,1,1
200600024586,6,5,25,1715,1,1,1,6,4358800,642700,3,2,0,0,0,3,0,60,0,0,1,0,0,0,1,0,1
200600024594,6,5,22,745,1,1,1,7,4332300,634100,3,2,2,0,2,1,0,38,1,0,3,0,0,0,1,0,1
200600024601,6,5,21,600,2,1,1,6,4330000,607000,3,2,3,0,2,2,0,105,1,0,3,0,0,0,0,3,1
200600024602,6,5,21,1720,1,1,1,6,4330000,622000,2,2,2,0,2,1,0,75,1,0,3,0,0,0,1,3,1
200600024624,6,5,29,1800,1,9,1,1,4327100,657500,3,3,0,0,0,1,28,35,1,5,1,0,1,1,0,0,1
200600024627,6,5,26,1,3,1,1,1,4325000,659000,4,2,2,0,2,4,0,59,1,0,1,0,0,0,2,0,1
200600024631,6,5,1,500,3,1,1,1,4321200,614000,3,2,2,0,1,2,0,76,1,0,1,0,0,0,2,0,1
200600024632,6,5,11,700,1,1,1,5,4326400,611000,2,2,2,0,1,1,0,84,1,0,1,0,1,0,1,3,1
200600024639,6,5,23,1900,1,1,1,7,4321000,601000,4,2,1,0,1,1,0,20,1,0,1,0,0,0,1,0,1
200600024640,6,5,23,2100,2,1,1,3,4317000,604000,4,2,2,0,1,1,0,60,1,5,1,0,1,0,3,0,1
200600024644,6,5,12,1745,1,1,1,1,4397000,485900,4,2,0,0,0,1,0,60,1,0,1,0,1,0,2,0,1
200600024646,6,5,7,1330,1,1,1,1,4374300,535000,3,2,2,0,1,1,0,81,1,0,1,0,0,0,2,1,1
200600024648,6,5,28,1030,1,1,1,1,4375000,546300,3,2,1,0,1,2,0,64,1,0,1,0,1,0,1,0,1
200600024655,6,5,26,1215,1,1,1,3,4417000,485500,4,2,1,0,1,1,0,47,1,0,1,0,1,1,0,0,1
200600024671,6,5,28,1845,1,1,1,3,4367000,414000,4,2,0,0,1,1,0,56,1,0,1,0,4,0,1,1,1
200600024678,6,5,3,545,1,1,1,6,4348200,279300,2,2,2,0,0,3,0,81,1,0,1,0,0,0,1,0,1
200600024679,6,5,6,1630,1,1,1,1,4340700,334100,2,2,2,0,1,1,0,150,1,5,1,0,0,0,3,0,1
200600024682,6,5,24,2015,1,1,1,3,4329000,325100,3,2,2,0,1,1,0,60,1,0,3,0,1,0,0,1,1
200600024684,6,5,30,1430,1,1,1,7,4373700,330000,3,3,3,0,2,3,0,0,1,5,3,0,0,0,3,0,1
200600024685,6,5,9,1645,1,1,1,1,4363100,343700,9,2,0,0,0,0,0,0,0,0,0,0,1,0,1,0,1
200600024686,6,5,11,1945,1,1,1,6,4357300,340300,3,2,0,0,1,1,0,43,1,0,1,0,0,0,1,0,1
200600024687,6,5,16,1945,1,1,1,6,4361200,338000,3,2,0,0,0,2,0,65,1,0,1,0,0,0,1,0,1
200600024688,6,5,24,1815,1,1,1,7,4367200,347000,3,2,2,0,1,1,0,54,1,0,3,0,0,0,0,3,1
200600024691,6,5,4,1415,1,1,1,1,4334800,342400,3,2,2,0,1,1,0,75,1,0,3,0,1,1,0,0,1
200600024696,6,5,11,1030,1,3,1,5,4345400,364700,2,2,3,0,0,1,23,140,1,5,1,0,2,0,1,0,1
200600024698,6,5,26,1815,1,1,1,2,4348400,367400,3,2,2,0,1,1,0,0,1,0,1,0,2,0,1,0,1
200600024699,6,5,27,1645,1,1,1,6,4309600,259700,3,0,0,0,1,1,56,0,1,0,1,0,1,0,1,0,1
200600024700,6,5,6,1645,1,4,8,3,4331000,255000,3,2,2,0,1,1,0,60,1,0,1,0,1,0,1,0,1
200600024701,6,5,12,1500,1,1,1,3,4325400,193400,3,2,2,0,2,3,0,76,1,0,1,0,1,0,1,0,1
200600024708,6,5,17,2000,1,1,1,1,4299800,304100,3,2,2,0,1,0,0,70,1,0,1,0,0,0,2,0,1
200600024711,6,5,23,800,1,1,1,2,4383500,445300,3,3,0,0,1,1,0,0,1,0,3,0,1,0,1,0,1
200600024716,6,5,19,2030,1,1,1,1,4397900,416600,3,2,2,0,1,1,0,61,1,0,1,0,1,0,1,2,1
200600024718,6,5,17,740,1,9,1,1,4404000,440000,3,2,2,0,1,1,0,48,1,0,1,0,0,1,2,1,1
200600024722,6,5,2,30,3,1,1,6,4430000,455700,3,2,0,0,0,0,0,60,1,0,3,0,0,0,2,0,1
200600024723,6,5,6,800,1,1,2,7,4394600,461800,2,2,2,0,0,3,0,70,2,0,1,0,0,0,0,1,1
200600024728,6,5,27,1815,1,1,1,1,4386000,418500,3,2,2,0,1,2,0,67,1,0,1,0,0,1,0,2,1
200600024732,6,5,19,1830,1,1,1,2,4391900,399500,3,2,2,0,1,1,69,0,1,0,1,0,1,0,1,0,1
200600024733,6,5,21,2000,1,9,1,1,4387000,393800,3,2,0,0,1,1,69,0,1,5,1,0,1,0,1,0,1
200600024734,6,5,26,1115,1,1,1,1,4391500,399900,4,2,2,0,1,1,0,50,1,0,1,0,2,0,1,0,1
200600024735,6,5,30,645,1,1,1,1,4387600,394700,3,2,2,0,1,1,0,67,1,0,1,0,0,1,1,0,1
200600024739,6,5,25,1230,1,1,1,7,4417700,369200,3,2,2,0,1,2,0,57,1,0,3,0,0,1,0,0,1
200600024740,6,5,29,1015,1,1,6,6,4421000,364000,3,2,2,0,2,3,0,59,1,0,3,0,0,1,0,0,1
200600024741,6,5,16,730,1,1,1,7,4427200,335600,3,2,0,0,2,3,0,0,2,0,3,0,1,0,0,1,1
200600024745,6,5,19,2245,3,1,1,6,4273300,258500,3,2,0,0,0,0,0,0,0,0,0,0,0,0,1,0,1
200600024749,6,5,3,1630,1,6,1,1,4264400,303500,3,1,2,0,1,2,0,0,1,0,1,0,1,0,1,0,1
200600024750,6,5,21,30,3,1,1,6,4262900,287100,3,2,0,0,1,1,62,0,1,0,1,0,0,0,1,1,1
200600024751,6,5,29,830,1,6,1,3,4248500,267900,3,2,2,0,0,1,156,60,1,5,1,0,1,0,0,1,1
200600024754,6,5,27,500,3,1,1,7,4241000,256800,3,2,2,0,2,3,0,120,1,0,0,0,1,1,0,0,1
200600024756,6,5,1,520,3,1,1,1,4266300,259500,2,2,2,0,1,1,0,80,1,0,1,0,1,0,0,3,1
200600024757,6,5,24,1900,1,3,7,1,4264600,248500,2,2,2,0,3,1,18,70,1,5,1,0,1,1,0,0,1
200600024758,6,5,20,1015,1,1,1,2,4201500,886900,2,2,2,0,1,1,0,72,1,0,1,0,2,0,1,0,1
200600024760,6,5,2,1230,1,1,1,3,4224700,880600,3,2,0,0,1,3,0,30,1,0,1,0,1,0,0,1,1
200600024764,6,5,22,900,1,1,7,1,4285000,944400,3,0,2,0,2,3,0,46,1,0,1,0,3,0,1,2,1
200600024765,6,5,21,1545,1,1,1,3,4270200,936900,3,2,2,0,2,2,0,64,1,0,1,0,2,0,1,0,1
200600024766,6,5,2,600,2,9,1,6,4258900,882900,2,2,0,0,2,2,0,0,1,0,1,0,0,1,2,0,1
200600024768,6,5,26,1715,1,1,1,5,4257500,883200,2,2,2,0,2,3,0,64,1,0,1,0,0,0,0,4,1
200600024769,6,5,3,1630,1,9,1,1,4263900,893800,9,2,2,0,1,1,0,60,1,0,1,0,1,0,0,1,1
200600024770,6,5,2,1330,1,9,1,7,4230900,916000,2,2,0,0,1,2,0,0,1,2,1,0,0,0,1,1,1
200600024772,6,5,3,1330,1,1,1,1,4247800,925900,3,2,0,0,0,3,70,0,1,0,1,0,1,1,0,0,1
200600024782,6,5,22,1415,1,1,1,3,4903500,182000,3,2,0,0,0,1,0,65,1,0,1,0,0,0,1,2,1
200600024785,6,5,5,1715,1,1,1,6,4889800,165300,3,2,2,0,2,3,0,62,1,0,1,0,1,0,1,0,1
200600024786,6,5,7,215,4,1,1,6,4892000,168400,3,2,0,0,1,1,0,0,1,0,3,3,0,0,2,0,1
200600024787,6,5,26,1645,1,1,8,6,4851100,191700,3,2,2,0,1,1,0,62,1,0,1,0,1,0,0,1,1
200600024788,6,5,1,1,5,1,1,7,4883300,190200,4,2,2,0,2,1,0,50,1,0,1,0,0,0,1,0,1
200600024789,6,5,21,1230,1,1,1,6,4885500,188900,3,0,0,0,0,0,0,0,0,0,0,0,1,0,1,0,1
200600024790,6,5,28,1830,1,1,1,3,4880200,190100,3,2,2,0,1,1,0,60,1,0,1,0,1,0,0,1,1
200600024793,6,5,13,1700,1,1,2,3,4864400,237700,4,2,2,0,1,0,0,70,2,0,1,0,1,0,1,0,1
200600024795,6,5,21,1955,2,1,1,7,4839000,239000,4,2,2,0,1,2,0,76,1,0,0,0,0,0,0,1,1
200600024796,6,5,31,845,1,1,6,1,4842400,196500,3,2,2,0,1,1,0,70,1,0,1,0,0,0,1,1,1
200600024797,6,5,29,700,1,4,2,5,4843200,206500,3,2,1,0,1,1,0,57,2,5,1,3,2,0,0,5,1
200600024798,6,5,14,2315,3,1,1,6,4847400,235500,3,2,2,0,1,1,0,56,1,0,1,0,0,0,2,0,1
200600024801,6,5,3,845,1,1,1,3,4861100,219400,3,2,2,0,1,1,0,75,1,5,1,0,1,0,0,2,1
200600024804,6,5,18,1100,1,1,1,6,4867300,227500,6,0,2,0,1,3,0,0,1,0,1,0,0,0,0,1,1
200600024809,6,5,14,1530,1,1,1,6,4912300,201300,3,2,2,0,0,1,0,67,1,0,1,0,0,0,1,0,1
200600024812,6,5,9,845,1,1,2,3,4911200,187800,3,2,0,0,0,1,0,82,2,5,1,0,0,0,2,0,1
200600024815,6,5,4,1645,1,1,1,5,4867500,262400,3,2,2,0,2,1,0,53,1,0,1,0,2,1,1,1,1
200600024816,6,5,13,140,3,1,1,6,4868400,271700,3,2,2,0,1,2,0,100,1,0,3,0,2,0,1,0,1
200600024817,6,5,2,1915,1,1,1,3,4855100,277200,3,2,2,0,1,1,3,183,1,5,1,0,1,1,1,0,1
200600024818,6,5,13,1545,1,1,1,3,4846600,285100,3,2,2,0,4,2,0,62,1,0,1,0,0,0,2,2,1
200600024819,6,5,17,1300,1,1,1,1,4864400,279200,2,2,2,0,2,3,0,92,1,0,1,0,0,0,1,1,1
200600024820,6,5,20,1730,1,1,1,3,4864100,279600,2,2,2,0,1,1,0,0,1,0,1,0,1,0,2,0,1
200600024821,6,5,19,700,1,1,1,1,4857200,285600,4,2,0,0,1,2,0,71,1,0,1,0,1,0,1,0,1
200600024822,6,5,31,1710,1,1,1,1,4878000,277000,3,0,2,0,1,3,0,54,1,0,1,0,0,0,1,1,1
200600024824,6,5,3,1230,1,1,1,1,4882500,321900,3,2,2,0,2,4,0,57,1,0,1,0,1,0,1,0,1
200600024825,6,5,12,1730,1,1,1,7,4879700,332200,3,0,2,0,2,1,0,50,1,0,3,0,0,0,0,2,1
200600024826,6,5,14,530,2,1,5,6,4879200,324200,2,2,0,0,1,1,0,0,1,0,1,0,1,0,1,0,1
200600024827,6,5,30,2040,2,1,1,7,4876300,322600,3,2,0,0,1,1,0,50,9,0,1,0,0,0,1,0,1
200600024828,6,5,30,1015,1,2,1,5,4901300,316300,2,2,3,0,0,1,0,150,1,5,1,0,4,0,0,1,1
200600024829,6,5,23,1700,1,1,6,5,4872100,284900,2,3,0,0,0,1,0,0,1,3,1,0,2,0,1,0,1
200600024831,6,5,13,1130,1,1,1,3,4819800,255000,3,2,0,0,1,1,0,70,1,5,1,0,1,0,1,0,1
200600024832,6,5,8,1945,1,2,1,3,4848800,318000,3,2,2,0,3,1,0,45,1,0,0,0,4,0,1,2,1
200600024834,6,5,20,730,1,1,2,3,4859000,310800,3,2,2,0,1,1,0,69,2,0,1,0,1,0,1,0,1
200600024837,6,5,1,1430,1,1,1,7,4791300,203400,3,2,2,0,0,1,0,0,1,2,1,0,0,0,1,0,1
200600024838,6,5,3,1815,1,1,1,1,4780100,172700,3,2,0,0,1,1,61,0,1,0,1,0,0,1,1,0,1
200600024839,6,5,9,2145,5,1,1,2,4784900,179500,3,2,0,0,1,1,5,73,1,0,1,0,1,0,0,3,1
200600024843,6,5,12,1230,1,1,1,6,4785000,222600,3,2,2,0,1,1,0,62,1,0,1,0,0,0,1,0,1
200600024846,6,5,18,1330,1,1,1,6,4807000,202300,3,2,0,0,1,1,0,55,1,0,3,0,0,0,1,0,1
200600024852,6,5,15,1430,1,1,1,1,4805900,279200,4,2,2,0,1,1,0,58,1,5,1,0,4,0,3,0,1
200600024855,6,5,31,1345,1,1,2,1,4801900,289500,3,2,0,0,1,1,0,70,2,0,1,0,0,0,1,1,1
200600024858,6,5,8,1645,1,1,1,3,4813000,289000,3,2,2,0,1,1,0,58,1,0,1,0,1,1,0,0,1
200600024859,6,5,9,1515,1,1,1,7,4812300,277000,2,2,4,0,4,3,0,140,1,0,3,0,0,0,1,0,1
200600024860,6,5,25,1415,1,1,2,1,4807400,254800,4,2,2,0,1,0,0,34,2,0,1,0,1,0,1,0,1
200600024862,6,5,20,400,3,1,2,6,4815800,225800,3,2,0,0,1,1,0,56,2,0,3,0,0,1,0,0,1
200600024864,6,5,30,1745,1,9,1,1,4719300,299800,3,2,0,0,1,1,0,64,1,0,1,0,2,0,1,0,1
200600024871,6,5,13,1800,1,1,8,7,4758200,243800,3,2,0,0,1,2,0,70,2,0,3,0,0,0,1,0,1
200600024873,6,5,30,1715,1,1,1,6,4753800,244700,3,2,0,0,1,1,0,70,1,0,3,0,0,0,1,0,1
200600024874,6,5,23,100,3,1,1,6,4738800,213500,3,2,0,0,1,1,0,65,1,0,1,0,0,0,1,0,1
200600024877,6,5,5,900,1,2,1,3,4836800,146400,3,2,2,0,1,1,0,0,1,5,1,0,1,0,1,0,1
200600024879,6,5,1,830,1,1,1,6,4825400,196300,2,2,3,0,1,1,0,115,1,0,3,0,0,0,3,0,1
200600024881,6,5,31,915,1,1,1,1,4827800,174300,2,2,2,0,1,1,0,0,1,0,1,0,1,1,0,0,1
200600024883,6,5,13,830,1,2,1,3,4817100,110400,3,2,2,0,1,1,48,0,1,0,1,0,7,0,1,0,1
200600024884,6,5,17,2115,2,1,1,7,4820100,128400,3,2,2,0,1,3,40,38,1,0,1,0,0,0,1,0,1
200600024885,6,5,23,1245,1,1,1,3,4874700,131900,2,2,4,0,2,1,0,70,1,0,0,0,2,1,0,0,1
200600024886,6,5,20,1230,1,1,2,2,4886500,142300,3,2,2,0,1,1,0,0,2,5,1,0,1,0,0,2,1
200600024894,6,5,25,1800,1,1,8,6,4661200,128800,3,2,2,0,1,1,49,0,2,0,3,0,0,0,1,0,1
200600024895,6,5,2,1810,1,1,1,3,4689200,142100,3,2,2,0,0,1,0,70,1,2,1,0,1,0,1,1,1
200600024896,6,5,17,1930,1,1,1,2,4724800,163600,3,2,0,0,1,1,0,70,1,0,1,0,1,0,1,0,1
200600024898,6,5,26,1015,1,1,2,7,4643600,201600,3,2,2,0,1,3,80,70,2,0,1,0,0,0,1,0,1
200600024899,6,5,27,1245,1,1,1,7,4644600,159700,3,2,1,0,4,3,0,62,9,0,1,0,0,0,0,1,1
200600024900,6,5,22,715,2,1,1,6,4697100,204300,2,0,0,0,0,1,0,0,2,0,1,0,0,0,0,1,1
200600024902,6,5,6,1630,1,1,1,6,4757400,38900,4,0,2,0,0,0,40,0,1,0,1,0,4,0,1,0,1
200600024905,6,5,14,745,1,1,1,6,4756000,104900,3,2,2,0,0,4,0,55,1,0,3,0,1,0,2,0,1
200600024906,6,5,31,1830,1,1,1,1,4749700,77800,2,2,2,0,0,1,0,76,1,0,1,0,2,0,1,0,1
200600024907,6,5,7,130,3,1,1,6,4714000,13000,3,2,0,0,1,0,0,0,1,0,4,0,0,0,0,1,1
200600024911,6,5,12,1115,1,1,1,6,4712300,42200,3,0,0,0,1,0,0,0,1,0,4,0,1,0,1,0,1
200600024912,6,5,14,2200,5,9,1,7,4711100,47800,3,2,0,0,1,2,0,0,1,0,3,0,0,0,1,0,1
200600024914,6,5,29,815,1,1,2,1,4703800,37300,3,2,2,0,1,3,0,66,2,0,1,0,0,1,1,0,1
200600024915,6,5,12,1200,1,1,1,6,4710400,101400,2,2,0,0,1,1,0,78,1,0,1,0,1,0,1,0,1
200600024916,6,5,23,800,1,1,1,1,4713800,98200,4,2,2,0,1,0,0,60,1,0,1,0,1,0,1,0,1
200600024918,6,5,3,900,1,1,1,6,4727800,59900,4,1,1,0,2,1,0,40,1,0,1,0,1,0,1,0,1
200600024921,6,5,27,1500,1,2,1,3,4726800,83700,3,2,0,0,3,1,0,80,1,0,1,0,1,0,2,0,1
200600024931,6,5,6,2115,1,1,1,6,4734400,134600,3,2,2,0,1,2,0,0,1,0,3,0,0,0,1,2,1
200600024932,6,5,9,745,1,1,1,6,4739000,126000,3,2,2,0,1,1,0,50,1,6,1,3,1,0,1,0,1
200600024937,6,5,26,1300,1,1,1,5,4775000,103900,2,2,2,0,2,1,0,75,1,0,1,0,1,2,0,3,1
200600024941,6,5,27,1745,1,1,1,1,4795000,142000,3,2,0,0,3,1,0,58,1,0,1,0,1,0,0,1,1
200600024944,6,5,31,915,1,9,1,3,4513100,-104200,3,2,2,0,1,1,0,56,1,0,1,0,1,0,2,1,1
200600024948,6,5,28,500,1,1,1,7,4780500,-356800,3,2,2,0,2,1,0,64,1,0,3,0,0,1,0,0,1
200600024951,6,5,7,1945,1,1,3,3,4575300,143200,3,2,0,0,0,3,0,70,2,0,1,0,3,0,0,2,1
200600024952,6,5,18,1015,1,1,2,1,4575300,130800,3,2,2,0,2,2,0,76,2,0,1,0,0,1,1,0,1
200600024955,6,5,4,1730,1,1,1,1,4942300,594700,4,2,2,0,2,3,0,47,1,0,1,0,1,0,1,0,1
200600024956,6,5,17,1500,1,1,1,1,4948400,595400,3,2,2,0,1,1,0,51,1,0,4,0,1,0,1,0,1
200600024960,6,5,20,300,5,1,2,6,4810700,-163200,9,2,0,0,2,3,0,60,2,0,4,0,0,0,1,0,1
200600024961,6,5,26,115,3,1,1,6,4811900,-155500,2,2,2,0,2,1,27,70,1,0,1,0,0,0,1,0,1
200600024962,6,5,22,1345,1,1,6,6,4856000,193500,1,1,4,0,1,1,364,340,1,0,2,0,0,0,1,0,1
200600024963,6,5,28,2130,3,1,1,3,4857100,198600,1,3,4,0,3,1,24,340,1,0,1,0,1,0,0,2,1
200600024969,6,5,20,1555,1,1,1,7,4837200,-436300,4,2,2,0,0,2,0,40,1,0,3,3,0,0,1,0,1
200600024970,6,5,24,1645,1,1,1,1,4836700,-431000,4,2,0,0,0,1,0,50,1,0,1,0,1,0,1,1,1
200600024986,6,5,7,1000,1,1,1,6,4346800,667800,1,3,0,0,0,1,10,130,1,0,1,0,0,0,2,0,1
200600024987,6,5,15,545,2,1,1,2,4341100,641700,1,3,3,0,1,1,15,130,1,0,1,0,1,0,2,3,1
200600024988,6,5,15,1515,1,1,1,2,4340900,619800,1,3,3,0,1,1,20,135,1,0,1,0,1,0,0,2,1
200600024989,6,5,23,1800,1,1,1,7,4347000,654100,1,3,3,0,1,1,20,135,1,3,3,0,2,0,1,0,1
200600024990,6,5,29,900,1,1,1,3,4315200,603400,1,3,2,0,1,1,20,90,1,0,1,0,1,0,1,0,1
200600025000,6,5,29,530,2,1,8,6,4741400,489700,3,2,2,0,1,1,0,56,0,0,3,0,0,1,0,0,1
200600025002,6,5,4,1530,1,1,1,1,4775000,740000,3,2,2,0,1,1,0,0,1,0,1,0,1,0,0,2,1
200600025004,6,5,11,2200,3,1,1,7,4821700,-89000,3,1,2,0,0,0,0,0,1,0,0,0,0,0,1,0,1
200600025012,6,5,21,430,3,1,1,7,4733600,99200,3,2,2,0,3,3,0,42,2,2,4,0,0,0,1,0,1
200600025015,6,5,20,1745,1,1,6,6,4870800,791900,3,2,2,0,1,2,0,50,1,0,1,0,1,1,0,2,1
200600025016,6,5,4,2130,3,1,1,6,4600100,612600,1,3,2,0,1,1,20,70,1,0,1,0,0,1,0,0,1
200600025017,6,5,5,735,1,1,2,6,4579600,597100,1,1,2,0,2,1,7,41,4,0,2,0,0,0,1,0,1
200600025025,6,5,5,1715,1,1,1,6,4742000,142000,3,2,0,0,1,1,0,50,1,0,1,0,1,0,1,0,1
200600025028,6,5,13,1830,1,2,1,3,4359800,390600,1,1,3,0,1,1,35,105,1,0,1,0,2,0,1,0,1
200600025032,6,5,29,815,1,1,1,2,4540000,327000,1,3,2,0,2,1,17,90,1,0,1,0,1,0,1,0,1
200600025037,6,5,9,1000,1,1,1,2,4373700,724000,1,3,2,3,1,1,0,70,1,1,1,0,1,0,0,1,1
200600025039,6,5,18,1915,1,1,1,4,4372700,722800,1,1,2,0,0,1,0,70,1,0,1,0,2,0,0,1,1
200600025044,6,5,18,1515,1,1,1,7,5054900,247300,1,3,2,0,0,1,20,70,1,0,3,0,0,0,1,0,1
200600025049,6,5,7,1000,1,1,1,6,4338600,560700,1,1,1,0,1,1,0,0,1,0,2,0,0,0,1,0,1
200600025052,6,5,22,430,3,2,1,1,4348200,-79300,1,0,2,0,2,1,30,70,1,0,1,0,1,0,1,0,1
200600025056,6,5,27,1130,1,1,1,2,4449000,-83000,1,0,2,0,1,1,150,104,1,0,1,0,2,1,0,0,1
200600025064,6,5,18,1430,1,1,1,3,4214700,859900,4,2,2,0,2,3,0,50,1,0,1,0,2,0,1,0,1
200600025069,6,5,28,1630,1,1,1,6,4613400,579800,1,3,2,0,3,2,0,0,1,2,3,0,0,7,2,0,1
200600025085,6,5,3,1615,1,1,1,1,4597700,613200,2,2,1,0,1,1,0,75,1,0,1,0,1,0,1,1,1
200600025086,6,5,4,2130,2,1,1,3,4588500,618000,3,2,3,0,1,1,0,105,1,5,1,0,1,0,1,0,1
200600025087,6,5,28,1145,1,1,1,1,4590900,613100,9,2,2,0,1,1,14,90,1,0,1,0,0,0,1,1,1
200600025088,6,5,14,2130,3,1,1,1,4602000,623000,2,2,2,0,1,2,0,68,1,0,1,0,0,0,3,0,1
200600025089,6,5,15,1850,1,1,1,6,4593800,616300,3,3,2,0,2,3,0,70,1,0,1,0,0,1,2,1,1
200600025092,6,5,5,1800,1,1,1,3,4907700,234800,3,2,2,0,1,1,0,60,1,0,1,0,2,0,1,0,1
200600025093,6,5,5,1420,1,1,1,1,4271400,183900,2,2,2,0,2,3,0,71,1,0,1,0,0,0,2,2,1
200600025095,6,5,6,915,1,1,1,2,4753700,-275500,3,2,2,0,0,1,0,54,1,0,1,0,1,0,1,0,1
200600025096,6,5,24,1500,1,1,1,2,4586500,399500,1,3,4,0,1,1,15,200,1,0,1,0,1,0,0,2,1
200600025098,6,5,11,1615,1,1,1,1,4560500,512900,3,3,2,0,1,1,20,0,1,0,1,0,1,0,0,1,1
200600025105,6,5,7,1430,1,1,1,6,4614600,561700,1,1,0,0,1,3,0,90,1,2,1,0,0,0,1,0,1
200600025107,6,5,3,1530,1,1,1,6,4929000,-53700,3,2,0,0,1,1,0,60,1,5,1,0,1,0,1,0,1
200600025108,6,5,12,130,5,1,1,3,4933400,-44600,3,2,0,0,1,1,0,75,1,0,1,0,2,0,0,5,1
200600025113,6,5,31,2100,1,1,1,7,4749800,-53000,1,1,2,0,1,1,0,60,1,0,1,0,0,0,1,0,1
200600025114,6,5,19,1200,1,1,1,3,4853000,766500,3,2,0,0,1,1,0,0,1,5,1,0,1,0,2,0,1
200600025116,6,5,29,2345,5,1,1,7,4864600,770800,3,3,0,0,2,4,19,45,0,0,1,0,0,0,1,0,1
200600025120,6,5,4,2230,5,1,1,1,4562800,523000,9,2,2,0,1,1,0,47,1,5,1,0,1,0,1,0,1
200600025122,6,5,7,1915,1,1,1,4,4635000,277000,1,3,2,0,2,1,30,70,1,0,1,0,8,0,2,0,1
200600025123,6,5,19,1320,1,1,1,7,4686200,242900,1,3,2,0,1,1,10,60,1,0,3,0,1,0,2,0,1
200600025124,6,5,25,1030,1,1,1,1,4726400,512100,1,3,2,0,1,1,30,70,1,0,1,0,2,1,0,0,1
200600025136,6,5,6,1230,1,1,1,6,4824400,345900,1,3,2,0,3,3,30,100,1,0,3,0,1,0,1,0,1
200600025137,6,5,1,515,3,1,1,2,4331800,120700,1,3,0,3,1,1,20,100,1,0,1,0,2,0,1,1,1
200600025138,6,5,11,45,3,1,1,6,4328200,114700,1,3,2,0,0,1,100,700,1,2,3,0,0,0,1,0,1
200600025146,6,5,7,1500,1,1,1,2,4669100,158400,1,1,2,0,1,1,30,100,1,0,1,0,2,0,0,1,1
200600025147,6,5,15,545,2,1,1,6,4661900,153400,1,1,2,0,3,2,15,100,1,0,3,0,0,0,1,0,1
200600025150,6,5,29,1915,1,1,1,2,4365800,352800,2,2,2,0,0,1,0,69,0,0,1,0,1,0,1,0,1
200600025153,6,5,26,2015,1,1,1,6,4809200,4200,3,2,2,0,1,3,0,0,1,0,1,0,0,0,1,0,1
200600025154,6,5,14,1515,1,1,1,6,4717100,305100,2,3,4,0,2,1,30,150,1,0,2,0,0,3,1,0,1
200600025156,6,5,25,1500,1,1,2,1,4896200,763200,3,2,0,0,1,1,0,64,2,0,1,0,1,0,1,0,1
200600025157,6,5,17,745,1,1,1,3,4348200,126100,3,2,2,0,1,1,0,0,1,5,1,0,1,0,1,0,1
200600025161,6,5,10,1615,1,1,1,7,4952600,435600,2,3,2,0,1,2,29,73,1,2,3,0,0,0,4,0,1
200600025165,6,5,6,800,1,1,1,5,4945100,121100,3,2,2,0,1,1,0,52,1,0,1,0,0,0,1,3,1
200600025166,6,5,9,1615,1,1,2,3,4950000,119800,3,2,0,0,1,2,0,52,2,0,1,0,1,0,1,1,1
200600025167,6,5,23,1030,1,2,1,3,4949300,127700,3,2,2,0,1,1,0,60,1,5,1,0,1,0,0,2,1
200600025174,6,5,14,1100,1,1,1,1,4904700,200600,3,2,2,0,1,1,0,57,1,5,1,0,1,0,1,0,1
200600025175,6,5,16,2100,2,1,8,1,4908500,203600,3,2,2,0,2,1,0,50,1,0,1,0,1,0,1,0,1
200600025176,6,5,25,115,3,1,2,6,4902800,197300,3,2,0,0,2,2,0,25,2,0,3,0,1,0,1,0,1
200600025182,6,5,22,1715,1,1,3,7,4875000,-128600,1,3,4,0,2,2,27,144,2,2,1,0,3,0,0,1,1
200600025183,6,5,23,700,1,1,1,2,4887800,-118000,1,3,5,3,3,2,30,175,1,3,1,0,1,0,1,0,1
200600025184,6,5,31,1100,1,2,1,1,4843600,258600,3,2,0,0,1,1,0,72,1,5,1,0,0,0,0,2,1
200600025185,6,5,6,15,5,6,1,3,4567100,479400,3,2,2,0,1,1,0,100,1,5,1,0,1,1,1,0,1
200600025186,6,5,23,1345,1,3,1,5,4565400,481300,3,2,2,0,1,1,0,0,1,5,1,0,1,0,1,1,1
200600027040,6,5,12,1720,1,2,1,3,4862600,634570,4,2,3,0,1,1,0,86,1,5,1,99,0,0,1,1,1
200600029940,6,4,18,1715,1,1,1,6,4455000,333000,4,2,1,0,2,1,0,69,1,0,1,3,1,0,1,0,1