Num_Acc,an,mois,jour,hrmn,lum,int,atm,col,lat,long,catr,circ,nbv,vosp,prof,plan,lartpc,larrout,surf,infra,situ,env1,unscathed,killed,hospital,light,chance
200600042864,6,7,1,1845,1,1,1,6,4507800,-79100,2,2,2,0,2,1,10,80,1,0,1,0,2,0,1,0,1
200600042865,6,7,31,600,2,1,1,3,4505300,-79700,2,2,2,0,1,1,0,0,1,0,1,0,1,0,1,0,1
200600042866,6,7,30,1515,3,1,1,6,4523600,-86200,4,2,0,0,1,2,0,52,1,0,3,0,0,0,1,0,1
200600042867,6,7,22,2000,1,1,1,1,4543700,-104800,2,2,2,0,1,1,0,0,1,5,1,0,2,0,1,2,1
200600042870,6,7,29,1545,1,1,1,3,4482200,-25300,3,2,3,0,1,1,0,0,1,5,1,0,5,0,1,0,1
200600042873,6,7,24,145,5,6,1,6,4492000,-34300,3,3,2,0,1,1,60,0,1,0,1,0,0,0,1,0,1
200600042884,6,7,3,30,3,1,1,6,4463000,84000,3,3,0,0,1,1,5,69,1,0,1,0,0,1,0,0,1
200600042889,6,7,18,1900,1,1,1,1,4524900,35400,4,2,0,0,0,1,0,44,1,0,1,0,1,1,0,0,1
200600042890,6,7,11,1530,1,1,1,1,4502900,37500,3,2,2,0,1,3,0,62,1,0,1,0,1,1,1,0,1
200600042893,6,7,31,215,3,1,1,3,4484200,111900,3,2,2,0,1,1,0,66,1,0,1,0,0,0,1,1,1
200600042894,6,7,27,1530,1,1,1,1,4392300,-60400,3,2,0,0,0,2,0,0,1,0,1,0,1,0,1,0,1
200600042899,6,7,7,1700,1,1,1,3,4382700,-125800,3,2,2,0,0,1,0,60,1,5,1,0,1,0,1,0,1
200600042900,6,7,16,1645,1,1,1,3,4403000,-128200,3,2,2,0,1,3,0,62,1,0,1,0,1,1,0,0,1
200600042901,6,7,5,1645,1,1,1,5,4355000,-110300,2,2,2,0,1,1,0,75,1,0,1,0,1,0,0,2,1
200600042902,6,7,10,1015,1,1,1,6,4357800,-114300,3,0,2,0,2,1,0,88,1,0,3,0,0,2,0,2,1
200600042903,6,7,10,1115,1,1,1,1,4355000,-103500,2,2,0,0,3,1,0,65,1,0,1,0,2,0,2,1,1
200600042904,6,7,25,2300,3,1,1,6,4354800,-100100,3,2,2,0,2,2,0,0,1,0,3,0,0,0,2,0,1
200600042905,6,7,1,430,3,1,1,7,4363500,-136600,2,2,1,3,1,1,0,0,1,0,1,0,0,1,0,0,1
200600042908,6,7,13,1715,1,1,1,3,4368000,-138400,3,2,2,0,1,1,0,59,1,0,1,0,1,0,1,0,1
200600042909,6,7,14,1700,3,1,1,6,4366700,-138100,3,2,2,0,2,1,0,68,1,0,3,0,1,0,0,1,1
200600042910,6,7,28,630,3,1,2,6,4372700,-141400,3,2,2,0,4,2,0,61,2,0,3,0,0,1,3,0,1
200600042916,6,7,9,130,5,1,1,6,4433500,-58700,3,2,2,0,1,2,0,51,1,0,3,0,0,0,2,0,1
200600042921,6,7,12,1200,1,1,1,6,4366800,-50100,3,2,2,0,2,2,0,50,1,0,3,0,0,0,2,0,1
200600042931,6,7,15,2030,1,1,1,7,4438000,10600,3,2,2,0,1,1,0,70,1,0,1,0,0,0,2,0,1
200600042932,6,7,17,1945,1,1,1,1,4455200,8400,2,2,2,0,1,1,0,80,1,0,1,0,1,0,1,0,1
200600042934,6,7,19,1930,1,1,1,1,4451000,22000,3,2,0,0,1,1,0,70,1,0,1,3,1,0,1,0,1
200600042937,6,7,15,1930,1,1,1,7,4458800,43600,3,2,2,0,3,2,0,57,1,0,1,0,2,0,1,0,1
200600042942,6,7,30,400,3,1,1,6,4434400,5000,3,2,2,0,2,1,0,55,1,0,3,0,0,0,1,0,1
200600042953,6,7,18,2115,1,1,1,6,4318000,-24000,3,2,2,0,1,3,0,68,1,0,1,0,0,1,0,0,1
200600042956,6,7,15,1300,1,1,1,6,4317100,-121700,3,2,0,0,1,1,0,110,1,0,1,0,1,0,1,0,1
200600042959,6,7,7,1700,1,1,1,2,4349000,-76000,2,2,2,0,1,1,20,66,1,0,1,0,1,0,1,0,1
200600042963,6,7,8,1845,1,1,1,1,4656400,26400,3,2,2,0,0,1,0,0,1,0,1,0,1,0,4,0,1
200600042964,6,7,13,830,1,1,1,5,4652300,48200,3,2,2,0,1,1,0,57,1,0,1,0,2,0,1,0,1
200600042969,6,7,26,1545,1,1,1,1,4630300,18200,4,2,2,0,1,1,0,68,1,0,1,0,1,0,2,0,1
200600042975,6,7,18,1045,1,1,1,7,4682500,79800,4,2,0,0,2,3,0,36,1,0,3,0,0,0,1,0,1
200600042977,6,7,1,330,3,1,1,1,4634900,79600,2,2,2,0,1,1,0,72,1,0,1,0,0,2,3,0,1
200600042978,6,7,2,1515,1,1,1,5,4632200,82400,2,2,2,0,1,1,0,76,1,0,1,0,6,0,2,2,1
200600042979,6,7,22,1100,1,1,1,6,4642300,85400,3,2,2,0,1,1,0,62,1,0,1,0,0,0,1,0,1
200600042982,6,7,10,2100,1,1,1,7,4642300,63200,3,2,2,0,1,1,0,48,1,0,3,0,0,0,1,1,1
200600042983,6,7,2,945,1,1,1,3,4645200,98500,3,2,2,0,1,1,0,64,1,5,1,0,2,0,1,0,1
200600042984,6,7,24,1645,1,1,1,4,4545600,-15400,2,3,4,3,1,1,10,160,1,0,1,0,2,5,1,0,1
200600042988,6,7,6,1715,1,1,2,6,4601500,8600,3,2,2,0,1,1,0,65,2,0,3,0,0,1,0,0,1
200600042993,6,7,8,445,2,1,1,2,4620500,-102800,2,3,4,0,1,1,30,70,1,0,1,0,1,0,2,0,1
200600043007,6,7,22,1430,1,1,7,1,4530800,-23300,2,2,2,0,1,1,0,59,1,0,1,0,1,0,2,0,1
200600043008,6,7,2,1500,1,1,1,7,4583100,-100400,4,0,1,0,1,1,0,26,9,0,3,0,0,1,0,0,1
200600043010,6,7,30,2100,2,1,1,3,4583900,-113300,3,2,2,1,1,1,0,68,1,0,1,0,1,1,0,0,1
200600043014,6,7,14,2200,2,1,1,1,4573000,-117500,4,2,0,1,1,1,0,0,1,0,1,0,1,0,1,0,1
200600043018,6,7,8,1830,1,1,1,6,4573400,-58800,3,2,2,0,1,2,0,69,1,0,1,0,0,0,1,0,1
200600043025,6,7,25,345,3,1,1,7,4579000,-33000,3,2,2,0,1,3,0,62,1,0,3,0,0,0,2,0,1
200600043027,6,7,5,1930,1,1,1,3,4626400,-44300,4,2,0,0,1,2,0,62,1,0,1,0,1,0,1,0,1
200600043028,6,7,8,2015,1,2,1,3,4642700,-21200,3,2,2,0,2,3,0,0,1,0,1,0,2,0,1,0,1
200600043029,6,7,14,1700,1,2,1,3,4642100,-19700,9,2,2,0,0,1,0,66,1,0,1,0,2,0,1,0,1
200600043032,6,7,2,1215,1,1,1,6,4684400,-54900,3,2,2,0,1,3,25,79,1,0,1,0,0,0,1,0,1
200600043038,6,7,25,1115,1,6,1,7,4683200,-66200,3,1,1,0,1,2,0,50,1,5,4,0,0,0,1,0,1
200600043039,6,7,15,1515,1,1,1,7,4628000,-24300,3,2,3,0,1,1,0,114,0,0,0,0,0,0,1,0,1
200600043040,6,7,30,1700,1,2,1,3,4613600,-32600,3,2,2,0,1,1,0,50,1,0,1,0,2,0,2,0,1
200600043045,6,7,23,30,4,1,1,3,4653600,-32100,3,2,2,0,2,1,0,65,1,0,1,0,0,0,0,3,1
200600043046,6,7,7,1530,1,1,1,2,4665800,-29000,3,2,2,0,1,1,0,60,1,0,1,0,1,0,1,0,1
200600043049,6,7,9,330,3,1,1,7,4569200,100800,2,2,2,0,2,3,0,76,1,0,0,0,0,1,1,0,1
200600043051,6,7,11,1615,1,1,1,5,4621900,91100,3,2,2,0,1,1,0,77,1,0,1,0,1,1,2,0,1
200600043052,6,7,26,900,1,1,1,3,4603700,94900,3,2,2,0,1,1,0,64,1,0,1,0,1,1,1,0,1
200600043053,6,7,20,2100,1,1,1,3,4591700,103200,3,2,2,0,1,2,0,54,1,0,1,0,1,0,1,0,1
200600043055,6,7,30,1830,1,1,1,7,4581800,83400,3,2,2,0,3,4,0,61,1,0,3,0,0,0,2,0,1
200600043057,6,7,23,315,5,1,1,1,4524600,179200,3,2,2,0,2,1,0,68,1,0,1,0,3,0,0,1,1
200600043058,6,7,8,200,3,1,1,6,4511800,196300,3,2,2,0,2,3,0,60,9,0,3,0,0,1,0,0,1
200600043064,6,7,27,1530,1,1,1,6,4506400,166600,9,2,2,0,1,2,0,52,1,0,1,0,0,0,1,0,1
200600043067,6,7,15,1,3,1,1,7,4523700,144600,4,2,2,0,1,1,24,0,1,0,1,0,0,0,1,0,1
200600043068,6,7,8,2330,5,1,1,3,4540100,251800,9,2,0,0,0,1,0,86,1,0,1,0,1,0,1,0,1
200600043071,6,7,17,1600,1,1,1,3,4613300,182100,4,2,2,0,1,2,0,32,1,0,1,0,1,0,1,0,1
200600043072,6,7,28,1830,1,1,1,1,4636000,221900,3,2,2,0,1,1,0,59,2,0,1,0,0,0,0,3,1
200600043073,6,7,10,1845,1,1,1,1,4620300,185500,3,2,0,0,1,2,0,43,9,0,1,0,1,0,1,0,1
200600043077,6,7,3,815,1,1,1,3,4360700,125900,2,2,2,0,1,1,0,82,1,0,1,0,1,0,1,0,1
200600043078,6,7,16,1330,1,1,1,1,4356500,129800,3,2,2,0,2,1,0,68,1,0,1,0,0,0,2,1,1
200600043079,6,7,15,1130,1,1,1,2,4352900,140100,3,3,4,0,1,1,10,70,1,0,1,0,1,0,1,0,1
200600043080,6,7,17,1430,1,1,1,2,4353700,140900,3,2,4,0,0,1,150,0,1,0,1,0,1,0,0,1,1
200600043081,6,7,17,845,1,1,1,2,4351200,134800,3,2,2,0,0,1,75,0,1,0,0,0,1,0,2,0,1
200600043082,6,7,8,1500,1,1,1,3,4366100,148000,2,2,2,1,0,1,0,75,1,0,1,0,2,0,1,1,1
200600043085,6,7,26,1015,1,1,1,1,4368300,153400,4,2,0,0,0,1,0,30,1,0,1,0,1,0,0,1,1
200600043086,6,7,23,1730,1,1,1,7,4345000,138000,4,2,2,0,1,3,0,31,1,0,3,0,0,0,1,0,1
200600043087,6,7,5,2015,1,3,1,3,4335500,147700,3,2,0,0,1,1,0,60,1,0,1,0,1,0,1,0,1
200600043088,6,7,15,200,3,1,1,1,4343000,145700,3,2,2,0,1,1,0,72,1,0,1,0,0,0,3,0,1
200600043089,6,7,17,1745,1,1,1,3,4342100,144400,3,2,2,0,1,1,0,63,1,0,1,0,0,0,2,2,1
200600043090,6,7,19,1200,1,1,1,6,4334300,153400,3,2,0,0,1,1,0,50,1,0,1,0,0,0,1,0,1
200600043092,6,7,24,1345,1,1,1,3,4334600,116300,3,2,2,0,1,1,0,47,1,0,1,0,2,0,1,0,1
200600043093,6,7,23,15,3,1,1,6,4316800,107300,3,2,0,0,4,2,0,52,1,2,3,0,0,0,3,1,1
200600043095,6,7,25,1115,1,1,1,1,4312200,65300,2,2,0,0,1,1,0,71,1,0,1,0,1,1,0,0,1
200600043101,6,7,29,1500,1,1,1,7,4337100,178200,2,2,2,0,1,1,0,80,1,0,3,0,0,0,2,0,1
200600043105,6,7,19,1500,1,1,1,3,4293600,185300,3,2,2,0,1,1,0,55,1,0,1,3,3,0,1,1,1
200600043109,6,7,9,2045,1,1,1,7,4295900,192600,4,2,0,0,1,1,0,25,1,0,1,0,1,0,1,1,1
200600043113,6,7,26,2100,1,1,1,7,4313000,117000,4,2,2,0,4,1,0,30,1,0,3,0,0,0,1,1,1
200600043115,6,7,2,530,2,1,1,6,4447000,273700,3,2,2,0,1,1,60,0,1,0,1,0,0,1,1,0,1
200600043116,6,7,8,630,2,1,5,6,4445600,284200,3,2,2,0,2,2,48,0,1,0,1,0,0,1,0,0,1
200600043117,6,7,29,1545,1,1,1,1,4438900,280700,2,2,2,0,1,3,0,74,1,0,1,0,0,0,4,0,1
200600043119,6,7,5,1130,1,1,1,1,4440500,235600,3,2,2,0,4,2,0,55,2,0,1,0,0,1,1,1,1
200600043122,6,7,20,1300,1,1,1,3,4462700,257900,4,2,1,0,2,3,0,43,9,0,1,0,1,0,1,0,1
200600043128,6,7,21,1245,1,1,1,6,4417800,300800,3,2,2,0,1,1,0,73,1,0,1,0,0,0,1,0,1
200600043129,6,7,23,1230,1,1,1,1,4414800,277300,9,0,2,0,0,0,0,40,0,0,0,0,1,0,1,0,1
200600043131,6,7,30,215,3,1,1,6,4434800,296500,2,2,2,0,0,3,0,68,1,0,1,0,0,0,2,0,1
200600043132,6,7,1,1645,1,1,1,6,4391000,290700,3,2,2,0,1,1,0,52,1,0,3,0,1,0,1,1,1
200600043133,6,7,9,1440,1,6,1,6,4397900,296200,3,2,2,0,2,1,0,0,1,5,1,0,0,1,1,0,1
200600043134,6,7,26,1545,1,1,1,1,4382300,277600,3,2,2,0,1,1,0,61,1,0,1,0,0,0,1,1,1
200600043135,6,7,30,1730,1,1,1,1,4377400,294900,4,2,1,0,1,1,0,59,1,0,1,0,4,0,0,1,1
200600043136,6,7,26,145,5,1,1,6,4367200,56300,3,2,2,0,1,1,0,62,1,0,1,0,1,0,1,0,1
200600043141,6,7,19,2015,1,1,7,7,4391400,19600,3,2,2,0,1,1,0,60,1,0,1,0,0,0,0,1,1
200600043143,6,7,19,1400,1,1,1,6,4393800,63300,2,2,2,0,1,1,0,70,1,0,1,0,1,0,0,1,1
200600043144,6,7,9,915,1,1,1,1,4351500,42000,3,2,2,0,0,2,0,70,1,0,1,0,1,0,1,0,1
200600043145,6,7,16,1745,1,1,1,1,4342900,28300,2,2,2,0,1,1,0,74,1,0,1,0,0,1,0,3,1
200600043147,6,7,26,1100,1,1,1,4,4352000,18100,3,2,2,0,1,1,0,62,1,0,1,0,6,0,0,2,1
200600043148,6,7,11,1730,1,1,1,3,4369400,-24100,3,2,2,0,1,1,0,50,1,0,1,0,4,0,0,1,1
200600043150,6,7,3,730,1,1,1,6,4450600,120800,3,2,2,0,2,1,0,65,1,0,3,0,0,1,0,0,1
200600043160,6,7,23,430,3,1,1,6,4490900,153400,3,2,2,0,1,1,0,60,1,0,3,0,0,0,1,0,1
200600043161,6,7,6,1500,1,1,1,3,4477300,147800,3,2,4,0,2,2,0,196,1,5,1,0,2,0,3,0,1
200600043166,6,7,4,1915,1,1,1,4,4345900,4000,3,2,2,0,1,1,0,64,1,0,1,0,5,0,3,1,1
200600043173,6,7,12,1930,1,5,1,3,4394800,248900,3,2,0,0,1,1,0,64,1,0,1,0,1,2,1,1,1
200600043174,6,7,26,1715,1,1,1,6,4399100,225800,3,2,2,0,2,3,0,66,1,0,3,0,0,0,1,2,1
200600043176,6,7,29,2215,5,1,1,6,4375600,283100,3,2,2,0,2,1,0,54,1,0,1,0,1,0,1,0,1
200600043177,6,7,15,1930,1,1,1,6,4376500,186500,3,2,2,0,1,3,0,72,1,0,3,0,0,0,1,0,1
200600043178,6,7,18,1615,1,1,1,7,4372300,177300,3,2,2,0,1,3,0,67,1,0,3,0,0,1,0,0,1
200600043180,6,7,4,1515,1,1,1,2,4390400,188800,3,2,2,0,1,1,0,0,1,0,1,0,1,0,1,0,1
200600043181,6,7,12,1500,1,1,1,1,4388800,191000,3,1,2,0,2,1,0,53,1,0,1,0,2,0,1,0,1
200600043186,6,7,20,2200,3,1,1,6,4359400,196700,3,2,2,0,1,3,0,55,1,0,3,0,0,1,0,0,1
200600043190,6,7,8,1715,1,1,1,3,4406800,149700,3,2,2,0,1,1,0,65,1,0,1,0,2,0,1,0,1
200600043194,6,7,29,1845,1,1,1,1,4389600,124200,2,2,2,0,1,1,0,72,1,0,1,0,0,0,1,2,1
200600043198,6,7,30,2115,1,1,1,6,4417400,123500,4,2,0,0,1,1,0,28,1,0,1,0,0,1,1,2,1
200600043200,6,7,23,830,1,1,1,7,4411800,114700,3,2,2,0,1,2,0,0,1,0,1,0,1,0,1,0,1
200600043201,6,7,10,1945,2,6,1,1,4390400,130800,3,2,0,0,1,2,0,40,1,5,1,0,1,0,1,0,1
200600043203,6,7,24,2100,1,1,1,6,4387600,120100,3,2,2,0,1,1,0,60,1,0,3,0,0,0,3,0,1
200600043208,6,7,28,800,1,1,1,6,4569900,479500,4,1,0,0,1,0,0,0,1,0,1,0,1,0,1,0,1
200600043210,6,7,17,1330,1,1,1,6,4566000,502800,3,2,1,0,1,4,0,0,1,0,1,0,0,0,1,0,1
200600043225,6,7,20,2000,1,1,1,3,4564900,467700,4,2,2,0,1,3,0,0,1,0,1,0,1,0,1,0,1
200600043227,6,7,9,1830,1,1,1,6,4618500,466700,3,2,0,0,1,1,0,0,1,0,3,0,2,0,0,1,1
200600043228,6,7,23,1730,1,1,1,7,4620000,441000,3,2,1,0,1,1,0,42,9,0,3,0,0,0,0,1,1
200600043229,6,7,29,2000,1,1,1,6,4620200,460000,3,2,2,0,2,2,0,68,1,0,3,0,1,0,2,2,1
200600043231,6,7,10,1800,1,2,1,3,4611100,473300,4,2,1,0,1,1,0,0,1,0,1,0,1,0,1,0,1
200600043232,6,7,30,1730,1,1,2,3,4606000,472000,3,2,0,0,1,1,0,0,2,0,1,0,1,0,0,1,1
200600043233,6,7,29,2045,1,1,1,7,4605000,466000,3,2,2,0,1,3,0,60,9,0,1,0,0,0,1,0,1
200600043261,6,7,2,1900,1,1,1,3,4628700,602100,4,2,2,0,1,1,0,48,1,0,1,0,0,0,2,0,1
200600043281,6,7,21,945,1,1,1,6,4475000,474000,2,2,2,0,1,1,0,100,1,6,1,0,1,0,1,0,1
200600043283,6,7,10,1100,1,1,1,7,4482000,407000,4,2,0,0,1,1,0,37,9,0,1,0,0,1,0,0,1
200600043285,6,7,10,1945,1,1,1,1,4466000,427000,3,2,2,0,1,1,0,49,1,0,1,0,0,1,1,1,1
200600043289,6,7,2,1530,1,1,1,7,4506900,478800,3,2,0,0,1,1,0,78,1,0,1,0,0,0,2,0,1
200600043293,6,7,28,1045,1,1,1,1,4493200,439900,3,2,2,0,1,4,0,72,1,0,1,0,1,0,1,0,1
200600043294,6,7,29,30,5,1,2,6,4501900,440300,3,2,2,0,3,3,0,70,2,5,3,0,0,1,1,0,1
200600043295,6,7,3,700,1,1,1,1,4492000,470700,4,2,2,0,2,2,0,35,1,0,1,0,1,0,1,0,1
200600043297,6,7,3,245,3,1,1,6,4518000,466700,4,0,0,0,1,1,0,0,1,0,0,0,0,0,1,0,1
200600043302,6,7,21,1545,1,1,1,6,4475600,512800,3,2,0,0,0,3,0,70,1,0,1,0,0,0,0,1,1
200600043307,6,7,16,1730,1,1,1,1,4464900,478900,3,2,2,0,3,2,0,59,1,0,1,0,0,0,3,1,1
200600043309,6,7,10,1650,1,1,1,7,4441800,474300,3,2,2,0,1,2,50,135,1,0,1,0,0,0,0,1,1
200600043310,6,7,5,1415,1,1,1,2,4439100,530600,3,2,0,0,2,1,0,52,1,0,1,0,1,0,1,0,1
200600043311,6,7,11,2225,3,1,1,6,4449100,487700,3,2,0,0,2,1,0,50,1,0,1,0,0,0,0,1,1
200600043312,6,7,13,1800,1,1,1,7,4440800,484100,4,0,0,0,0,0,0,0,1,0,0,0,1,0,0,1,1
200600043329,6,7,2,30,5,1,1,2,4511400,569000,2,2,2,0,1,1,0,70,1,0,1,0,1,0,1,0,1
200600043330,6,7,11,730,1,6,1,5,4513200,570000,2,3,1,0,1,2,0,0,1,5,1,0,2,0,1,0,1
200600043334,6,7,2,115,5,1,1,1,4531000,587900,3,2,2,0,2,2,0,0,1,0,1,0,1,0,1,0,1
200600043335,6,7,4,445,3,1,1,3,4527200,589400,3,2,4,0,0,1,0,0,1,3,1,0,0,0,0,1,1
200600043336,6,7,16,2200,3,1,1,7,4528600,599600,3,2,2,0,0,1,0,0,1,0,3,0,2,0,2,1,1
200600043338,6,7,22,600,2,1,1,7,4533200,597000,3,2,2,0,1,1,0,73,1,0,3,0,0,0,4,0,1
200600043347,6,7,14,1830,1,4,3,3,4496800,571800,3,2,0,0,2,2,166,0,2,0,1,0,0,1,0,1,1
200600043352,6,7,19,1730,1,1,1,3,4532400,517100,3,2,2,0,1,1,55,45,1,0,1,0,2,0,0,1,1
200600043353,6,7,6,1800,1,1,1,6,4530000,549000,2,2,2,0,1,1,0,70,1,0,1,0,0,0,2,0,1
200600043355,6,7,18,1200,1,1,1,6,4572500,525500,3,2,0,0,1,2,0,65,1,0,1,0,0,0,1,0,1
200600043357,6,7,18,1600,1,1,1,6,4541900,545900,3,2,2,0,1,1,0,150,1,5,1,0,0,0,1,1,1
200600043358,6,7,22,400,3,1,1,6,4537300,541100,2,2,2,0,0,1,0,72,1,0,1,0,0,0,1,0,1
200600043359,6,7,4,845,1,1,1,2,4585900,533600,3,2,2,0,1,1,0,73,1,0,1,0,1,0,2,0,1
200600043361,6,7,30,845,5,1,1,6,4563200,553800,2,0,2,0,0,1,0,70,1,0,1,0,1,0,0,1,1
200600043362,6,7,10,1145,1,1,7,3,4548400,556900,3,2,2,0,1,1,0,51,1,0,1,0,1,0,1,1,1
200600043363,6,7,13,1800,1,1,1,3,4554000,567100,2,0,0,0,0,0,0,0,0,0,0,0,0,0,2,1,1
200600043364,6,7,20,1045,1,2,1,3,4553800,567200,3,0,2,0,1,1,0,60,1,5,1,0,1,0,1,0,1
200600043369,6,7,5,1600,1,1,8,1,4546000,486600,4,2,2,0,2,4,0,42,2,0,1,0,0,0,0,3,1
200600043370,6,7,13,1715,1,1,1,6,4549000,483300,2,2,2,0,0,2,28,83,1,0,1,0,1,0,2,4,1
200600043372,6,7,29,1415,1,1,1,2,4550500,501100,3,2,2,0,1,1,0,135,1,5,1,0,0,0,1,2,1
200600043373,6,7,3,1715,1,1,1,7,4534700,518300,3,2,2,0,1,1,0,0,1,0,0,0,0,1,1,0,1
200600043375,6,7,2,1645,1,1,1,7,4543300,517700,4,2,2,0,2,1,0,39,1,0,1,0,0,1,0,0,1
200600043376,6,7,14,2145,5,1,1,3,4539100,527300,3,2,2,0,1,1,37,108,2,5,1,0,4,0,1,1,1
200600043377,6,7,22,2115,5,6,1,1,4544800,500000,3,2,1,0,2,1,0,50,1,5,1,0,5,0,1,0,1
200600043378,6,7,29,1815,1,2,1,1,4539100,525300,4,2,1,0,1,1,0,0,1,5,1,0,1,0,0,1,1
200600043379,6,7,10,1215,1,1,1,6,4564100,505200,4,2,2,0,0,2,0,100,1,0,3,0,0,2,0,0,1
200600043380,6,7,1,2030,1,1,1,6,4578800,515800,3,2,2,0,1,2,0,66,1,0,3,0,0,0,1,0,1
200600043381,6,7,1,1130,1,1,1,2,4537500,480700,3,2,2,0,1,1,0,80,1,0,1,0,1,0,1,0,1
200600043383,6,7,27,1330,1,1,1,1,4530300,458000,2,2,2,0,1,1,0,70,1,0,1,0,0,0,4,0,1
200600043385,6,7,29,945,1,1,1,6,4553100,425600,3,2,2,0,2,1,0,70,1,0,1,0,1,0,1,0,1
200600043391,6,7,7,1930,1,1,1,1,4559100,431600,9,2,2,0,1,1,65,0,1,0,1,0,1,0,1,0,1
200600043392,6,7,10,1900,1,1,1,3,4555600,428000,9,2,2,0,1,1,60,0,1,0,1,0,1,0,1,0,1
200600043396,6,7,8,2330,3,1,1,7,4599900,404400,3,2,2,0,1,4,0,60,1,0,1,0,0,0,1,0,1
200600043401,6,7,18,1530,1,1,1,6,4596000,412700,2,2,3,0,0,1,0,104,1,0,1,0,0,1,1,0,1
200600043402,6,7,16,1900,1,1,1,5,4617200,417300,3,2,2,0,1,1,0,53,1,0,1,0,2,0,2,0,1
200600043403,6,7,25,1025,1,1,1,7,4614100,428000,4,0,0,0,2,0,0,0,1,0,1,0,2,0,1,0,1
200600043404,6,7,18,1345,1,1,7,6,4612000,399000,3,2,2,0,1,1,0,60,1,0,3,0,0,0,1,0,1
200600043410,6,7,1,1445,1,1,1,6,4568000,612000,4,2,2,0,1,1,0,65,1,0,0,0,0,0,1,0,1
200600043413,6,7,4,1215,1,1,1,1,4564200,578800,3,2,2,0,1,2,0,54,1,0,1,0,1,0,1,0,1
200600043415,6,7,5,1945,1,1,1,6,4545000,580000,2,2,2,0,2,2,0,60,2,0,3,0,1,0,1,0,1
200600043416,6,7,20,1915,1,1,1,1,4557300,579500,3,2,2,0,1,1,0,70,1,0,1,0,1,0,0,1,1
200600043417,6,7,13,1445,1,1,1,6,4546100,611800,9,0,0,0,1,1,0,0,1,0,1,0,0,0,1,0,1
200600043418,6,7,7,1515,1,1,1,1,4565600,635700,3,2,2,0,1,1,0,70,1,2,1,0,3,0,1,0,1
200600043423,6,7,20,930,1,1,1,3,4519700,646800,3,2,0,0,2,1,0,70,1,0,1,0,1,0,0,1,1
200600043425,6,7,30,1000,1,1,1,7,4519800,646900,3,2,2,0,2,3,0,70,1,0,1,0,0,0,1,0,1
200600043426,6,7,11,2015,1,1,1,1,4591900,608900,4,2,2,0,1,1,0,80,1,0,1,0,1,0,1,0,1
200600043431,6,7,31,1650,1,1,8,3,4584500,615500,2,3,2,0,1,1,0,0,1,0,1,0,2,0,1,0,1
200600043433,6,7,9,645,1,1,1,7,4590800,642400,4,2,0,0,2,1,0,0,1,0,0,0,0,0,1,0,1
200600043435,6,7,11,2200,5,1,1,6,4590300,629500,6,0,0,0,1,0,0,0,1,0,0,0,0,0,1,1,1
200600043440,6,7,24,1845,1,1,1,4,4589800,633900,3,0,2,1,1,1,0,84,1,0,1,0,3,0,2,0,1
200600043443,6,7,8,2245,3,1,1,6,4606500,657900,9,2,2,0,1,1,0,104,1,0,1,0,0,0,1,1,1
200600043453,6,7,2,1700,2,1,1,2,4611800,600800,2,2,0,0,0,1,74,0,1,5,1,0,1,1,0,0,1
200600043456,6,7,2,2215,3,1,1,5,4600700,582000,3,2,2,0,1,2,0,65,1,0,1,0,0,1,2,1,1
200600043457,6,7,1,1315,1,1,1,1,4601400,595500,2,2,1,0,1,3,0,76,1,0,1,0,0,0,0,3,1
200600043458,6,7,14,1815,1,1,1,5,4602000,593100,3,2,3,0,1,2,0,105,1,0,1,0,7,2,1,0,1
200600043463,6,7,8,1845,1,1,1,6,4628000,642000,4,2,2,0,1,2,0,49,1,0,3,0,0,2,1,0,1
200600043464,6,7,13,1030,5,1,1,1,4631000,630300,2,4,3,0,1,1,0,100,1,0,1,0,0,0,2,0,1
200600043465,6,7,14,1145,1,1,1,6,4631400,645300,4,2,2,0,2,2,0,47,1,0,0,0,0,0,1,0,1
200600043468,6,7,9,1515,1,1,1,1,4627700,663300,3,2,2,0,2,2,0,60,1,0,1,0,1,0,1,0,1
200600043469,6,7,26,1040,1,1,1,2,4620400,675000,3,2,2,0,2,1,0,65,1,0,1,0,1,0,0,1,1
200600043471,6,7,12,1800,1,1,1,6,4559300,277300,3,2,2,0,2,2,0,57,1,0,1,0,0,0,1,0,1
200600043472,6,7,4,800,1,1,1,7,4577100,301800,3,2,2,0,1,1,0,55,1,0,3,0,0,0,1,0,1
200600043473,6,7,16,1045,1,1,1,7,4577800,302700,3,2,2,0,1,1,0,45,1,0,1,0,0,1,0,0,1
200600043474,6,7,14,1700,1,1,1,2,4563000,282000,3,2,2,0,2,1,0,40,1,0,1,0,3,0,1,0,1
200600043475,6,7,3,1915,1,1,1,3,4568900,314400,3,2,3,3,1,1,0,105,1,0,1,0,1,0,1,0,1
200600043478,6,7,25,1700,1,1,1,1,4566100,308900,3,2,2,0,2,1,0,70,9,0,1,0,2,0,1,0,1
200600043479,6,7,30,630,2,1,1,7,4562500,313900,3,0,2,0,1,3,0,0,1,0,1,0,0,0,1,0,1
200600043482,6,7,25,1630,1,1,1,5,4554800,320700,3,2,2,0,1,1,0,73,1,0,1,0,2,0,1,0,1
200600043483,6,7,16,1145,1,1,1,1,4558200,288300,3,2,1,0,2,1,0,60,1,0,3,0,3,0,1,0,1
200600043484,6,7,17,1000,1,1,1,7,4559600,286200,3,2,1,0,2,1,0,64,1,0,3,0,1,0,1,0,1