Num_Acc,an,mois,jour,hrmn,lum,int,atm,col,lat,long,catr,circ,nbv,vosp,prof,plan,lartpc,larrout,surf,infra,situ,env1,unscathed,killed,hospital,light,chance
200600044010,6,7,1,1615,1,1,1,6,4407000,720000,3,2,2,0,0,2,60,0,1,0,1,0,0,0,1,0,1
200600044011,6,7,29,2300,3,1,1,6,4397100,715200,3,2,0,0,1,1,0,70,1,0,1,0,0,0,1,0,1
200600044022,6,7,16,1145,1,1,1,1,4354400,614900,3,2,0,0,2,3,0,60,1,0,1,0,5,0,2,0,1
200600044031,6,7,9,1915,1,1,1,5,4346700,664800,2,2,2,0,1,1,0,71,1,0,0,0,1,1,0,5,1
200600044048,6,7,10,1830,1,1,1,1,4325300,658200,4,2,2,0,1,0,0,45,1,0,1,0,1,0,1,1,1
200600044050,6,7,20,2030,1,1,1,3,4326700,660700,3,2,2,0,1,1,0,71,1,0,1,0,1,0,1,0,1
200600044052,6,7,27,1900,1,1,1,1,4326800,662700,3,2,2,0,1,1,0,80,1,0,1,0,1,0,1,1,1
200600044054,6,7,30,2300,1,1,1,6,4323000,614300,3,2,1,0,2,1,0,60,1,0,1,3,0,0,0,1,1
200600044055,6,7,24,1715,1,1,1,3,4313600,604600,2,2,0,3,1,2,0,94,1,0,1,0,1,1,0,0,1
200600044063,6,7,30,1400,1,1,1,1,4316200,573300,3,2,2,0,2,1,0,60,1,0,1,0,4,0,2,0,1
200600044066,6,7,15,1415,1,3,1,3,4317000,604000,2,2,0,0,1,1,0,73,1,0,1,0,1,0,1,0,1
200600044072,6,7,22,1745,1,1,1,3,4389300,504300,3,2,2,0,1,1,0,68,1,0,1,0,1,0,1,0,1
200600044075,6,7,12,1915,1,1,8,3,4395800,486400,9,2,1,0,1,1,0,36,1,0,1,0,1,1,0,0,1
200600044077,6,7,25,1610,1,1,1,7,4375200,536400,3,0,1,0,1,4,0,0,1,0,1,0,0,0,1,0,1
200600044083,6,7,14,1745,1,1,7,1,4395100,502900,3,2,2,1,1,1,0,108,1,0,1,0,1,0,1,0,1
200600044085,6,7,10,630,1,1,9,6,4418500,479000,3,2,0,0,1,4,0,0,0,0,1,0,1,0,0,1,1
200600044086,6,7,20,2300,3,1,1,1,4410500,491400,3,2,2,2,2,1,0,98,1,0,1,0,1,0,6,0,1
200600044089,6,7,7,1215,1,1,1,7,4432500,474600,4,2,2,0,1,1,0,0,1,0,1,0,1,0,0,1,1
200600044092,6,7,1,2000,1,1,1,7,4390700,370000,3,2,2,0,0,0,0,60,1,0,1,0,0,0,1,1,1
200600044093,6,7,1,800,1,1,1,6,4357000,409400,4,2,1,0,0,2,0,75,1,0,3,0,0,0,1,0,1
200600044094,6,7,31,1745,1,1,1,6,4356400,402600,3,3,0,0,1,1,30,40,1,0,3,0,2,0,1,0,1
200600044097,6,7,8,330,3,1,1,6,4384700,363500,3,2,2,0,2,3,0,45,1,0,1,0,0,0,1,0,1
200600044100,6,7,23,845,1,1,1,1,4363200,316300,3,2,1,0,1,2,0,69,1,0,1,0,1,1,0,0,1
200600044101,6,7,30,1415,1,1,1,7,4369000,296200,3,2,2,0,3,2,0,59,1,0,1,0,1,0,1,0,1
200600044107,6,7,22,445,3,1,1,6,4346800,343300,3,2,2,0,0,1,0,70,1,0,3,0,0,0,1,0,1
200600044110,6,7,31,1700,1,1,1,1,4348400,268600,3,2,2,0,0,3,0,81,1,0,1,0,1,0,2,0,1
200600044112,6,7,10,2115,1,1,1,3,4329700,336000,3,2,0,0,1,1,0,0,1,0,1,0,1,0,1,0,1
200600044113,6,7,30,630,2,1,1,6,4328900,327900,3,2,0,0,2,2,0,72,1,0,4,0,0,1,0,0,1
200600044115,6,7,16,730,1,6,1,1,4359800,350000,3,2,0,0,1,0,0,88,1,5,1,0,1,0,1,0,1
200600044127,6,7,7,200,3,1,1,6,4327300,268100,3,2,2,0,1,2,0,53,1,0,1,0,0,0,0,2,1
200600044128,6,7,5,445,3,1,1,6,4328900,207400,2,2,0,0,1,1,0,0,1,0,1,0,0,1,0,0,1
200600044133,6,7,6,2245,3,1,1,6,4311000,225400,3,2,2,0,2,1,0,66,1,0,1,0,1,0,1,0,1
200600044138,6,7,25,2000,1,3,1,1,4320600,275300,2,3,3,0,1,2,0,100,1,5,1,0,2,0,2,0,1
200600044146,6,7,28,30,3,1,1,7,4391700,450800,3,2,0,0,0,0,0,60,1,0,1,0,0,0,1,0,1
200600044148,6,7,4,745,1,1,1,1,4374600,429300,3,2,0,0,0,1,0,0,1,5,1,0,0,0,0,2,1
200600044149,6,7,19,1730,1,1,1,3,4367900,421200,3,2,2,0,1,1,0,70,1,0,1,0,0,0,2,0,1
200600044150,6,7,25,715,1,1,1,6,4367500,421200,3,2,0,0,1,1,0,0,1,2,1,0,0,0,0,1,1
200600044154,6,7,30,1745,1,1,1,1,4406500,398500,3,2,0,0,1,3,0,60,1,0,1,0,2,0,1,0,1
200600044156,6,7,2,900,1,1,1,6,4415200,405600,4,2,2,0,1,1,0,60,1,0,1,0,1,0,1,0,1
200600044158,6,7,25,745,1,1,1,7,4407000,424200,3,2,2,0,1,1,0,60,1,0,1,0,0,0,0,1,1
200600044160,6,7,31,1430,1,1,1,4,4399900,418800,2,2,0,0,0,1,0,0,1,0,1,0,0,0,10,0,1
200600044166,6,7,18,1745,1,1,7,3,4395900,455300,3,2,0,0,3,1,0,0,1,0,1,0,2,0,1,0,1
200600044167,6,7,29,15,3,1,1,5,4397600,456100,3,0,0,0,0,0,0,0,0,0,0,0,1,1,1,1,1
200600044169,6,7,29,2215,3,1,1,6,4409600,469300,3,2,2,0,1,2,0,61,1,0,1,0,0,1,0,0,1
200600044172,6,7,10,1445,1,1,1,1,4400000,366000,3,2,2,0,1,1,0,50,1,0,1,0,1,0,0,1,1
200600044173,6,7,19,1800,1,1,1,6,4399400,360900,3,2,3,3,1,1,20,102,1,0,1,0,1,0,0,2,1
200600044174,6,7,26,1900,1,1,1,6,4408500,364300,4,2,1,0,1,1,0,64,1,0,1,0,2,0,1,0,1
200600044176,6,7,20,1645,1,1,1,3,4395000,381000,3,2,0,0,2,1,0,70,1,0,1,0,1,0,1,0,1
200600044177,6,7,28,900,3,1,1,1,4399000,394000,3,2,0,0,1,1,0,73,1,0,1,0,0,0,3,2,1
200600044178,6,7,30,2145,5,1,1,1,4390000,400000,3,2,2,0,1,1,0,74,1,0,1,0,2,0,1,0,1
200600044180,6,7,21,30,3,9,1,6,4469100,343200,3,2,0,0,1,1,0,43,1,0,1,0,0,0,1,0,1
200600044183,6,7,19,1315,1,1,1,1,4478000,363000,3,0,0,0,1,1,0,54,1,0,1,0,1,1,1,0,1
200600044184,6,7,6,1015,1,1,1,7,4446800,373100,9,0,0,0,2,1,0,30,2,0,1,0,0,0,0,2,1
200600044188,6,7,2,2000,1,1,1,1,4427000,386000,2,2,2,0,1,3,0,63,1,0,1,0,1,0,1,0,1
200600044192,6,7,14,1730,1,1,1,1,4478200,334900,3,2,2,0,1,1,0,50,1,0,1,0,2,0,0,1,1
200600044199,6,7,15,1945,1,1,1,1,4281400,250600,3,2,2,0,2,2,0,0,1,0,4,0,1,0,0,1,1
200600044200,6,7,26,100,3,1,1,7,4277300,264900,3,2,2,0,1,1,0,60,1,0,3,0,0,0,0,1,1
200600044202,6,7,5,1130,1,1,1,6,4277600,269900,3,2,2,0,1,1,0,0,1,0,1,0,1,0,0,1,1
200600044205,6,7,8,1600,1,1,1,1,4266000,266000,4,2,1,0,2,2,0,20,1,0,1,0,1,0,2,0,1
200600044212,6,7,21,1700,1,1,1,4,4278300,290800,3,2,2,0,1,1,0,65,1,0,1,0,3,0,0,2,1
200600044214,6,7,25,1700,1,1,1,2,4276000,299500,3,2,2,0,1,1,0,62,1,0,1,0,1,0,0,1,1
200600044215,6,7,30,2215,3,1,1,2,4283400,303700,3,2,2,0,1,1,0,70,1,0,1,0,1,0,0,6,1
200600044216,6,7,31,1530,1,1,1,2,4275500,302100,3,2,2,0,1,1,0,65,1,0,3,0,0,0,1,1,1
200600044219,6,7,29,300,3,1,1,1,4259500,284400,3,2,2,0,1,1,0,52,1,0,1,0,0,0,2,0,1
200600044222,6,7,30,1800,1,1,1,6,4253800,295800,3,2,2,0,1,1,0,60,1,0,3,0,0,0,1,0,1
200600044232,6,7,23,900,1,1,1,3,4156900,933600,4,2,2,0,1,2,0,60,1,0,1,0,1,0,1,0,1
200600044234,6,7,16,630,1,1,1,1,4165700,893000,2,2,0,0,1,2,0,72,1,0,1,0,0,1,2,0,1
200600044236,6,7,3,1700,1,1,1,6,4179400,898000,2,2,2,0,2,1,0,70,1,0,4,0,0,0,1,0,1
200600044238,6,7,22,2000,1,1,1,4,4181200,896000,2,0,1,0,2,3,0,80,1,0,1,0,3,0,8,0,1
200600044239,6,7,31,2145,2,1,1,6,4173300,881100,3,2,2,0,2,1,0,52,1,0,3,0,0,0,3,0,1
200600044243,6,7,2,1915,1,1,1,1,4269900,937200,3,2,2,0,2,3,0,68,1,0,1,0,1,0,1,0,1
200600044246,6,7,24,1530,1,1,1,4,4255500,878000,2,2,2,0,2,1,0,70,1,0,1,0,4,0,0,2,1
200600044247,6,7,31,1730,1,1,1,3,4256900,875500,4,3,2,0,1,1,5,50,1,0,1,0,1,0,0,1,1
200600044249,6,7,21,1115,1,1,1,1,4263500,895400,2,2,2,0,0,1,0,64,1,5,1,0,1,0,1,1,1
200600044250,6,7,7,30,3,1,1,7,4243000,920000,2,2,0,0,1,2,0,70,1,0,1,0,0,1,1,0,1
200600044251,6,7,7,2030,2,1,1,6,4241000,919000,2,2,2,0,1,1,0,65,1,0,3,0,0,0,1,0,1
200600044252,6,7,28,500,3,6,1,7,4246600,920700,2,0,0,0,1,2,0,41,1,0,1,0,1,0,1,0,1
200600044260,6,7,27,1130,1,9,1,5,4228100,955100,2,2,3,3,1,1,11,104,1,5,1,0,3,1,1,0,1
200600044264,6,7,20,1815,1,1,1,2,4245300,950800,2,2,2,0,1,1,0,73,1,0,1,0,1,0,1,0,1
200600044267,6,7,29,1915,1,1,1,3,4896400,157800,3,2,2,0,3,2,0,61,1,0,1,0,1,0,1,0,1
200600044270,6,7,5,600,1,1,1,7,4849000,184800,2,2,2,0,1,1,0,0,1,0,1,0,0,0,1,0,1
200600044271,6,7,9,1030,1,1,1,2,4868000,198000,3,2,2,0,1,1,0,70,1,0,1,0,1,0,1,0,1
200600044274,6,7,1,215,3,1,1,6,4874100,177800,3,2,2,0,0,4,0,60,0,0,1,0,0,0,1,0,1
200600044275,6,7,6,1430,1,1,1,7,4885000,187000,3,2,0,0,0,3,0,70,1,0,1,0,0,0,1,0,1
200600044276,6,7,26,1000,1,1,1,5,4884000,190000,3,2,2,0,1,1,0,60,1,5,1,0,2,0,1,0,1
200600044278,6,7,15,1715,1,1,1,5,4857000,244300,3,2,2,0,1,1,60,0,1,0,1,0,1,0,2,0,1
200600044283,6,7,9,1000,1,6,2,3,4858200,213900,3,0,0,0,1,0,0,0,2,5,1,0,1,0,1,0,1
200600044285,6,7,13,1200,1,9,7,3,4856400,222500,3,2,2,0,2,4,0,76,1,3,1,0,1,0,1,0,1
200600044292,6,7,3,1700,1,1,1,6,4853300,275700,3,2,2,0,1,1,0,62,1,0,1,0,1,0,0,1,1
200600044293,6,7,1,1345,1,1,1,3,4862600,297400,3,2,2,0,1,1,0,70,1,0,1,0,1,0,1,2,1
200600044294,6,7,12,1015,1,8,1,3,4861300,290300,3,2,2,0,1,1,0,50,1,4,1,0,1,0,1,0,1
200600044295,6,7,17,1145,1,1,1,1,4856100,296900,3,2,2,0,1,1,0,70,1,5,1,0,3,0,0,1,1
200600044296,6,7,25,1745,1,1,1,2,4857600,296100,3,2,2,0,1,1,0,70,1,0,1,0,1,0,2,0,1
200600044298,6,7,19,1430,1,1,7,5,4879300,319800,2,2,2,0,2,1,0,0,1,0,1,0,2,0,1,0,1
200600044299,6,7,4,1600,1,1,7,6,4894500,312700,9,2,2,0,1,1,0,70,1,0,1,0,1,0,1,0,1
200600044301,6,7,9,415,3,1,1,7,4882700,287600,3,2,2,0,1,1,0,70,1,0,1,0,0,0,0,1,1
200600044302,6,7,26,2315,3,1,8,7,4879200,300500,3,2,2,0,1,1,0,0,1,0,1,0,0,0,1,1,1
200600044303,6,7,28,1535,1,1,1,3,4834700,260300,2,2,2,0,1,1,0,0,1,0,1,0,1,0,0,1,1
200600044305,6,7,21,1230,1,1,1,2,4910400,215700,3,2,2,0,1,1,0,79,1,0,1,0,2,0,1,1,1
200600044306,6,7,1,1730,1,1,1,6,4853900,218200,4,2,2,0,1,1,0,50,1,0,3,0,0,1,0,0,1
200600044307,6,7,23,1815,1,1,1,3,4859600,234300,2,2,2,0,1,1,30,90,1,5,1,0,1,0,1,0,1
200600044308,6,7,5,1430,1,1,1,6,4900700,254600,4,2,0,0,1,1,0,0,1,6,1,0,1,0,1,0,1
200600044309,6,7,27,600,2,4,1,3,4868800,310600,3,2,2,0,1,1,0,70,1,0,1,0,2,0,1,2,1
200600044310,6,7,12,1045,1,1,1,6,4845300,305400,3,2,2,0,2,1,0,0,1,0,3,0,0,0,1,0,1
200600044317,6,7,11,300,3,1,1,7,4792200,200700,2,3,2,0,1,1,0,0,1,0,3,0,0,0,1,0,1
200600044319,6,7,22,45,3,1,2,2,4779700,222600,3,2,2,0,1,1,0,0,2,0,1,0,0,0,0,2,1
200600044320,6,7,26,2330,3,1,3,7,4779200,157300,3,2,2,0,1,4,0,65,2,0,0,0,0,0,1,0,1
200600044323,6,7,31,1645,1,1,1,2,4811300,217500,2,2,2,0,1,1,0,80,1,0,1,0,1,0,0,2,1
200600044326,6,7,18,1315,1,2,1,3,4759500,249900,3,2,2,0,1,1,0,0,1,5,1,0,1,0,1,0,1
200600044329,6,7,30,1200,1,1,1,3,4771700,283000,3,2,2,0,1,1,0,57,1,0,1,0,1,1,0,0,1
200600044332,6,7,10,745,1,1,1,1,4794400,297500,3,2,2,0,1,1,0,60,0,0,1,0,1,0,1,0,1
200600044334,6,7,17,2145,1,1,1,7,4810000,281000,3,2,2,0,1,2,0,60,1,0,1,0,0,1,0,0,1
200600044336,6,7,29,530,2,1,1,7,4828100,235400,4,2,2,0,4,0,0,36,1,0,1,0,0,0,1,0,1
200600044339,6,7,28,1045,1,1,1,3,4725500,291500,3,2,2,0,1,1,60,0,1,5,1,0,1,0,1,0,1
200600044342,6,7,15,2000,1,1,1,7,4674900,276500,3,2,2,0,1,3,0,54,1,0,3,0,0,1,0,0,1
200600044343,6,7,27,1000,1,9,1,3,4673600,250400,3,2,0,0,1,1,0,80,1,5,1,0,2,0,1,0,1
200600044347,6,7,9,1115,1,1,1,2,4680900,291700,3,2,2,0,1,1,0,66,1,0,1,0,1,1,0,0,1
200600044349,6,7,24,2215,3,1,1,7,4694400,279700,4,2,1,0,2,3,0,35,1,0,3,0,0,0,1,1,1
200600044350,6,7,14,330,5,1,1,7,4747900,251300,3,2,2,0,1,3,0,68,1,0,4,0,1,0,3,1,1
200600044351,6,7,16,1745,3,1,1,3,4749800,251500,3,2,2,0,1,1,0,59,1,5,1,0,2,0,3,0,1
200600044352,6,7,21,1215,1,1,1,1,4715000,222000,3,0,0,0,0,0,0,0,0,0,0,0,1,0,1,0,1
200600044353,6,7,21,2000,1,1,1,6,4716500,214700,3,2,0,0,1,1,0,60,1,0,1,0,0,0,1,0,1
200600044354,6,7,12,1400,1,1,1,3,4718600,273000,3,2,2,0,1,1,0,36,1,0,1,0,1,0,1,0,1
200600044358,6,7,1,1630,1,1,1,3,4845300,130100,3,2,3,0,1,1,0,105,1,0,1,0,1,0,1,0,1
200600044359,6,7,15,530,2,1,1,7,4836000,132000,3,2,0,0,1,1,0,60,1,0,1,0,0,0,1,0,1
200600044360,6,7,5,1830,1,1,1,1,4854000,159000,3,2,2,0,1,0,0,52,1,0,1,0,1,0,1,0,1
200600044361,6,7,6,1700,1,1,2,7,4860000,167900,3,2,0,0,3,2,0,0,2,0,1,0,0,0,0,1,1
200600044362,6,7,23,1900,1,1,1,6,4852000,169000,4,2,2,0,1,2,0,60,1,0,1,0,3,0,0,1,1
200600044363,6,7,22,1745,1,7,1,6,4844000,192000,3,2,2,0,1,2,0,0,1,0,4,0,1,0,1,0,1
200600044365,6,7,21,1630,1,1,1,1,4826300,156800,3,2,0,0,1,3,0,0,1,0,1,0,1,0,1,0,1
200600044366,6,7,1,2330,5,1,1,3,4810600,112000,3,2,2,0,1,2,0,60,1,0,1,0,1,0,1,0,1
200600044370,6,7,18,2315,3,1,1,7,4875800,152000,3,2,1,0,1,1,0,64,1,0,1,0,0,0,1,0,1
200600044371,6,7,26,1645,1,9,1,6,4888800,146500,3,2,1,0,1,3,0,48,1,0,0,0,1,0,1,0,1
200600044372,6,7,21,1345,1,1,7,6,4862100,90300,3,2,2,0,1,1,0,60,1,0,3,0,0,1,1,0,1
200600044373,6,7,4,1845,1,1,3,5,4867300,145100,3,2,2,0,2,2,0,55,1,0,0,0,5,0,3,2,1
200600044376,6,7,19,845,1,1,1,2,4819600,87100,3,2,0,0,2,1,0,60,1,0,1,0,1,0,0,1,1
200600044379,6,7,2,1130,1,1,1,7,4667600,179200,3,2,1,0,0,1,0,70,1,0,1,0,0,0,1,0,1
200600044380,6,7,6,820,1,1,1,1,4674700,183200,4,1,1,0,2,1,0,35,1,0,1,3,1,0,1,0,1
200600044382,6,7,28,1800,1,1,1,3,4642400,124800,3,2,2,0,4,1,0,54,1,0,1,0,4,1,0,0,1
200600044383,6,7,8,1800,1,1,1,7,4677000,147000,3,2,0,0,1,1,0,0,1,0,1,0,0,0,0,1,1
200600044387,6,7,22,1,3,9,3,7,4715900,151700,3,2,2,0,1,1,0,60,2,0,3,0,0,0,1,0,1
200600044389,6,7,28,1430,1,1,1,3,4715700,156600,3,2,0,0,0,3,0,0,1,5,1,0,1,0,0,2,1
200600044391,6,7,27,1800,1,1,1,1,4670600,123500,3,2,2,0,1,1,0,47,1,0,1,0,1,0,0,1,1
200600044392,6,7,5,1810,1,1,1,5,4665400,194800,3,2,3,0,1,1,0,108,1,5,1,0,1,0,2,0,1
200600044393,6,7,9,1715,1,4,1,3,4658700,199100,4,2,2,0,4,1,0,40,1,0,1,0,2,0,0,1,1
200600044399,6,7,29,1845,1,1,1,7,4680100,203000,3,2,2,0,1,3,0,0,9,0,1,0,0,0,0,1,1
200600044401,6,7,24,1445,1,2,1,3,4739000,100000,3,2,2,0,1,1,0,80,1,5,1,0,1,0,0,1,1
200600044402,6,7,1,945,1,1,1,7,4745100,51200,3,2,2,0,1,1,0,57,1,0,0,0,0,0,1,0,1
200600044403,6,7,19,1515,1,1,1,4,4751700,59100,2,3,2,0,1,1,0,60,1,0,1,0,3,0,2,0,1
200600044404,6,7,11,1100,1,1,1,7,4753200,83200,3,2,2,0,1,1,0,0,1,0,1,0,0,0,1,0,1
200600044408,6,7,21,1030,1,1,1,1,4723700,10700,2,2,2,0,1,1,0,72,1,0,1,0,1,0,1,0,1
200600044409,6,7,23,1545,1,7,1,3,4722500,49700,3,2,2,0,1,1,0,62,1,0,1,0,1,0,0,1,1
200600044411,6,7,8,1200,1,1,1,1,4705600,55100,4,2,2,0,1,1,0,0,1,0,3,0,2,0,1,0,1
200600044412,6,7,9,215,3,1,1,6,4705100,55000,4,2,0,0,1,1,0,0,1,0,3,0,0,0,1,0,1
200600044413,6,7,29,2345,3,1,1,1,4702200,33000,3,2,2,0,1,2,0,56,1,0,1,0,1,0,1,0,1
200600044418,6,7,6,1045,1,1,1,3,4754400,123500,3,2,2,0,2,1,0,48,1,0,1,0,1,0,1,0,1
200600044421,6,7,8,1145,1,1,1,3,4734700,118900,4,2,2,0,1,1,0,50,1,0,1,0,1,0,1,0,1
200600044425,6,7,13,630,1,9,1,6,4789700,118000,2,2,2,0,0,1,0,80,1,2,1,0,0,0,1,0,1
200600044429,6,7,1,930,1,1,1,7,4498000,-105000,3,2,2,0,1,1,0,60,1,0,1,0,0,0,1,0,1
200600044430,6,7,7,2300,5,1,1,6,4487500,-109100,3,2,2,0,1,3,0,62,1,0,1,0,0,1,0,0,1
200600044432,6,7,26,1200,1,1,1,7,4508600,-104600,3,3,0,0,1,1,60,0,1,0,0,0,0,0,0,1,1
200600044433,6,7,23,950,1,1,1,3,4779500,-354800,3,2,2,0,2,4,0,61,1,0,1,0,1,0,1,0,1
200600044435,6,7,3,855,1,1,2,6,4572100,149600,3,2,0,0,2,2,0,0,2,0,1,0,0,0,1,0,1
200600044437,6,7,11,1715,1,1,1,2,4571200,124300,3,2,2,0,2,1,0,67,1,0,1,0,2,0,1,0,1
200600044438,6,7,3,930,1,1,1,2,4478500,-49900,3,2,2,0,1,1,0,70,1,0,1,0,2,0,2,0,1
200600044440,6,7,19,1900,1,1,1,7,4707800,327300,3,2,2,0,1,2,0,0,1,0,3,0,0,0,1,0,1
200600044441,6,7,30,1415,1,1,1,6,4709900,318200,3,2,1,0,1,1,0,0,1,0,3,0,1,0,1,0,1
200600044443,6,7,14,1530,1,9,1,3,4349300,556200,2,2,2,0,1,1,0,70,1,0,1,0,0,2,3,0,1
200600044444,6,7,31,1600,1,1,7,1,4349300,564000,2,2,2,0,1,1,0,72,1,0,1,0,1,0,1,0,1
200600044445,6,7,12,815,1,1,1,5,4412800,29100,3,2,2,0,1,2,0,78,1,0,1,0,1,0,3,0,1
200600044448,6,7,18,1350,1,1,1,6,4413900,35800,3,2,2,0,2,2,0,60,1,0,0,0,0,0,1,0,1
200600044452,6,7,11,1845,1,1,7,7,4815500,-158000,3,2,2,0,1,2,0,60,1,0,3,0,0,0,1,0,1
200600044453,6,7,13,1100,1,1,1,7,4812400,-155900,4,2,2,0,2,2,0,40,1,0,1,0,0,0,1,0,1
200600044454,6,7,31,1920,1,9,1,1,4813700,-162200,3,2,0,0,1,2,0,74,1,0,1,0,0,0,2,0,1
200600044457,6,7,21,115,3,1,1,6,4841700,189900,1,3,3,0,1,1,294,270,1,0,1,0,0,0,1,0,1
200600044460,6,7,25,1015,1,1,1,7,4836800,187800,1,3,0,0,1,1,24,270,1,0,1,0,0,0,2,0,1
200600044471,6,7,12,1330,1,1,1,3,4826800,272500,1,3,3,0,1,1,20,260,1,0,1,0,1,0,1,1,1
200600044495,6,7,14,830,1,2,1,4,4394600,461300,1,1,3,0,4,1,15,105,1,0,1,0,4,1,1,0,1
200600044496,6,7,23,1600,3,1,1,6,4318700,604500,1,3,2,0,1,1,20,80,1,0,1,0,0,1,0,0,1
200600044497,6,7,21,1015,1,1,1,3,4340600,630800,1,3,3,0,0,1,20,135,1,0,1,0,1,0,0,1,1
200600044509,6,7,26,1115,1,1,1,6,4738300,503300,3,2,2,0,1,2,0,74,1,0,3,0,0,0,2,0,1
200600044510,6,7,3,1730,1,1,1,5,4603000,472600,1,0,3,0,1,1,100,0,1,0,1,0,3,0,1,0,1
200600044511,6,7,26,1430,1,1,1,6,4598100,473600,1,0,0,0,1,1,0,0,1,7,1,0,0,0,1,0,1
200600044512,6,7,4,500,3,1,1,7,4560800,525500,1,3,3,0,1,1,20,100,1,0,3,0,0,0,1,0,1
200600044517,6,7,14,1515,1,1,1,6,4909600,250200,4,2,0,0,1,1,0,0,1,0,1,0,0,0,0,1,1
200600044522,6,7,8,200,4,1,1,2,4762200,118700,1,1,0,0,1,1,9,135,1,0,1,0,1,0,0,2,1
200600044523,6,7,18,1930,1,1,1,6,4761000,112000,1,0,3,0,1,1,8,105,1,0,1,0,0,0,0,1,1
200600044525,6,7,25,2145,2,1,1,7,4768000,140000,1,3,3,0,1,1,23,105,1,0,0,0,2,0,1,0,1
200600044529,6,7,23,1945,1,1,1,1,4315700,287500,1,3,2,0,1,1,30,70,1,0,1,0,1,1,0,0,1
200600044530,6,7,24,1550,1,1,1,7,4289900,299200,1,3,3,3,1,1,30,90,1,0,1,0,1,0,1,0,1
200600044551,6,7,14,2000,1,1,1,1,4736800,140500,4,0,0,0,0,3,0,31,1,0,1,0,2,0,1,0,1
200600044564,6,7,1,1625,1,1,1,6,4554000,326000,1,3,2,3,1,1,12,70,1,0,1,0,1,0,1,0,1
200600044565,6,7,16,600,2,1,1,6,4540000,327000,1,3,2,3,0,1,20,70,1,0,1,0,0,1,2,1,1
200600044566,6,7,19,20,3,1,1,4,4557000,324000,1,3,2,3,1,1,20,140,1,0,1,0,2,0,1,2,1
200600044567,6,7,18,1230,1,1,1,7,4348000,-144000,1,1,2,0,1,2,2,40,9,3,1,0,0,0,1,0,1
200600044568,6,7,3,2015,1,1,1,6,4517300,568000,3,2,0,0,2,2,0,0,1,0,1,0,0,0,1,0,1
200600044577,6,7,30,615,2,1,1,2,4372700,722700,1,1,3,0,0,1,0,0,1,1,1,0,2,0,0,3,1
200600044582,6,7,10,1530,1,1,1,5,5055100,246900,1,1,2,0,1,1,30,70,1,3,1,0,2,0,1,1,1
200600044583,6,7,18,900,1,1,1,6,5044400,270400,1,1,1,0,0,3,0,45,1,3,1,0,0,0,1,0,1
200600044586,6,7,18,1845,1,1,1,6,4345800,555600,1,3,3,0,1,1,35,105,1,0,3,0,3,0,1,0,1
200600044599,6,7,10,2230,2,2,1,5,4866300,251800,2,3,0,0,1,1,30,220,1,5,1,0,5,1,0,2,1
200600044601,6,7,11,1145,1,1,1,4,4348000,153000,1,1,3,0,1,1,200,135,1,0,0,0,11,0,2,0,1
200600044602,6,7,25,815,1,1,1,7,4448300,-82800,1,3,0,0,0,1,150,100,0,0,1,0,0,0,1,0,1
200600044624,6,7,31,700,1,1,1,6,4539800,-60400,1,1,2,0,1,1,10,70,1,0,3,0,3,0,0,1,1
200600044625,6,7,7,1815,1,1,2,3,4854000,-278000,3,2,2,0,1,1,0,130,2,5,1,0,1,0,1,2,1
200600044628,6,7,31,1745,1,1,1,3,4170700,935900,2,2,2,0,1,1,0,75,1,0,1,0,1,0,2,0,1
200600044633,6,7,2,830,1,1,1,6,4590600,523000,1,3,2,0,1,1,15,55,1,0,3,0,0,0,5,0,1
200600044636,6,7,3,1655,1,1,1,6,4550900,426400,4,0,2,0,2,2,0,0,1,0,1,0,0,0,1,0,1
200600044638,6,7,31,1445,1,1,1,1,4549700,424500,3,0,2,0,2,2,0,62,1,0,1,0,1,0,1,0,1
200600044639,6,7,3,815,1,1,1,7,4855200,240800,2,2,1,0,1,1,0,80,1,0,3,0,0,0,1,0,1
200600044640,6,7,18,1645,1,1,1,7,4853300,240900,3,2,1,0,0,3,0,0,1,0,1,0,0,0,0,2,1
200600044641,6,7,5,1430,1,1,1,2,4913100,424100,2,2,2,0,1,1,0,73,1,0,1,0,1,0,4,0,1
200600044642,6,7,16,430,2,1,1,6,4914000,410700,3,2,2,0,2,4,0,70,1,0,1,0,0,0,1,0,1
200600044643,6,7,19,1545,1,1,1,6,5086300,202100,1,3,2,0,1,1,10,204,1,0,1,0,1,1,0,0,1
200600044644,6,7,7,1725,1,1,1,5,5091000,213000,3,2,2,0,1,1,0,56,9,0,1,0,6,1,0,0,1
200600044653,6,7,30,945,1,1,1,6,4600200,617700,2,2,2,0,1,1,0,80,1,0,1,0,0,0,1,1,1
200600044657,6,7,7,855,1,1,1,1,4275900,177100,2,2,2,0,4,3,0,70,1,0,1,0,2,1,0,0,1
200600044661,6,7,13,1430,1,3,1,1,4754100,-274000,3,3,1,0,1,1,10,70,1,5,1,0,0,0,1,1,1
200600044662,6,7,14,345,3,1,1,2,4759300,-268600,3,2,0,0,1,1,0,71,1,0,1,0,1,1,0,0,1
200600044671,6,7,12,1330,1,1,1,2,4610900,545100,1,3,3,3,2,1,0,0,1,0,1,0,1,0,0,1,1