Num_Acc,an,mois,jour,hrmn,lum,int,atm,col,lat,long,catr,circ,nbv,vosp,prof,plan,lartpc,larrout,surf,infra,situ,env1,unscathed,killed,hospital,light,chance
200600044672,6,7,16,1745,1,1,1,2,4610900,544900,1,3,3,3,2,1,10,107,1,0,1,0,1,2,0,0,1
200600044673,6,7,22,915,1,1,1,7,4608200,536500,1,3,0,0,1,1,0,0,1,0,1,0,2,0,1,1,1
200600044679,6,7,13,1115,1,9,1,2,4584300,316200,1,3,2,0,1,1,0,0,1,7,1,0,1,0,0,1,1
200600044681,6,7,27,435,3,1,1,1,4752000,-35000,1,3,0,0,1,2,25,150,1,0,1,0,0,2,2,0,1
200600044689,6,7,24,1715,1,1,1,1,4863900,774200,4,2,2,0,1,1,0,60,1,0,1,0,1,0,2,0,1
200600044694,6,7,31,1215,1,1,1,2,4639000,271000,1,3,2,0,0,1,40,100,1,0,1,0,1,0,2,2,1
200600044695,6,7,6,1630,1,1,1,7,4694400,242000,1,3,2,0,1,1,10,70,1,0,3,0,0,0,1,0,1
200600044696,6,7,15,1040,1,1,1,6,4688700,242000,1,3,2,0,1,1,10,70,1,0,1,0,0,1,2,0,1
200600044697,6,7,4,1630,1,1,1,5,4752800,520000,1,3,2,3,1,1,30,100,1,0,1,0,1,1,1,1,1
200600044698,6,7,11,1041,1,1,1,6,4754200,519900,1,3,0,0,1,1,30,105,1,0,1,0,2,0,0,2,1
200600044699,6,7,27,920,1,1,1,2,4735300,516300,1,3,4,0,1,1,28,140,1,0,1,0,1,0,1,0,1
200600044705,6,7,29,1530,1,1,1,1,4556700,594800,1,1,3,3,1,1,20,84,1,0,1,0,1,0,1,0,1
200600044717,6,7,10,1,3,1,1,7,4366900,525100,2,2,2,0,2,3,0,0,1,0,1,0,0,0,1,0,1
200600044718,6,7,18,245,3,1,1,7,4362300,525200,3,2,0,0,1,2,0,60,1,0,3,0,0,0,1,0,1
200600044735,6,7,2,1415,1,1,1,6,4640000,146000,1,3,4,0,1,1,30,100,1,0,1,0,0,0,1,0,1
200600044736,6,7,25,1200,1,1,1,5,4680000,166500,1,1,0,0,1,1,30,105,1,0,1,0,2,0,1,2,1
200600044737,6,7,31,900,1,1,1,2,4675000,162000,1,3,4,0,1,1,30,100,1,0,1,0,1,0,1,1,1
200600044745,6,7,9,1845,1,1,1,1,4816600,-14900,3,2,2,0,1,1,0,51,1,0,1,0,1,0,1,1,1
200600044748,6,7,18,945,1,1,1,2,4735400,292500,1,3,2,0,1,1,15,68,1,0,1,0,1,0,2,0,1
200600044754,6,7,30,1045,1,1,2,7,4914800,-53600,1,1,2,0,0,1,75,0,2,0,3,0,0,0,1,0,1
200600044755,6,7,11,2045,1,1,1,7,4378500,445400,2,2,0,0,1,1,0,114,1,0,1,0,0,0,1,0,1
200600044756,6,7,20,1815,1,1,1,1,4376700,452700,3,2,3,0,0,1,0,115,1,0,1,0,1,0,2,0,1
200600044757,6,7,28,815,1,1,1,3,4380500,440400,3,2,2,0,1,2,0,70,1,0,1,0,1,0,1,0,1
200600044758,6,7,12,730,1,1,1,7,4968300,466200,1,0,2,0,1,2,10,70,1,0,3,0,0,0,0,2,1
200600044770,6,7,5,2000,1,2,1,3,4957900,132500,3,2,2,0,1,1,0,40,1,0,1,0,0,0,4,1,1
200600044774,6,7,30,2200,5,1,1,7,4728100,598800,4,2,0,0,2,2,0,60,1,0,1,0,0,0,1,0,1
200600044778,6,7,15,1200,1,1,1,1,4781900,-294600,3,2,2,0,2,1,0,60,1,0,1,0,2,0,0,1,1
200600044780,6,7,9,545,2,1,1,7,4926600,-65900,2,3,2,0,2,2,20,70,1,0,3,0,2,0,1,0,1
200600044783,6,7,30,2330,3,1,1,3,4718800,-141700,2,3,4,0,0,1,76,0,1,0,1,0,3,0,1,2,1
200600044789,6,7,11,545,2,1,1,2,4267100,297300,3,2,2,0,1,1,0,60,1,0,1,0,0,1,1,0,1
200600044839,6,8,30,730,1,1,7,1,5051400,290400,3,2,2,0,1,1,0,60,1,0,1,0,1,0,1,0,1
200600044840,6,8,6,1950,1,1,1,4,5057900,290100,3,2,2,0,1,3,0,63,1,0,1,0,0,2,1,4,1
200600044843,6,8,8,750,1,1,7,3,5088800,249300,3,2,2,1,1,1,60,0,1,0,1,0,1,0,1,1,1
200600044848,6,8,19,445,5,1,1,6,5057200,322300,3,2,2,0,1,3,15,83,1,0,1,0,1,0,3,0,1
200600044850,6,8,15,1730,1,1,1,7,5029000,331000,4,2,2,0,1,3,0,0,1,0,1,0,0,0,2,0,1
200600044851,6,8,25,1400,1,1,1,6,5029000,327000,4,2,2,0,2,1,0,60,1,0,4,0,0,0,1,0,1
200600044854,6,8,4,2215,5,2,1,1,5029100,319700,4,2,0,0,1,1,0,60,1,0,1,0,1,0,1,0,1
200600044858,6,8,29,1907,1,1,2,1,5008000,321000,3,2,2,0,2,3,0,66,2,0,1,0,1,0,2,0,1
200600044859,6,8,26,1815,1,1,1,6,5027000,321000,3,2,2,0,1,1,0,0,2,0,4,0,0,0,1,0,1
200600044860,6,8,29,1415,1,1,1,1,5024500,266000,2,2,0,0,0,1,0,98,1,0,1,0,1,0,1,0,1
200600044861,6,8,14,1945,1,1,3,7,5032000,284000,2,3,2,0,1,3,0,72,2,0,3,0,0,0,1,0,1
200600044862,6,8,23,1215,1,1,1,6,5024600,306600,4,2,0,0,1,1,0,32,1,0,1,0,0,1,0,0,1
200600044863,6,8,22,1515,1,1,1,3,5057300,245700,2,2,3,3,1,1,0,115,1,5,1,0,0,0,2,1,1
200600044868,6,8,27,2000,1,7,1,6,5067200,183600,4,1,1,0,1,2,0,30,1,0,4,0,0,0,1,0,1
200600044870,6,8,6,1645,1,1,1,7,5051000,179700,3,2,2,0,1,1,0,56,1,0,3,0,2,0,2,0,1
200600044872,6,8,15,330,4,1,1,7,5033500,187300,3,2,2,0,1,0,0,0,1,0,1,0,0,0,1,0,1
200600044873,6,8,21,1530,1,1,1,3,5052600,217600,3,2,0,0,1,3,0,42,1,0,1,0,0,0,0,5,1
200600044875,6,8,8,700,1,1,1,5,5071200,233300,3,2,0,0,0,1,70,0,1,0,1,0,2,0,1,0,1
200600044878,6,8,24,1230,1,2,2,3,5075000,213000,3,2,2,0,1,1,0,54,2,0,1,0,1,0,1,0,1
200600044879,6,8,25,2200,4,1,1,6,5035700,226000,3,2,2,0,1,1,61,0,1,0,3,0,0,0,1,0,1
200600044880,6,8,31,1800,1,1,1,6,5038600,233600,2,2,2,0,1,1,0,71,1,0,1,0,1,1,0,0,1
200600044881,6,8,4,1715,1,1,1,6,5037200,260400,3,2,2,0,0,1,0,74,1,0,0,0,0,1,0,0,1
200600044882,6,8,10,2045,2,1,2,3,5038800,263000,3,2,2,0,3,3,0,0,2,0,1,0,1,0,1,1,1
200600044883,6,8,13,500,3,1,3,6,5027900,253800,3,2,2,0,0,3,0,74,2,0,3,0,0,1,0,0,1
200600044885,6,8,29,430,3,1,8,6,5020300,252200,2,2,0,0,2,1,0,74,8,0,3,0,0,1,0,0,1
200600044894,6,8,20,600,2,1,2,6,5009000,239000,3,2,2,0,1,1,0,70,2,0,4,0,0,1,1,2,1
200600044895,6,8,19,1800,1,9,2,4,4971700,279000,3,2,0,0,0,1,0,71,2,0,0,0,3,0,1,4,1
200600044898,6,8,25,645,1,1,1,7,4981700,249700,9,3,2,0,2,2,0,0,1,0,1,0,0,0,1,0,1
200600044903,6,8,22,1500,1,1,2,6,5001000,264900,3,2,2,0,1,1,0,80,2,0,1,0,1,0,1,0,1
200600044904,6,8,19,330,3,1,1,6,4973400,391100,3,2,2,0,1,0,0,60,1,0,1,0,0,0,1,0,1
200600044905,6,8,21,900,1,2,1,3,4960200,352100,2,2,2,0,1,1,0,63,1,5,1,0,1,0,0,2,1
200600044907,6,8,25,1800,1,1,1,2,4968800,358900,3,2,0,0,1,1,0,0,1,0,1,0,1,0,1,0,1
200600044914,6,8,17,1030,1,1,1,6,4898800,339500,3,2,2,0,0,2,0,0,1,0,1,0,0,0,1,0,1
200600044916,6,8,5,1800,1,1,1,2,4993200,337300,3,2,2,0,1,1,0,63,1,0,1,0,2,0,1,0,1
200600044922,6,8,12,1145,1,1,1,6,4925000,303700,2,3,0,0,2,2,36,47,1,0,1,0,0,0,1,0,1
200600044925,6,8,14,15,3,1,2,6,4993500,403200,3,2,2,0,1,1,0,49,2,0,1,0,0,0,3,0,1
200600044926,6,8,5,500,3,1,1,7,4942800,226100,3,2,2,0,1,3,0,50,1,0,3,0,0,0,1,2,1
200600044927,6,8,5,1630,1,1,1,2,4944200,187200,4,2,2,0,1,2,0,54,1,0,1,0,1,0,3,0,1
200600044946,6,8,26,1530,1,1,8,1,4957100,306100,3,2,2,0,1,4,0,60,2,0,1,0,0,0,1,2,1
200600044947,6,8,4,1230,1,1,2,6,4941200,615600,2,0,2,0,2,3,0,77,2,0,4,0,0,0,1,0,1
200600044954,6,8,16,1930,1,1,1,1,4924500,302400,2,3,2,0,2,1,0,0,2,0,1,0,1,1,0,0,1
200600044958,6,8,19,1800,1,6,1,3,4955000,104000,2,2,0,0,1,1,0,117,1,5,1,0,2,0,1,0,1
200600044960,6,8,19,1300,1,1,1,7,4982000,105700,3,2,2,0,1,1,0,50,1,0,1,0,0,0,2,0,1
200600044961,6,8,20,2000,1,1,1,7,4976900,115100,3,2,2,0,1,1,0,50,1,0,1,0,0,0,1,0,1
200600044962,6,8,2,1245,1,2,1,3,4969700,95700,3,2,2,0,0,1,0,60,1,0,1,0,2,0,1,0,1
200600044963,6,8,9,1445,1,1,2,3,4967800,114800,2,2,2,0,2,1,77,0,2,0,1,0,2,0,1,1,1
200600044964,6,8,1,300,5,1,2,5,4940000,115000,2,2,2,0,1,1,22,96,2,0,1,0,2,0,1,0,1
200600044973,6,8,3,1845,1,1,1,1,4955700,40200,9,2,1,0,2,1,0,26,1,0,1,0,2,0,1,0,1
200600044974,6,8,31,2045,5,2,1,3,4956900,22900,3,2,2,0,2,1,0,76,1,5,1,0,1,0,0,3,1
200600044977,6,8,18,1915,1,3,1,3,4974400,162000,4,2,2,0,1,0,0,35,1,0,1,0,1,0,1,0,1
200600044978,6,8,22,1545,1,1,1,4,4946600,154600,2,2,2,0,3,1,0,82,1,0,1,0,1,0,2,0,1
200600044980,6,8,2,1900,1,3,1,3,4985200,62500,3,2,2,0,1,1,0,56,1,0,1,0,1,0,1,0,1
200600044981,6,8,14,2130,3,2,1,1,4986200,84000,3,2,2,0,1,1,0,31,1,0,1,0,1,0,1,0,1
200600044982,6,8,29,945,1,9,1,3,4979100,64300,3,2,2,0,2,1,0,50,1,0,1,0,1,0,1,0,1
200600044984,6,8,26,1245,1,1,8,1,4971600,36100,3,2,0,0,1,2,0,55,2,0,1,0,1,0,2,0,1
200600044986,6,8,15,1045,1,1,1,1,4907600,122300,3,2,2,0,1,1,30,61,1,5,1,0,1,0,1,0,1
200600044987,6,8,18,1815,1,1,8,1,4910300,110500,4,2,2,0,1,2,0,30,1,0,1,0,2,0,1,0,1
200600044992,6,8,15,745,2,1,1,7,4879200,98400,3,2,2,0,1,3,0,65,1,0,3,0,0,0,1,0,1
200600044996,6,8,31,1830,1,1,1,6,4914000,144400,3,2,2,0,1,1,0,60,1,0,3,0,0,0,1,1,1
200600044998,6,8,14,1415,1,1,1,1,4935900,172600,4,2,0,0,1,2,0,45,1,0,1,0,1,0,0,1,1
200600045000,6,8,20,415,3,1,1,6,4910300,62900,3,2,1,0,0,1,0,70,2,0,0,0,0,0,1,0,1
200600045005,6,8,20,1500,1,2,1,1,4909700,80400,3,2,2,0,0,1,70,0,1,0,1,0,0,0,1,1,1
200600045007,6,8,7,1700,1,2,2,3,4917500,117700,3,2,2,0,1,1,0,89,2,5,1,0,2,0,0,1,1
200600045011,6,8,27,1945,1,1,1,1,4914300,131700,3,3,2,0,3,1,37,115,1,5,1,0,1,0,1,0,1
200600045012,6,8,31,1645,1,1,1,6,4920200,129700,3,2,2,0,1,2,0,62,1,0,1,3,1,0,1,0,1
200600045013,6,8,25,2330,3,1,1,6,4930300,115200,3,2,2,0,1,2,0,60,1,0,0,0,1,0,1,2,1
200600045014,6,8,2,1650,1,2,1,3,4917800,87900,3,2,2,0,1,4,0,68,1,0,1,0,3,0,0,1,1
200600045015,6,8,11,1400,1,2,1,3,4917500,95200,3,2,2,0,1,1,0,47,1,0,1,0,1,1,1,0,1
200600045020,6,8,4,2045,1,1,1,5,4931300,62600,3,0,2,0,1,4,0,47,1,0,1,0,2,0,1,0,1
200600045022,6,8,31,1915,1,1,1,3,4822000,-175300,9,2,2,0,0,1,0,0,1,0,1,0,0,0,1,1,1
200600045026,6,8,5,115,3,1,1,6,4834800,-129400,2,3,4,0,1,1,11,200,1,0,1,0,3,1,1,0,1
200600045029,6,8,9,1045,1,1,1,6,4846200,-138900,3,2,2,0,0,1,0,40,1,5,1,0,0,0,1,0,1
200600045031,6,8,23,2330,3,1,2,7,4843000,-132500,3,2,2,0,0,1,0,43,2,0,1,0,0,1,0,1,1
200600045032,6,8,27,2100,1,1,1,6,4767300,-205800,3,2,2,0,2,1,0,51,1,0,3,0,0,0,1,0,1
200600045034,6,8,8,2045,1,1,1,7,4792900,-171600,3,2,2,0,2,1,0,0,1,0,3,0,0,0,1,0,1
200600045038,6,8,21,1100,1,2,1,3,4840600,-176000,3,2,0,0,1,1,0,70,1,0,1,0,3,0,1,2,1
200600045039,6,8,23,1700,1,1,1,3,4855200,-174900,4,2,2,0,1,1,0,70,1,0,1,0,1,0,1,0,1
200600045041,6,8,14,1430,1,1,1,1,4863200,-212000,4,2,0,0,2,1,0,45,1,0,1,0,1,0,1,0,1
200600045045,6,8,4,1700,1,1,1,1,4810900,-140700,3,2,2,0,1,1,0,63,1,0,1,0,1,1,0,0,1
200600045050,6,8,24,1615,1,1,1,1,4828300,-283200,3,2,2,0,1,1,0,69,1,0,1,0,1,1,1,0,1
200600045051,6,8,22,1015,1,9,8,6,4878300,-304600,6,0,0,0,0,0,0,0,1,0,0,0,1,0,1,0,1
200600045056,6,8,2,1300,1,1,1,6,4838100,-209300,3,2,2,0,1,1,0,82,1,0,3,0,2,0,1,0,1
200600045059,6,8,29,1315,1,1,1,3,4852000,-202000,3,2,2,0,2,3,0,65,1,0,1,0,0,0,1,2,1
200600045061,6,8,8,245,3,1,1,6,4860300,-228800,3,2,2,0,0,1,0,70,1,0,3,0,0,1,0,0,1
200600045064,6,8,28,2000,1,1,1,1,4849200,-225200,3,2,2,0,1,4,0,0,1,0,1,0,0,0,4,1,1
200600045066,6,8,27,1915,1,1,1,3,4827700,-253100,3,2,2,0,1,1,0,62,1,5,1,0,0,0,1,3,1
200600045067,6,8,4,100,3,1,1,7,4858500,-306300,3,2,2,0,1,1,0,69,1,0,0,0,0,1,0,0,1
200600045068,6,8,17,1400,1,7,1,6,4857100,-315300,9,4,0,0,0,0,0,0,1,0,4,0,1,0,0,2,1
200600045070,6,8,31,2330,3,1,1,6,4861400,-311600,3,2,2,0,1,1,0,52,9,0,3,0,0,0,1,0,1
200600045073,6,8,15,430,3,1,5,7,4860200,-347500,4,2,0,0,1,3,0,40,2,0,3,0,2,0,2,0,1
200600045076,6,8,6,130,3,1,1,1,4875600,-324300,3,2,2,0,3,3,0,65,1,0,1,0,0,0,2,0,1
200600045087,6,8,31,545,3,1,8,7,4792300,-406200,3,2,2,2,2,1,0,0,1,0,5,0,0,1,0,0,1
200600045088,6,8,6,515,3,1,1,6,4788800,-420600,3,2,2,1,1,1,0,70,1,0,1,0,0,0,1,0,1
200600045089,6,8,5,1530,1,1,1,7,4784900,-416800,9,0,1,0,1,1,0,34,1,0,1,0,1,0,1,0,1
200600045090,6,8,29,1800,1,1,1,3,4790100,-428800,3,2,2,0,1,1,0,60,1,0,1,0,1,0,1,0,1
200600045091,6,8,28,1630,1,1,1,3,4788200,-413500,3,3,0,2,1,2,30,120,1,5,1,0,0,0,1,1,1
200600045092,6,8,26,230,3,1,2,7,4863400,-438400,3,2,0,0,2,1,0,52,2,2,0,0,0,1,0,0,1
200600045093,6,8,15,1500,1,1,1,5,4861400,-453200,3,2,2,0,1,1,0,60,1,0,1,0,3,2,8,0,1
200600045095,6,8,24,1145,1,1,1,2,4855800,-472900,3,2,2,0,1,1,0,60,1,0,1,0,1,0,1,0,1
200600045096,6,8,7,1515,1,1,2,1,4826000,-408400,3,2,0,0,2,3,0,78,2,0,1,0,1,1,0,0,1
200600045097,6,8,13,1700,1,1,1,5,4819800,-418800,3,2,2,0,1,1,0,60,1,0,1,0,0,0,7,0,1
200600045098,6,8,12,1015,1,9,1,3,4825000,-382000,3,2,3,0,1,1,0,102,1,5,1,0,1,0,1,0,1
200600045099,6,8,23,1415,1,1,2,3,4811800,-389300,4,2,2,0,1,1,0,45,2,0,1,0,1,0,1,0,1
200600045100,6,8,9,1330,1,1,1,1,4825000,-438000,3,2,1,0,1,4,0,66,2,0,1,0,0,1,1,0,1
200600045106,6,8,1,1915,1,2,1,5,4865800,-417700,3,2,2,0,1,2,0,75,1,0,1,0,2,0,1,0,1
200600045118,6,8,11,1700,1,1,1,6,4768300,-301100,6,0,0,0,1,1,0,0,1,0,4,0,1,0,1,0,1
200600045121,6,8,11,330,5,1,1,6,4757700,-307700,4,1,1,0,1,1,0,53,1,0,1,0,0,0,1,0,1
200600045122,6,8,12,1315,1,6,1,3,4758300,-308100,3,2,0,0,0,1,0,60,0,5,1,0,1,0,1,1,1
200600045130,6,8,28,1445,1,1,1,7,4801000,-248600,3,2,2,0,2,4,70,0,1,0,3,0,0,0,1,0,1
200600045132,6,8,1,1645,1,9,1,1,4916100,-45600,9,2,2,3,2,1,60,0,1,0,1,3,2,0,1,0,1
200600045134,6,8,23,1315,1,1,1,2,4916800,-47300,3,2,2,0,1,1,0,56,1,0,1,0,1,0,1,0,1
200600045135,6,8,26,1900,1,1,1,6,4924200,-44900,3,3,2,0,0,3,0,100,1,0,1,0,0,0,1,1,1
200600045136,6,8,30,1330,1,1,1,1,4918700,-48700,3,2,0,0,1,1,0,60,1,5,1,0,1,0,1,0,1
200600045137,6,8,19,1815,1,1,1,1,4904500,-32000,3,2,0,0,0,3,0,57,2,0,1,0,3,1,0,0,1
200600045139,6,8,1,1245,1,1,1,6,4924800,-18400,3,2,2,0,1,1,0,66,1,0,1,0,2,1,0,0,1
200600045141,6,8,1,1745,1,1,1,3,4891200,-48400,3,2,0,0,0,2,0,114,1,5,1,0,9,0,1,0,1
200600045143,6,8,22,1930,2,1,1,7,4895700,-40900,3,2,2,0,1,2,0,38,1,0,1,0,0,0,1,1,1
200600045144,6,8,26,2030,2,1,1,6,4886000,-26100,3,2,2,0,1,3,0,50,1,0,3,0,0,1,0,0,1
200600045145,6,8,28,1730,1,1,1,6,4894100,-50600,3,2,2,0,1,1,0,60,1,0,4,0,1,0,1,0,1
200600045148,6,8,24,1830,1,3,1,3,4919000,30000,3,2,2,0,1,2,0,45,1,0,1,0,1,0,0,1,1
200600045149,6,8,20,1100,1,1,2,3,4927600,16800,3,2,0,0,2,1,0,70,2,0,1,0,1,0,1,0,1
200600045152,6,8,4,1045,1,1,1,1,4904100,-72900,3,2,0,0,3,1,105,0,1,5,1,0,2,0,0,1,1
200600045154,6,8,19,530,3,1,1,6,4901700,-62300,3,2,2,0,1,1,0,0,1,0,1,0,0,0,1,0,1
200600045155,6,8,22,1945,1,1,1,6,4884400,-79600,3,2,1,0,1,1,30,0,1,0,1,0,0,0,0,2,1
200600045157,6,8,7,1300,1,1,1,1,4902700,-114500,3,2,2,0,2,1,0,0,1,0,1,0,1,1,2,0,1
200600045162,6,8,18,1815,1,1,1,1,4868500,-132000,3,2,2,0,0,1,0,61,1,0,1,0,3,0,0,2,1
200600045163,6,8,18,2345,3,1,8,6,4970300,-184300,3,0,2,0,1,1,0,54,1,0,1,0,0,0,1,0,1
200600045171,6,8,2,1500,1,1,1,3,4916500,-138600,3,2,2,0,1,1,0,56,1,0,1,0,1,0,1,0,1
200600045174,6,8,20,1415,1,2,1,3,4898000,-124000,3,2,2,0,2,1,0,60,1,5,1,0,0,0,1,1,1
200600045176,6,8,9,1130,1,1,1,1,4931700,-153900,3,2,2,0,2,1,0,73,1,0,1,0,0,2,1,1,1
200600045177,6,8,11,1545,1,1,1,3,4930500,-157600,3,2,2,0,0,1,0,109,1,5,1,0,1,1,0,0,1
200600045178,6,8,30,1630,1,1,1,1,4925500,-163400,3,2,2,0,1,0,0,82,1,0,1,0,0,2,0,0,1
200600045179,6,8,4,945,1,1,1,7,4864000,-94000,3,2,0,0,2,2,0,0,1,0,1,0,0,0,1,0,1
200600045180,6,8,11,845,1,1,1,7,4860000,-96000,3,2,2,0,2,2,0,51,1,0,1,0,0,0,1,0,1
200600045181,6,8,16,1900,1,1,8,1,4857000,-77000,3,2,0,0,1,2,0,0,2,0,1,0,1,0,1,0,1
200600045186,6,8,1,1500,1,1,1,6,4876900,-300,3,2,2,0,0,2,70,0,1,0,1,0,0,0,1,0,1
200600045188,6,8,29,1915,1,1,2,7,4862600,-700,4,2,0,0,2,3,0,0,2,0,3,0,0,0,1,0,1
200600045191,6,8,31,930,1,1,1,1,4829500,58800,3,2,0,0,0,1,43,0,1,0,0,0,0,0,1,1,1
200600045192,6,8,19,1430,1,8,1,3,4705000,-115100,5,0,0,0,1,1,0,0,1,4,0,0,3,2,0,0,1
200600045193,6,8,24,1530,1,1,1,1,4712000,-135600,3,2,2,0,0,1,0,62,1,0,1,0,0,1,0,1,1
200600045194,6,8,5,315,3,1,1,7,4742000,-125100,3,2,2,0,0,2,0,55,1,0,3,0,0,0,2,0,1
200600045196,6,8,23,2145,3,1,2,7,4742100,-124900,3,2,2,0,1,3,0,58,2,0,3,0,0,0,1,0,1
200600045199,6,8,18,330,3,1,8,6,4736400,-123400,3,2,2,0,0,2,0,72,2,0,3,0,2,0,1,2,1
200600045200,6,8,20,2200,3,1,1,6,4755100,-126700,3,2,2,0,1,1,0,70,1,0,3,0,3,0,1,0,1
200600045201,6,8,24,100,3,1,3,6,4747200,-131600,4,2,2,0,0,2,0,37,2,0,3,0,1,1,0,0,1
200600045203,6,8,22,930,1,1,1,1,4773200,-132700,3,2,0,0,1,3,0,64,1,0,1,0,0,1,1,0,1
200600045204,6,8,10,1900,1,1,1,3,4771900,-135600,3,2,2,0,1,1,0,60,1,0,1,0,1,0,1,0,1
200600045206,6,8,23,1915,1,2,1,3,4767200,-138000,3,2,0,0,1,1,0,56,1,5,1,0,1,0,1,0,1
200600045207,6,8,31,1400,1,1,1,1,4763700,-137800,3,0,2,0,0,1,0,91,1,0,1,0,2,1,0,0,1
200600045208,6,8,5,1230,1,1,1,6,4750700,-177300,4,2,2,0,1,2,0,0,1,0,1,0,1,0,0,1,1
200600045209,6,8,16,1930,1,1,3,1,4752600,-161800,3,2,2,0,2,4,60,0,2,0,1,0,1,1,0,0,1
200600045211,6,8,15,45,5,1,1,3,4719000,-168000,3,2,2,0,1,1,0,50,1,0,1,0,1,0,1,0,1
200600045212,6,8,16,1800,1,1,2,6,4714000,-169000,3,2,0,0,1,1,0,0,2,0,1,0,1,1,0,0,1
200600045215,6,8,27,2330,3,1,1,2,4711200,-185800,3,2,2,0,1,1,0,0,0,0,1,0,0,0,1,0,1
200600045216,6,8,6,1145,1,1,1,7,4721000,-205200,3,2,2,0,1,1,0,65,1,5,1,0,0,0,1,0,1
200600045217,6,8,21,2345,5,2,1,3,4716300,-217200,4,0,2,0,1,1,0,55,1,5,1,0,4,0,0,3,1
200600045218,6,8,23,1715,1,1,1,3,4722000,-204000,3,2,2,0,1,1,0,70,1,5,1,0,2,0,1,0,1
200600045219,6,8,24,1730,1,1,1,3,4722500,-209300,3,2,2,0,1,1,0,58,1,0,1,0,0,1,1,2,1
200600045221,6,8,2,600,2,1,1,6,4719600,-184000,3,2,2,0,1,1,60,0,1,0,1,0,0,0,1,0,1
200600045222,6,8,2,1530,1,1,2,3,4697000,-175500,3,2,2,0,1,1,59,0,2,0,1,0,0,0,2,2,1
200600045226,6,8,28,1215,1,1,2,1,4737000,-237900,3,2,2,0,1,3,0,0,2,0,1,0,1,0,1,0,1
200600045228,6,8,4,2000,1,2,1,3,4744400,-22900,2,2,2,0,0,3,70,0,1,0,1,0,4,1,0,0,1
200600045229,6,8,4,1030,1,2,1,3,4746400,-10200,3,2,2,0,3,1,0,56,1,5,1,0,3,0,1,0,1
200600045230,6,8,7,2000,1,1,1,7,4744200,-22100,4,1,1,0,1,3,0,0,9,0,1,0,1,0,2,0,1
200600045231,6,8,11,1430,1,3,2,5,4745600,-26200,2,2,2,0,0,1,15,122,1,5,1,0,2,0,1,0,1
200600045232,6,8,1,745,1,1,1,1,4734000,-48000,3,2,2,0,1,2,0,49,1,0,1,0,1,0,0,1,1
200600045238,6,8,25,1915,1,6,1,3,4751000,-50400,3,2,2,0,1,1,0,60,1,0,1,0,2,0,1,0,1
200600045239,6,8,19,1945,1,1,1,7,4738400,-88100,3,2,2,0,1,1,0,60,1,0,3,0,0,1,0,0,1
200600045240,6,8,22,1715,1,1,1,1,4761500,-28300,3,2,2,0,1,3,0,37,1,0,1,0,1,1,1,0,1
200600045242,6,8,13,1800,1,1,1,6,4720100,-99300,4,2,2,0,2,1,0,68,1,0,3,0,0,1,0,0,1
200600045251,6,8,6,1330,1,1,1,6,4757700,-7200,3,2,2,0,1,2,0,0,1,0,1,0,0,0,1,0,1
200600045252,6,8,10,1915,1,1,1,1,4720100,-28800,9,2,0,0,1,3,0,59,1,0,1,0,1,0,1,0,1
200600045254,6,8,10,1945,1,1,1,1,4724000,3000,2,2,2,0,1,2,0,64,1,0,1,0,3,0,3,1,1
200600045257,6,8,28,1145,1,1,2,1,4753100,-80400,3,2,2,0,1,1,0,70,2,0,1,0,0,0,4,0,1
200600045263,6,8,22,1400,1,1,1,1,4810700,-62000,3,2,0,0,0,3,0,56,1,0,0,0,0,0,1,1,1
200600045264,6,8,2,1230,1,1,2,3,4815400,-41300,3,0,2,0,1,1,0,70,2,0,1,0,1,0,1,0,1
200600045265,6,8,20,1530,1,1,1,7,4816900,-44600,4,2,2,0,1,3,0,0,1,0,1,0,0,0,2,0,1
200600045266,6,8,30,2145,5,1,1,3,4782400,-68800,3,2,2,0,1,1,0,53,1,5,1,0,1,0,2,0,1
200600045270,6,8,30,1815,1,9,1,3,4829900,-61600,2,2,2,0,1,1,70,50,1,0,1,0,1,0,1,0,1
200600045271,6,8,12,1845,1,1,1,1,4830300,-89600,2,2,0,0,1,1,0,70,1,0,1,0,0,0,4,0,1
200600045274,6,8,21,1245,1,1,1,6,4836300,-41300,3,2,1,0,1,1,0,55,2,0,3,0,0,1,1,1,1
200600045275,6,8,11,2100,2,1,8,6,4805600,66100,3,2,0,0,0,1,0,61,2,0,3,0,0,3,0,0,1
200600045278,6,8,31,2100,3,1,1,6,4812900,24300,4,2,1,0,1,1,0,21,1,0,1,0,0,0,1,0,1
200600045279,6,8,13,1530,1,1,1,3,4802300,-4300,2,2,2,0,0,1,0,68,1,0,1,0,0,0,2,0,1
200600045283,6,8,31,1100,1,3,1,1,4779900,1000,3,2,2,0,1,1,0,73,1,0,1,0,1,0,1,0,1
200600045284,6,8,10,2030,1,1,1,7,4775200,14700,3,2,0,0,2,2,0,61,1,0,1,0,0,0,1,0,1
200600045287,6,8,30,1630,1,2,1,3,4784900,-33600,3,2,0,0,0,1,0,0,1,0,1,3,1,0,1,0,1
200600045290,6,8,24,1230,1,1,1,3,4808900,55700,2,2,3,0,3,1,0,0,1,0,1,0,1,0,1,0,1
200600045291,6,8,3,100,3,1,1,6,4832500,9400,3,2,2,0,0,0,0,0,0,0,0,0,0,0,1,1,1
200600045292,6,8,13,515,3,1,1,5,4832200,9500,2,2,2,0,1,1,0,72,1,0,1,0,1,0,2,3,1