Num_Acc,an,mois,jour,hrmn,lum,int,atm,col,lat,long,catr,circ,nbv,vosp,prof,plan,lartpc,larrout,surf,infra,situ,env1,unscathed,killed,hospital,light,chance
200600045303,6,8,12,1145,1,1,1,2,4639700,-119700,3,2,0,0,0,1,0,0,1,0,1,0,1,0,1,0,1
200600045304,6,8,13,145,3,1,1,6,4644500,-110100,3,2,0,0,1,1,0,75,1,0,3,0,1,0,1,0,1
200600045305,6,8,29,815,1,1,2,6,4648800,-118400,3,2,2,0,1,1,0,61,2,0,3,0,0,0,1,0,1
200600045306,6,8,30,1745,1,1,1,6,4645900,-116700,3,0,0,0,0,1,0,70,1,6,1,0,1,0,1,0,1
200600045311,6,8,16,1645,1,1,2,6,4680600,-92100,3,2,2,0,1,2,0,52,2,0,1,0,0,0,1,0,1
200600045312,6,8,3,745,1,1,1,1,4689500,-183000,3,2,1,0,1,1,0,0,1,4,3,0,1,1,0,0,1
200600045313,6,8,4,1900,1,1,1,6,4676100,-171500,3,2,0,0,1,1,0,64,1,0,1,0,0,1,0,0,1
200600045314,6,8,23,1815,1,1,1,2,4686000,-189900,3,2,2,0,1,1,0,0,1,0,1,0,1,0,1,0,1
200600045315,6,8,25,1335,1,1,1,3,4680800,-177900,3,2,2,0,2,1,0,70,1,0,1,0,0,0,2,0,1
200600045331,6,8,4,1620,1,1,1,3,4518000,-44000,3,2,2,0,1,1,0,58,1,5,1,0,1,1,0,0,1
200600045332,6,8,27,1900,1,1,1,3,4514000,-51000,3,2,0,0,0,1,0,50,1,0,1,0,0,0,1,1,1
200600045333,6,8,7,1445,1,1,1,6,4459100,-22600,4,2,2,0,2,1,0,40,1,0,3,0,0,1,0,0,1
200600045334,6,8,6,1030,1,1,1,6,4488300,-38100,2,0,0,0,0,1,25,70,1,0,3,0,0,0,1,0,1
200600045340,6,8,25,1730,1,2,1,3,4455500,-23900,2,2,0,0,1,1,0,115,1,5,1,0,1,0,0,1,1
200600045341,6,8,29,1215,1,1,1,6,4455800,-24700,6,1,1,0,0,0,0,0,1,0,1,0,1,0,1,0,1
200600045342,6,8,25,430,3,1,2,7,4464700,6100,3,2,2,0,3,0,0,0,2,0,3,0,0,0,0,1,1
200600045343,6,8,20,1115,1,1,1,6,4440600,-35000,3,2,2,0,1,1,0,50,1,0,3,0,0,0,0,1,1
200600045349,6,8,7,1745,1,3,1,3,4553700,-109900,2,0,0,0,0,1,0,83,1,5,1,0,1,0,1,0,1
200600045353,6,8,20,330,3,1,1,6,4483000,-28000,3,2,0,0,3,2,0,58,1,0,3,0,0,1,0,0,1
200600045354,6,8,25,1115,1,1,3,1,4478400,-13600,3,2,2,0,3,2,0,58,2,0,1,0,1,1,0,0,1
200600045355,6,8,28,1415,1,2,1,3,4498400,-14800,2,2,0,0,1,1,0,70,1,0,1,0,0,1,0,2,1
200600045356,6,8,31,645,3,1,1,1,4498600,-14600,3,2,2,0,1,1,0,75,1,0,1,0,0,0,1,2,1
200600045358,6,8,28,615,2,1,2,6,4509400,-200,3,2,2,0,2,3,0,78,2,0,1,0,0,1,0,0,1
200600045360,6,8,22,615,2,1,1,1,4499200,-26900,3,2,0,0,1,1,0,66,1,0,1,0,1,0,1,0,1
200600045365,6,8,11,2330,3,1,1,1,4531700,111800,3,2,2,0,1,1,0,52,1,0,0,0,2,0,1,0,1
200600045366,6,8,21,1630,1,1,1,3,4531300,86900,3,2,2,0,2,3,0,50,1,0,1,0,1,0,1,0,1
200600045372,6,8,2,1845,1,1,3,1,4552800,66100,3,2,2,0,4,3,0,0,2,0,1,0,1,0,1,0,1
200600045373,6,8,9,1730,1,1,1,3,4539000,113700,3,2,2,0,1,2,0,105,1,5,1,0,1,0,1,0,1
200600045374,6,8,19,1845,1,1,8,3,4541400,92500,2,4,3,0,1,1,0,110,1,5,1,0,3,0,2,0,1
200600045376,6,8,8,830,1,1,1,1,4528500,54600,3,2,1,0,1,1,0,64,1,0,1,0,1,0,1,1,1
200600045377,6,8,19,1145,1,1,1,6,4532900,31100,3,2,2,0,1,1,0,52,1,0,3,0,0,0,1,0,1
200600045378,6,8,19,1500,1,9,8,3,4525800,49000,3,2,2,0,1,1,0,60,2,0,1,0,2,0,1,0,1
200600045379,6,8,10,1430,1,1,1,1,4502900,6700,3,2,0,0,1,1,0,0,1,0,1,0,1,0,1,0,1
200600045382,6,8,3,1115,1,1,1,2,4491600,93900,9,2,2,0,0,1,0,60,1,0,1,0,1,0,1,0,1
200600045384,6,8,1,1100,1,1,8,6,4359600,-110800,3,2,2,0,2,4,0,43,2,0,1,0,0,1,0,0,1
200600045385,6,8,4,2200,3,1,1,7,4359200,-88400,3,2,2,0,1,2,0,110,8,0,1,0,0,0,1,0,1
200600045387,6,8,9,900,1,1,1,6,4361700,-101400,3,2,2,0,1,1,0,60,1,0,3,0,0,0,1,0,1
200600045394,6,8,11,1800,1,1,1,1,4356000,-145000,2,1,2,0,4,1,30,136,1,5,1,0,2,0,1,0,1
200600045404,6,8,10,1530,1,1,1,1,4385600,-30500,3,2,2,0,1,1,0,76,1,0,1,0,2,0,1,0,1
200600045405,6,8,27,915,1,1,1,6,4412000,-10500,4,2,0,0,1,1,0,39,1,0,1,0,0,0,1,0,1
200600045407,6,8,16,1145,1,1,1,6,4413900,66500,3,2,0,0,0,3,0,0,1,0,4,0,0,1,0,0,1
200600045408,6,8,17,1100,1,1,1,6,4418200,63600,3,2,4,0,1,1,5,66,1,5,1,0,0,1,0,1,1
200600045411,6,8,27,1415,1,1,1,2,4423700,55100,3,2,2,0,1,1,0,60,1,0,1,0,1,0,1,1,1
200600045412,6,8,2,1730,1,1,1,1,4429900,34300,2,2,0,3,0,1,0,101,1,5,1,0,0,0,2,0,1
200600045413,6,8,9,1,1,2,1,3,4448000,10800,3,2,2,0,1,1,0,61,1,0,1,0,1,0,2,0,1
200600045414,6,8,5,1945,1,1,1,2,4454900,8900,2,2,0,0,0,3,0,0,1,0,1,0,3,0,1,1,1
200600045417,6,8,10,800,2,1,8,6,4437000,32000,2,2,1,0,0,1,0,75,1,0,3,0,0,1,0,0,1
200600045420,6,8,25,1400,1,1,2,1,4437000,36000,3,2,2,0,2,1,0,68,2,0,1,0,1,0,4,0,1
200600045423,6,8,27,430,5,1,1,6,4439600,31400,9,2,2,0,1,2,0,74,1,0,1,0,0,0,0,1,1
200600045424,6,8,20,1900,1,1,1,7,4436500,44900,3,2,2,0,1,1,0,74,1,0,1,0,0,0,3,0,1
200600045429,6,8,12,1030,1,1,1,3,4339900,-37800,2,2,3,3,4,1,0,105,1,0,1,0,4,1,0,0,1
200600045437,6,8,5,1015,1,3,1,3,4345200,-151700,3,2,2,0,0,1,0,70,1,5,1,0,2,0,1,0,1
200600045438,6,8,25,2215,3,1,1,7,4323000,-84200,3,2,2,0,3,2,0,48,1,0,3,0,0,1,0,0,1
200600045440,6,8,19,1415,3,1,2,6,4322200,-62600,3,2,2,0,1,0,0,44,1,0,1,0,1,1,0,0,1
200600045442,6,8,31,1445,1,1,1,1,4355600,-70900,3,0,0,0,0,0,0,0,0,0,0,0,2,0,2,0,1
200600045453,6,8,13,1045,1,1,1,6,4634800,87500,3,2,2,0,2,3,0,47,1,0,0,0,0,0,1,0,1
200600045454,6,8,17,1000,1,1,1,1,4632100,82600,2,2,2,0,1,1,76,76,1,0,1,0,7,0,1,0,1
200600045458,6,8,5,1,4,1,1,6,4531900,24900,3,2,0,0,4,2,0,0,1,0,3,0,1,0,3,0,1
200600045461,6,8,6,500,3,1,1,6,4546400,-17100,4,2,2,0,1,2,0,0,1,0,1,0,4,0,2,0,1
200600045464,6,8,21,1600,1,1,8,7,4597000,26100,3,2,2,0,1,1,0,38,1,0,3,0,0,0,1,0,1
200600045467,6,8,3,2245,3,1,1,6,4581800,7700,3,0,2,0,1,3,0,60,1,0,4,0,0,1,0,0,1
200600045473,6,8,12,415,5,1,1,6,4613500,-100500,9,2,2,0,1,1,0,46,1,0,1,3,0,0,1,0,1
200600045477,6,8,22,2145,3,1,1,6,4620200,-141400,3,2,0,0,1,4,0,67,1,0,1,0,0,0,1,0,1
200600045478,6,8,29,1915,1,1,7,6,4620900,-136200,4,3,2,3,0,0,70,0,1,7,1,0,0,0,1,0,1
200600045479,6,8,6,2330,3,1,1,2,4581500,-106800,3,2,0,0,1,3,0,78,1,0,1,0,4,0,1,0,1
200600045480,6,8,10,2230,3,1,1,6,4593000,-101600,3,2,2,0,2,1,0,0,1,0,3,0,0,2,0,0,1
200600045485,6,8,17,1440,1,1,1,6,4591100,-126700,4,0,0,0,0,0,0,0,0,0,0,0,0,0,1,0,1
200600045486,6,8,26,1230,1,3,1,5,4593600,-129200,3,2,0,0,1,1,0,126,1,5,1,0,2,0,1,0,1
200600045490,6,8,8,945,1,9,1,6,4573800,-110100,3,2,0,0,1,1,0,52,1,0,1,0,1,0,1,0,1
200600045491,6,8,30,1745,1,1,1,1,4578200,-114300,4,2,0,0,0,0,0,67,1,0,1,0,1,0,1,0,1
200600045493,6,8,14,830,1,1,1,3,4599300,-105500,3,2,0,0,1,1,0,63,1,0,1,0,1,0,1,0,1
200600045500,6,8,12,300,3,1,1,6,4568400,-49700,3,2,2,0,1,1,0,38,1,0,3,0,0,1,1,0,1
200600045501,6,8,13,1800,1,1,1,3,4559200,-76500,3,2,1,0,1,1,0,52,1,0,1,0,1,0,1,1,1
200600045505,6,8,1,855,1,1,1,1,4605200,-40300,3,2,2,0,3,2,0,63,1,0,1,0,1,1,0,1,1
200600045506,6,8,12,715,1,1,1,7,4627300,-70700,3,2,2,0,1,1,54,0,1,0,3,0,0,0,1,1,1
200600045512,6,8,6,545,2,1,1,6,4654000,-31000,3,2,0,0,1,3,0,65,1,0,1,0,0,0,1,0,1
200600045517,6,8,29,1445,1,1,3,6,4617000,95700,2,2,0,0,2,3,0,69,2,0,3,0,1,0,1,0,1
200600045518,6,8,14,1830,1,1,1,7,4604200,139400,3,2,0,0,1,1,0,32,1,0,1,0,0,0,1,0,1
200600045519,6,8,30,615,2,1,5,7,4582800,92300,3,2,1,0,1,2,0,52,1,0,3,0,0,0,1,0,1
200600045520,6,8,4,845,1,2,1,3,4525000,162300,3,2,2,0,1,1,0,65,1,5,0,0,0,0,1,2,1
200600045526,6,8,26,1045,1,9,1,5,4511600,191400,2,2,2,0,1,1,0,76,1,0,1,0,2,0,1,3,1
200600045527,6,8,13,2100,3,1,2,6,4537800,206000,3,2,2,0,2,2,0,70,2,0,3,0,0,0,1,0,1
200600045530,6,8,17,635,2,1,2,1,4512900,171700,3,2,0,0,2,2,0,70,2,0,1,0,0,0,0,2,1
200600045531,6,8,21,1445,1,1,1,7,4513000,171600,3,2,0,0,0,2,0,70,1,0,3,0,0,0,1,1,1
200600045533,6,8,6,600,2,1,1,7,4537300,153500,4,2,2,0,1,3,0,60,1,0,3,0,0,0,1,0,1
200600045534,6,8,9,1430,1,1,1,7,4537500,153100,3,2,0,0,1,2,0,60,9,0,1,0,0,0,1,1,1
200600045535,6,8,27,1830,1,1,1,3,4558200,235700,3,2,2,0,3,1,0,66,1,0,1,0,0,0,1,2,1
200600045538,6,8,23,1100,1,2,1,3,4613300,212300,3,2,0,0,1,1,0,58,1,0,1,0,1,0,1,0,1
200600045540,6,8,24,1100,1,1,8,1,4571600,229200,3,2,2,0,2,4,0,59,2,0,1,0,1,0,2,0,1
200600045542,6,8,18,730,1,1,1,1,4627000,238000,2,2,2,0,1,1,0,110,1,0,1,0,1,2,0,0,1
200600045543,6,8,25,230,3,9,1,7,4619000,235000,3,2,2,0,2,1,0,58,1,0,0,0,1,0,1,1,1
200600045544,6,8,14,1745,1,1,1,6,4609000,156900,4,2,2,0,0,3,0,28,1,0,3,0,0,0,1,0,1
200600045545,6,8,7,1815,1,1,1,7,4593200,183900,3,2,2,0,1,2,0,66,1,0,0,0,0,0,0,1,1
200600045548,6,8,31,1600,1,1,1,3,4377600,129300,4,2,2,0,1,1,0,0,1,0,0,0,2,0,1,0,1
200600045551,6,8,26,2100,3,1,1,1,4366300,121000,3,2,2,0,1,1,0,58,1,0,1,0,3,0,1,0,1
200600045552,6,8,14,815,1,3,1,3,4352000,141900,3,0,2,0,1,1,0,59,1,0,1,0,0,0,2,0,1
200600045553,6,8,25,1330,1,1,2,6,4370900,138400,4,2,2,0,1,1,20,65,2,0,1,0,1,0,3,0,1
200600045554,6,8,2,1115,1,1,1,7,4337000,133000,3,2,2,0,1,1,0,65,1,0,3,0,1,0,1,0,1
200600045555,6,8,14,1215,1,1,1,7,4335000,143000,3,2,2,0,2,1,0,70,1,0,1,0,0,0,1,0,1
200600045556,6,8,13,2130,3,1,1,1,4334000,147000,3,2,2,0,1,1,0,55,1,0,1,0,2,0,1,0,1
200600045557,6,8,12,1000,1,1,1,5,4317800,96500,2,2,2,0,1,1,0,90,1,0,1,0,2,0,0,7,1
200600045558,6,8,4,1930,1,1,1,2,4352100,118100,3,2,2,0,2,1,0,62,1,5,1,0,0,1,0,1,1
200600045560,6,8,15,1745,1,2,8,5,4304000,60000,3,2,2,0,0,1,0,60,2,5,1,0,2,0,2,1,1
200600045561,6,8,17,1915,1,1,1,6,4308000,60000,4,2,2,0,1,1,0,50,1,0,3,0,0,0,1,0,1
200600045562,6,8,3,1215,1,1,2,1,4293200,66700,2,2,2,0,1,1,0,71,2,0,3,0,1,0,1,0,1
200600045563,6,8,20,1715,1,1,1,5,4290000,62200,3,2,2,0,2,3,0,59,1,0,1,0,3,1,1,0,1
200600045566,6,8,12,545,5,1,1,6,4353300,175900,3,2,2,0,1,1,0,50,1,0,3,0,0,0,0,1,1
200600045567,6,8,17,1445,1,1,8,2,4345200,160100,2,2,3,0,1,1,0,90,1,0,1,0,1,0,1,3,1
200600045568,6,8,28,1030,1,1,8,6,4342400,149400,3,2,0,0,1,1,0,69,1,0,3,0,1,0,1,0,1
200600045570,6,8,21,1100,1,1,1,1,4301600,144400,3,2,2,0,1,1,0,72,1,0,1,0,0,1,0,1,1
200600045572,6,8,23,1700,1,1,1,3,4310900,165200,4,2,2,0,1,1,0,39,1,0,1,0,2,0,1,0,1
200600045573,6,8,17,1815,1,1,1,6,4310600,143800,3,2,2,0,2,2,0,62,1,0,3,0,0,0,1,0,1
200600045574,6,8,9,2230,1,1,1,1,4298700,189800,3,2,0,0,1,2,0,40,1,0,1,0,1,1,0,0,1
200600045583,6,8,17,1815,1,1,2,1,4450200,243900,3,2,0,0,1,3,63,0,2,0,1,0,5,0,1,0,1
200600045584,6,8,30,745,1,1,1,3,4444700,244000,3,2,2,0,1,2,0,80,1,0,1,0,1,0,0,1,1
200600045585,6,8,21,1045,1,1,1,3,4424600,295400,3,2,2,0,2,1,0,75,1,5,1,0,1,0,0,1,1
200600045586,6,8,27,1100,1,1,1,6,4428100,307300,3,2,2,0,4,2,0,75,1,0,1,0,0,1,0,0,1
200600045588,6,8,22,1815,1,1,1,3,4371200,85400,3,2,2,0,1,2,0,70,1,0,1,0,5,0,1,1,1
200600045589,6,8,27,1045,1,1,1,7,4374000,80600,3,2,2,0,2,1,0,40,1,0,3,0,0,0,1,0,1
200600045593,6,8,23,1030,1,1,1,3,4388400,38600,3,2,2,0,1,2,30,68,1,5,1,0,1,1,0,0,1
200600045594,6,8,3,1130,1,1,1,6,4383100,-8900,4,2,0,0,2,1,0,27,1,0,1,0,0,0,0,1,1
200600045597,6,8,25,1600,1,1,2,2,4378500,-2800,3,2,0,0,1,1,0,71,2,0,1,0,0,0,0,2,1
200600045600,6,8,28,1945,1,1,1,6,4393900,-9200,3,2,2,0,1,1,0,65,1,0,3,0,0,0,1,0,1
200600045603,6,8,16,1715,1,1,1,1,4361700,1300,9,2,2,0,1,1,0,42,1,0,1,0,1,0,1,0,1
200600045604,6,8,21,1100,1,2,1,3,4357500,6600,3,2,2,0,1,1,0,55,1,0,1,0,4,0,0,1,1
200600045605,6,8,29,1315,1,1,1,6,4360600,1600,3,2,2,0,1,1,0,60,1,0,3,0,1,0,1,0,1
200600045606,6,8,24,1820,1,3,1,1,4434200,157700,3,2,2,0,1,3,0,57,1,0,1,0,1,0,1,0,1
200600045607,6,8,13,400,3,1,1,6,4436000,122800,3,2,0,0,1,1,0,60,1,0,3,0,0,0,1,0,1
200600045610,6,8,2,1030,1,1,1,6,4461300,202300,3,2,1,0,1,3,0,67,1,6,1,0,1,1,0,0,1
200600045611,6,8,6,1145,1,1,1,6,4467400,217000,2,2,2,0,1,1,0,70,1,0,3,0,1,0,1,0,1
200600045614,6,8,12,304,3,1,1,7,4489800,177500,3,2,2,0,1,2,0,64,1,0,1,0,0,1,0,0,1
200600045618,6,8,25,1125,1,1,2,3,4500800,151700,3,2,2,0,2,1,0,78,2,0,1,0,3,0,1,0,1
200600045619,6,8,21,1545,1,1,1,1,4487000,147900,3,2,3,0,2,3,0,120,1,0,1,0,2,0,1,0,1
200600045620,6,8,11,1430,1,1,1,1,4320000,900,2,2,0,0,1,1,0,66,1,0,1,0,1,1,1,0,1
200600045623,6,8,30,1230,1,1,1,2,4320700,3900,3,3,0,0,0,1,32,64,1,0,1,0,1,0,1,0,1
200600045628,6,8,17,1730,1,1,1,3,4298400,-16700,3,2,0,0,2,1,0,63,1,0,1,0,2,0,1,0,1
200600045635,6,8,23,1115,1,1,1,1,4407000,238000,3,2,2,0,2,4,0,58,1,0,1,0,1,0,1,0,1
200600045636,6,8,8,1830,1,1,1,4,4363400,210300,3,2,2,0,1,1,0,73,1,0,1,0,3,0,1,0,1
200600045640,6,8,26,1700,1,1,1,6,4367000,199200,3,2,0,0,1,2,0,61,1,0,1,0,0,2,0,2,1
200600045641,6,8,6,130,5,1,1,6,4390700,169400,3,2,2,0,1,3,0,55,1,0,3,0,0,1,0,0,1
200600045642,6,8,31,1800,1,1,1,1,4351800,238800,4,2,2,0,1,3,0,58,1,0,1,0,1,1,0,0,1
200600045643,6,8,6,1345,1,3,1,3,4353200,209700,3,2,2,0,1,1,0,66,1,5,1,0,3,0,1,0,1
200600045644,6,8,9,1015,1,1,1,2,4354400,201200,3,2,2,0,1,1,0,57,1,0,1,0,1,0,1,0,1
200600045648,6,8,27,530,3,1,1,2,4414400,151000,2,2,2,0,1,1,0,79,1,0,1,0,0,0,3,0,1
200600045657,6,8,11,915,1,2,1,3,4410900,109000,3,2,2,0,1,1,0,101,1,5,1,0,2,0,1,0,1
200600045658,6,8,11,1915,1,9,1,6,4410500,108200,4,2,2,0,4,2,20,76,1,0,1,0,0,0,2,0,1
200600045659,6,8,13,1030,1,6,7,6,4396100,123300,3,2,2,0,1,3,0,60,1,5,1,0,1,0,1,0,1
200600045660,6,8,28,1200,1,1,1,7,4390600,116800,4,2,2,0,0,1,0,50,1,0,3,0,0,1,0,0,1
200600045679,6,8,14,2030,1,1,1,6,4613800,464000,3,2,2,0,2,1,0,60,9,0,3,0,0,0,1,0,1
200600045680,6,8,26,1,1,1,1,1,4625900,467900,3,2,2,0,2,1,0,50,1,0,1,0,1,0,0,1,1
200600045681,6,8,3,815,1,1,8,6,4604000,467000,4,0,0,0,0,1,0,0,2,0,3,0,0,0,0,1,1
200600045682,6,8,9,1830,1,1,1,6,4605000,466000,3,2,0,0,2,2,0,0,1,0,1,0,0,0,0,1,1
200600045683,6,8,15,2045,2,1,6,6,4609000,472000,3,2,3,0,1,1,0,150,1,0,1,0,1,0,0,1,1
200600045685,6,8,26,1,1,1,1,6,4605900,471700,3,2,0,0,1,1,40,0,1,0,1,0,0,0,1,0,1
200600045693,6,8,15,1545,1,1,1,3,4640800,500900,3,2,0,0,0,1,60,0,1,0,1,0,3,0,1,0,1
200600045694,6,8,30,1945,1,1,1,6,4644000,497000,3,2,2,0,1,1,0,66,1,0,3,0,0,0,1,0,1
200600045697,6,8,19,1145,1,1,1,6,4586100,574700,3,2,2,0,2,3,0,57,1,0,1,0,1,0,1,0,1
200600045708,6,8,25,1615,1,1,1,3,4636600,602700,3,2,2,0,2,2,0,66,1,0,1,0,1,0,1,1,1
200600045711,6,8,25,1730,1,1,1,3,4612800,590300,3,2,1,0,2,1,0,0,1,0,1,0,0,0,2,0,1
200600045719,6,8,31,1945,1,1,1,7,4602100,476800,4,2,0,0,1,1,70,0,1,0,3,0,0,1,0,0,1
200600045720,6,8,18,2115,5,1,1,3,4438200,464700,4,2,1,0,1,1,0,79,1,0,1,0,1,1,0,0,1
200600045721,6,8,26,2315,3,1,1,3,4428000,462000,2,2,2,0,1,1,0,59,1,0,1,0,0,0,1,0,1
200600045722,6,8,27,230,3,1,1,6,4437000,464000,2,2,2,0,1,1,0,72,1,0,3,0,0,3,1,0,1
200600045726,6,8,8,1645,1,1,1,6,4481000,478000,3,2,2,0,1,1,0,0,1,0,1,0,1,0,0,1,1
200600045727,6,8,8,2000,1,9,1,1,4470000,470000,3,2,0,0,2,3,0,0,1,0,1,0,1,0,1,0,1
200600045728,6,8,30,130,3,1,1,7,4482800,468800,4,2,1,0,1,3,0,39,1,0,1,0,2,0,1,0,1
200600045730,6,8,16,2045,2,1,1,3,4475600,388200,2,2,0,0,1,1,70,0,1,0,1,0,1,0,2,0,1
200600045731,6,8,16,1615,1,1,1,5,4439600,440400,3,2,0,0,1,1,0,59,1,0,1,0,2,1,1,0,1
200600045732,6,8,26,1,3,1,1,6,4436500,437100,3,2,2,0,2,2,0,64,1,0,3,0,0,0,1,0,1
200600045735,6,8,12,1200,1,1,2,7,4494700,436600,3,2,2,0,1,3,0,68,1,0,0,0,0,0,3,0,1
200600045737,6,8,5,1545,1,1,1,6,4491300,465400,3,2,0,0,2,3,0,60,1,0,3,0,0,0,1,0,1
200600045738,6,8,14,1900,1,1,1,3,4503100,452900,4,2,2,0,2,3,0,30,1,5,1,0,1,0,1,0,1
200600045739,6,8,5,1515,1,1,1,1,4516700,469600,3,2,2,0,2,1,0,61,1,0,1,0,2,0,1,0,1
200600045743,6,8,26,145,3,1,1,7,4454400,479600,3,2,1,0,1,1,0,40,2,0,1,0,1,0,1,1,1
200600045745,6,8,2,1445,1,6,1,1,4438000,470000,3,0,0,0,1,2,0,0,1,2,1,0,0,0,0,2,1
200600045750,6,8,10,1730,1,1,1,2,4444700,498100,3,2,2,0,0,0,0,76,1,0,1,0,1,0,1,0,1
200600045751,6,8,1,1845,1,1,1,2,4499600,491200,3,2,2,1,0,1,0,105,1,5,1,0,1,0,0,1,1
200600045752,6,8,1,845,1,1,1,3,4512400,499900,3,2,2,0,0,3,0,70,1,5,1,0,1,0,0,1,1
200600045755,6,8,31,2315,3,1,1,1,4498100,515100,3,2,1,0,1,1,56,34,1,0,1,0,0,0,1,1,1
200600045760,6,8,7,1845,2,2,1,3,4527400,486200,3,2,2,0,1,3,0,110,1,0,1,0,4,0,1,0,1
200600045763,6,8,27,115,3,1,2,6,4516500,581700,3,2,2,0,2,4,0,90,2,0,3,0,1,0,1,0,1
200600045765,6,8,5,430,5,4,2,6,4516100,574400,4,2,2,1,1,3,0,65,2,5,3,0,1,0,1,0,1
200600045767,6,8,5,330,5,1,2,2,4513300,570700,2,3,2,3,1,1,30,84,2,0,1,0,1,1,1,0,1
200600045771,6,8,11,2045,1,1,1,5,4544300,577400,3,2,0,0,1,0,0,60,1,0,1,0,2,0,1,0,1
200600045772,6,8,23,930,1,1,1,3,4530800,595500,3,2,2,0,1,1,2,65,1,0,1,0,1,0,1,0,1
200600045774,6,8,26,1600,1,1,1,3,4517800,554000,4,2,0,0,1,0,0,0,1,0,1,0,1,0,1,0,1
200600045778,6,8,12,1730,1,1,1,1,4534000,557400,3,1,1,0,1,1,0,34,1,5,1,0,1,0,1,0,1
200600045779,6,8,13,530,3,1,1,6,4532500,559600,2,2,0,0,1,1,0,70,2,0,1,0,0,0,1,1,1
200600045780,6,8,11,2215,5,1,1,6,4536800,559200,2,2,2,0,4,3,0,0,1,0,1,0,0,0,1,0,1
200600045782,6,8,4,1930,2,1,1,6,4531200,511000,3,2,2,0,1,3,0,70,1,0,3,0,0,0,1,2,1
200600045783,6,8,10,1925,1,1,1,6,4520900,539900,2,2,2,0,1,1,0,73,1,0,1,0,0,1,0,0,1
200600045784,6,8,5,1130,1,1,1,5,4563400,529200,3,2,2,0,1,1,0,70,1,0,1,0,1,0,1,1,1
200600045785,6,8,10,1930,1,1,1,3,4559000,524500,4,0,0,0,1,1,0,0,1,0,1,0,1,0,1,0,1
200600045786,6,8,12,1700,1,1,7,1,4564800,539300,3,2,0,0,0,1,0,0,1,0,1,0,0,0,2,0,1
200600045788,6,8,26,1750,1,1,1,6,4572500,519700,5,0,0,0,1,1,0,0,9,0,0,0,1,0,2,0,1
200600045789,6,8,4,1145,1,1,2,1,4548800,539500,3,2,2,0,0,3,0,59,2,0,1,0,1,0,1,0,1
200600045791,6,8,3,230,3,1,3,6,4584000,532800,3,2,0,0,1,1,0,0,0,0,1,0,1,0,0,1,1
200600045795,6,8,2,1615,1,9,1,6,4556400,482400,3,2,2,0,1,4,35,70,1,0,1,0,0,0,1,0,1
200600045796,6,8,15,2100,2,6,2,7,4547600,483000,2,2,2,0,1,1,26,100,2,5,1,0,1,0,1,0,1
200600045798,6,8,2,915,1,1,1,3,4544000,529000,2,0,0,0,1,1,0,80,1,0,1,0,0,0,2,1,1
200600045799,6,8,13,1945,1,1,1,3,4534000,506000,3,2,2,0,1,1,35,65,1,0,1,0,3,0,0,2,1
200600045803,6,8,10,15,3,1,1,6,4532000,486000,3,2,2,0,1,1,0,70,1,0,3,0,0,1,0,0,1
200600045805,6,8,31,1845,1,9,1,3,4535000,481000,3,3,2,0,1,1,0,0,1,0,1,0,0,0,0,3,1
200600045808,6,8,31,1115,1,1,1,3,4538000,444200,3,0,1,0,1,2,0,70,1,0,1,0,1,0,0,1,1
200600045813,6,8,11,130,3,1,1,6,4574200,406700,2,2,0,0,1,1,0,72,1,0,1,0,0,0,1,0,1
200600045818,6,8,18,1800,5,1,1,6,4542100,401200,3,2,2,0,1,1,0,63,2,0,4,0,0,0,1,0,1
200600045819,6,8,5,1015,1,1,1,6,4563100,439000,4,2,0,0,1,1,0,40,1,0,1,0,1,0,1,0,1
200600045821,6,8,10,2100,2,1,1,6,4536300,470100,4,2,0,0,1,1,0,46,1,0,3,0,0,0,1,0,1
200600045822,6,8,29,1600,1,1,3,7,4538400,474900,3,2,0,0,1,3,0,52,2,0,3,0,1,0,1,0,1
200600045827,6,8,25,1640,1,1,1,5,4617600,419300,3,2,2,0,1,1,0,73,1,0,1,0,3,0,1,1,1
200600045831,6,8,10,1745,1,1,1,6,4553800,567800,2,2,0,0,1,3,70,0,1,0,1,0,1,0,1,0,1
200600045835,6,8,23,900,1,1,1,1,4565700,658000,3,2,0,0,0,4,0,46,0,0,1,0,3,0,1,0,1
200600045840,6,8,5,1015,1,1,1,5,4596000,612700,2,2,2,0,2,3,0,76,2,0,1,0,2,0,1,0,1
200600045847,6,8,20,130,3,1,2,1,4590100,664000,4,2,2,0,2,2,0,60,2,0,1,0,1,0,0,3,1
200600045852,6,8,23,1700,1,3,1,3,4610800,610000,2,2,3,0,1,1,32,108,1,5,1,0,1,1,0,0,1
200600045853,6,8,1,1300,1,1,8,1,4619300,629500,3,2,3,0,0,2,0,0,1,0,1,0,0,0,2,0,1
200600045855,6,8,28,1700,1,1,2,3,4618700,627400,4,2,2,0,1,1,0,0,2,0,1,0,1,0,1,0,1
200600045857,6,8,7,800,1,1,1,1,4612200,603700,4,2,2,0,2,2,0,100,1,0,1,0,0,0,2,0,1
200600045858,6,8,13,715,1,1,2,5,4632600,634200,2,2,2,0,0,1,0,68,2,0,1,0,4,1,0,0,1
200600045859,6,8,19,1100,1,1,1,6,4629900,631100,4,2,2,0,2,3,0,45,9,0,1,0,0,1,0,0,1