Num_Acc,an,mois,jour,hrmn,lum,int,atm,col,lat,long,catr,circ,nbv,vosp,prof,plan,lartpc,larrout,surf,infra,situ,env1,unscathed,killed,hospital,light,chance
200600045864,6,8,2,1045,1,1,1,4,4635500,653300,3,2,2,0,1,1,0,65,1,0,1,0,2,0,0,4,1
200600045865,6,8,4,2130,3,1,2,7,4635900,665500,3,2,1,0,2,3,0,56,2,0,1,0,0,0,1,0,1
200600045867,6,8,23,2315,3,1,1,6,4640600,675600,2,2,2,0,1,4,0,74,1,0,1,0,0,0,1,0,1
200600045870,6,8,15,2315,3,2,2,3,4578200,301800,3,2,2,0,2,1,0,77,2,0,1,0,1,0,0,1,1
200600045871,6,8,2,1330,1,1,1,1,4573100,253100,4,2,2,0,1,1,0,30,1,0,1,0,1,0,1,0,1
200600045872,6,8,5,1810,1,1,1,3,4564700,324500,4,2,1,0,1,1,0,76,1,0,1,0,2,0,1,0,1
200600045873,6,8,13,245,3,1,6,6,4568900,294000,2,2,2,0,1,2,0,115,0,0,1,0,0,0,1,0,1
200600045874,6,8,24,1115,1,1,1,6,4549000,391200,3,2,2,0,2,1,0,67,1,0,3,0,0,0,1,1,1
200600045882,6,8,10,1950,1,1,1,3,4586800,301700,3,2,2,0,2,4,0,70,1,0,1,0,1,0,0,1,1
200600045883,6,8,23,2115,5,1,1,1,4595100,314000,3,2,2,0,1,1,0,80,1,0,1,3,0,0,2,0,1
200600045884,6,8,2,1615,1,1,1,1,4601600,335700,3,2,0,0,2,3,0,58,1,0,1,0,2,0,1,0,1
200600045885,6,8,30,530,5,1,8,6,4595300,308100,4,2,2,0,2,2,0,0,2,0,0,0,0,0,1,1,1
200600045887,6,8,10,1745,1,1,1,3,4585200,288900,3,2,2,0,1,1,0,69,1,0,1,0,2,0,0,1,1
200600045888,6,8,8,1700,1,1,1,7,4608000,298600,2,2,0,0,0,1,0,67,1,0,3,0,0,0,1,0,1
200600045893,6,8,26,1145,1,1,1,1,4578500,363900,4,2,2,0,2,3,0,38,2,0,1,0,1,0,3,0,1
200600045894,6,8,18,730,1,1,1,3,4601200,348800,3,2,2,0,1,1,0,74,2,0,1,0,0,0,2,0,1
200600045895,6,8,19,1015,3,1,1,6,4588800,331900,3,2,0,0,1,1,0,0,1,0,3,0,0,0,2,0,1
200600045906,6,8,2,600,2,1,1,7,4630600,278800,3,2,2,0,1,3,0,0,1,0,3,0,0,0,1,0,1
200600045908,6,8,5,30,3,9,1,6,4632600,300300,3,2,0,0,1,1,0,71,1,0,3,0,0,0,1,0,1
200600045909,6,8,10,1630,1,1,1,7,4638700,291600,4,0,0,0,2,1,0,0,0,0,0,0,0,0,1,0,1
200600045910,6,8,29,1,1,1,1,3,4610300,319900,2,2,0,0,1,1,0,60,1,0,1,0,1,0,0,1,1
200600045911,6,8,21,1100,1,2,1,3,4609800,320100,4,0,0,0,1,1,0,84,1,0,0,0,1,0,1,0,1
200600045912,6,8,12,1200,1,1,8,3,4639800,368600,3,2,2,0,0,1,0,65,2,0,1,0,1,0,1,0,1
200600045913,6,8,13,1815,1,2,1,3,4625300,363400,4,2,2,0,1,1,0,61,1,0,1,0,1,0,1,0,1
200600045915,6,8,6,130,3,1,1,6,4475000,221500,4,2,0,0,1,1,0,47,1,0,1,0,0,0,1,0,1
200600045918,6,8,2,1500,1,3,1,3,4535700,242200,3,2,2,0,1,1,0,59,1,0,1,0,1,0,1,0,1
200600045919,6,8,25,1245,1,1,1,3,4536500,250500,3,2,2,0,1,1,0,80,1,0,1,0,1,0,1,0,1
200600045920,6,8,14,1545,1,1,1,6,4501500,315600,3,2,0,0,2,3,0,89,1,0,1,0,1,0,1,0,1
200600045922,6,8,25,1115,1,1,1,7,4510200,378000,2,2,2,0,1,2,0,65,1,0,3,0,2,0,0,1,1
200600045923,6,8,3,1000,1,1,1,6,4489900,385000,2,2,2,0,1,1,0,78,1,0,1,0,1,0,1,0,1
200600045925,6,8,22,830,1,1,2,6,4478400,383900,3,2,0,0,2,1,0,47,2,0,1,0,1,0,1,0,1
200600045926,6,8,19,2345,3,1,2,6,4486100,384800,2,2,2,0,1,1,0,76,2,0,0,0,0,0,1,0,1
200600045927,6,8,3,1500,1,1,1,3,4494000,399000,4,0,1,0,2,3,0,21,9,0,1,0,1,0,2,0,1
200600045928,6,8,17,1500,1,1,3,3,4493600,411800,3,2,2,0,2,3,0,70,2,0,1,0,1,0,2,2,1
200600045929,6,8,14,1,5,1,1,6,4513400,394200,4,2,0,0,2,3,0,0,1,0,1,0,0,0,1,0,1
200600045930,6,8,29,1130,1,2,2,3,4496000,348000,3,2,0,0,3,1,0,60,2,0,0,0,1,1,0,0,1
200600045931,6,8,27,1715,1,1,1,6,4531700,354700,3,0,2,0,2,1,0,66,9,0,1,0,0,0,2,0,1
200600045932,6,8,12,1045,1,1,2,6,4508500,352000,3,2,0,0,2,3,0,0,2,0,1,0,0,0,0,6,1
200600045934,6,8,6,2230,3,3,1,3,4537500,330100,2,2,2,0,2,1,0,76,1,0,3,0,4,0,1,0,1
200600045936,6,8,15,830,1,1,1,3,4522400,402200,3,2,2,0,0,2,60,47,1,0,1,0,1,0,1,0,1
200600045937,6,8,14,2130,3,1,1,6,4514900,411200,3,1,1,0,2,1,0,38,1,0,2,0,2,0,1,0,1
200600045938,6,8,20,730,1,1,1,6,4511100,415700,3,2,2,0,1,1,0,68,1,0,3,0,0,0,1,0,1
200600045943,6,8,12,1545,1,1,3,1,4503900,434800,3,2,2,0,0,3,0,70,2,0,1,0,2,0,1,0,1
200600045945,6,8,21,1700,1,1,1,7,4516100,431300,9,4,1,0,1,1,0,30,9,0,1,0,0,0,0,1,1
200600045946,6,8,29,1630,1,1,2,1,4521800,438100,3,2,2,0,1,3,0,70,2,0,1,0,1,0,1,0,1
200600045948,6,8,16,2200,3,1,1,6,4918700,606000,3,2,2,0,3,1,0,76,1,0,3,0,0,0,1,0,1
200600045949,6,8,28,900,1,1,3,6,4919800,600000,2,2,2,0,1,1,0,70,2,0,1,0,1,0,1,0,1
200600045952,6,8,21,1300,1,1,1,5,4917500,618700,3,2,2,0,1,1,0,80,1,0,1,0,1,0,1,1,1
200600045954,6,8,31,2145,3,1,1,7,4904500,615500,3,2,2,0,1,1,0,0,1,0,1,0,0,0,2,0,1
200600045960,6,8,4,2300,3,1,1,1,4895000,666100,2,2,0,0,1,3,0,75,1,0,1,0,0,0,3,2,1
200600045962,6,8,9,830,1,1,1,7,4905800,676700,3,2,2,0,1,1,0,0,1,0,1,0,0,0,1,0,1
200600045969,6,8,5,1430,1,1,3,3,4908000,704100,3,2,2,0,3,0,0,0,2,0,1,0,1,1,1,0,1
200600045970,6,8,7,2000,1,1,1,3,4933000,623800,3,2,2,0,1,1,21,84,1,0,1,0,0,0,1,1,1
200600045973,6,8,3,2015,1,1,9,3,4880000,607900,3,2,2,0,0,4,0,0,2,0,1,0,1,0,0,1,1
200600045974,6,8,3,545,2,1,1,7,4862100,609200,3,2,2,0,1,2,0,70,1,0,3,0,0,0,1,0,1
200600045975,6,8,5,640,2,1,2,1,4860300,613800,3,2,2,0,1,3,0,70,2,0,1,0,0,0,2,0,1
200600045979,6,8,15,1400,1,9,2,3,4847300,624400,3,2,2,0,1,1,0,0,2,3,1,0,1,0,0,2,1
200600045980,6,8,16,630,2,1,2,3,4840800,619400,3,2,2,0,0,2,0,60,2,0,1,0,1,0,0,1,1
200600045981,6,8,18,1015,1,1,1,7,4852900,606300,3,2,0,0,1,2,0,65,9,0,1,0,0,0,1,0,1
200600045989,6,8,4,1730,1,9,3,2,4845200,675400,2,3,2,0,2,2,0,110,2,0,2,0,0,0,1,2,1
200600045995,6,8,21,2115,1,1,1,6,4876500,559100,3,2,2,0,1,1,0,0,1,5,1,0,2,0,0,1,1
200600045996,6,8,27,415,3,1,8,7,4879600,564200,3,2,2,0,2,2,0,0,2,0,1,0,2,0,2,0,1
200600045999,6,8,15,1945,1,1,1,3,4949800,518900,4,2,2,0,1,1,0,60,1,0,1,0,1,0,1,0,1
200600046002,6,8,15,445,3,1,1,6,4907100,535100,3,2,2,0,1,1,0,65,2,0,3,0,0,2,1,0,1
200600046003,6,8,20,1900,1,1,1,1,4917200,545300,2,2,0,0,0,3,0,114,9,5,1,0,1,0,1,0,1
200600046005,6,8,1,1345,1,1,8,2,4836100,620300,3,2,2,0,0,1,0,61,1,0,1,0,1,0,1,0,1
200600046006,6,8,12,1500,1,1,1,7,4837800,625900,2,2,0,0,3,3,0,35,1,0,1,0,0,1,1,0,1
200600046007,6,8,28,1145,1,1,3,1,4808700,602800,3,3,0,0,2,3,0,0,2,0,1,0,0,0,2,0,1
200600046009,6,8,25,1845,1,1,1,1,4809900,649600,4,2,2,0,1,1,0,40,1,0,1,0,0,1,0,1,1
200600046010,6,8,25,1030,1,1,1,6,4836000,570100,2,0,0,0,2,1,0,61,1,0,1,0,2,0,0,1,1
200600046012,6,8,15,415,5,1,1,1,4830700,583400,3,2,2,0,2,1,0,76,1,5,1,0,1,0,2,3,1
200600046021,6,8,11,1815,1,1,2,7,4832000,767300,3,2,0,0,1,1,0,65,2,0,0,0,0,0,0,1,1
200600046022,6,8,14,1145,1,1,8,3,4835600,753900,3,2,0,0,1,1,0,48,1,0,1,0,4,0,3,0,1
200600046023,6,8,11,815,1,1,2,1,4849400,769400,3,2,0,0,1,0,0,63,2,0,1,0,1,0,1,0,1
200600046025,6,8,31,1600,1,2,1,1,4884300,768000,3,2,2,0,1,1,0,0,1,0,1,0,1,0,1,0,1
200600046026,6,8,13,915,1,1,8,3,4876800,786000,3,2,2,0,1,1,0,72,1,0,1,0,1,0,1,0,1
200600046028,6,8,9,1315,1,1,1,3,4857500,752900,3,2,0,0,1,1,0,54,1,5,1,0,2,0,1,0,1
200600046029,6,8,29,2030,5,1,1,3,4853600,746500,3,2,2,0,1,1,40,80,1,0,1,0,0,0,2,1,1
200600046033,6,8,11,2130,5,1,1,1,4888200,744700,3,2,2,0,1,1,0,78,1,0,1,0,1,0,1,0,1
200600046034,6,8,10,1615,1,1,1,6,4876100,747100,3,2,1,0,2,1,0,64,1,0,1,0,0,0,0,1,1
200600046038,6,8,16,2015,3,1,8,6,4892000,739700,3,2,2,0,1,3,0,67,1,0,3,0,0,1,0,0,1
200600046042,6,8,27,1230,1,1,1,6,4894100,729600,3,2,0,0,0,2,0,50,1,0,1,0,0,0,1,0,1
200600046045,6,8,5,1500,1,1,1,2,4866400,772200,2,2,0,0,1,1,0,88,1,0,1,0,1,0,1,0,1
200600046050,6,8,28,2330,3,1,8,6,4827800,733800,2,2,0,0,1,1,0,0,1,0,3,0,0,0,1,0,1
200600046054,6,8,10,1800,1,1,1,3,4895600,790200,3,2,2,0,3,1,76,76,1,0,1,0,2,0,0,1,1
200600046055,6,8,21,1430,1,2,1,5,4888900,771900,3,2,2,0,1,1,0,69,1,0,1,0,3,0,2,0,1
200600046057,6,8,18,800,1,1,2,6,4800000,706500,3,0,2,0,0,0,0,0,0,0,0,0,0,0,1,0,1
200600046058,6,8,19,1700,1,1,1,3,4817300,734700,3,2,2,0,1,1,0,70,1,0,1,0,2,0,0,1,1
200600046059,6,8,19,1600,1,1,1,1,4803800,727600,3,2,0,0,0,3,0,45,1,0,1,0,1,0,2,0,1
200600046060,6,8,27,1730,1,1,1,7,4802200,734400,3,2,0,0,1,1,0,50,1,0,3,0,0,0,2,0,1
200600046061,6,8,1,1245,1,1,1,7,4762800,706200,3,2,0,0,0,1,0,80,1,0,3,0,0,0,1,2,1
200600046062,6,8,3,1500,1,1,1,1,4759600,713100,3,2,2,0,2,1,0,75,1,0,1,0,1,0,0,2,1
200600046063,6,8,3,1700,1,1,2,7,4747500,729300,3,2,2,0,0,2,0,0,2,0,1,0,0,0,1,0,1
200600046064,6,8,30,1800,1,1,3,7,4752900,731600,3,2,2,0,1,2,0,65,2,0,0,0,0,0,1,0,1
200600046066,6,8,24,1745,1,1,1,7,4786600,721000,3,2,2,0,4,1,0,40,1,0,3,0,0,0,1,0,1
200600046067,6,8,3,2000,2,1,1,5,4778300,738200,3,3,0,0,1,1,28,0,1,3,1,0,2,0,0,4,1
200600046069,6,8,23,1645,1,1,1,3,4772300,729700,3,2,0,0,4,1,0,79,1,5,1,0,1,0,1,0,1
200600046070,6,8,6,745,1,1,2,6,4779900,752400,3,2,2,0,0,1,0,0,2,0,1,0,0,0,0,1,1
200600046073,6,8,23,445,3,1,1,6,4768000,743000,3,2,2,0,1,1,0,80,1,0,1,0,0,0,1,0,1
200600046075,6,8,5,2315,3,1,1,1,4780800,719100,3,2,1,0,2,3,0,0,1,3,1,0,2,0,0,1,1
200600046079,6,8,17,1500,1,1,1,6,4899300,457300,3,2,2,0,1,1,0,63,1,0,1,0,0,0,1,0,1
200600046081,6,8,22,715,1,1,1,1,4899100,462500,3,2,2,0,1,1,0,0,1,0,1,0,0,1,1,0,1
200600046085,6,8,8,830,1,1,1,2,4881500,424000,3,2,0,0,1,1,0,76,1,0,1,0,1,0,1,0,1
200600046086,6,8,8,1800,1,1,1,2,4875700,398600,4,2,2,0,1,1,0,89,1,0,1,3,1,0,1,1,1
200600046087,6,8,26,730,1,1,1,6,4880900,426300,3,2,2,0,0,3,0,70,1,5,1,0,0,0,1,1,1
200600046088,6,8,3,1245,1,1,8,1,4874100,371800,3,2,2,0,3,3,0,78,2,0,1,0,3,0,1,0,1
200600046089,6,8,15,1945,2,1,1,6,4863400,364900,3,2,2,0,1,3,0,78,1,0,1,0,0,1,0,0,1
200600046090,6,8,24,2330,3,1,1,6,4862500,368800,3,2,2,0,3,1,0,67,1,0,1,0,0,0,1,0,1
200600046093,6,8,2,1845,1,1,2,6,4988500,473000,3,2,2,0,1,2,0,72,2,0,3,0,0,0,1,0,1
200600046094,6,8,12,1615,1,1,3,1,4983100,477400,3,2,2,0,2,3,0,0,2,0,1,0,0,0,2,0,1
200600046095,6,8,15,1515,1,1,1,3,4989500,474300,3,2,2,0,2,1,0,60,1,0,1,0,2,0,1,0,1
200600046096,6,8,26,45,5,1,1,1,4986600,475000,3,2,2,0,1,3,0,69,1,0,1,0,1,0,1,0,1
200600046097,6,8,10,745,1,7,1,3,4999600,470200,2,3,2,0,1,0,0,88,1,0,1,0,1,0,1,0,1
200600046098,6,8,19,1900,1,9,2,3,5008100,473100,4,2,2,0,1,1,0,0,2,0,1,3,3,0,1,0,1
200600046099,6,8,31,1845,1,1,1,6,4973500,482800,4,2,2,0,2,1,0,45,1,0,1,0,1,0,1,0,1
200600046100,6,8,15,1800,1,1,1,1,4948200,457900,3,2,2,0,1,1,0,60,1,0,1,0,1,0,1,0,1
200600046101,6,8,29,800,1,1,1,7,4949100,465000,3,2,2,0,1,4,0,53,2,0,3,0,0,0,1,0,1
200600046104,6,8,14,1630,1,4,1,1,4959000,441100,3,2,2,0,1,1,0,58,1,5,0,0,0,0,1,3,1
200600046105,6,8,12,1800,1,1,2,6,4855000,424000,3,2,2,0,1,1,0,80,2,0,1,0,0,0,1,0,1
200600046107,6,8,11,445,3,1,2,6,4825900,460500,3,2,2,0,1,3,0,60,2,0,1,0,0,0,1,0,1
200600046112,6,8,28,1815,1,1,8,1,4781100,529000,3,2,0,0,2,4,0,48,2,0,1,0,0,1,2,0,1
200600046116,6,8,16,1830,1,1,1,7,4748700,417800,1,3,2,0,1,1,20,100,1,0,3,0,1,0,1,0,1
200600046118,6,8,14,1345,1,1,1,1,4722700,492800,3,2,2,0,2,4,0,60,1,0,1,0,1,0,1,0,1
200600046119,6,8,4,2345,3,1,1,7,4761800,500100,3,2,1,0,1,2,0,52,1,0,0,0,3,0,1,0,1
200600046120,6,8,8,1000,1,1,8,3,4752700,511400,3,4,2,3,1,1,0,85,1,5,1,0,1,0,0,1,1
200600046121,6,8,29,700,1,1,1,1,4749300,515500,3,2,2,0,1,1,0,0,1,0,1,0,1,0,1,0,1
200600046123,6,8,2,1545,1,1,1,7,4710200,447200,3,2,2,0,4,1,0,0,1,0,1,0,0,0,1,0,1
200600046124,6,8,13,845,1,1,1,7,4700800,502000,3,2,2,0,2,1,0,110,2,0,3,0,0,0,1,0,1
200600046126,6,8,17,745,1,1,5,6,4719100,427700,3,2,2,0,1,1,0,72,2,0,3,0,0,0,4,0,1
200600046128,6,8,6,1800,1,1,1,1,4701800,331100,3,2,2,0,2,2,0,73,1,0,1,0,2,0,3,1,1
200600046132,6,8,23,1700,1,1,1,3,4686900,314600,2,2,2,0,1,1,0,78,1,0,1,0,3,0,1,0,1
200600046135,6,8,31,1530,1,9,1,1,4712000,399600,3,2,2,0,2,1,0,80,1,0,1,0,1,0,1,0,1
200600046138,6,8,27,1815,1,1,1,4,4711000,307000,3,2,2,0,3,1,0,68,1,0,1,0,1,1,0,1,1
200600046139,6,8,6,815,1,9,1,6,4728400,323700,2,2,2,0,1,1,0,57,1,0,0,0,1,1,0,0,1
200600046141,6,8,26,1500,1,1,1,1,4648000,461000,3,2,2,0,4,4,0,40,1,0,1,0,2,0,0,1,1
200600046142,6,8,29,1800,1,1,1,6,4643000,466000,3,2,2,0,1,1,0,0,1,0,1,0,0,0,1,0,1
200600046143,6,8,10,1830,1,1,1,3,4684900,463600,3,2,2,0,2,1,0,61,1,0,1,0,1,0,1,0,1
200600046144,6,8,18,930,1,1,1,3,4684500,463700,3,2,0,0,2,2,0,0,1,0,1,0,1,0,0,1,1
200600046151,6,8,15,1015,1,1,1,1,4680900,500800,3,2,2,0,1,1,0,70,1,0,1,0,2,0,1,0,1
200600046152,6,8,4,1200,1,1,1,6,4625800,436400,4,2,2,0,0,1,35,0,1,0,3,0,0,0,1,0,1
200600046153,6,8,15,1645,1,1,1,3,4629700,432400,3,2,1,0,1,1,0,50,1,0,1,0,2,0,0,1,1
200600046156,6,8,12,445,3,1,2,6,4647500,404100,3,0,2,0,1,1,0,75,2,0,3,0,3,0,2,0,1
200600046157,6,8,31,2115,3,1,1,1,4645000,415700,3,2,2,0,1,1,0,72,1,0,1,0,2,0,1,0,1
200600046160,6,8,26,2030,2,1,8,1,4662900,378400,3,2,2,0,1,2,0,85,2,0,1,0,0,0,3,0,1
200600046166,6,8,15,1415,1,2,1,5,4672300,517700,2,2,2,3,1,1,0,124,1,5,1,0,3,0,1,1,1
200600046177,6,8,16,1545,1,1,8,7,4800500,361800,3,2,2,0,1,3,61,0,1,0,1,0,0,0,1,0,1
200600046178,6,8,22,600,3,1,8,1,4827300,347400,3,2,2,0,3,2,0,64,2,0,1,0,1,0,1,0,1
200600046181,6,8,24,1900,1,1,2,3,4835400,313800,3,2,0,0,1,2,0,55,2,0,1,0,1,0,1,0,1
200600046194,6,8,22,1800,1,1,1,3,4718700,581600,5,1,0,0,2,1,0,60,1,0,1,0,1,0,1,0,1
200600046195,6,8,16,1645,1,1,1,7,4753600,679400,3,2,2,0,2,2,80,0,1,2,1,0,0,0,0,1,1
200600046201,6,8,27,2045,2,1,8,3,4754400,688300,3,2,2,0,1,1,0,55,2,0,1,0,0,0,3,0,1
200600046202,6,8,11,1200,1,1,1,3,4720300,666400,4,2,2,0,1,1,0,30,1,0,1,0,1,0,1,0,1
200600046204,6,8,14,1800,1,1,1,1,4750900,642000,3,2,2,0,3,1,0,66,1,0,1,0,0,0,2,0,1
200600046207,6,8,9,1900,1,1,1,1,4728100,606400,4,2,2,0,0,2,0,65,1,0,1,0,1,0,0,1,1
200600046208,6,8,2,1130,1,1,1,1,4727600,657100,3,2,2,0,0,3,0,69,1,0,1,0,1,0,1,0,1
200600046209,6,8,2,1530,1,1,1,3,4720100,639800,3,2,0,0,2,1,0,65,1,0,1,0,0,1,1,3,1
200600046210,6,8,12,515,5,6,2,7,4716500,625600,2,2,4,0,1,2,0,80,2,5,1,0,0,0,1,1,1
200600046211,6,8,15,1830,1,1,1,6,4716100,626800,3,2,2,0,1,1,0,74,1,2,3,0,0,1,0,0,1
200600046215,6,8,23,1845,1,1,1,6,4704000,656400,3,2,2,0,1,4,0,0,1,0,1,0,1,1,0,0,1
200600046216,6,8,30,1900,1,1,1,7,4701000,648700,9,2,2,0,1,2,0,66,1,0,3,0,0,1,0,0,1
200600046218,6,8,2,110,3,1,1,6,4678100,555900,2,3,4,0,2,1,79,152,1,0,1,0,0,2,2,0,1
200600046219,6,8,24,1200,1,9,2,1,4675300,545600,3,2,0,0,1,1,0,81,2,0,1,0,1,0,1,0,1
200600046220,6,8,19,415,3,1,1,1,4656700,541200,2,2,2,0,3,1,0,74,1,0,1,0,1,0,2,2,1
200600046221,6,8,25,2000,2,1,1,1,4690200,579200,3,2,0,0,0,3,0,60,1,0,1,0,1,0,1,0,1
200600046222,6,8,27,1630,1,1,1,5,4726000,556100,3,2,2,0,1,1,0,76,1,0,1,0,2,1,1,2,1
200600046226,6,8,24,1815,1,1,8,6,4660300,586800,2,2,2,0,1,2,0,74,2,0,1,0,0,0,1,0,1
200600046227,6,8,31,2245,5,1,1,7,4651100,602900,3,2,2,0,0,1,0,68,1,0,3,0,0,0,1,0,1
200600046233,6,8,21,2345,5,1,1,2,4768600,649900,4,2,0,0,1,1,0,58,1,0,1,0,1,0,1,0,1
200600046234,6,8,13,1745,1,1,2,6,4776400,619900,3,2,2,0,4,1,0,0,2,0,3,0,0,0,1,0,1
200600046235,6,8,22,2130,5,1,1,1,4784700,656400,3,2,2,0,1,1,0,0,1,5,1,0,1,0,1,0,1
200600046238,6,8,2,2015,2,1,7,1,4762200,689900,3,2,2,0,2,2,0,68,1,0,1,0,2,0,0,1,1
200600046239,6,8,10,1445,1,1,3,3,4757400,685800,2,2,2,0,1,1,0,0,2,2,1,0,1,0,1,0,1
200600046241,6,8,24,2315,3,1,8,6,4772500,689400,3,2,2,0,1,2,0,74,2,0,1,0,0,0,1,1,1
200600046246,6,8,27,2145,3,1,1,2,4460800,479400,1,3,3,0,1,1,20,120,1,0,1,0,0,0,0,1,1
200600046247,6,8,31,815,1,2,1,2,4445200,475400,1,1,3,3,1,1,35,105,1,0,1,0,1,0,1,0,1
200600046248,6,8,23,1130,1,1,1,1,4368600,565700,2,2,2,0,1,1,0,75,1,0,1,0,0,1,1,0,1
200600046256,6,8,20,600,5,1,1,6,4378700,475500,3,2,2,0,2,3,0,65,1,0,3,0,0,0,1,0,1
200600046260,6,8,3,1430,1,1,1,6,4321800,563100,4,2,2,0,0,1,0,68,1,0,1,0,1,0,1,0,1
200600046261,6,8,27,330,5,1,1,6,4350400,516700,3,3,0,0,0,2,25,50,1,0,3,0,0,0,0,1,1
200600046267,6,8,27,600,3,1,1,6,4378300,582100,3,2,2,0,3,1,0,64,1,0,1,0,0,1,1,1,1
200600046274,6,8,21,1515,2,1,1,1,4444800,634400,3,2,2,0,1,3,0,79,1,0,1,0,3,0,4,1,1
200600046275,6,8,6,1445,1,1,1,6,4387700,656800,4,2,2,0,1,2,0,70,1,2,4,0,0,0,1,0,1
200600046276,6,8,24,1015,1,1,1,7,4381200,659800,2,2,2,0,2,3,0,72,1,0,0,0,1,0,2,2,1
200600046288,6,8,28,1245,1,1,1,3,4466000,608600,2,2,2,0,2,1,0,72,1,5,1,0,2,0,0,1,1
200600046289,6,8,31,1645,1,9,1,3,4478700,602800,4,2,2,0,1,1,0,43,1,0,1,0,1,0,0,1,1
200600046290,6,8,5,1400,1,1,1,6,4443200,601100,4,2,2,0,1,1,0,70,1,0,4,0,0,0,1,0,1
200600046293,6,8,3,1330,1,1,2,6,4416800,8300,3,2,0,0,2,3,0,50,2,0,0,0,0,0,0,1,1
200600046301,6,8,4,1855,1,1,7,3,4454900,627200,2,2,2,0,1,1,0,70,1,0,1,0,2,0,1,0,1
200600046303,6,8,14,1915,1,1,1,1,4456000,626000,4,2,0,0,0,1,0,0,1,0,1,0,1,0,1,0,1
200600046311,6,8,21,745,1,1,1,6,4378700,737400,3,2,2,0,1,4,0,40,1,0,1,0,0,0,0,2,1
200600046314,6,8,6,1600,1,1,1,6,4399400,733100,3,2,2,0,1,2,0,63,1,0,1,0,0,1,0,0,1
200600046315,6,8,11,1800,1,1,1,5,4395200,728700,3,2,2,0,1,1,0,66,1,0,1,0,1,0,2,0,1
200600046316,6,8,12,1730,1,1,1,6,4399400,733100,3,2,2,0,1,2,0,50,1,0,1,0,0,0,1,0,1
200600046317,6,8,11,1330,1,1,1,3,4364400,713800,3,4,4,0,2,1,0,0,1,0,1,0,1,0,1,0,1
200600046328,6,8,8,1645,2,1,3,3,4406000,758700,3,2,0,0,1,1,0,70,2,0,1,0,1,0,2,0,1
200600046329,6,8,31,1115,1,1,1,2,4395800,691000,3,2,2,0,1,1,0,69,1,0,1,0,1,0,1,1,1
200600046330,6,8,6,1745,1,1,2,1,4403400,682700,4,2,1,0,2,2,0,21,2,2,1,0,1,0,1,0,1
200600046331,6,8,30,1615,3,1,1,7,4398200,713000,3,2,0,0,0,3,0,64,1,0,3,0,0,0,1,0,1
200600046332,6,8,26,2030,2,1,1,5,4345800,651000,2,2,2,0,2,2,0,103,1,0,1,0,1,1,2,0,1
200600046339,6,8,24,1845,1,1,1,1,4336600,638300,3,2,2,0,2,3,0,71,1,0,1,0,1,0,2,0,1
200600046347,6,8,19,1830,1,1,1,7,4328000,614000,3,2,2,0,1,2,0,60,1,0,3,0,0,0,1,0,1
200600046352,6,8,13,400,5,1,1,3,4335200,671500,3,2,0,0,1,2,0,76,1,0,3,0,1,0,1,0,1
200600046377,6,8,14,1130,1,1,1,3,4325800,664000,3,2,0,0,1,1,0,69,1,0,1,0,0,0,1,1,1
200600046382,6,8,10,730,1,6,1,1,4315400,607500,3,0,0,0,0,0,0,50,1,5,1,0,1,0,1,0,1
200600046384,6,8,22,905,1,1,1,1,4315000,606900,3,2,2,0,1,1,0,60,1,0,1,0,1,0,1,0,1
200600046390,6,8,21,2000,1,1,1,7,4317600,621600,3,2,2,0,1,3,0,70,1,0,3,0,1,0,2,0,1
200600046391,6,8,5,2115,3,1,1,3,4316000,604000,3,2,0,0,1,1,0,40,1,0,1,0,1,1,0,0,1
200600046394,6,8,11,1530,1,1,1,6,4393800,495000,3,2,2,0,3,1,0,0,1,0,1,0,1,0,0,1,1
200600046401,6,8,4,1745,1,1,1,6,4372000,571900,2,2,2,0,1,1,0,80,1,0,3,0,0,2,1,0,1
200600046402,6,8,18,1700,1,1,1,2,4372800,554700,3,2,2,0,1,2,0,60,1,0,1,0,1,0,1,0,1
200600046409,6,8,26,1245,1,1,1,6,4432700,474900,9,0,0,0,1,0,0,0,0,0,0,0,0,0,1,0,1
200600046410,6,8,26,2200,5,1,1,3,4429100,475400,4,2,2,0,1,1,0,0,1,0,1,0,1,0,1,0,1
200600046418,6,8,10,2145,5,1,1,2,4356000,409000,9,2,4,0,0,1,12,130,1,5,1,0,2,0,0,1,1
200600046421,6,8,13,1530,1,1,1,6,4376500,388700,3,2,2,0,1,2,0,63,1,0,3,0,0,0,1,0,1
200600046422,6,8,2,1715,1,1,1,3,4360400,317100,3,2,0,0,0,3,0,62,1,0,0,0,1,0,0,2,1
200600046424,6,8,6,1645,1,1,1,3,4366800,305800,3,2,0,0,1,1,0,51,1,0,1,0,3,1,0,0,1
200600046425,6,8,13,1145,1,1,1,3,4366000,314400,3,2,2,0,0,4,0,61,1,0,1,0,1,0,1,0,1
200600046426,6,8,13,1715,1,1,1,5,4368900,292100,3,2,2,0,2,3,0,0,1,0,1,0,3,0,0,1,1
200600046431,6,8,13,2100,5,1,1,3,4342800,295100,3,2,2,0,1,1,0,57,1,0,1,3,0,0,2,2,1
200600046432,6,8,23,1130,1,1,1,7,4345900,289700,3,2,2,0,2,4,0,60,1,0,1,0,0,0,1,0,1
200600046437,6,8,2,1700,1,3,1,3,4348100,328200,3,2,2,0,1,1,0,68,1,0,1,0,2,0,1,0,1