Num_Acc,an,mois,jour,hrmn,lum,int,atm,col,lat,long,catr,circ,nbv,vosp,prof,plan,lartpc,larrout,surf,infra,situ,env1,unscathed,killed,hospital,light,chance
200600046438,6,8,5,645,2,1,1,6,4345000,329500,3,2,2,0,1,3,0,58,1,0,1,0,0,1,0,1,1
200600046440,6,8,30,830,1,1,1,7,4342900,328800,3,2,2,0,0,1,0,0,1,0,1,0,0,0,1,0,1
200600046442,6,8,11,400,3,1,1,3,4327500,323200,9,2,0,0,1,1,0,40,1,0,1,0,0,1,1,0,1
200600046443,6,8,12,1030,1,1,1,1,4329700,329300,3,2,2,0,0,1,70,0,1,0,1,0,1,0,1,0,1
200600046445,6,8,28,500,3,6,1,6,4324400,325400,3,2,0,0,1,2,0,60,1,0,3,0,0,0,4,0,1
200600046447,6,8,3,1945,2,1,1,1,4360500,348700,3,2,0,0,1,1,0,44,1,0,1,0,1,0,1,0,1
200600046448,6,8,10,1630,1,1,1,3,4361500,332200,3,2,2,0,2,3,0,70,1,0,3,0,1,0,1,0,1
200600046449,6,8,12,245,3,1,1,6,4356000,349000,3,2,2,0,1,2,0,62,1,0,3,0,0,1,0,0,1
200600046450,6,8,13,330,3,1,1,7,4357500,345800,3,2,2,0,0,2,0,70,1,0,0,0,0,0,1,0,1
200600046452,6,8,18,1315,1,1,1,2,4361000,361000,3,2,2,0,1,3,0,0,1,0,1,0,3,0,0,1,1
200600046462,6,8,28,800,1,1,1,6,4351500,358400,3,2,0,0,1,1,0,42,1,0,1,0,0,0,1,0,1
200600046465,6,8,7,1345,1,1,1,1,4341700,232300,4,2,2,0,2,4,0,31,1,0,1,0,0,0,3,0,1
200600046467,6,8,16,600,2,1,1,6,4310200,250000,3,0,0,0,0,1,0,39,1,2,1,0,1,0,1,0,1
200600046468,6,8,1,1900,1,1,1,3,4328700,200700,3,2,2,0,0,1,0,0,1,5,1,0,1,0,3,0,1
200600046472,6,8,16,215,3,1,1,6,4318000,232600,3,2,2,0,2,0,0,58,1,2,0,0,0,0,4,0,1
200600046475,6,8,14,1515,1,1,1,6,4276900,209700,3,0,2,0,0,3,0,45,1,0,1,0,0,0,2,0,1
200600046476,6,8,20,1100,1,1,1,7,4287600,215500,3,2,2,0,2,2,0,68,1,0,1,0,0,0,1,0,1
200600046477,6,8,24,2115,3,1,1,7,4294400,228600,3,2,0,0,0,3,0,58,1,0,0,0,0,0,1,0,1
200600046490,6,8,13,1545,1,1,1,1,4370400,427300,3,2,2,0,1,1,0,62,1,0,1,0,0,0,2,0,1
200600046491,6,8,15,1000,1,1,1,3,4374800,421500,3,2,0,0,2,1,0,75,1,5,1,0,1,0,1,0,1
200600046492,6,8,20,915,1,1,1,1,4369900,416900,2,2,2,0,1,1,0,70,1,0,1,0,0,1,4,0,1
200600046493,6,8,28,30,3,1,1,7,4368000,423700,3,2,0,0,1,1,0,0,1,0,4,0,0,0,4,0,1
200600046496,6,8,10,1315,1,1,1,1,4411900,428600,3,2,2,0,1,1,0,70,1,0,1,0,0,1,2,0,1
200600046498,6,8,2,1830,1,1,1,1,4400500,407700,3,2,2,0,1,1,0,60,1,0,1,0,0,0,2,3,1
200600046503,6,8,28,315,3,1,1,7,4423300,427600,3,2,2,0,1,1,0,0,1,0,3,0,0,0,1,0,1
200600046507,6,8,30,1445,1,1,1,6,4401000,442000,3,1,1,0,1,1,0,0,1,0,1,0,1,0,1,0,1
200600046509,6,8,2,530,2,1,1,3,4394500,461300,2,2,2,0,3,3,0,60,1,0,0,0,3,0,0,2,1
200600046510,6,8,3,2000,1,6,1,6,4394300,457700,2,0,0,0,0,0,0,50,1,0,1,0,0,0,1,0,1
200600046512,6,8,23,300,1,1,1,6,4393000,454500,2,2,2,1,1,1,14,73,1,0,1,0,0,1,1,1,1
200600046517,6,8,7,745,1,1,1,1,4407400,394600,3,2,2,0,1,1,0,60,1,0,1,0,1,0,1,0,1
200600046520,6,8,3,845,1,1,2,7,4454000,354400,2,2,2,0,1,2,0,59,2,0,1,0,0,0,0,1,1
200600046523,6,8,8,1600,1,1,1,1,4472100,386300,3,0,2,0,1,3,0,65,1,0,1,0,0,0,3,0,1
200600046538,6,8,1,1945,1,1,1,7,4276000,268100,3,2,0,0,1,1,60,0,1,0,3,0,1,0,0,1,1
200600046540,6,8,12,1815,1,1,1,7,4245800,263100,3,2,2,0,1,1,0,50,1,0,1,0,0,0,1,0,1
200600046546,6,8,24,1530,1,1,1,5,4253300,307900,3,2,2,0,1,3,0,0,1,0,1,0,2,0,0,1,1
200600046549,6,8,23,1810,1,1,1,7,4150500,911200,3,2,2,0,1,2,0,60,1,0,1,0,0,0,1,0,1
200600046550,6,8,20,715,1,1,1,5,4163900,884000,3,2,2,0,0,2,0,56,1,0,1,0,2,0,1,2,1
200600046551,6,8,25,2345,5,1,1,6,4175500,917400,3,2,0,0,1,1,0,0,1,0,1,0,0,0,2,0,1
200600046552,6,8,9,600,2,1,1,3,4176500,893900,2,2,2,0,2,4,0,82,1,0,1,0,1,0,2,0,1
200600046553,6,8,11,600,2,1,1,6,4181400,902300,3,2,2,0,1,3,0,60,1,0,3,0,1,0,1,0,1
200600046557,6,8,2,730,1,1,1,4,4273900,946300,3,2,2,0,2,2,70,0,1,0,1,0,2,0,1,0,1
200600046558,6,8,22,1,3,3,1,1,4269200,931600,3,2,0,0,0,1,0,87,1,0,1,0,1,0,1,0,1
200600046559,6,8,7,600,1,1,1,6,4242800,872600,3,2,2,0,2,2,0,60,1,0,3,0,2,0,2,0,1
200600046563,6,8,18,2300,5,1,1,1,4259100,902200,2,2,2,0,2,2,0,70,1,0,1,0,1,0,3,0,1
200600046566,6,8,18,500,3,1,1,7,4213500,913900,2,2,2,0,2,2,0,72,1,0,3,0,0,0,1,0,1
200600046568,6,8,8,1245,1,1,1,6,4201800,940500,2,2,2,0,1,1,0,55,1,0,1,0,1,0,1,0,1
200600046569,6,8,5,1545,1,1,1,5,4220500,953600,2,2,2,0,1,3,0,71,1,0,1,0,1,0,2,1,1
200600046572,6,8,8,900,1,1,1,4,4238200,953000,3,2,2,0,1,1,0,70,1,0,1,0,5,0,0,4,1
200600046574,6,8,15,315,3,1,1,7,4233900,953700,2,2,2,0,1,1,0,62,1,0,3,0,0,0,2,0,1
200600046575,6,8,23,1815,1,1,1,7,4244900,946000,3,2,2,0,2,2,0,50,1,0,1,0,0,0,1,0,1
200600046576,6,8,25,530,2,1,1,6,4242900,952900,2,2,2,0,0,3,0,72,1,0,1,0,0,0,1,0,1
200600046577,6,8,4,715,1,1,1,5,4896800,163200,3,2,2,0,1,3,0,50,0,0,1,0,2,0,0,1,1
200600046578,6,8,19,1030,1,1,1,3,4905200,160400,9,2,2,0,1,1,0,0,1,0,1,0,0,0,0,2,1
200600046581,6,8,23,1,5,1,1,6,4902500,169800,3,3,2,0,4,1,5,60,1,0,3,0,0,0,0,1,1
200600046584,6,8,6,1915,1,1,1,3,4871600,203000,3,2,2,0,0,3,0,0,1,0,1,0,1,0,1,0,1
200600046585,6,8,2,2045,1,1,1,7,4880000,185000,2,3,2,0,1,1,0,0,1,0,1,0,0,0,0,1,1
200600046586,6,8,17,1030,1,1,1,2,4881500,190200,3,2,2,0,2,1,0,73,1,0,1,0,1,0,0,1,1
200600046591,6,8,12,515,3,1,1,6,4843100,207200,3,2,2,0,1,1,0,54,1,0,1,0,0,0,1,0,1
200600046594,6,8,23,2300,3,1,1,1,4844900,235800,3,2,2,0,1,4,0,0,1,0,1,0,1,0,0,2,1
200600046595,6,8,29,2230,3,1,1,6,4848300,231800,2,2,2,0,1,1,63,0,1,0,1,0,0,0,1,4,1
200600046598,6,8,9,900,1,1,1,3,4856800,204200,3,2,2,0,1,3,0,85,1,0,1,0,1,0,1,0,1
200600046599,6,8,17,1800,1,1,1,7,4855600,212800,4,2,2,0,1,1,0,50,1,0,1,0,1,0,4,0,1
200600046600,6,8,29,1315,1,2,3,1,4811700,210800,3,2,2,0,0,2,0,58,2,0,1,0,1,1,0,0,1
200600046604,6,8,28,900,1,1,3,1,4904300,244600,3,2,2,1,1,2,0,55,4,0,1,0,0,1,0,1,1
200600046605,6,8,27,1730,1,1,1,6,4860500,274200,9,0,1,0,0,1,0,40,1,0,3,0,0,1,0,0,1
200600046606,6,8,6,345,5,1,1,6,4888200,288800,3,3,2,0,1,1,0,64,0,0,1,0,0,0,1,0,1
200600046607,6,8,29,615,2,1,1,1,4886500,290700,2,2,0,0,1,0,0,92,1,0,1,0,1,0,0,1,1
200600046608,6,8,2,1145,1,2,1,6,4878700,330500,3,2,2,0,1,3,0,50,1,0,1,0,1,0,0,1,1
200600046611,6,8,17,830,1,1,1,6,4828800,260600,4,2,2,0,0,3,0,40,9,0,3,0,0,0,1,0,1
200600046614,6,8,27,345,5,1,1,6,4786500,182800,4,2,2,0,1,2,0,65,1,0,1,0,0,0,1,0,1
200600046623,6,8,13,1730,1,1,2,1,4805900,308700,2,2,2,0,2,3,0,0,2,0,1,0,1,0,2,1,1
200600046624,6,8,25,1800,1,6,1,4,4803800,300600,2,3,1,0,1,1,25,60,1,5,1,0,2,0,1,0,1
200600046628,6,8,19,2115,2,1,1,7,4804900,236800,3,2,2,0,1,1,0,27,1,0,0,0,0,0,1,0,1
200600046634,6,8,4,2330,3,1,1,5,4685000,293900,3,2,2,0,2,1,0,48,1,0,1,0,2,0,3,0,1
200600046641,6,8,10,349,3,1,1,1,4699800,211400,2,2,2,0,0,1,0,76,1,0,3,0,0,0,2,0,1
200600046642,6,8,28,2330,3,1,1,7,4714500,267900,3,2,0,0,4,2,0,52,1,0,1,0,0,0,1,0,1
200600046645,6,8,13,900,1,1,8,7,4846900,137300,3,2,2,0,0,1,0,65,1,0,1,0,0,0,1,0,1
200600046649,6,8,16,1830,1,1,1,1,4860000,168000,4,2,2,0,2,1,0,80,1,0,1,0,1,0,1,0,1
200600046650,6,8,20,1345,1,1,1,1,4847000,177000,3,2,2,0,1,1,0,65,1,0,1,0,1,0,1,0,1
200600046651,6,8,28,1015,3,1,1,1,4845400,177500,3,2,2,0,1,1,0,59,1,0,1,0,1,1,0,0,1
200600046652,6,8,29,1615,1,1,1,1,4847000,163000,2,2,2,0,1,1,0,116,1,0,1,0,1,1,0,0,1
200600046653,6,8,31,1340,1,2,1,3,4851000,170000,3,2,2,0,1,1,0,48,1,0,1,0,1,0,1,0,1
200600046654,6,8,18,1715,1,1,1,3,4833500,169300,3,2,2,0,1,3,0,65,2,0,1,0,2,0,0,2,1
200600046655,6,8,3,1700,1,1,1,7,4817700,140600,3,2,2,0,0,1,0,56,1,0,0,0,0,0,1,0,1
200600046656,6,8,8,1200,1,1,1,1,4821700,119300,3,2,2,0,1,2,0,49,1,0,1,0,0,0,1,1,1
200600046657,6,8,11,1930,1,1,1,1,4809800,112300,3,2,2,0,2,3,0,63,1,0,1,0,1,0,2,0,1
200600046660,6,8,27,900,1,1,1,6,4872800,130200,3,2,2,0,1,2,0,64,1,0,3,0,0,0,1,0,1
200600046661,6,8,31,1845,1,1,1,7,4888800,148900,4,2,0,0,2,1,0,0,9,0,1,0,0,1,0,0,1
200600046666,6,8,7,1715,1,1,1,6,4652300,114700,3,2,2,0,4,1,0,60,1,0,3,0,0,0,1,1,1
200600046668,6,8,17,700,1,1,8,6,4659300,127400,3,2,2,0,1,3,0,58,2,0,3,0,0,1,0,0,1
200600046670,6,8,31,1720,1,1,1,1,4658700,151300,3,2,1,0,1,1,0,70,1,0,1,0,1,0,1,0,1
200600046672,6,8,21,1445,1,1,1,4,4702100,111400,3,2,2,0,1,1,0,76,1,0,1,0,3,1,0,4,1
200600046673,6,8,15,2100,3,1,1,7,4694600,144000,3,0,2,0,1,1,0,53,1,0,1,0,0,0,1,0,1
200600046675,6,8,7,100,3,1,1,1,4708200,152000,4,2,0,0,2,1,0,40,1,0,1,0,1,0,1,0,1
200600046683,6,8,5,1530,1,1,1,6,4643900,182500,3,2,2,0,1,1,0,52,1,0,4,0,3,0,1,3,1
200600046684,6,8,7,115,3,1,1,6,4660200,173300,3,2,0,0,2,2,0,62,1,0,3,0,0,0,0,1,1
200600046685,6,8,18,45,3,1,1,6,4648400,168700,3,2,0,0,2,2,0,53,2,0,3,0,1,0,1,0,1
200600046687,6,8,17,1415,1,1,1,7,4693300,197200,3,2,2,0,1,1,0,44,1,0,3,0,0,0,2,0,1
200600046689,6,8,21,1130,1,2,8,1,4693900,206000,3,2,2,0,1,1,0,60,1,0,1,0,0,2,1,0,1
200600046691,6,8,31,1830,1,3,1,3,4694800,201300,3,2,1,0,1,1,0,78,1,0,1,0,1,0,0,1,1
200600046692,6,8,15,1730,1,1,1,6,4746600,95600,3,2,2,0,1,1,47,0,1,0,3,0,1,0,0,1,1
200600046697,6,8,19,1515,1,1,1,6,4731600,45000,3,2,2,0,2,2,0,57,1,0,1,0,0,0,1,2,1
200600046698,6,8,22,2230,3,1,1,1,4734700,33400,3,2,2,0,0,0,0,0,0,0,0,0,1,1,0,1,1
200600046699,6,8,13,1915,1,1,1,6,4699500,32700,3,2,2,0,2,3,0,54,1,0,1,0,0,2,1,0,1
200600046700,6,8,27,1800,1,1,7,3,4712700,57800,4,2,0,0,1,3,0,0,1,0,1,0,1,0,1,0,1
200600046701,6,8,2,1415,1,1,1,1,4713300,100100,3,2,2,0,1,1,0,61,1,0,1,0,1,0,1,0,1
200600046703,6,8,31,1615,1,9,1,3,4712000,98000,2,1,0,0,0,0,0,0,0,0,0,0,2,0,0,1,1
200600046708,6,8,24,900,3,1,1,6,4751400,111000,3,2,2,0,3,1,0,35,1,0,3,0,2,0,1,0,1
200600046709,6,8,16,1415,1,1,1,3,4769600,151300,3,2,0,0,1,1,0,65,1,0,1,0,1,0,1,0,1
200600046710,6,8,2,1345,1,1,1,3,4735000,129600,3,2,2,0,0,2,50,0,1,0,1,0,1,0,1,0,1
200600046712,6,8,21,830,1,1,7,1,4734000,113800,3,2,2,0,1,1,0,89,1,0,1,0,1,0,1,0,1
200600046714,6,8,24,1515,1,1,1,6,4733600,125800,2,2,2,0,1,1,0,75,1,0,1,0,0,0,2,0,1
200600046715,6,8,17,1200,1,1,8,6,4764700,191100,3,2,2,0,2,3,0,70,2,0,3,0,1,0,1,0,1
200600046716,6,8,11,2330,3,1,1,6,4789600,94200,3,2,3,0,1,1,0,114,1,0,3,0,0,1,0,0,1
200600046717,6,8,12,315,3,1,1,7,4790700,96300,2,2,2,0,1,1,0,67,1,0,3,0,1,0,0,1,1
200600046718,6,8,14,2000,1,1,1,6,4781000,91400,4,2,2,0,1,3,0,55,1,0,1,0,1,1,0,0,1
200600046719,6,8,14,1730,1,1,7,2,4776300,87700,3,2,2,0,1,1,0,60,1,0,1,0,1,0,1,0,1
200600046720,6,8,18,1130,1,1,1,6,4776400,87900,4,2,0,0,1,1,0,0,1,5,1,0,1,0,1,0,1
200600046721,6,8,22,1345,1,1,1,7,4786800,82100,3,2,2,0,1,3,0,0,1,0,3,0,0,0,1,0,1
200600046725,6,8,13,1915,1,1,1,3,4498600,-109500,9,2,2,0,1,1,0,61,1,0,1,0,1,0,1,1,1
200600046726,6,8,18,1430,1,1,1,1,4500700,-118200,3,2,2,0,1,1,0,60,1,0,1,0,1,0,2,1,1
200600046727,6,8,6,445,3,1,1,2,4785400,-346200,3,2,2,0,3,1,0,110,1,0,1,0,1,0,0,1,1
200600046729,6,8,4,1730,1,1,7,1,4780400,-369900,3,2,0,1,1,1,0,62,1,0,1,0,1,1,0,0,1
200600046730,6,8,8,1200,1,1,1,6,4778300,-355600,3,2,0,0,1,3,0,0,0,0,1,0,1,0,1,0,1
200600046731,6,8,16,1615,1,1,1,3,4782900,-385600,4,2,2,0,2,1,0,50,1,0,0,0,1,1,0,1,1
200600046738,6,8,8,1145,1,1,1,6,4411100,22500,4,2,0,0,1,0,0,30,1,0,0,0,0,0,1,0,1
200600046739,6,8,20,1445,1,1,1,1,4416700,30800,3,2,0,0,0,1,89,0,1,0,1,0,1,0,1,0,1
200600046741,6,8,1,1515,1,1,1,1,4358600,379400,3,2,0,0,1,1,0,40,1,0,1,0,5,0,1,0,1
200600046742,6,8,18,1845,1,1,1,3,4357500,381300,2,0,0,0,1,1,0,70,1,0,1,0,1,0,1,0,1
200600046743,6,8,10,845,1,1,7,6,4816000,-160200,2,3,4,0,0,3,0,0,1,0,2,0,0,0,2,0,1
200600046744,6,8,1,800,1,1,2,7,4827100,185300,1,3,0,0,1,2,24,270,2,0,1,0,0,0,2,0,1
200600046745,6,8,2,1015,1,1,1,6,4842100,190100,1,3,3,0,1,1,24,270,1,0,2,0,0,0,0,1,1
200600046755,6,8,13,1315,1,1,1,3,4473100,-107900,4,3,2,0,1,1,50,74,1,5,1,0,3,0,1,0,1
200600046762,6,8,12,30,3,1,1,2,4829400,268500,1,3,3,3,1,1,30,135,2,0,1,0,5,1,1,0,1
200600046763,6,8,13,2030,1,1,1,6,4848000,251700,1,0,0,0,0,1,0,105,1,3,2,0,0,0,1,0,1
200600046764,6,8,27,1715,1,1,1,5,4846400,257700,2,3,4,0,0,1,0,0,0,0,1,0,2,1,2,0,1
200600046781,6,8,11,1330,1,1,1,2,4342300,609200,1,3,3,3,1,1,15,135,1,0,1,0,1,1,1,0,1
200600046782,6,8,20,1630,1,1,1,7,4340600,621700,1,3,3,0,1,1,20,135,1,0,1,0,1,0,1,0,1
200600046788,6,8,23,1700,1,1,1,3,4607100,473900,1,1,3,0,0,1,10,110,1,0,1,0,2,0,0,1,1
200600046789,6,8,26,615,1,1,1,5,4616600,477100,1,3,3,3,1,1,10,110,1,0,1,0,2,0,1,0,1
200600046790,6,8,30,715,1,1,1,6,4610400,475000,1,3,3,0,1,1,10,110,1,0,3,0,0,0,0,1,1
200600046792,6,8,27,2115,2,1,1,7,4816500,-82000,3,2,2,0,1,1,0,77,1,1,3,0,0,1,1,0,1
200600046793,6,8,27,645,5,1,1,6,4370000,141200,3,2,2,0,1,2,0,62,1,0,4,0,0,1,0,0,1
200600046795,6,8,5,915,1,1,1,3,4768300,140400,1,3,0,0,1,1,8,135,1,0,3,0,4,0,5,0,1
200600046796,6,8,31,1515,1,1,1,1,4758500,106400,1,3,3,0,1,1,26,35,1,0,2,0,2,0,1,0,1
200600046806,6,8,31,1030,1,1,1,1,4734400,88100,3,2,2,0,3,1,0,70,1,0,1,0,3,0,1,0,1
200600046811,6,8,22,1710,1,1,1,2,4606700,629300,1,3,2,0,1,1,7,41,1,0,1,0,3,0,2,0,1
200600046813,6,8,3,2055,3,1,3,6,4548600,539800,1,1,2,0,1,1,10,70,2,0,1,0,0,0,2,0,1
200600046821,6,8,8,1700,1,9,1,1,4343500,356100,1,3,3,0,1,1,30,105,1,0,1,0,0,0,5,0,1
200600046823,6,8,28,1950,2,1,1,2,4330600,321600,1,1,0,0,1,1,10,125,1,0,1,0,1,0,1,0,1
200600046825,6,8,16,1600,1,1,1,3,4357200,153200,3,2,2,0,2,3,0,60,1,0,1,0,1,0,1,0,1
200600046826,6,8,25,1315,1,1,3,7,4345100,-154300,3,3,2,0,2,3,20,75,2,0,1,0,1,0,1,0,1
200600046827,6,8,13,1445,1,1,3,6,4925200,395600,1,1,1,0,2,3,10,64,2,3,1,0,0,0,2,0,1
200600046829,6,8,31,1800,1,3,1,5,4578000,478500,4,2,0,0,0,2,15,70,1,5,1,0,2,0,1,0,1
200600046830,6,8,27,1230,1,1,1,1,4516900,569900,4,2,2,0,1,1,0,0,1,0,1,0,1,0,1,0,1
200600046835,6,8,7,1845,1,1,1,1,4373900,731400,1,1,3,3,2,3,0,115,1,0,1,0,0,0,0,2,1
200600046837,6,8,18,445,3,1,2,6,4371400,719700,1,3,3,3,2,3,10,110,1,0,1,0,1,0,0,1,1
200600046840,6,8,14,215,3,1,8,7,5050200,267200,1,3,2,0,1,1,30,70,2,0,3,0,0,0,2,1,1
200600046841,6,8,18,2100,1,1,3,7,5054100,254400,1,1,0,0,1,1,20,125,2,0,3,0,0,0,2,0,1
200600046848,6,8,14,2015,1,1,1,6,4348500,556000,1,1,0,0,1,1,38,76,1,0,1,0,0,0,1,0,1
200600046849,6,8,20,1845,1,1,1,5,4352000,543200,1,1,4,0,1,1,0,0,1,0,1,0,1,0,4,0,1
200600046850,6,8,25,300,3,1,1,6,4348600,556300,1,1,0,0,1,2,0,105,1,3,1,0,0,1,0,0,1
200600046857,6,8,6,1,3,1,1,6,5019600,341800,3,2,2,0,1,1,0,0,1,0,1,0,0,0,1,0,1
200600046860,6,8,20,115,3,1,9,6,4867800,250000,2,3,4,0,1,1,15,140,2,0,3,0,0,0,1,3,1
200600046862,6,8,4,1845,1,1,1,7,4471000,-75200,1,0,2,0,1,1,150,105,1,0,1,0,0,0,0,1,1
200600046864,6,8,5,1245,1,1,3,6,4790100,737500,1,3,2,0,1,1,50,72,2,0,3,0,2,0,1,0,1
200600046867,6,8,10,545,3,1,1,1,4421700,45100,1,1,2,0,1,1,47,73,1,0,1,0,0,0,3,4,1
200600046884,6,8,25,1645,1,1,1,5,4589200,610500,2,2,5,0,0,1,0,155,1,0,1,0,3,0,1,2,1
200600046885,6,8,1,1800,1,1,1,2,4582500,499500,1,3,3,0,1,1,0,0,1,7,1,0,0,0,1,1,1
200600046887,6,8,22,2315,5,1,1,6,4916800,401800,3,2,0,0,1,2,0,60,1,0,3,0,0,0,1,0,1
200600046889,6,8,18,2100,2,1,1,6,4354000,133000,3,2,2,0,1,1,0,60,1,0,4,0,1,0,3,0,1
200600046890,6,8,22,110,5,1,1,6,4352000,133400,3,2,2,0,1,1,0,58,1,0,3,0,1,0,1,0,1
200600046891,6,8,31,1100,1,1,1,1,4353800,136100,3,2,0,0,1,1,0,85,1,5,1,0,1,0,1,0,1
200600046895,6,8,29,1700,1,1,3,2,4587000,488000,3,2,0,0,1,3,0,70,2,0,1,0,1,0,0,1,1
200600046896,6,8,2,2230,5,1,2,1,4546000,476900,3,0,0,0,1,0,0,56,2,2,1,0,1,0,4,0,1
200600046902,6,8,1,800,1,9,9,1,4885900,196700,3,2,1,0,4,3,30,60,2,3,1,0,1,0,1,0,1
200600046906,6,8,12,2045,1,6,1,2,4761800,-273800,4,1,1,0,1,2,0,25,1,5,1,0,2,0,0,2,1
200600046907,6,8,17,2100,2,1,2,7,4754200,-269500,3,2,2,0,1,1,0,50,2,0,3,0,0,1,0,0,1
200600046908,6,8,15,2015,1,1,1,1,4754000,-274200,3,2,4,0,1,1,0,150,1,0,1,0,0,0,1,1,1
200600046909,6,8,19,1200,1,1,1,2,4751400,-280700,3,0,2,2,1,1,0,64,1,0,1,0,1,0,2,0,1
200600046910,6,8,28,1900,1,1,1,5,4753000,-280000,3,2,2,0,1,2,0,76,1,0,1,0,3,0,1,2,1
200600046911,6,8,29,1545,1,1,1,2,4754000,-288000,3,2,2,0,4,1,0,76,1,0,1,0,1,1,0,0,1
200600046912,6,8,15,2200,3,1,3,4,4557900,421900,1,2,2,0,0,1,30,70,2,0,1,0,1,0,2,0,1
200600046913,6,8,29,1945,2,1,2,6,4585000,379000,1,3,4,0,2,2,15,200,2,0,2,0,0,0,1,0,1
200600046918,6,8,4,1600,1,1,2,7,4611400,546400,1,3,3,3,2,1,0,0,2,0,1,0,0,0,1,0,1
200600046919,6,8,5,1915,1,1,2,7,4613500,551800,1,3,2,0,2,2,20,100,2,0,3,0,0,0,0,1,1
200600046920,6,8,24,845,1,1,1,3,4934200,-56900,3,2,2,0,0,1,0,70,1,0,1,0,21,0,1,0,1
200600046924,6,8,29,2345,3,1,1,7,4752200,-43000,1,1,0,0,1,1,0,0,1,3,3,0,0,0,1,0,1
200600046925,6,8,2,1815,1,1,1,3,4367700,698800,4,2,0,0,3,4,0,40,1,0,1,0,1,0,1,0,1
200600046930,6,8,25,230,3,1,1,1,4322000,600,1,1,2,0,1,1,20,70,1,0,1,0,1,0,1,0,1
200600046933,6,8,8,1830,1,1,1,2,4762000,518300,1,3,3,0,2,1,15,130,1,0,1,0,3,1,1,1,1
200600046942,6,8,18,1745,1,3,1,3,4609000,649300,3,2,2,0,1,1,0,70,1,5,1,0,1,0,1,0,1
200600046948,6,8,4,1530,1,1,1,6,4520000,150000,1,3,4,0,1,1,20,140,1,0,2,0,2,0,1,0,1
200600046953,6,8,21,1500,1,1,1,7,4621900,138600,1,3,4,0,1,1,22,146,1,0,3,0,1,1,0,0,1
200600046959,6,8,25,1730,1,1,8,6,4371000,332900,1,3,2,0,1,3,0,0,2,0,1,0,0,0,1,0,1
200600046960,6,8,27,600,3,1,1,6,4363300,377800,3,3,2,0,1,2,55,36,1,0,1,0,0,0,2,0,1
200600046972,6,8,21,1245,1,1,1,6,4377000,453000,3,2,2,0,1,1,0,70,1,0,3,0,2,0,1,1,1
200600046973,6,8,21,1915,1,1,1,6,4374000,449000,3,2,0,0,1,1,0,70,1,0,3,0,0,0,1,0,1
200600046975,6,8,24,730,1,1,1,7,4950800,435100,2,3,2,0,1,2,10,70,1,0,1,0,2,0,1,0,1
200600046978,6,8,6,930,1,6,1,3,4353900,394000,3,1,2,0,1,2,0,60,1,0,1,0,1,0,1,0,1
200600046983,6,8,10,1245,1,1,1,1,4949500,121700,3,2,2,0,1,2,0,0,1,0,1,0,1,0,1,0,1
200600046984,6,8,18,2030,1,1,1,7,4957400,133800,3,2,2,0,1,2,0,55,1,0,1,0,0,0,1,0,1
200600046988,6,8,22,545,2,1,1,7,4684000,485000,3,2,0,0,0,1,0,0,1,0,3,0,0,0,1,0,1
200600046992,6,8,5,1915,1,1,1,6,4777400,-307700,3,2,2,0,4,1,0,56,1,2,3,0,0,0,1,0,1
200600046994,6,8,26,1715,1,1,1,3,4366100,388900,4,2,2,0,1,1,0,70,1,0,1,0,1,0,0,1,1
200600046995,6,8,2,1745,1,1,1,2,4890800,-111300,1,3,4,3,0,1,15,68,1,0,1,0,2,0,1,0,1
200600046997,6,8,11,1045,1,1,8,6,4849000,253000,3,2,2,0,2,3,0,0,1,0,1,0,0,0,1,0,1
200600048347,6,8,24,2040,1,1,1,6,4432000,345699,3,2,2,0,2,3,0,61,1,0,1,0,0,1,0,0,1
200600050682,6,9,3,2230,5,1,1,3,5053800,294800,3,2,2,0,1,1,0,60,1,0,1,0,1,0,1,0,1
200600050683,6,9,12,1530,1,1,1,3,5051000,291000,3,2,2,0,1,1,0,60,1,5,1,0,2,0,1,0,1
200600050684,6,9,10,1545,1,9,1,6,5055400,282400,9,0,1,1,1,1,0,10,1,0,5,0,0,0,1,0,1
200600050685,6,9,7,830,1,1,1,7,5054900,282700,2,2,3,0,1,1,0,0,1,0,1,0,0,0,0,1,1
200600050686,6,9,29,1230,1,3,1,3,5062400,294100,3,2,2,0,1,1,0,72,1,0,1,0,1,0,1,0,1
200600050690,6,9,3,1115,1,1,1,1,5096200,232200,3,2,2,0,0,1,0,0,2,0,1,0,1,0,1,0,1
200600050692,6,9,11,1500,1,2,1,1,5088600,247000,3,2,0,0,1,1,0,80,0,0,1,0,1,0,1,0,1
200600050693,6,9,22,1815,1,1,1,3,5077400,274100,3,2,2,0,1,0,65,0,1,0,1,0,1,1,0,1,1
200600050695,6,9,13,1330,1,1,1,7,5066000,260700,3,2,2,0,1,3,0,65,1,5,1,0,0,0,1,0,1
200600050696,6,9,13,1700,1,1,1,6,5072800,294900,3,2,2,0,1,1,0,60,1,0,3,0,0,0,1,0,1
200600050699,6,9,6,1730,1,1,1,3,5047800,341300,3,2,2,0,0,3,0,60,1,0,1,0,2,0,1,0,1
200600050701,6,9,25,2245,3,1,2,7,5006200,411900,3,2,2,0,1,3,0,65,2,0,3,0,0,1,0,0,1