Num_Acc,an,mois,jour,hrmn,lum,int,atm,col,lat,long,catr,circ,nbv,vosp,prof,plan,lartpc,larrout,surf,infra,situ,env1,unscathed,killed,hospital,light,chance
200600050702,6,9,12,1445,1,1,1,7,5023800,328700,3,2,2,0,2,2,0,0,1,0,3,0,0,0,1,0,1
200600050704,6,9,15,2215,5,1,1,6,5010700,328000,3,2,2,0,1,4,0,60,1,0,4,0,0,1,0,0,1
200600050708,6,9,10,1130,1,9,1,2,5036300,267200,3,2,2,0,1,1,0,67,1,0,1,0,1,1,0,0,1
200600050710,6,9,19,1730,1,1,1,3,5019900,301700,3,2,2,0,1,1,0,60,1,5,1,0,1,0,1,0,1
200600050711,6,9,17,1925,1,6,1,7,5027800,286500,9,1,0,0,1,3,0,0,1,0,1,0,0,0,1,0,1
200600050712,6,9,2,2215,5,3,1,3,5031500,295000,3,2,2,0,1,1,0,74,1,5,1,0,2,0,1,0,1
200600050714,6,9,25,830,1,1,3,1,5031300,306600,3,2,0,0,2,3,0,67,4,0,1,0,0,0,1,1,1
200600050715,6,9,10,930,1,1,1,3,5061900,245900,4,2,2,0,1,1,0,78,1,0,1,0,1,0,0,1,1
200600050716,6,9,16,15,5,1,1,6,5057500,241900,3,2,2,0,1,3,0,59,1,0,3,0,0,1,0,0,1
200600050717,6,9,18,2300,4,1,1,7,5060600,260900,4,2,1,0,1,2,0,52,1,0,0,0,0,0,1,0,1
200600050718,6,9,9,1745,1,1,1,2,5061100,277600,3,2,2,0,1,1,0,55,1,0,1,0,1,1,0,0,1
200600050722,6,9,22,1245,1,1,8,1,5081700,171000,4,2,0,0,1,2,0,0,1,0,1,0,1,0,1,0,1
200600050724,6,9,6,1530,1,1,1,6,5081000,182500,3,2,0,0,1,1,0,80,1,0,1,0,0,0,1,0,1
200600050725,6,9,2,215,5,1,1,6,5042700,269700,3,2,0,0,0,2,0,0,1,0,1,0,0,0,0,1,1
200600050726,6,9,2,1915,1,1,1,3,5036000,173000,3,2,0,0,0,1,0,0,1,0,1,0,1,0,1,0,1
200600050728,6,9,7,1800,1,1,1,1,5044000,176000,3,2,2,0,0,0,80,0,1,5,1,0,2,0,1,0,1
200600050733,6,9,27,1715,1,1,1,3,5089400,208900,4,2,2,0,1,1,0,37,1,0,1,0,1,0,1,0,1
200600050734,6,9,29,1345,1,1,1,3,5091400,215600,3,2,2,0,1,1,0,50,1,0,1,0,1,0,1,0,1
200600050735,6,9,4,1745,1,1,1,1,5057700,216700,3,2,2,0,1,3,0,50,1,0,1,0,1,1,0,0,1
200600050736,6,9,26,945,1,1,1,4,5057500,212700,3,2,0,0,1,1,0,37,1,0,3,0,2,0,1,0,1
200600050738,6,9,7,1830,1,1,1,3,5035000,258000,2,2,2,0,1,1,0,130,1,5,1,0,1,0,1,1,1
200600050739,6,9,16,2345,5,1,1,7,5035300,252500,4,2,2,0,1,3,0,50,1,0,1,0,0,0,1,0,1
200600050740,6,9,20,2115,5,1,1,1,5028300,252900,3,2,2,0,1,1,0,51,1,0,1,0,1,0,1,0,1
200600050741,6,9,9,1230,1,1,1,6,5026700,222500,3,2,2,0,1,1,0,59,1,0,1,0,1,0,0,1,1
200600050745,6,9,21,730,1,1,1,7,4999000,176600,3,2,2,0,1,3,58,0,1,0,1,0,0,0,1,0,1
200600050749,6,9,6,1600,1,1,1,7,4998800,243900,3,2,2,0,1,1,0,60,1,0,1,0,0,0,1,0,1
200600050750,6,9,18,1200,1,1,1,3,4994600,223100,2,2,2,0,1,1,0,70,1,5,1,0,2,1,0,0,1
200600050756,6,9,7,1600,1,1,1,6,5032300,175100,2,2,0,0,4,1,0,75,1,0,3,0,0,1,1,0,1
200600050758,6,9,17,1130,1,6,1,2,5031100,164000,3,0,0,0,1,2,0,0,1,5,1,0,1,0,1,0,1
200600050762,6,9,26,1130,1,1,1,6,5009900,239300,3,2,2,0,1,1,0,60,1,0,1,0,1,1,0,0,1
200600050780,6,9,17,1400,1,1,1,6,4976600,379100,2,2,2,0,1,1,0,60,1,0,1,0,1,0,1,0,1
200600050794,6,9,9,1345,1,1,1,7,4933000,341600,3,2,2,0,1,3,0,60,1,0,1,0,0,0,1,0,1
200600050796,6,9,17,415,3,1,1,6,4927000,312800,2,2,2,0,1,3,0,68,1,0,3,0,0,1,0,0,1
200600050797,6,9,23,2245,5,1,3,6,4941000,313700,3,0,2,0,1,1,0,61,2,0,0,0,2,1,0,0,1
200600050799,6,9,23,1800,1,1,1,6,5001800,359700,3,2,2,0,4,2,0,0,1,0,4,0,0,0,0,1,1
200600050800,6,9,1,1830,1,1,1,1,4940900,225400,4,2,2,0,1,1,0,80,1,5,1,0,1,0,1,0,1
200600050801,6,9,21,1700,1,1,1,1,4942800,204000,4,2,2,0,1,1,0,70,1,0,1,0,1,0,1,0,1
200600050802,6,9,22,1015,1,1,8,7,4941200,204500,3,2,2,0,2,1,0,73,2,0,1,0,0,1,0,0,1
200600050803,6,9,22,815,1,1,1,7,4949200,221500,3,2,2,0,1,1,0,58,1,0,3,0,0,0,0,1,1
200600050804,6,9,9,2230,3,1,1,6,4945800,191600,3,2,2,0,0,2,0,48,1,0,3,0,1,0,0,2,1
200600050806,6,9,12,1045,1,1,1,3,4944000,184000,2,2,2,0,1,1,0,76,1,0,1,0,0,0,2,0,1
200600050807,6,9,14,1630,1,1,1,3,4944800,183000,2,2,2,0,1,1,0,73,1,0,1,0,1,0,0,1,1
200600050809,6,9,24,1800,5,1,2,3,4939100,173800,3,2,2,0,1,1,0,74,2,0,1,3,2,0,1,0,1
200600050822,6,9,27,1345,1,2,1,3,4960800,236800,3,2,0,0,1,1,0,0,1,0,1,0,1,0,1,0,1
200600050829,6,9,27,2000,3,1,1,4,4956700,257900,3,2,2,0,1,1,0,0,1,0,1,0,1,1,1,1,1
200600050834,6,9,22,2215,5,1,1,6,4938400,277100,3,2,2,0,1,1,0,60,1,0,4,0,2,0,0,2,1
200600050835,6,9,27,1245,1,1,1,6,4941300,266000,3,2,2,0,1,1,0,0,1,0,3,0,0,0,1,0,1
200600050837,6,9,4,1445,1,1,1,6,4958500,301600,3,2,2,0,0,1,0,65,1,0,1,0,1,0,0,1,1
200600050842,6,9,15,2115,5,9,1,1,4921300,260800,2,2,2,0,1,1,0,0,1,0,1,0,1,0,1,1,1
200600050843,6,9,19,730,1,1,1,5,4921100,260800,2,2,2,0,1,1,0,45,1,0,1,0,3,0,1,0,1
200600050856,6,9,19,715,2,1,2,3,4952100,117300,3,2,2,0,1,1,0,70,2,0,1,0,0,0,1,1,1
200600050863,6,9,28,1815,1,1,1,3,4947500,76400,3,2,2,0,2,1,0,75,1,0,1,0,2,2,1,0,1
200600050865,6,9,3,2000,2,1,2,1,4957000,44000,4,2,2,0,2,3,0,40,2,0,1,0,0,0,0,3,1
200600050869,6,9,19,1615,1,1,1,6,4979000,174000,3,2,0,0,0,2,0,81,1,0,3,0,0,0,1,0,1
200600050870,6,9,1,1915,1,9,1,3,4958000,160400,3,2,2,0,3,1,0,72,1,0,1,0,1,0,2,0,1
200600050875,6,9,20,1700,1,1,1,3,4948800,172100,3,2,0,0,1,1,0,103,1,0,1,0,0,0,1,1,1
200600050877,6,9,8,1630,1,1,7,1,4968000,78900,3,0,2,0,1,2,0,55,1,0,1,0,1,0,1,0,1
200600050880,6,9,13,1015,1,1,1,6,4899500,104000,3,2,2,0,1,1,0,40,1,0,1,0,1,0,1,0,1
200600050881,6,9,20,1000,1,1,1,2,4893400,98900,3,2,2,0,1,1,0,50,1,0,1,0,1,0,1,0,1
200600050883,6,9,17,1530,1,1,1,1,4888000,129800,3,2,2,0,2,2,0,55,1,0,1,0,0,0,4,0,1
200600050884,6,9,30,530,3,1,1,6,4892700,127200,3,2,2,0,1,1,0,60,1,0,3,0,0,1,0,0,1
200600050892,6,9,13,1330,1,1,1,6,4906900,58700,4,2,0,0,2,2,0,34,1,0,3,0,0,0,1,0,1
200600050893,6,9,14,815,1,9,1,3,4910000,61100,4,2,2,0,0,0,0,0,1,0,1,0,1,0,1,0,1
200600050894,6,9,30,500,3,1,1,6,4908500,58900,9,0,2,0,1,1,40,0,1,0,1,0,1,0,1,0,1
200600050903,6,9,20,1715,1,1,1,6,4916100,118200,2,3,2,3,1,1,40,137,1,0,2,0,0,0,1,0,1
200600050906,6,9,14,1030,1,1,1,1,4912500,139300,4,2,0,0,2,1,0,50,1,0,1,0,1,0,1,0,1
200600050907,6,9,23,1130,1,1,1,1,4914000,129000,4,2,2,0,1,1,0,45,1,0,3,0,2,0,1,0,1
200600050908,6,9,13,1410,1,1,1,1,4932400,114300,3,2,2,0,2,1,0,65,1,0,1,0,1,0,1,0,1
200600050912,6,9,26,830,1,9,1,1,4914400,87300,4,2,2,0,1,3,0,42,2,0,1,0,1,0,0,1,1
200600050915,6,9,12,1715,1,1,1,7,4923800,58500,3,2,2,0,4,2,0,0,9,1,3,0,0,0,1,0,1
200600050916,6,9,7,2055,3,1,1,1,4829700,-163200,3,2,2,0,2,2,0,80,1,0,1,0,1,0,1,0,1
200600050917,6,9,10,1000,1,1,1,3,4833700,-153300,3,2,2,0,2,1,0,0,1,0,1,0,1,0,1,0,1
200600050924,6,9,17,1645,1,1,1,3,4827900,-142100,3,2,2,0,1,2,0,70,1,0,1,0,1,0,1,0,1
200600050926,6,9,24,30,3,1,2,7,4831000,-130800,3,2,0,0,1,1,0,0,2,0,1,0,0,0,2,0,1
200600050927,6,9,30,1445,1,2,3,3,4843100,-161000,3,2,2,0,2,1,0,66,2,0,1,0,1,0,0,1,1
200600050930,6,9,10,530,3,1,1,7,4778600,-182900,4,0,0,0,0,0,50,0,0,0,0,0,0,0,1,1,1
200600050931,6,9,24,830,1,1,1,1,4784700,-171500,3,2,2,0,1,1,0,67,1,0,1,0,0,0,2,0,1
200600050933,6,9,27,1830,1,1,1,5,4773800,-177700,3,2,2,0,1,2,0,54,1,0,1,0,0,0,3,0,1
200600050940,6,9,1,1930,1,1,1,2,4842000,-183900,3,2,0,0,1,1,0,106,1,5,1,0,1,0,1,0,1
200600050941,6,9,12,1330,1,3,1,3,4854400,-180700,3,2,1,0,1,1,0,48,2,0,1,0,1,0,1,0,1
200600050942,6,9,21,1145,1,1,1,3,4841400,-170300,3,2,2,0,0,1,0,0,1,0,0,0,0,0,1,1,1
200600050952,6,9,28,1145,1,1,2,1,4870700,-307000,3,2,2,0,2,3,0,50,2,0,1,0,1,0,1,0,1
200600050961,6,9,3,1130,1,1,1,7,4863400,-365000,4,2,0,0,2,2,0,35,1,0,3,0,0,0,1,0,1
200600050962,6,9,30,1900,1,1,1,2,4884500,-322800,3,2,0,0,1,1,0,53,1,0,1,0,1,0,1,0,1
200600050965,6,9,23,1345,1,1,1,3,4780600,-422800,4,2,2,0,2,1,0,0,1,0,1,0,1,0,1,0,1
200600050967,6,9,1,1900,1,9,1,3,4845000,-426500,3,3,4,3,1,1,18,159,1,5,1,0,1,1,0,0,1
200600050968,6,9,24,330,3,1,8,6,4850200,-421900,5,0,0,0,0,0,0,0,0,0,0,0,3,0,1,0,1
200600050969,6,9,1,2145,3,1,1,1,4855000,-445000,3,2,2,0,0,2,0,55,2,0,1,0,1,0,1,0,1
200600050970,6,9,3,500,3,1,1,6,4858200,-454900,3,2,2,0,0,3,0,74,2,0,1,0,0,0,2,0,1
200600050971,6,9,14,1215,1,1,1,2,4855000,-450500,3,2,2,0,4,1,0,86,1,5,1,0,4,0,1,0,1
200600050974,6,9,13,1900,1,6,1,1,4864300,-370600,3,2,2,0,1,1,0,71,1,0,1,0,1,0,1,0,1
200600050976,6,9,9,745,1,1,1,6,4854700,-384100,4,2,2,0,2,1,0,49,1,0,1,0,0,1,0,0,1
200600050977,6,9,24,1245,1,1,8,7,4848700,-387100,3,2,0,0,1,2,0,70,2,0,3,0,0,1,1,0,1
200600050981,6,9,29,1830,1,1,1,1,4767300,-294700,3,2,2,0,1,1,0,63,1,0,1,0,1,0,1,0,1
200600050982,6,9,5,1345,1,6,1,3,4777700,-352100,3,2,2,0,0,2,0,70,1,5,1,0,0,0,1,1,1
200600050984,6,9,22,1600,1,1,1,1,4785900,-246200,3,2,2,0,1,1,0,62,2,0,1,0,2,0,2,0,1
200600050985,6,9,19,930,1,6,1,1,4807200,-296600,3,2,2,0,1,3,60,0,1,0,1,0,1,0,0,1,1
200600050987,6,9,25,1600,1,1,1,6,4814600,-362500,3,1,0,0,0,3,0,0,1,0,3,0,0,1,0,0,1
200600050989,6,9,2,1200,1,1,1,1,4908400,-14300,3,2,2,0,0,2,0,60,1,0,3,0,1,0,1,0,1
200600050990,6,9,14,1845,1,9,1,5,4915300,-26000,3,2,3,3,1,1,0,106,1,0,1,0,2,1,0,0,1
200600050992,6,9,16,445,3,1,2,6,4900500,-30400,4,2,2,0,1,1,0,50,2,0,1,0,0,0,1,0,1
200600050993,6,9,21,215,5,1,1,1,4912000,-15100,3,3,2,0,2,2,10,60,1,0,1,0,0,1,1,0,1
200600050994,6,9,30,830,1,2,1,3,4908500,-22400,3,2,0,0,1,1,0,65,1,0,1,0,1,0,0,1,1
200600050995,6,9,22,2215,5,1,1,6,4929500,-32800,4,2,2,0,1,1,0,0,1,0,1,0,0,0,1,0,1
200600050998,6,9,2,2015,3,1,1,3,4928800,-73500,3,2,2,0,2,0,0,46,1,0,1,0,4,0,1,1,1
200600050999,6,9,2,15,3,1,1,1,4922900,-90300,3,2,0,0,1,1,0,46,1,0,1,0,0,0,2,1,1
200600051000,6,9,9,1930,1,9,1,3,4922300,-79000,3,2,2,0,0,1,0,70,1,0,0,0,1,0,1,0,1
200600051001,6,9,9,1930,1,1,1,3,4931000,-109100,3,2,2,0,2,1,0,67,1,0,1,0,2,0,3,0,1
200600051003,6,9,19,1845,1,1,1,6,4932100,-93900,3,2,0,0,0,2,46,0,1,0,1,0,1,0,1,0,1
200600051004,6,9,26,1715,1,1,1,5,4892400,-18700,3,2,0,0,1,1,0,72,1,0,1,0,0,0,2,1,1
200600051006,6,9,20,1500,2,1,1,1,4903400,-5600,3,2,2,0,2,2,0,56,1,0,1,0,0,0,2,0,1
200600051007,6,9,20,645,2,1,1,1,4903100,-5300,3,2,2,0,1,3,0,63,0,0,1,0,0,0,2,0,1
200600051008,6,9,7,1830,1,1,1,7,4901000,18400,3,2,0,0,1,2,0,45,1,0,1,0,0,0,1,0,1
200600051011,6,9,20,300,5,1,1,7,4932400,-400,3,1,1,0,2,1,0,40,1,0,4,0,0,0,1,0,1
200600051013,6,9,14,915,1,1,3,1,4886700,-84000,3,2,2,0,2,1,60,0,2,0,1,0,1,0,0,1,1
200600051014,6,9,23,845,1,1,7,6,4884100,-88200,3,2,2,0,3,1,0,50,1,0,1,0,1,0,0,1,1
200600051018,6,9,24,1200,1,1,1,7,4886700,-116600,3,2,1,0,2,1,0,41,1,0,3,0,0,1,0,0,1
200600051021,6,9,29,1945,1,2,1,3,4919700,-119000,3,2,2,0,1,1,0,0,1,0,1,0,1,0,1,0,1
200600051022,6,9,14,730,2,6,2,3,4897200,-94600,3,2,2,0,1,1,0,77,2,5,1,0,1,0,1,0,1
200600051025,6,9,10,1600,1,1,1,3,4869300,-147900,3,2,2,0,1,1,0,56,1,0,1,0,3,0,1,0,1
200600051026,6,9,14,1045,1,1,8,1,4880300,-131900,3,2,2,0,2,4,0,73,2,0,1,0,1,0,1,0,1
200600051027,6,9,17,530,3,1,1,1,4856700,-151700,2,2,2,0,1,1,0,80,1,2,1,0,1,0,1,0,1
200600051028,6,9,26,1015,1,1,7,6,4884200,-122200,3,2,2,0,1,1,0,98,1,0,1,0,2,0,2,0,1
200600051031,6,9,12,545,3,1,1,6,4967600,-185500,3,2,3,0,1,2,0,120,1,0,1,0,0,0,1,0,1
200600051033,6,9,15,1400,1,2,1,3,4951400,-181100,9,2,2,0,1,1,59,0,1,0,0,0,1,0,1,0,1
200600051036,6,9,12,1515,1,1,1,3,4967900,-127200,3,2,2,0,0,1,70,0,1,0,1,0,1,0,1,0,1
200600051038,6,9,23,1215,1,1,1,3,4897900,-148200,3,2,0,0,1,1,0,56,1,0,1,0,1,0,1,0,1
200600051039,6,9,8,1645,1,1,1,7,4913600,-156000,3,2,0,0,0,0,0,65,1,0,0,0,1,0,2,0,1
200600051040,6,9,10,100,3,1,1,6,4923500,-164200,4,2,0,0,0,1,0,0,1,0,3,0,2,0,1,2,1
200600051043,6,9,7,1720,1,1,1,7,4858700,-97100,3,2,2,0,1,1,0,45,1,0,1,0,0,0,1,0,1
200600051044,6,9,20,845,1,1,1,7,4873600,-90700,3,2,2,0,0,4,0,90,1,0,3,0,0,0,1,0,1
200600051049,6,9,23,1515,1,1,1,3,4850900,31400,2,3,0,0,1,1,0,0,1,0,1,0,1,1,0,0,1
200600051052,6,9,9,1115,1,3,1,3,4890800,20900,3,0,2,0,0,0,0,0,1,0,1,0,1,0,1,0,1
200600051058,6,9,20,815,1,1,1,1,4870000,-36200,3,2,2,0,0,1,0,60,1,0,1,3,1,0,1,0,1
200600051061,6,9,13,1745,1,1,2,1,4865500,-50300,4,2,0,0,0,2,0,40,9,0,1,0,0,0,1,1,1
200600051063,6,9,5,1500,1,1,1,1,4873900,64700,3,2,2,0,1,1,0,71,1,0,1,0,0,1,1,0,1
200600051066,6,9,26,1715,1,1,1,6,4729900,-149200,9,2,2,0,1,1,0,60,1,0,1,0,1,0,1,0,1
200600051067,6,9,1,800,1,1,1,3,4689000,-160800,3,2,2,0,0,3,0,58,1,0,1,0,1,0,1,1,1
200600051073,6,9,19,1845,1,1,1,2,4752900,-118200,3,2,0,0,1,1,0,55,1,0,1,0,0,0,1,1,1
200600051078,6,9,10,600,3,1,1,6,4742900,-134500,3,2,2,0,2,1,62,62,1,0,1,0,2,1,0,0,1
200600051079,6,9,23,1130,1,1,1,2,4742400,-129200,3,2,2,0,4,1,0,64,1,0,1,0,0,0,1,2,1
200600051081,6,9,9,1615,1,1,1,3,4776400,-142100,3,2,2,0,0,3,0,64,1,0,1,0,0,1,0,1,1
200600051082,6,9,15,1645,1,2,2,1,4767200,-138000,3,2,0,0,2,1,0,50,2,5,1,0,1,0,1,0,1
200600051083,6,9,16,1100,1,1,1,3,4762400,-137800,3,2,0,0,1,1,0,83,1,0,1,0,0,0,3,0,1
200600051085,6,9,2,930,1,1,1,6,4766700,-177900,3,2,2,0,1,2,0,0,1,0,3,0,0,1,0,0,1
200600051090,6,9,10,645,3,1,1,1,4711000,-159300,3,2,2,0,1,1,0,71,1,0,1,0,1,1,0,0,1
200600051091,6,9,15,745,2,1,1,2,4716000,-160100,9,2,2,1,1,1,0,64,1,0,5,0,1,0,1,0,1
200600051092,6,9,23,2200,5,1,2,6,4715100,-170100,3,2,0,0,1,1,0,0,2,0,1,0,0,0,1,0,1
200600051093,6,9,9,1745,1,1,1,5,4711700,-203000,3,2,2,0,2,1,0,80,1,0,1,0,4,1,3,0,1
200600051095,6,9,9,1630,1,2,1,1,4698700,-190300,3,2,2,0,1,1,0,0,1,5,1,0,1,0,1,1,1
200600051097,6,9,22,1530,1,6,1,6,4722000,-168100,4,2,2,0,1,1,0,60,1,0,1,0,1,0,1,0,1
200600051099,6,9,1,1315,1,1,1,3,4730400,-238500,3,2,2,0,2,1,0,74,1,0,1,0,0,0,2,0,1
200600051100,6,9,5,930,1,2,1,1,4730000,-243300,3,2,2,0,1,0,0,0,1,5,1,0,1,0,1,0,1
200600051105,6,9,26,1630,1,1,1,3,4750700,-212700,3,2,0,0,1,0,27,64,1,5,1,0,1,0,1,0,1
200600051109,6,9,9,1815,1,1,1,2,4742900,-61300,3,2,0,0,2,1,0,32,1,0,3,0,0,0,1,1,1
200600051110,6,9,19,1515,1,1,1,1,4742400,-59300,3,2,2,0,1,1,40,110,1,5,1,0,1,0,1,0,1
200600051112,6,9,24,1350,1,1,2,6,4744700,-15500,4,2,2,0,4,0,0,32,2,0,3,0,0,0,1,0,1
200600051113,6,9,29,1515,1,1,2,6,4749200,-27500,4,2,0,0,1,1,0,43,2,0,3,0,0,1,0,0,1
200600051114,6,9,1,1200,1,1,1,3,4732700,-49700,3,2,2,0,1,1,0,51,1,0,1,0,1,0,0,1,1
200600051115,6,9,6,1800,1,2,7,3,4734000,-42800,3,2,2,0,0,1,0,80,1,5,1,0,1,0,2,0,1
200600051117,6,9,1,2330,5,1,1,7,4751700,-46200,2,3,2,0,2,1,20,70,1,5,1,0,0,0,1,0,1
200600051119,6,9,6,1300,1,1,1,2,4754500,-48700,3,2,2,0,1,1,0,60,1,0,1,0,4,0,1,1,1
200600051121,6,9,9,330,3,1,1,3,4716900,-75400,2,2,2,0,1,1,0,70,1,0,1,0,0,0,2,0,1
200600051122,6,9,22,2230,5,6,1,3,4715000,-106300,3,2,2,0,1,1,0,70,1,5,1,0,2,0,1,0,1
200600051123,6,9,27,1445,1,1,1,6,4720800,-98200,4,2,2,0,1,1,0,85,1,0,1,3,1,0,1,0,1
200600051131,6,9,27,1300,1,1,1,7,4725100,-99000,3,2,2,0,1,0,0,0,1,0,3,0,0,0,1,0,1
200600051132,6,9,9,1815,1,1,1,3,4737300,-23800,4,2,1,0,0,1,0,36,1,5,1,0,1,0,1,0,1
200600051135,6,9,6,1300,1,1,1,6,4756700,-81400,3,2,2,0,1,1,0,0,1,0,1,0,0,0,1,0,1
200600051138,6,9,25,1700,1,1,1,6,4754900,-96700,3,2,0,0,0,1,0,75,0,0,1,0,0,0,1,0,1
200600051140,6,9,25,1700,1,6,3,6,4815000,-39100,9,2,2,0,1,3,0,61,2,0,1,0,1,0,1,0,1
200600051141,6,9,22,1130,1,1,8,7,4783200,-72300,3,2,1,0,1,1,0,65,2,0,3,0,0,0,1,0,1
200600051143,6,9,5,1715,1,1,1,5,4831800,-47700,3,2,2,0,1,3,0,65,1,0,1,0,1,0,1,1,1
200600051144,6,9,9,2355,5,1,1,6,4831300,-60500,2,2,3,0,2,1,0,100,1,0,3,0,0,0,1,0,1
200600051145,6,9,14,1630,1,1,1,1,4817200,-68300,2,2,2,0,0,1,0,103,1,0,1,0,0,0,3,0,1
200600051147,6,9,5,2215,3,1,1,1,4845300,-46600,3,2,2,0,3,1,0,62,1,0,1,0,1,0,1,2,1
200600051148,6,9,17,1800,1,1,1,6,4840500,-10800,3,2,2,0,1,3,0,53,1,0,1,0,0,1,1,0,1
200600051150,6,9,30,1715,1,1,2,6,4848700,-29500,3,2,2,0,1,2,0,45,2,0,4,0,0,0,0,1,1
200600051151,6,9,3,30,3,1,1,7,4794200,34800,3,0,2,0,1,4,0,70,1,0,3,0,1,0,0,4,1
200600051153,6,9,13,815,1,1,1,1,4793600,18600,4,2,0,0,1,1,0,59,1,0,1,3,1,0,0,1,1
200600051157,6,9,8,900,1,1,1,3,4801500,28400,3,4,0,0,1,3,0,100,1,5,1,0,1,0,1,0,1
200600051162,6,9,7,2115,3,1,1,1,4787700,50800,3,2,2,0,1,1,0,63,1,0,1,0,0,0,1,1,1
200600051166,6,9,3,915,1,1,2,1,4826700,44800,3,2,2,0,0,2,0,74,2,0,1,0,1,0,1,0,1
200600051169,6,9,16,1155,1,2,1,5,4819400,42100,3,2,2,0,0,1,16,105,1,0,1,0,1,0,3,0,1
200600051172,6,9,30,1800,1,6,1,6,4819300,63600,3,2,2,0,2,1,0,100,8,0,1,0,1,0,1,0,1
200600051173,6,9,9,530,5,1,1,2,4838500,8900,2,2,3,0,2,1,19,144,1,0,1,0,0,2,0,1,1
200600051174,6,9,27,645,2,1,1,6,4831500,13700,3,2,2,0,1,1,72,0,1,0,1,0,0,0,1,0,1
200600051178,6,9,20,1410,1,1,7,6,4642000,-96000,3,2,2,0,0,2,0,65,1,0,3,0,0,0,1,0,1
200600051179,6,9,9,1150,1,1,1,7,4648200,-122000,3,2,0,0,1,0,0,0,1,4,1,0,0,0,1,0,1
200600051180,6,9,11,1730,1,1,1,3,4640100,-119300,3,2,0,0,0,1,0,63,1,0,1,0,1,1,0,0,1
200600051181,6,9,15,1755,1,1,3,1,4640500,-118500,3,2,1,0,1,0,0,0,2,0,1,0,0,0,1,1,1
200600051182,6,9,19,1730,1,2,1,1,4647200,-115200,3,2,2,0,1,1,0,100,0,0,1,0,0,0,1,2,1
200600051184,6,9,9,1200,1,2,1,3,4664600,-73000,3,2,2,0,2,1,0,80,1,5,1,0,1,0,2,0,1
200600051193,6,9,10,2130,3,2,1,3,4681100,-188100,3,2,2,0,1,3,0,80,1,5,1,0,1,0,1,0,1
200600051194,6,9,11,2050,3,1,1,1,4677300,-193000,3,2,2,0,1,1,0,62,1,0,1,0,0,0,1,1,1
200600051204,6,9,19,1130,1,1,1,1,4525200,-62500,3,2,2,0,1,1,0,72,1,0,1,0,1,0,1,0,1
200600051206,6,9,8,915,1,9,1,1,4492500,-44700,3,2,2,0,1,1,0,76,1,0,1,0,1,0,1,0,1
200600051209,6,9,15,1200,1,3,8,3,4475500,-54700,2,2,2,0,1,1,35,68,1,5,1,3,0,0,2,1,1
200600051210,6,9,8,630,1,1,1,1,4459800,-32700,3,2,2,0,0,1,0,50,1,0,3,0,1,0,1,0,1
200600051211,6,9,5,815,1,1,1,1,4502300,-44600,2,2,0,0,1,1,0,80,1,0,1,0,1,0,1,0,1
200600051212,6,9,5,1915,1,1,1,1,4497000,-45400,4,2,0,0,1,1,0,0,1,0,1,0,0,0,1,1,1
200600051213,6,9,14,1715,1,1,1,3,4454900,-25100,9,2,2,0,1,1,0,0,1,0,1,3,1,0,1,0,1
200600051215,6,9,12,1130,1,1,1,3,4441900,-21900,3,2,3,3,1,1,10,147,1,5,1,0,1,0,1,0,1
200600051216,6,9,5,830,1,1,7,6,4443700,-45900,3,2,2,0,1,1,0,62,1,0,1,0,1,0,1,0,1
200600051217,6,9,14,1015,1,1,2,6,4435900,-45000,3,2,2,0,1,2,0,46,2,0,3,0,0,1,0,0,1
200600051219,6,9,8,815,3,2,1,3,4521400,-78100,3,2,0,0,1,1,53,0,1,5,1,0,1,0,1,1,1
200600051222,6,9,23,1130,1,1,1,5,4485000,-4900,3,2,0,0,2,1,0,70,1,5,1,0,4,0,1,0,1
200600051224,6,9,15,1830,3,1,3,6,4488100,-8900,3,0,0,0,1,0,0,46,2,0,1,0,0,0,1,0,1
200600051225,6,9,13,1630,1,1,1,3,4499300,-17000,3,2,2,0,3,3,0,66,1,0,1,0,1,0,0,1,1
200600051227,6,9,4,645,1,1,1,3,4499500,-36900,3,3,2,0,1,0,0,70,1,0,1,0,1,0,1,0,1
200600051231,6,9,29,900,1,1,1,6,4515000,52800,9,2,0,0,1,1,0,60,1,5,1,3,1,0,1,0,1
200600051233,6,9,19,815,1,2,1,5,4520000,89300,4,2,2,0,0,1,0,54,1,0,1,3,3,0,3,0,1
200600051234,6,9,28,745,1,1,1,1,4531100,98100,4,2,0,0,0,2,0,40,1,0,1,0,1,0,1,0,1
200600051236,6,9,9,945,1,1,1,6,4480800,73300,3,2,1,0,1,2,0,61,1,0,1,0,1,0,1,0,1
200600051239,6,9,17,500,3,1,1,6,4541200,119700,3,2,2,0,1,3,0,54,1,0,3,0,2,0,3,1,1
200600051240,6,9,20,1100,1,3,1,3,4544400,93300,2,2,2,0,4,2,0,75,1,0,1,0,1,0,1,0,1
200600051241,6,9,10,1045,1,1,1,6,4530800,34800,3,2,2,0,1,1,0,50,1,0,1,0,1,0,1,0,1
200600051242,6,9,26,1800,1,2,1,3,4523500,26400,3,2,2,0,3,1,0,64,1,0,1,0,1,0,1,1,1
200600051243,6,9,10,1800,1,1,1,6,4503300,35000,3,0,0,0,0,1,0,0,1,0,1,0,1,0,1,0,1
200600051245,6,9,3,1745,1,1,1,6,4496500,125100,3,2,2,0,1,2,0,0,1,0,0,0,0,0,1,0,1
200600051247,6,9,17,1800,1,1,1,6,4488400,137500,3,2,2,0,1,3,0,60,1,0,3,0,0,1,1,0,1