Num_Acc,an,mois,jour,hrmn,lum,int,atm,col,lat,long,catr,circ,nbv,vosp,prof,plan,lartpc,larrout,surf,infra,situ,env1,unscathed,killed,hospital,light,chance
200600051253,6,9,3,1830,1,1,7,3,4393100,-67600,3,2,2,0,1,2,0,58,1,0,1,0,3,0,2,0,1
200600051257,6,9,17,600,5,1,2,6,4355100,-111200,2,0,2,0,1,1,0,120,2,0,4,0,0,0,1,0,1
200600051258,6,9,16,1800,1,1,2,6,4359300,-92100,3,2,2,0,1,3,0,60,2,2,1,0,0,0,1,0,1
200600051265,6,9,27,1800,1,1,1,1,4432800,-77800,2,2,2,0,2,4,0,75,1,0,1,0,1,0,1,0,1
200600051268,6,9,28,1245,1,1,1,3,4372500,-39400,3,2,0,0,1,1,0,56,1,5,1,0,1,1,0,0,1
200600051269,6,9,16,945,1,1,3,1,4386900,-30700,3,2,2,0,1,2,0,79,2,0,1,0,0,0,3,0,1
200600051270,6,9,30,915,1,1,1,7,4401700,-26600,3,2,2,0,2,4,0,75,1,0,3,0,0,1,0,0,1
200600051277,6,9,1,1030,1,9,1,3,4425100,41300,2,2,2,0,1,1,0,73,1,0,1,0,2,1,1,0,1
200600051278,6,9,6,1445,1,1,1,6,4424500,46300,2,2,0,0,1,1,0,108,1,0,3,0,0,3,1,0,1
200600051279,6,9,27,815,1,1,7,2,4432400,50600,3,2,2,0,1,1,0,45,1,0,1,0,0,0,0,3,1
200600051280,6,9,5,745,1,1,1,1,4414900,79700,2,2,2,0,2,3,0,100,1,0,1,0,1,0,1,0,1
200600051282,6,9,14,1815,1,1,2,1,4451400,19300,3,2,2,0,1,1,0,70,2,0,1,0,1,0,1,1,1
200600051283,6,9,17,830,1,1,7,6,4451200,16600,9,2,2,0,0,1,0,0,1,0,3,0,1,0,1,0,1
200600051284,6,9,19,900,1,1,1,6,4450200,16700,9,2,2,0,0,1,0,0,1,0,1,0,1,0,1,0,1
200600051288,6,9,13,1830,1,1,2,6,4455800,23900,3,2,2,0,1,2,0,50,2,0,3,0,0,0,0,2,1
200600051289,6,9,20,1930,1,1,1,7,4457200,31000,3,2,2,0,2,3,0,54,1,0,1,0,0,0,1,0,1
200600051293,6,9,4,1015,1,1,1,1,4444700,87400,3,2,2,0,1,3,0,73,1,0,1,0,1,1,0,0,1
200600051296,6,9,19,745,3,1,1,6,4464600,56600,3,2,2,0,2,2,0,50,1,0,3,0,0,1,0,0,1
200600051301,6,9,11,700,1,1,1,1,4337000,-38000,2,2,0,0,1,1,0,107,1,0,1,0,0,1,1,0,1
200600051304,6,9,7,1845,2,1,1,5,4323400,-25700,3,2,2,0,1,1,72,0,1,0,1,0,1,1,2,1,1
200600051305,6,9,12,2000,3,1,3,5,4347800,-144200,3,2,0,0,2,2,0,85,2,0,1,0,0,0,3,0,1
200600051306,6,9,12,2130,3,1,2,6,4350500,-132600,3,2,2,0,1,3,0,63,2,0,3,0,1,1,0,0,1
200600051309,6,9,13,845,1,1,1,3,4336200,-154800,3,2,2,0,2,1,0,57,1,0,1,3,1,0,1,0,1
200600051311,6,9,14,700,2,1,3,3,4334500,-140100,3,2,2,0,1,1,0,66,2,0,1,0,2,1,0,0,1
200600051312,6,9,2,345,3,1,2,6,4317000,-54000,2,2,0,0,1,1,0,0,2,0,3,0,0,0,0,1,1
200600051313,6,9,3,1730,1,1,1,5,4348400,-74500,2,2,2,0,1,1,0,75,1,0,1,0,2,0,1,1,1
200600051314,6,9,11,1630,1,1,1,6,4346000,-72000,3,2,2,0,1,1,12,62,1,0,3,3,0,0,1,0,1
200600051316,6,9,29,2330,3,1,1,6,4349000,-68000,3,3,2,0,1,2,0,60,1,0,3,0,1,0,0,1,1
200600051319,6,9,6,1945,1,1,1,6,4638700,21900,2,3,2,0,2,1,20,75,1,0,3,0,0,0,1,0,1
200600051324,6,9,19,1215,1,2,2,3,4679100,17900,3,2,1,0,2,3,0,57,2,0,1,0,3,0,1,0,1
200600051328,6,9,10,500,3,9,1,6,4694900,29700,4,0,0,0,0,0,0,0,0,0,0,0,3,0,1,0,1
200600051334,6,9,8,1315,1,1,1,1,4548800,-15600,3,2,2,0,1,1,0,52,1,0,1,3,4,0,1,0,1
200600051336,6,9,25,1815,1,1,1,2,4547800,-15500,3,2,2,0,2,1,0,55,1,0,1,0,1,0,1,0,1
200600051337,6,9,2,130,3,1,1,2,4582000,44000,2,3,4,0,2,1,10,70,1,2,1,0,2,1,0,0,1
200600051338,6,9,1,2045,2,1,1,6,4580000,35000,3,2,0,0,0,1,0,41,1,0,0,0,0,0,1,0,1
200600051344,6,9,16,1300,1,1,2,3,4567000,3900,3,2,2,0,1,3,0,54,2,0,1,0,0,0,2,1,1
200600051351,6,9,11,1600,1,2,1,5,4623000,-87000,3,4,0,0,2,1,0,115,1,0,1,0,0,1,2,0,1
200600051352,6,9,17,1815,1,9,1,6,4621000,-151900,3,2,2,0,1,1,0,0,1,0,3,0,1,0,1,0,1
200600051356,6,9,19,815,1,1,1,6,4589700,-100700,4,2,2,0,1,1,0,53,1,0,3,0,0,0,1,0,1
200600051358,6,9,24,230,3,1,1,3,4596400,-130000,3,2,2,0,0,3,0,0,2,2,1,0,4,0,1,0,1
200600051370,6,9,7,1945,2,1,1,3,4563500,-51200,3,2,2,0,1,1,0,44,1,5,1,0,1,0,2,1,1
200600051374,6,9,6,1830,1,1,7,2,4597800,-22500,3,2,2,0,1,2,0,63,1,0,1,0,1,0,1,0,1
200600051375,6,9,22,2130,4,1,1,1,4602400,-34600,4,2,0,0,1,1,0,60,1,0,1,0,1,0,1,0,1
200600051378,6,9,12,1955,1,1,1,1,4647100,-36900,3,2,3,0,1,1,0,100,1,0,1,0,1,1,0,0,1
200600051379,6,9,16,1530,1,1,2,1,4615000,-46000,3,2,1,0,1,1,60,60,2,0,1,0,1,0,0,1,1
200600051384,6,9,18,945,1,2,1,3,4619900,-16900,3,2,2,0,1,1,0,78,1,5,1,0,1,0,1,0,1
200600051385,6,9,15,1400,1,1,2,7,4613300,9400,3,2,2,0,1,3,0,0,2,0,1,0,0,0,1,0,1
200600051386,6,9,17,1600,1,1,1,6,4606300,1200,3,2,0,0,1,1,0,0,1,0,3,0,1,1,0,0,1
200600051387,6,9,19,930,3,1,2,6,4613100,-8700,3,2,2,0,1,1,0,63,2,0,3,0,1,0,2,0,1
200600051389,6,9,10,1,3,1,1,7,4662800,-32100,3,2,2,0,2,3,0,65,1,0,3,0,0,0,1,0,1
200600051391,6,9,24,1700,1,1,3,7,4678000,-21900,3,2,2,0,1,1,30,77,2,0,1,0,0,0,1,0,1
200600051392,6,9,19,1215,1,1,1,7,4660000,-41700,3,2,2,0,1,1,0,63,2,0,3,0,0,0,1,0,1
200600051393,6,9,9,2000,1,1,1,6,4578900,112700,3,2,0,0,2,2,0,60,1,0,3,0,0,0,1,0,1
200600051397,6,9,23,1830,1,1,3,3,4577300,153800,3,2,2,0,2,3,0,72,2,0,1,0,0,0,3,0,1
200600051398,6,9,5,2200,3,1,1,7,4583400,148200,3,2,2,0,1,2,0,56,0,0,3,0,0,1,0,0,1
200600051399,6,9,23,2000,3,1,2,6,4555000,113000,3,2,2,0,2,3,0,62,2,0,3,0,0,0,3,0,1
200600051400,6,9,23,2315,3,1,1,7,4562600,98400,2,2,2,0,3,1,0,76,2,0,3,0,0,1,1,0,1
200600051402,6,9,16,1815,1,1,1,1,4603500,133700,3,2,0,0,0,1,0,56,1,0,1,0,1,0,1,0,1
200600051403,6,9,22,2330,3,1,1,7,4599200,103700,3,2,2,0,4,2,0,0,1,0,0,0,1,0,1,0,1
200600051404,6,9,10,530,5,1,1,6,4573000,88000,3,2,2,0,1,1,0,70,1,0,3,0,0,1,0,0,1
200600051405,6,9,5,1100,1,1,1,1,4528800,162200,3,2,2,0,1,3,0,54,1,0,1,0,1,0,1,0,1
200600051407,6,9,1,1900,2,3,7,5,4546900,151700,3,2,2,0,3,3,0,71,1,5,1,0,1,0,3,0,1
200600051412,6,9,4,415,3,1,1,7,4519200,148700,1,1,2,0,2,2,0,32,1,3,1,0,0,0,0,1,1
200600051413,6,9,4,1000,1,1,1,3,4538900,140000,3,0,0,0,1,1,0,0,1,0,1,0,1,0,1,0,1
200600051414,6,9,2,445,3,1,1,6,4636400,199000,3,2,1,0,2,2,1,62,1,0,1,0,0,0,1,1,1
200600051415,6,9,29,1600,1,1,1,1,4634900,222700,3,2,2,0,2,3,0,60,1,0,1,0,1,0,1,0,1
200600051416,6,9,8,1930,1,1,1,2,4621100,199700,2,2,0,0,1,1,0,61,1,0,1,3,1,0,1,0,1
200600051417,6,9,28,1130,1,1,1,3,4594700,207700,3,2,2,0,1,1,0,65,1,0,1,0,0,0,1,2,1
200600051418,6,9,8,1530,1,1,1,7,4627000,238000,2,2,2,0,0,1,0,72,1,0,3,0,0,0,2,0,1
200600051419,6,9,24,1745,2,1,3,5,4624600,248600,3,2,2,0,0,4,0,57,2,0,1,0,1,1,1,0,1
200600051420,6,9,15,1800,1,1,2,1,4594000,165100,3,2,2,0,1,3,0,76,2,0,1,0,0,0,1,2,1
200600051421,6,9,3,1630,1,1,1,7,4581600,189500,3,2,2,0,1,2,0,60,1,0,1,0,0,0,1,1,1
200600051422,6,9,3,1100,1,1,1,5,4349500,144100,3,2,2,0,1,1,0,63,1,0,1,0,1,0,1,2,1
200600051424,6,9,13,2000,5,1,1,6,4370600,122200,4,2,2,0,2,1,0,35,1,0,3,0,0,0,1,0,1
200600051427,6,9,23,1730,1,1,1,3,4356700,128900,3,2,0,0,1,1,0,68,1,0,1,0,0,0,3,0,1
200600051428,6,9,22,2000,3,1,2,6,4353000,140100,2,3,4,0,1,1,20,350,2,5,1,0,1,0,1,0,1
200600051429,6,9,29,415,5,1,1,3,4355200,147400,3,2,2,0,1,1,0,105,1,0,1,0,1,0,1,0,1
200600051430,6,9,19,1445,1,1,1,7,4368300,140800,3,2,2,0,1,1,0,50,1,0,1,0,1,0,1,0,1
200600051432,6,9,3,815,1,1,1,1,4347000,127400,3,2,0,0,1,1,0,61,1,0,1,0,1,1,0,0,1
200600051434,6,9,17,845,1,1,8,7,4346400,137000,3,2,2,0,1,1,0,60,2,0,3,0,0,1,1,0,1
200600051436,6,9,5,1130,1,1,1,1,4343800,144400,4,2,0,0,1,1,0,60,1,0,1,0,1,0,0,1,1
200600051437,6,9,30,1715,1,1,1,3,4335600,148400,3,2,1,0,2,1,60,0,1,0,1,3,1,0,0,1,1
200600051438,6,9,30,1645,1,1,1,7,4336200,148700,3,2,0,0,0,2,60,0,1,0,3,0,0,0,0,1,1
200600051439,6,9,5,1045,1,1,1,2,4336200,127500,3,2,0,3,1,1,0,80,1,5,1,0,0,0,2,0,1
200600051440,6,9,4,45,3,1,1,6,4316600,112000,3,2,2,0,1,3,0,60,1,0,3,0,0,0,1,0,1
200600051441,6,9,25,1645,1,1,1,3,4322000,108700,3,2,2,0,1,1,0,60,1,0,1,0,0,0,2,0,1
200600051442,6,9,1,1615,1,1,1,1,4302000,61000,3,0,2,0,0,1,0,62,1,0,1,0,1,1,0,1,1
200600051444,6,9,20,1200,1,1,1,6,4304200,71500,4,0,0,0,4,1,30,0,0,0,3,0,0,1,0,0,1
200600051445,6,9,27,1745,1,1,1,1,4341400,170700,2,2,2,0,1,1,0,74,1,0,1,0,1,0,1,0,1
200600051446,6,9,2,1315,1,9,1,6,4346300,157600,3,2,2,0,1,1,90,90,1,5,0,0,2,0,1,0,1
200600051447,6,9,25,945,1,1,8,6,4346000,161600,3,2,2,0,1,2,0,80,2,0,3,0,0,0,1,0,1
200600051451,6,9,29,2030,3,1,1,3,4308400,165300,3,2,2,0,1,3,0,56,1,0,1,0,0,0,1,1,1
200600051452,6,9,18,1445,1,1,2,6,4310300,144700,3,2,0,0,1,3,0,72,2,0,3,0,0,0,1,0,1
200600051455,6,9,3,1915,1,1,1,7,4424000,275300,3,2,0,0,2,2,0,72,1,0,1,0,1,0,1,0,1
200600051456,6,9,26,1715,1,9,1,3,4438400,245500,3,2,2,0,2,1,0,112,1,5,1,0,3,0,1,0,1
200600051458,6,9,11,1145,1,2,1,3,4404800,248900,3,2,2,0,4,1,0,65,1,0,1,0,2,0,1,1,1
200600051460,6,9,13,1800,1,1,8,5,4458100,265100,3,2,2,0,1,3,0,68,2,2,1,0,2,0,1,2,1
200600051464,6,9,15,1530,1,1,3,5,4442900,212500,3,2,2,0,1,1,0,0,2,0,1,0,1,0,3,0,1
200600051465,6,9,19,1245,1,1,1,6,4435700,203200,4,2,2,0,2,3,0,55,1,0,3,3,1,0,1,0,1
200600051466,6,9,23,1200,1,1,2,1,4434200,204900,3,2,3,0,2,3,0,105,2,0,1,0,0,1,2,1,1
200600051467,6,9,12,1800,1,1,2,6,4361300,96100,2,2,2,0,1,1,0,60,2,0,3,0,2,0,1,0,1
200600051473,6,9,2,1945,1,1,1,7,4378400,-5500,3,2,2,0,2,2,0,46,1,0,3,0,0,0,1,0,1
200600051474,6,9,13,530,3,1,1,6,4377500,13200,2,2,2,0,1,2,0,71,1,0,3,0,0,0,1,0,1
200600051475,6,9,1,2000,2,1,1,2,4392700,62400,2,2,0,0,1,1,0,0,1,0,1,0,1,0,1,0,1
200600051478,6,9,1,2100,3,1,1,6,4457200,112300,3,2,2,0,2,2,0,60,1,0,3,0,0,0,1,0,1
200600051479,6,9,3,630,2,1,1,6,4448200,128900,3,2,2,0,1,1,0,65,1,2,1,0,1,0,0,1,1
200600051480,6,9,4,1445,1,1,1,6,4452200,101300,3,2,2,0,1,1,0,57,1,0,3,0,0,0,1,0,1
200600051482,6,9,19,1600,1,1,1,6,4478100,172800,9,2,0,0,0,1,0,61,1,0,0,0,1,0,0,1,1
200600051483,6,9,22,1800,1,1,2,1,4494900,165100,3,2,1,0,2,1,0,63,2,0,3,0,0,1,1,0,1
200600051484,6,9,8,1315,1,1,1,3,4489700,147900,3,2,0,0,1,3,0,50,1,0,1,0,1,0,1,0,1
200600051487,6,9,20,1515,1,1,1,2,4354600,-1500,3,2,2,0,1,1,0,68,1,0,1,0,1,0,0,1,1
200600051489,6,9,23,2030,3,1,1,3,4308600,16600,3,2,2,0,2,3,0,69,1,0,1,0,1,1,0,0,1
200600051493,6,9,1,1145,1,1,1,3,4361900,209900,3,2,0,0,1,1,0,61,0,0,1,0,1,0,1,0,1
200600051494,6,9,5,400,3,1,1,1,4370900,179800,3,2,2,0,1,1,0,0,1,0,1,0,2,1,0,0,1
200600051497,6,9,28,1630,1,1,1,5,4389100,190800,3,2,2,0,0,1,0,81,1,0,1,0,1,0,1,1,1
200600051498,6,9,4,1115,1,1,1,3,4389400,170100,3,2,2,0,1,3,0,50,1,0,1,0,0,0,1,1,1
200600051499,6,9,23,1800,1,1,1,4,4379600,175900,3,2,2,0,3,1,0,70,1,2,1,0,2,1,0,0,1
200600051501,6,9,22,500,2,1,6,6,4352500,207500,3,2,2,0,1,2,0,117,9,0,3,0,0,0,2,0,1
200600051502,6,9,17,1415,1,1,1,3,4417900,162100,4,2,2,0,1,1,0,40,1,0,1,0,1,0,2,0,1
200600051504,6,9,25,1037,1,1,1,1,4423000,148500,3,2,0,0,2,3,0,60,2,0,1,0,3,0,1,0,1
200600051509,6,9,23,1845,2,1,1,6,4405900,164700,4,2,2,0,1,1,0,37,1,0,1,0,1,0,1,0,1
200600051511,6,9,15,1830,1,1,1,3,4386000,98500,4,0,0,0,3,3,0,47,1,0,1,0,0,0,1,1,1
200600051512,6,9,22,1345,1,1,2,6,4394500,109500,3,2,2,0,1,3,0,64,2,0,1,0,0,0,1,0,1
200600051513,6,9,27,1000,1,1,1,6,4403700,85100,3,2,2,0,1,1,0,60,1,0,3,0,0,0,1,0,1
200600051521,6,9,20,1600,1,1,1,7,4574100,502700,3,2,2,0,1,1,0,54,1,0,5,0,0,0,1,0,1
200600051530,6,9,14,1300,1,1,1,6,4568400,479000,6,1,0,0,1,3,0,0,1,0,1,0,1,0,1,0,1
200600051531,6,9,20,1830,1,4,1,3,4572400,477300,3,2,2,0,2,1,0,0,1,0,1,0,1,0,1,0,1
200600051532,6,9,5,1930,2,1,1,3,4565200,501300,3,2,2,0,1,1,7,0,1,0,1,0,1,0,1,0,1
200600051533,6,9,28,1845,1,1,1,1,4570000,507800,3,2,1,0,2,1,0,0,1,0,0,0,1,0,1,0,1
200600051545,6,9,6,1600,1,1,1,3,4574400,468800,3,2,0,0,2,1,0,0,1,0,0,0,1,0,1,0,1
200600051546,6,9,9,15,3,1,1,1,4567000,463000,3,2,2,0,0,3,0,65,1,0,1,0,1,0,2,0,1
200600051558,6,9,9,1915,1,1,1,3,4612300,467000,3,2,0,0,1,1,0,74,1,0,1,0,1,0,1,0,1
200600051559,6,9,15,1000,1,1,2,1,4611200,474300,3,2,2,0,1,1,0,0,2,0,1,3,0,0,1,1,1
200600051560,6,9,18,1245,1,1,1,3,4607900,464700,3,0,0,0,0,1,0,0,1,5,1,0,0,0,0,3,1
200600051563,6,9,30,445,3,9,1,6,4589000,446200,4,0,1,0,0,2,0,60,1,2,1,0,0,0,1,0,1
200600051567,6,9,28,1630,1,1,1,6,4603200,431400,4,2,2,0,1,1,0,88,1,0,4,0,0,1,0,0,1
200600051579,6,9,4,1330,1,1,1,7,4599300,579400,4,2,2,0,2,1,0,45,1,0,1,0,0,0,1,0,1
200600051589,6,9,27,1830,1,1,1,3,4630100,607500,3,2,2,0,1,1,0,70,1,5,1,0,1,0,1,0,1
200600051594,6,9,5,1745,1,1,1,1,4613900,492700,3,2,2,0,2,1,0,65,1,5,1,0,0,0,1,1,1
200600051608,6,9,18,1115,1,1,1,3,4468900,466600,3,3,2,0,2,2,0,64,1,0,1,0,2,0,1,0,1
200600051609,6,9,26,1445,1,1,1,1,4481100,478400,9,0,0,0,0,0,0,0,0,0,0,0,1,0,1,0,1
200600051611,6,9,2,1700,1,1,1,1,4483000,403100,3,2,2,0,1,3,0,72,1,0,1,0,1,0,1,0,1
200600051612,6,9,17,730,2,1,1,6,4473100,400900,2,2,2,0,0,3,0,60,1,0,1,0,0,0,1,0,1
200600051614,6,9,23,1000,1,1,8,6,4438500,437400,3,2,2,0,0,1,0,61,9,0,3,0,0,0,1,0,1
200600051617,6,9,9,900,1,1,1,6,4493800,448500,3,2,2,0,0,1,0,0,1,0,1,0,1,0,1,0,1
200600051618,6,9,29,1100,1,1,1,3,4491300,465300,3,2,2,0,1,1,0,68,1,0,1,0,1,0,1,0,1
200600051622,6,9,3,1200,1,1,1,1,4472200,501100,3,2,2,0,1,1,0,0,1,0,1,0,0,1,0,2,1
200600051624,6,9,15,1800,1,1,2,3,4474600,489700,3,2,0,0,0,1,0,0,2,0,1,0,2,0,0,1,1
200600051625,6,9,28,1945,2,1,1,5,4476000,476200,2,2,2,0,1,1,0,70,1,0,1,0,0,2,1,1,1
200600051628,6,9,3,1130,1,1,1,6,4449400,475300,2,2,1,0,3,1,34,80,1,0,3,0,0,1,1,0,1
200600051629,6,9,6,1430,1,3,1,3,4449900,474400,3,2,2,0,4,1,0,70,1,0,1,0,2,0,1,0,1
200600051636,6,9,1,2300,3,1,1,1,4507900,506900,3,2,0,0,1,2,0,70,1,0,1,0,1,0,2,0,1
200600051637,6,9,12,1215,1,1,1,2,4527200,482500,2,2,2,0,1,1,0,0,1,0,1,0,1,0,1,0,1
200600051644,6,9,10,1200,1,1,1,1,4513300,570700,9,1,1,1,1,1,0,0,1,0,5,0,1,0,0,1,1
200600051650,6,9,2,2300,3,1,1,6,4532400,596600,3,2,2,0,0,1,0,70,1,0,1,0,2,0,0,1,1
200600051652,6,9,13,1715,1,1,1,1,4537000,600900,3,2,2,0,1,1,0,70,1,0,1,0,1,0,1,0,1
200600051662,6,9,28,815,1,1,1,7,4533000,556500,3,1,1,0,1,1,0,40,1,0,4,3,1,0,1,0,1
200600051663,6,9,29,1215,1,1,1,6,4535300,549400,4,2,2,0,2,2,0,49,1,0,1,0,0,0,1,0,1
200600051668,6,9,15,1345,1,1,1,1,4517200,536700,3,2,2,0,1,4,0,82,2,0,1,0,0,0,3,0,1
200600051669,6,9,21,1730,1,1,1,6,4531100,549700,4,2,2,0,2,1,0,50,1,0,1,0,0,0,2,0,1
200600051673,6,9,11,1000,1,1,1,3,4578000,544000,3,0,2,0,1,1,0,100,1,0,1,0,1,0,2,0,1
200600051675,6,9,25,1730,1,1,1,5,4562500,554100,3,2,2,0,1,3,0,74,2,0,1,0,2,0,1,0,1
200600051681,6,9,5,1700,1,1,1,3,4546100,484400,3,2,1,0,1,2,0,0,1,5,1,0,0,0,2,1,1
200600051683,6,9,24,1730,1,1,2,3,4550600,501200,3,2,2,3,1,1,37,140,2,5,1,0,0,0,0,2,1
200600051685,6,9,28,815,1,1,1,5,4539700,528100,3,2,2,0,3,1,0,0,1,0,1,0,1,0,0,3,1
200600051686,6,9,29,845,1,1,1,1,4536800,514000,3,4,2,0,3,3,0,60,1,0,1,0,0,0,0,2,1
200600051689,6,9,23,100,3,1,2,7,4556400,497300,3,0,0,0,0,0,0,0,0,0,0,0,0,0,1,0,1
200600051691,6,9,13,1,5,2,1,3,4573900,518800,3,2,2,0,1,1,0,72,1,5,1,0,1,1,0,0,1
200600051692,6,9,15,2100,5,3,1,3,4579800,517400,4,2,0,0,1,1,0,50,1,0,1,0,0,0,1,1,1
200600051693,6,9,27,1215,1,1,1,3,4575100,516800,3,2,1,0,1,1,0,0,1,0,1,0,1,0,1,0,1
200600051694,6,9,4,2245,3,1,1,7,4531000,478000,4,2,0,0,0,0,0,0,1,0,3,0,0,0,1,0,1
200600051695,6,9,13,1800,1,1,1,3,4532500,480800,2,0,3,0,1,1,0,0,1,0,1,0,1,0,0,2,1
200600051696,6,9,20,1330,1,1,1,1,4537100,480200,2,2,2,0,1,1,0,0,1,0,1,0,1,0,1,0,1
200600051701,6,9,16,1915,2,1,1,6,4536900,443400,3,2,2,0,1,3,0,0,2,0,0,0,0,0,2,0,1
200600051703,6,9,9,1615,1,1,1,6,4548300,430800,3,2,2,0,1,2,0,65,1,0,3,0,0,1,0,0,1
200600051705,6,9,13,1500,1,1,1,1,4549300,433100,2,2,2,0,0,1,15,12,0,5,1,0,0,0,2,1,1
200600051709,6,9,3,1430,1,1,1,1,4581200,372700,3,2,2,0,1,3,0,62,1,0,1,0,0,0,2,2,1
200600051711,6,9,24,300,3,1,1,6,4574200,408900,3,2,0,0,1,1,0,0,1,0,1,0,1,1,0,0,1
200600051721,6,9,20,1700,1,1,1,7,4548500,457900,3,2,1,0,2,1,0,66,1,0,1,0,0,1,0,0,1
200600051722,6,9,2,1645,1,1,1,3,4543600,467200,3,3,0,0,0,3,0,47,1,0,1,0,2,0,2,0,1
200600051725,6,9,1,1745,1,1,1,3,4615500,425000,3,2,2,0,0,1,0,78,1,5,1,0,1,0,3,0,1
200600051727,6,9,24,545,3,1,1,6,4617400,423300,3,2,2,0,2,1,0,48,1,0,3,0,0,1,0,0,1
200600051728,6,9,6,1730,1,1,7,1,4603500,393200,9,2,2,0,2,1,0,63,1,0,1,0,1,0,1,0,1
200600051729,6,9,10,645,2,1,1,1,4610000,398900,2,2,2,0,1,3,0,70,1,0,1,0,0,0,2,1,1
200600051732,6,9,7,1415,1,1,1,7,4574300,614100,3,2,2,0,4,2,0,0,8,2,1,0,0,0,0,1,1
200600051736,6,9,29,2130,3,1,1,1,4562500,586200,3,2,2,0,0,3,0,65,1,0,1,0,0,0,2,0,1
200600051741,6,9,7,800,1,1,1,7,4565800,643300,2,3,4,0,0,1,31,140,1,0,0,0,1,0,1,0,1
200600051742,6,9,13,1700,1,1,1,1,4580900,649800,2,2,2,0,2,1,0,121,1,5,1,0,1,0,1,0,1
200600051743,6,9,16,545,3,1,1,6,4566300,642900,2,3,4,0,1,1,15,100,1,0,1,0,0,0,1,0,1
200600051745,6,9,9,630,2,1,1,1,4594700,611900,2,1,0,0,2,1,0,0,1,0,1,0,0,0,1,1,1
200600051768,6,9,25,1130,1,3,2,3,4606900,586200,1,1,2,0,1,1,0,73,2,5,0,0,1,0,2,0,1
200600051769,6,9,13,15,5,1,1,6,4626600,635400,3,2,2,0,0,1,0,56,1,0,1,0,1,1,2,1,1
200600051770,6,9,14,1345,1,1,2,3,4626300,632100,2,2,2,0,1,1,0,123,2,0,1,0,1,0,1,0,1
200600051771,6,9,16,100,5,1,1,7,4635500,643600,2,3,2,0,0,1,10,100,1,0,1,0,0,1,0,0,1
200600051772,6,9,20,1730,1,1,1,6,4627700,635100,3,2,2,0,2,3,0,71,1,0,1,0,0,0,1,0,1
200600051773,6,9,26,1715,1,1,1,1,4633700,639000,2,2,3,0,2,3,0,105,1,0,1,0,0,0,2,0,1
200600051774,6,9,26,915,1,2,2,3,4632900,629300,3,2,2,0,1,3,0,65,2,0,1,0,1,0,1,0,1
200600051782,6,9,3,230,3,1,1,6,4565400,255900,4,2,2,0,4,3,0,30,1,0,1,0,0,0,1,0,1
200600051783,6,9,27,1530,1,1,1,6,4565800,255900,4,2,0,0,1,1,0,32,1,0,3,0,2,0,0,2,1
200600051784,6,9,12,1715,1,2,1,3,4584600,304200,3,2,0,0,1,1,0,104,1,5,1,0,0,0,2,1,1
200600051787,6,9,12,715,2,3,1,3,4571000,320000,3,2,1,0,2,3,0,32,1,5,0,0,0,1,1,0,1
200600051788,6,9,16,600,2,9,1,6,4564600,325200,5,0,0,0,1,0,0,0,1,0,0,0,0,0,1,0,1
200600051789,6,9,14,1245,1,1,3,1,4571300,305700,2,2,2,0,2,2,0,97,2,0,1,0,1,0,1,0,1
200600051790,6,9,21,2230,3,6,1,7,4570000,316600,3,2,2,0,4,4,0,70,1,5,4,0,0,1,0,0,1
200600051791,6,9,27,1800,1,3,1,3,4568600,318800,3,2,2,0,0,1,0,80,1,5,1,0,1,0,1,0,1
200600051792,6,9,9,1000,1,1,1,3,4553300,372800,3,2,3,3,1,1,0,130,1,5,1,0,1,0,1,0,1
200600051793,6,9,23,400,5,1,2,3,4541100,372500,3,2,0,0,0,1,0,70,2,0,1,0,2,0,2,0,1
200600051794,6,9,2,1400,1,1,1,1,4553800,378600,3,2,2,0,2,2,0,73,8,0,1,0,0,0,1,1,1
200600051796,6,9,16,1500,1,1,1,6,4556300,325100,3,3,2,0,1,1,8,60,1,0,1,0,0,1,0,0,1
200600051797,6,9,17,115,3,1,1,7,4538900,313400,3,0,0,0,1,3,0,55,1,0,3,0,1,0,1,0,1
200600051799,6,9,21,1330,1,1,1,6,4551700,275200,4,2,0,0,1,1,0,27,1,0,3,0,0,0,0,1,1
200600051800,6,9,13,930,1,1,1,3,4588000,304600,3,2,0,0,1,1,0,100,1,5,1,0,1,0,1,0,1
200600051801,6,9,15,1715,1,1,1,2,4604500,307100,2,2,2,0,1,1,0,68,2,0,1,0,1,0,1,1,1
200600051802,6,9,19,2145,3,1,1,3,4601700,309100,2,2,2,0,1,1,0,70,1,0,1,0,1,1,0,0,1
200600051803,6,9,30,815,1,1,8,5,4605500,304600,2,2,2,0,2,1,0,70,2,0,1,0,2,0,1,1,1
200600051804,6,9,2,300,3,1,1,6,4600800,321400,3,2,0,0,1,3,0,0,1,0,0,0,0,0,1,0,1
200600051806,6,9,22,1200,1,6,2,7,4586800,266800,3,2,2,0,1,3,20,90,2,5,3,0,0,0,1,0,1
200600051807,6,9,3,1700,1,1,1,3,4611500,269800,3,2,2,0,1,1,0,58,1,5,1,0,1,0,1,0,1
200600051809,6,9,10,1545,1,1,1,7,4571200,367900,3,2,1,0,0,3,0,70,1,0,1,0,1,0,1,0,1
200600051810,6,9,12,745,1,1,1,6,4584600,336600,3,2,1,0,1,1,0,45,1,0,1,0,0,0,1,0,1
200600051812,6,9,24,1800,1,9,3,1,4583700,339000,9,2,0,0,1,2,0,49,2,0,1,0,2,0,1,0,1