Num_Acc,an,mois,jour,hrmn,lum,int,atm,col,lat,long,catr,circ,nbv,vosp,prof,plan,lartpc,larrout,surf,infra,situ,env1,unscathed,killed,hospital,light,chance
200600051814,6,9,18,800,1,1,8,7,4593200,346300,3,2,2,0,0,2,0,60,2,0,3,0,0,0,0,1,1
200600051816,6,9,16,1430,1,1,1,3,4670400,302000,3,2,2,0,0,3,0,60,1,0,1,0,0,0,2,0,1
200600051818,6,9,9,1215,1,1,1,3,4630200,327700,3,2,2,0,1,1,0,62,1,0,1,0,1,1,2,0,1
200600051823,6,9,30,1915,1,1,1,5,4641500,288800,4,2,2,0,1,3,0,25,1,0,1,0,4,0,0,1,1
200600051824,6,9,16,1930,2,1,1,7,4609500,333000,3,2,2,0,1,4,0,50,1,0,3,0,0,0,1,0,1
200600051826,6,9,1,2145,5,1,1,7,4625200,364000,2,2,2,0,1,1,0,71,1,0,1,0,0,0,2,0,1
200600051828,6,9,11,1415,1,6,1,3,4486300,230800,3,2,0,0,2,0,0,60,1,5,1,0,1,0,0,1,1
200600051829,6,9,2,2115,5,1,1,1,4493300,253300,9,2,2,0,2,2,0,58,1,0,1,0,1,0,1,0,1
200600051831,6,9,21,1830,1,1,7,6,4514000,247700,3,2,2,0,2,2,0,70,1,0,0,0,0,0,2,0,1
200600051834,6,9,10,400,3,1,1,6,4501500,313000,3,2,0,0,1,1,0,50,1,0,1,0,1,0,1,0,1
200600051835,6,9,13,1800,1,1,2,1,4505500,304400,3,2,0,0,1,1,0,75,2,0,1,0,1,0,1,1,1
200600051836,6,9,16,1215,1,1,1,1,4503800,308700,4,2,2,0,2,3,0,0,1,0,1,0,1,0,1,0,1
200600051837,6,9,4,800,1,2,1,3,4513900,298300,2,2,2,0,2,1,0,75,1,5,1,0,1,0,1,0,1
200600051838,6,9,9,1930,1,1,1,7,4525100,291900,3,2,2,0,0,3,0,30,1,0,0,0,0,0,2,0,1
200600051839,6,9,5,730,1,1,1,7,4502200,379400,3,2,2,0,3,3,0,64,1,0,1,0,0,0,1,0,1
200600051840,6,9,13,1730,1,1,1,6,4508200,381400,3,2,2,0,1,3,0,54,2,0,1,0,0,0,0,2,1
200600051841,6,9,23,930,1,1,8,5,4475900,388400,2,2,0,0,2,1,0,70,2,0,1,0,0,0,2,4,1
200600051842,6,9,23,145,3,1,2,6,4507100,400500,2,3,2,0,2,2,0,80,2,0,1,0,0,0,1,0,1
200600051848,6,9,19,1000,1,1,1,1,4534100,336400,2,2,2,0,4,1,0,75,1,5,0,0,0,1,4,0,1
200600051849,6,9,30,100,3,1,1,7,4533600,347900,4,2,1,0,2,0,0,31,9,0,3,0,0,1,0,0,1
200600051851,6,9,20,1815,1,1,1,1,4540000,333300,4,2,2,0,1,2,0,33,1,0,1,0,1,0,1,1,1
200600051852,6,9,3,1900,1,1,1,4,4513800,410200,2,2,2,0,1,1,0,73,1,0,1,0,3,1,2,0,1
200600051854,6,9,22,815,1,1,1,7,4517200,406100,3,2,0,0,0,3,0,62,9,0,1,0,0,0,0,1,1
200600051856,6,9,13,2130,3,1,2,1,4517100,422900,3,2,2,0,3,2,0,70,2,0,1,0,1,0,2,0,1
200600051858,6,9,7,715,2,1,5,4,4910800,600400,3,2,1,0,0,1,0,138,1,0,1,0,7,1,7,1,1
200600051860,6,9,20,2315,5,1,1,6,4906700,611600,4,2,2,0,1,2,0,70,1,0,4,0,0,0,1,0,1
200600051862,6,9,22,1200,1,1,1,3,4921600,615000,3,2,2,0,1,1,0,0,1,0,1,0,1,0,2,0,1
200600051870,6,9,4,1515,1,1,1,6,4878000,656500,3,2,2,0,1,1,30,40,1,5,1,0,0,1,0,0,1
200600051871,6,9,7,2345,3,1,1,6,4874700,674200,3,2,2,0,1,1,0,70,1,0,3,0,0,0,1,0,1
200600051874,6,9,11,100,5,1,1,6,4915100,689300,3,2,2,0,0,3,0,60,1,5,4,0,0,0,1,0,1
200600051877,6,9,21,2015,4,9,1,7,4900800,684500,2,2,2,0,1,3,0,0,1,0,1,0,0,0,1,0,1
200600051879,6,9,23,1430,1,2,1,6,4869000,712000,3,2,0,0,2,3,0,72,1,0,1,0,0,0,2,2,1
200600051882,6,9,29,1615,1,1,1,3,4916300,702800,2,2,0,0,1,1,0,0,1,0,1,0,1,0,1,0,1
200600051885,6,9,2,845,3,1,1,6,4944600,634800,2,2,2,0,3,2,0,0,0,0,3,0,0,1,0,0,1
200600051890,6,9,15,2245,5,1,1,7,4873800,616700,2,0,0,0,0,3,0,0,1,0,3,0,0,0,1,0,1
200600051899,6,9,28,1730,1,1,1,2,4940300,588300,3,2,2,0,2,1,0,60,1,0,1,0,1,1,0,0,1
200600051910,6,9,30,1715,1,1,1,7,4882000,497600,3,2,2,0,1,2,0,68,1,0,1,0,0,1,0,0,1
200600051911,6,9,24,1915,5,1,2,6,4863100,521700,4,2,2,0,1,1,0,69,2,0,1,3,1,0,1,0,1
200600051913,6,9,9,1200,1,1,1,1,4865300,569300,4,0,0,0,1,0,0,42,1,2,1,0,1,0,1,0,1
200600051915,6,9,30,1400,1,1,3,7,4945700,517500,3,2,2,0,1,1,0,60,2,0,3,0,0,0,1,0,1
200600051916,6,9,4,815,1,1,1,7,4910100,574900,3,2,2,0,0,2,0,67,1,0,3,0,0,0,1,0,1
200600051918,6,9,17,245,5,1,1,6,4914100,554400,3,2,2,0,2,1,0,58,1,0,4,0,0,0,1,0,1
200600051920,6,9,23,1515,1,1,1,3,4822000,630900,4,2,2,0,1,1,0,50,1,5,1,0,1,0,1,0,1
200600051923,6,9,29,700,1,3,1,1,4825300,640100,3,0,2,0,1,1,0,0,1,0,1,0,1,0,0,1,1
200600051930,6,9,13,1800,1,1,1,7,4795100,643400,3,2,0,0,1,1,0,62,9,0,3,0,0,0,1,0,1
200600051932,6,9,25,1200,1,1,2,6,4846100,771900,3,2,2,0,1,2,0,65,2,0,3,0,0,1,0,0,1
200600051935,6,9,29,1100,1,1,1,6,4877700,773300,3,2,2,0,1,0,0,59,1,0,1,0,0,0,1,1,1
200600051936,6,9,24,1815,1,1,1,1,4835400,711300,2,2,0,0,2,1,0,0,1,0,1,0,0,0,1,1,1
200600051938,6,9,22,1600,1,1,1,6,4863900,730100,4,2,2,0,4,1,0,39,1,0,1,0,0,0,2,0,1
200600051939,6,9,23,1830,1,2,1,2,4864900,744300,2,2,2,0,4,1,0,0,1,5,1,0,2,0,1,0,1
200600051942,6,9,10,1445,1,1,1,1,4894200,704000,4,2,2,0,4,3,0,34,1,0,1,0,0,0,0,2,1
200600051946,6,9,30,145,3,1,1,6,4870200,766900,3,2,2,0,1,2,0,54,1,0,3,0,0,1,0,0,1
200600051948,6,9,13,1300,1,1,1,1,4878600,756000,3,2,0,0,0,1,0,0,1,0,1,0,1,0,1,0,1
200600051949,6,9,17,1015,1,1,8,7,4882100,759400,3,2,0,0,2,3,0,55,1,0,1,0,0,0,1,0,1
200600051952,6,9,4,1600,1,1,1,2,4861300,757100,2,2,0,3,2,1,0,110,1,0,1,0,1,1,0,0,1
200600051953,6,9,29,1245,1,1,1,2,4862800,757500,3,2,2,0,1,1,0,62,1,0,1,0,1,0,0,1,1
200600051954,6,9,9,2030,5,1,1,1,4859000,765000,3,2,2,0,2,1,0,150,1,5,1,0,1,0,1,0,1
200600051955,6,9,23,1830,1,1,1,3,4857900,763200,3,2,2,0,1,1,0,65,1,0,1,0,1,1,0,0,1
200600051960,6,9,18,1215,1,1,8,5,4826000,759400,3,2,2,0,1,1,0,60,2,0,1,0,4,0,1,0,1
200600051962,6,9,7,1800,1,1,2,1,4897400,818700,3,2,2,0,1,1,0,70,8,0,1,0,0,0,0,2,1
200600051965,6,9,3,1930,1,1,1,6,4806800,741500,4,2,0,0,1,1,0,50,1,0,1,0,1,0,1,0,1
200600051968,6,9,20,705,1,1,1,3,4804500,715000,3,2,0,0,1,1,0,105,1,0,1,0,0,0,0,2,1
200600051969,6,9,28,630,4,9,1,1,4803500,710900,3,2,0,0,0,0,0,0,0,0,0,0,1,1,0,0,1
200600051970,6,9,10,1800,1,1,1,6,4798100,760500,4,2,2,0,1,2,0,0,1,0,3,0,0,0,1,0,1
200600051971,6,9,11,1115,1,1,1,1,4804200,755900,3,2,2,0,1,1,20,90,1,5,1,0,0,0,1,1,1
200600051973,6,9,29,1615,1,1,1,7,4794400,754400,3,2,2,0,1,1,0,62,1,0,3,0,1,0,1,0,1
200600051974,6,9,16,1945,2,1,1,1,4826600,723600,4,2,2,0,1,4,0,0,1,0,1,0,2,0,1,0,1
200600051975,6,9,21,1745,1,1,1,1,4823200,722700,3,2,2,0,2,4,0,70,1,0,1,0,1,0,0,1,1
200600051976,6,9,1,1800,1,1,1,1,4808800,725300,3,0,2,0,2,1,0,0,1,0,1,0,1,0,1,0,1
200600051977,6,9,19,830,1,1,5,3,4802500,733000,3,2,2,0,1,1,0,68,1,0,1,0,1,0,1,0,1
200600051980,6,9,9,2045,5,1,1,1,4767600,709200,3,2,0,0,0,3,0,70,1,0,1,0,1,0,0,1,1
200600051981,6,9,23,1115,1,1,1,2,4767600,726600,3,2,0,0,1,1,0,90,1,0,1,0,3,0,1,0,1
200600051985,6,9,15,1615,1,2,1,3,4786200,734200,9,2,1,0,1,2,0,60,1,5,1,3,1,0,1,0,1
200600051986,6,9,10,630,5,1,1,6,4797100,739300,3,2,2,0,1,1,0,70,1,0,1,0,0,0,1,0,1
200600051987,6,9,7,1330,1,1,1,6,4801500,730000,3,2,2,0,0,1,0,90,1,0,1,3,1,0,1,0,1
200600051989,6,9,14,1715,1,1,1,3,4774000,726300,2,2,1,0,1,2,0,71,1,0,1,0,1,0,0,2,1
200600051990,6,9,26,1845,2,1,2,1,4774200,728500,2,2,2,0,4,1,0,0,2,0,1,0,3,0,1,0,1
200600051991,6,9,2,145,3,1,1,6,4778700,751300,3,2,2,0,1,2,0,74,1,0,1,0,0,0,1,0,1
200600051992,6,9,29,700,2,1,1,7,4781700,754100,3,2,2,0,1,2,0,81,1,0,3,0,0,0,1,0,1
200600051995,6,9,23,815,1,1,1,6,4905300,416800,3,2,0,0,1,1,0,71,1,0,3,0,0,0,1,0,1
200600051996,6,9,1,1215,1,1,1,3,4909500,453700,3,2,2,0,2,1,0,70,1,0,1,0,2,0,0,1,1
200600052001,6,9,4,1745,1,1,1,1,4875000,408800,2,2,0,0,1,1,0,72,1,0,1,0,1,1,0,0,1
200600052002,6,9,23,1215,1,1,1,6,4887400,353600,3,2,2,0,1,1,0,0,1,0,1,0,1,0,1,0,1
200600052003,6,9,27,1800,1,1,1,1,4898800,380300,3,2,2,0,1,1,0,60,1,0,1,0,0,3,0,0,1
200600052005,6,9,27,445,3,1,8,7,4914700,399800,3,2,2,0,1,3,0,62,2,0,3,0,0,1,0,0,1
200600052006,6,9,30,1500,2,1,2,6,4914100,382500,3,2,2,0,2,3,0,52,2,0,1,0,0,0,1,1,1
200600052007,6,9,7,1615,1,1,1,7,4881100,449600,3,2,2,0,1,3,0,65,1,0,1,0,0,0,1,0,1
200600052008,6,9,7,1645,1,1,1,3,4873700,459000,9,2,3,0,1,1,0,0,1,0,1,0,1,0,0,1,1
200600052010,6,9,6,1200,1,1,1,7,4911900,486100,3,2,2,0,0,2,63,0,1,0,3,0,0,0,0,1,1
200600052011,6,9,6,2015,2,1,1,3,4984900,477200,4,2,2,0,1,1,0,0,1,0,1,0,1,0,1,0,1
200600052012,6,9,16,2000,1,1,1,1,4961700,460900,3,2,2,0,2,3,0,80,1,0,1,0,1,0,1,0,1
200600052016,6,9,29,1645,1,1,2,7,5014000,482800,2,2,2,0,1,1,0,68,2,2,4,0,1,0,1,0,1
200600052017,6,9,13,1945,1,1,1,3,4987200,442900,3,2,2,0,1,1,13,120,1,0,1,0,0,0,1,1,1
200600052018,6,9,30,1,3,1,1,1,4954600,506800,3,2,2,0,1,1,40,0,1,0,1,0,0,1,1,0,1
200600052019,6,9,3,45,3,1,1,6,4964600,502400,3,2,2,0,2,2,0,62,1,0,3,0,0,0,1,0,1
200600052022,6,9,16,2030,3,1,1,2,4950300,414100,3,2,2,0,1,1,0,63,1,0,1,0,1,0,1,0,1
200600052024,6,9,9,1345,1,1,1,3,4975400,455400,3,2,2,0,2,3,0,56,1,0,1,0,1,1,0,0,1
200600052025,6,9,2,915,3,1,1,7,4817000,418000,3,2,2,0,1,2,0,58,1,0,3,0,0,1,0,0,1
200600052026,6,9,3,1015,1,1,8,5,4810000,387000,2,2,2,0,0,1,0,74,1,0,0,0,6,0,2,0,1
200600052027,6,9,10,1200,1,1,1,2,4825000,410800,3,2,2,0,0,1,0,55,1,0,1,0,1,0,1,1,1
200600052028,6,9,16,2130,3,1,1,6,4820800,417500,4,0,1,0,0,0,0,0,0,0,0,0,1,0,1,0,1
200600052029,6,9,4,1745,1,1,1,1,4824000,446000,3,2,2,0,2,1,0,90,1,0,1,0,1,0,1,0,1
200600052030,6,9,23,1845,2,1,2,6,4818000,475000,3,2,1,0,2,1,0,45,2,0,3,0,1,0,2,0,1
200600052031,6,9,25,1615,1,1,1,6,4820500,476600,3,2,1,0,1,1,0,0,1,0,3,0,0,0,1,0,1
200600052032,6,9,4,1115,1,6,1,2,4839900,453000,3,2,0,0,1,1,0,30,1,5,1,0,1,0,0,1,1
200600052033,6,9,16,1000,1,1,1,1,4800400,432000,3,2,0,0,2,2,0,45,1,0,1,0,2,0,1,0,1
200600052038,6,9,12,1100,1,1,1,1,4800200,552500,3,2,2,0,1,1,0,63,1,0,1,0,1,0,2,0,1
200600052039,6,9,21,1845,1,9,1,1,4800600,550600,3,2,0,0,2,0,0,110,1,5,1,0,1,0,1,0,1
200600052040,6,9,12,1300,1,3,1,1,4778600,560400,2,2,2,0,1,1,0,90,1,0,1,0,1,0,0,1,1
200600052041,6,9,17,930,1,1,1,7,4777700,566600,2,2,2,0,1,1,76,0,1,0,0,0,0,0,1,0,1
200600052043,6,9,16,845,1,1,1,3,4777000,531100,4,2,2,0,1,3,0,63,1,0,1,0,1,0,1,0,1
200600052048,6,9,25,1945,3,1,1,7,4721900,460600,1,1,2,0,1,1,0,0,1,0,1,0,0,0,1,0,1
200600052049,6,9,8,1600,1,1,1,1,4724700,522700,3,2,2,0,2,3,0,78,1,0,1,0,1,0,1,0,1
200600052050,6,9,22,2300,5,1,1,6,4719800,514900,3,2,1,0,1,1,13,70,1,0,1,0,0,0,1,0,1
200600052051,6,9,30,315,5,1,8,1,4722400,525100,3,2,2,0,1,1,0,0,2,0,1,0,1,0,2,0,1
200600052052,6,9,28,1730,1,1,1,2,4731800,540000,3,2,2,0,1,3,0,85,1,0,1,0,1,0,1,0,1
200600052053,6,9,2,1845,1,1,1,3,4761300,533000,3,2,2,0,4,1,0,41,1,0,1,0,1,1,0,0,1
200600052054,6,9,3,1515,1,1,1,1,4762000,491000,4,2,0,0,0,1,0,41,0,0,1,0,2,0,1,0,1
200600052055,6,9,8,2145,2,1,1,6,4752700,511600,3,2,3,0,1,1,0,75,1,0,1,0,0,0,0,1,1
200600052057,6,9,26,715,2,1,1,1,4694600,473200,4,2,0,0,2,0,0,0,1,0,0,0,0,0,0,2,1
200600052058,6,9,3,15,5,1,1,3,4727800,454000,3,2,1,0,1,1,0,68,1,0,1,0,1,0,1,0,1
200600052059,6,9,2,1430,1,1,1,3,4711500,525700,3,2,2,0,1,1,0,35,1,0,1,0,0,1,1,0,1
200600052061,6,9,2,445,3,1,1,6,4750200,436200,3,2,2,0,1,1,0,56,1,0,1,0,0,1,0,0,1
200600052066,6,9,10,1400,1,1,1,3,4698600,322500,3,2,2,0,1,1,0,78,1,0,1,0,2,1,1,0,1
200600052067,6,9,11,1715,1,1,1,2,4695700,342200,3,2,2,0,1,4,0,38,1,0,1,0,1,0,1,0,1
200600052068,6,9,25,1130,1,1,1,6,4698700,322000,3,2,2,0,1,1,0,78,1,0,1,0,1,1,0,0,1
200600052069,6,9,14,2100,3,1,3,5,4683500,312700,2,2,0,0,0,1,0,110,2,0,1,0,1,1,1,0,1
200600052072,6,9,29,1615,1,1,1,3,4745200,324700,3,2,2,0,1,2,0,56,1,0,1,0,1,1,0,0,1
200600052073,6,9,30,1000,1,1,8,6,4743000,354800,3,2,2,0,2,3,0,60,2,0,1,0,0,0,1,0,1
200600052074,6,9,15,1200,1,1,2,1,4721200,403800,3,2,0,0,1,1,0,67,2,0,1,0,0,0,2,0,1
200600052085,6,9,11,2200,3,1,1,7,4662400,488400,2,2,3,0,1,1,0,105,1,0,3,0,0,1,0,0,1
200600052086,6,9,30,1930,3,1,2,7,4658200,471900,3,2,0,0,2,2,0,42,2,0,3,0,0,1,0,0,1
200600052087,6,9,24,1115,1,1,2,1,4659600,454600,3,2,2,0,3,3,0,0,2,0,1,0,0,0,2,2,1
200600052088,6,9,19,1530,1,1,1,6,4648800,397900,4,2,2,0,1,3,0,72,1,0,1,0,1,0,1,0,1
200600052089,6,9,28,700,3,1,5,3,4645300,415900,3,2,0,0,1,1,0,70,1,5,1,0,1,0,1,0,1
200600052091,6,9,3,1145,1,7,1,6,4662300,377500,6,2,2,0,2,1,0,60,1,0,3,0,1,0,1,0,1
200600052097,6,9,16,900,1,1,1,3,4676300,447800,4,2,2,0,0,2,0,79,1,5,1,0,1,0,1,0,1
200600052099,6,9,9,30,3,1,1,6,4770700,360500,3,2,0,0,0,1,0,67,1,0,3,0,0,1,0,0,1
200600052103,6,9,3,1115,1,1,2,6,4760100,297900,3,2,0,0,1,3,0,38,2,0,1,0,0,0,1,0,1
200600052105,6,9,29,945,1,1,1,3,4774200,396200,3,2,0,0,1,1,28,55,1,0,1,0,0,0,2,0,1
200600052106,6,9,5,1845,1,1,1,1,4798400,343600,3,2,2,0,2,1,0,0,1,0,1,0,0,0,0,2,1
200600052108,6,9,16,2215,3,1,1,6,4795400,337300,3,2,2,0,1,4,0,0,1,0,3,0,0,0,3,0,1
200600052109,6,9,26,700,2,1,1,6,4800700,334400,3,2,2,0,3,1,0,78,1,0,1,0,0,1,1,0,1
200600052110,6,9,5,845,1,1,5,3,4792100,336300,3,2,2,0,1,1,0,62,1,0,1,0,1,0,1,0,1
200600052112,6,9,20,1615,1,1,1,1,4791700,312800,3,2,2,0,1,1,0,55,1,0,1,3,1,0,1,0,1
200600052113,6,9,3,1400,1,1,1,1,4796900,348600,4,0,2,0,1,2,0,70,1,0,1,0,1,0,1,0,1
200600052114,6,9,23,400,3,1,1,7,4819400,344600,2,2,2,0,1,1,0,77,1,0,0,0,0,0,1,0,1
200600052117,6,9,30,1145,1,1,1,6,4821200,320000,4,2,1,0,2,1,0,50,2,0,3,0,2,0,1,0,1
200600052130,6,9,2,30,5,1,1,6,4671400,619200,9,2,2,0,1,1,0,52,1,0,3,3,0,0,1,1,1
200600052131,6,9,9,1615,1,1,1,6,4677900,637000,3,2,0,0,2,2,0,70,1,0,1,0,0,0,0,2,1
200600052132,6,9,11,1900,2,1,1,1,4675200,628400,4,2,2,0,2,3,0,48,1,0,1,0,1,1,0,0,1
200600052133,6,9,7,1600,1,1,1,3,4703400,654100,3,3,0,0,1,3,0,0,1,0,1,0,1,1,0,0,1
200600052137,6,9,27,1030,1,1,1,6,4674700,591200,9,2,3,0,1,1,0,80,1,5,1,0,1,0,1,0,1
200600052144,6,9,10,130,3,1,1,1,4713900,566000,3,2,2,0,2,2,0,60,1,0,1,0,0,0,2,0,1
200600052145,6,9,30,2000,3,1,2,6,4721000,553000,3,2,2,0,2,1,0,81,2,0,3,0,1,1,0,0,1
200600052152,6,9,26,830,1,1,2,7,4775300,619800,3,2,2,0,0,3,0,0,0,0,1,0,0,0,1,0,1
200600052154,6,9,22,1715,1,1,8,2,4760200,574600,3,2,2,0,2,2,0,72,1,0,1,0,1,1,0,0,1
200600052155,6,9,30,1600,1,2,3,3,4763200,579700,3,2,1,0,2,1,0,75,2,0,1,0,3,0,1,0,1
200600052157,6,9,9,1215,1,1,1,1,4749200,692300,3,2,0,0,1,0,0,0,1,0,1,0,1,0,1,0,1
200600052161,6,9,6,1200,1,1,1,6,4756100,692700,2,2,2,0,1,1,0,72,1,0,1,0,1,0,1,0,1
200600052164,6,9,23,545,2,1,1,2,4526400,483500,1,0,3,0,3,1,0,0,1,0,1,0,1,0,1,0,1
200600052172,6,9,18,330,3,1,1,2,4441600,473100,1,1,3,0,1,1,20,120,1,0,1,0,1,0,1,0,1
200600052175,6,9,6,1315,1,1,1,3,4343400,543700,4,2,0,0,2,1,0,35,1,0,1,0,1,0,0,2,1
200600052177,6,9,12,2345,5,1,1,1,4341500,537300,2,2,0,0,0,2,0,87,1,0,1,3,1,0,1,0,1
200600052179,6,9,24,615,2,6,2,7,4343000,534200,3,3,2,0,1,1,30,140,2,5,1,0,0,0,1,0,1
200600052183,6,9,4,1030,1,1,1,7,4358100,477600,2,3,4,0,1,2,200,200,1,0,2,0,0,1,0,2,1
200600052186,6,9,1,2300,5,1,1,3,4323200,553700,9,2,0,0,2,1,0,62,1,0,1,0,1,0,2,0,1
200600052193,6,9,14,800,1,1,2,1,4372300,505900,3,2,0,0,0,3,0,0,2,0,1,0,1,0,1,0,1
200600052196,6,9,27,2115,3,1,1,2,4349800,523700,3,3,2,0,1,1,5,0,1,0,1,0,1,0,0,3,1
200600052197,6,9,30,130,3,1,1,7,4349600,520500,3,3,2,0,1,1,0,82,1,0,1,0,0,1,0,0,1
200600052201,6,9,6,1730,1,1,1,3,4439500,668600,3,2,0,0,0,2,0,68,1,0,1,0,1,0,1,0,1
200600052202,6,9,8,1945,2,1,8,6,4441100,635000,3,2,2,0,2,1,0,40,2,0,0,0,0,0,2,0,1
200600052203,6,9,19,1730,1,1,1,6,4390700,654200,3,0,2,0,1,2,0,65,1,0,1,0,1,0,1,0,1
200600052205,6,9,4,1630,1,3,1,3,4390000,574000,2,0,0,0,1,1,0,0,1,0,1,0,0,0,1,1,1
200600052214,6,9,16,1455,1,1,1,6,4480800,595800,2,2,2,0,2,3,0,72,1,0,1,0,0,0,1,4,1
200600052215,6,9,8,1730,1,1,3,2,4454600,601500,3,2,2,0,1,1,0,70,2,0,1,0,1,0,1,0,1
200600052216,6,9,14,100,3,1,1,6,4447000,624400,3,2,2,0,0,1,0,70,1,0,1,0,0,1,0,0,1
200600052220,6,9,3,100,3,1,1,7,4492500,668600,2,2,0,0,2,3,0,69,1,0,3,0,0,0,1,0,1
200600052224,6,9,29,1925,1,1,1,7,4475800,675700,3,2,0,0,2,3,0,0,1,0,1,0,0,0,1,0,1
200600052225,6,9,5,1900,1,1,7,2,4458000,611600,2,2,2,0,1,1,0,70,1,0,1,3,0,0,0,3,1
200600052226,6,9,11,1030,1,1,1,3,4456600,619900,3,2,0,0,1,1,0,72,1,5,1,0,1,0,1,0,1
200600052227,6,9,24,400,5,1,1,2,4455500,625600,2,2,2,0,1,1,70,0,1,0,1,0,1,0,1,0,1
200600052228,6,9,25,1330,1,1,3,6,4455000,627700,6,2,0,0,0,0,0,360,2,0,1,0,1,0,1,0,1
200600052229,6,9,24,1830,2,1,1,7,4453700,630900,3,2,2,0,1,1,0,80,1,0,3,0,2,0,1,2,1
200600052241,6,9,15,1730,1,1,1,2,4363300,713300,3,2,2,0,1,1,0,0,1,0,1,0,1,0,1,0,1
200600052242,6,9,24,315,5,1,1,6,4371000,715100,4,2,1,0,2,1,0,52,1,0,1,0,0,0,1,0,1
200600052245,6,9,3,1700,1,1,1,6,4395700,688400,3,2,2,0,1,1,0,65,1,0,1,0,0,0,2,0,1
200600052255,6,9,24,1845,5,1,3,6,4347100,611700,3,2,2,0,1,1,0,45,3,0,1,0,1,0,2,0,1
200600052260,6,9,15,1530,1,1,2,7,4341300,582600,3,2,0,0,1,4,0,60,2,0,3,0,0,0,0,1,1
200600052274,6,9,3,2215,3,1,1,1,4322500,665000,3,2,2,0,2,3,0,66,1,0,1,0,2,0,1,0,1
200600052281,6,9,1,245,5,1,1,3,4315400,641100,3,2,2,1,1,3,70,0,1,0,1,0,2,0,0,1,1
200600052288,6,9,5,1130,1,1,1,3,4389400,493100,3,2,2,0,1,1,0,57,1,0,1,0,1,0,1,0,1
200600052291,6,9,30,2200,5,1,1,3,4400700,490600,3,2,2,0,2,1,0,60,1,0,1,0,1,0,1,0,1
200600052292,6,9,6,800,1,1,1,6,4388100,540100,3,2,2,0,1,1,0,65,1,0,1,3,1,0,1,0,1
200600052295,6,9,19,900,1,1,1,6,4373000,554700,3,2,0,0,1,1,0,57,1,0,1,0,1,0,1,0,1
200600052298,6,9,13,745,1,1,1,3,4417100,487800,3,2,0,0,1,1,0,0,1,0,1,0,0,0,2,0,1
200600052299,6,9,25,800,1,1,1,1,4429200,472900,3,2,0,0,1,1,34,68,1,0,1,0,1,0,1,0,1
200600052300,6,9,25,1900,1,1,1,7,4424000,473400,3,2,2,0,2,1,0,60,9,0,1,0,0,0,1,0,1
200600052310,6,9,18,30,3,1,1,6,4343300,297900,3,2,0,0,1,1,0,55,1,0,3,0,0,1,0,0,1
200600052311,6,9,4,2000,2,1,1,6,4344200,341700,3,2,2,0,1,1,0,79,1,0,3,0,0,1,1,0,1
200600052312,6,9,22,1100,1,1,2,1,4348800,275200,3,2,2,0,2,3,0,80,2,0,1,0,1,0,1,0,1
200600052313,6,9,24,1215,1,1,2,1,4348300,266800,3,2,2,0,1,2,0,80,2,0,1,0,0,0,2,0,1
200600052314,6,9,1,2030,2,1,1,1,4353100,324200,3,2,0,0,1,1,0,60,1,0,1,0,1,0,1,0,1
200600052315,6,9,23,700,2,1,2,6,4343600,325400,3,2,2,0,2,3,0,57,2,0,1,0,0,0,1,0,1
200600052320,6,9,6,2115,3,1,1,1,4353400,348600,3,2,2,0,1,1,0,0,1,0,1,0,0,0,2,0,1
200600052321,6,9,8,1445,1,1,1,7,4358000,348200,3,2,2,0,1,2,0,75,1,0,1,0,0,1,0,0,1
200600052322,6,9,9,1915,1,1,1,6,4354900,348600,3,2,0,0,1,1,0,100,1,5,1,0,0,0,0,5,1
200600052323,6,9,14,1845,1,1,2,3,4363000,343600,4,0,0,0,1,0,0,0,2,5,1,0,1,0,1,0,1
200600052324,6,9,23,1745,1,1,3,7,4361200,335100,3,2,2,0,2,2,0,75,2,0,3,0,1,0,1,1,1
200600052325,6,9,27,1715,1,1,1,6,4363200,343600,6,0,0,0,0,0,0,0,0,0,0,0,1,0,0,1,1
200600052326,6,9,29,845,1,1,1,3,4364800,347600,3,2,0,0,2,1,0,60,1,0,1,0,1,0,1,0,1
200600052327,6,9,2,530,3,1,5,6,4365400,350300,4,2,0,0,0,1,0,0,9,0,1,0,0,0,4,1,1
200600052336,6,9,18,1045,1,1,1,1,4345400,361500,3,2,2,0,1,3,0,63,1,0,1,0,0,0,1,1,1
200600052337,6,9,27,930,1,1,7,6,4350400,360500,3,2,2,0,0,1,0,60,1,0,1,0,1,0,1,0,1
200600052338,6,9,23,1045,1,1,1,6,4323200,263900,3,2,2,0,1,1,0,72,1,0,3,0,0,0,1,0,1
200600052339,6,9,27,1915,1,1,1,3,4322600,261900,3,2,2,0,1,1,0,63,1,0,1,0,1,0,1,0,1
200600052340,6,9,30,1345,1,1,1,6,4331400,249100,3,2,0,0,1,1,0,63,1,0,3,0,2,0,1,0,1
200600052341,6,9,13,1845,1,1,1,1,4333500,203700,3,2,2,0,4,1,0,51,1,0,1,0,0,0,1,1,1
200600052342,6,9,1,735,1,1,1,6,4298300,226600,3,2,2,0,1,1,0,70,1,0,3,0,0,0,1,0,1
200600052348,6,9,28,800,1,1,1,6,4293100,226700,3,2,0,0,2,3,0,0,1,0,1,0,0,0,1,0,1
200600052352,6,9,1,600,2,6,1,6,4358000,418400,3,3,0,0,1,3,0,150,1,0,3,0,0,0,1,0,1