Num_Acc,an,mois,jour,hrmn,lum,int,atm,col,lat,long,catr,circ,nbv,vosp,prof,plan,lartpc,larrout,surf,infra,situ,env1,unscathed,killed,hospital,light,chance
200600052359,6,9,28,1045,1,1,1,3,4378500,419800,3,4,0,0,1,1,0,116,1,5,1,0,0,0,1,2,1
200600052360,6,9,10,100,3,1,1,6,4380500,451500,3,0,0,0,1,3,0,0,1,0,0,0,0,0,0,1,1
200600052362,6,9,13,1800,1,1,1,5,4376700,427500,2,2,0,0,1,3,0,71,1,0,1,0,1,0,2,0,1
200600052363,6,9,16,930,1,1,1,3,4378000,428700,2,2,2,0,1,1,0,74,1,0,1,0,1,0,1,0,1
200600052364,6,9,30,1700,1,1,1,2,4373400,422000,3,2,0,0,1,1,0,50,1,0,1,0,1,0,0,1,1
200600052367,6,9,15,2015,2,1,1,3,4416500,412100,3,2,2,0,1,1,0,110,1,5,1,0,0,0,1,1,1
200600052369,6,9,18,1,3,1,1,2,4410800,410400,2,3,4,0,1,1,5,75,1,0,1,0,0,0,4,0,1
200600052371,6,9,17,1330,1,1,1,7,4430800,401600,4,1,1,0,1,1,0,0,1,0,3,0,0,0,1,0,1
200600052373,6,9,16,945,1,1,1,5,4424000,420000,3,2,2,0,1,2,0,104,2,0,3,0,0,0,2,1,1
200600052375,6,9,22,815,1,1,1,3,4427600,418900,3,2,2,0,1,1,0,70,1,5,1,0,0,0,2,0,1
200600052381,6,9,22,2200,3,1,1,6,4395700,459600,3,2,0,0,1,1,0,50,9,0,3,0,0,0,1,4,1
200600052382,6,9,28,1800,1,1,1,3,4384700,462000,3,2,0,0,1,1,0,68,1,0,1,0,2,0,1,0,1
200600052383,6,9,13,715,2,1,1,1,4401400,473400,2,2,0,0,1,3,0,114,1,0,1,0,0,1,0,1,1
200600052387,6,9,1,2030,5,6,1,6,4396000,473000,2,0,2,0,4,3,0,0,1,0,3,0,0,3,1,0,1
200600052391,6,9,28,1200,1,1,1,3,4399200,368400,3,2,2,0,2,3,0,40,1,0,1,0,1,0,0,1,1
200600052392,6,9,9,1900,1,1,1,1,4454000,355100,9,2,0,0,0,3,0,0,1,0,1,0,1,0,1,0,1
200600052399,6,9,12,930,1,1,1,5,4450500,325000,3,2,2,0,1,3,0,73,1,0,1,0,2,0,1,3,1
200600052403,6,9,13,830,1,1,3,1,4280000,286000,3,2,2,0,0,3,0,64,2,0,1,0,1,1,0,0,1
200600052406,6,9,9,900,1,1,1,3,4255400,301900,4,2,2,0,1,1,0,0,1,0,1,0,1,0,1,0,1
200600052411,6,9,23,1130,1,7,1,6,4252100,310800,6,0,0,0,0,3,0,0,1,0,4,0,0,0,0,2,1
200600052416,6,9,5,430,5,1,1,6,4227000,870200,3,3,2,0,1,3,28,90,1,0,3,0,1,1,2,0,1
200600052420,6,9,11,830,1,1,1,5,4165400,894400,2,2,2,0,1,1,0,72,1,0,1,0,2,0,1,0,1
200600052426,6,9,3,1430,1,1,1,1,4260100,936000,3,2,0,0,2,4,0,56,1,0,1,0,1,0,1,0,1
200600052427,6,9,7,1830,1,1,1,1,4267400,928900,3,2,2,0,2,3,0,65,1,0,1,0,0,0,0,2,1
200600052430,6,9,2,1100,1,1,1,6,4228700,916400,2,2,2,0,2,3,0,66,0,0,1,0,1,0,1,3,1
200600052431,6,9,4,1200,1,1,1,1,4213600,914100,2,2,2,0,2,3,0,63,1,0,1,0,2,1,0,0,1
200600052432,6,9,6,1230,1,9,1,2,4240300,919200,2,2,2,0,1,1,0,70,1,0,1,0,2,0,2,0,1
200600052437,6,9,19,1030,1,1,1,3,4215000,950000,2,2,0,0,1,1,0,0,1,5,1,0,1,0,1,0,1
200600052438,6,9,5,1030,1,3,1,3,4232400,954000,2,2,0,0,0,1,50,0,1,5,1,0,1,0,0,2,1
200600052440,6,9,10,2230,3,1,1,1,4225600,954600,2,2,2,0,3,2,0,74,1,0,1,0,0,1,3,0,1
200600052441,6,9,4,1445,1,1,1,2,4242400,953000,2,2,2,0,3,1,0,65,1,0,1,0,1,0,0,1,1
200600052442,6,9,5,1130,1,1,1,7,4237200,938300,3,2,2,0,1,1,0,45,1,0,1,0,0,0,1,0,1
200600052444,6,9,9,15,3,1,1,1,4903000,174500,3,2,2,0,4,1,0,60,1,0,1,0,2,0,2,0,1
200600052445,6,9,22,2130,3,1,1,7,4902500,170300,3,0,2,0,1,1,0,60,1,0,1,0,1,0,1,0,1
200600052446,6,9,21,600,2,1,1,6,4893200,160700,3,2,2,0,0,1,0,60,1,0,1,0,0,0,1,0,1
200600052447,6,9,29,1445,1,1,1,2,4852700,183200,2,3,4,0,1,1,10,40,1,0,1,0,0,0,0,2,1
200600052448,6,9,18,1115,1,1,8,7,4872400,202100,4,2,2,0,1,4,0,43,2,0,3,0,0,0,1,0,1
200600052449,6,9,2,1600,1,1,1,7,4885000,188600,4,2,2,0,2,1,0,60,1,0,4,0,0,0,1,0,1
200600052455,6,9,16,1900,1,1,1,4,4852700,246000,3,3,2,0,1,1,0,60,1,0,1,0,0,0,4,0,1
200600052456,6,9,28,1730,1,1,1,3,4857100,248200,3,2,0,0,1,1,0,0,1,0,1,0,1,0,0,1,1
200600052461,6,9,1,1730,1,1,1,3,4857200,203100,3,2,2,0,4,1,0,0,1,5,1,0,1,0,1,0,1
200600052464,6,9,12,1015,1,6,1,2,4857800,223800,3,1,1,0,0,1,15,35,0,0,0,0,1,0,0,1,1
200600052465,6,9,19,1230,1,9,8,1,4857000,232600,3,2,2,0,1,3,0,0,2,0,0,0,0,0,2,0,1
200600052473,6,9,24,1300,1,1,1,7,4913000,198300,3,2,0,0,0,3,0,0,1,0,3,0,0,0,1,0,1
200600052478,6,9,20,1015,1,1,9,1,4854900,283400,3,2,2,0,1,1,0,102,1,0,1,0,0,1,2,0,1
200600052479,6,9,12,1500,1,1,1,3,4880700,320800,3,2,1,0,1,1,0,55,1,5,1,0,1,0,2,1,1
200600052481,6,9,19,815,1,3,1,3,4876800,326800,3,2,2,0,1,1,0,55,2,0,1,0,2,0,0,1,1
200600052483,6,9,7,715,2,2,5,3,4897100,322500,3,2,2,0,1,1,0,0,1,5,1,0,0,0,0,3,1
200600052487,6,9,27,730,1,1,1,5,4894800,311800,2,2,3,0,2,1,0,91,1,0,1,0,2,0,1,0,1
200600052489,6,9,29,1615,1,9,1,6,4886700,332600,5,0,0,3,1,1,0,30,1,6,0,3,0,0,2,0,1
200600052491,6,9,9,1530,1,1,1,7,4829600,281800,3,2,2,0,1,1,0,62,1,0,1,0,0,0,1,0,1
200600052492,6,9,11,1900,1,1,1,1,4824600,280900,3,2,2,0,2,1,0,70,1,0,1,0,0,0,1,1,1
200600052493,6,9,27,1615,1,1,1,1,4827400,286100,3,2,2,0,1,1,0,51,1,0,1,0,1,0,1,0,1
200600052494,6,9,6,830,1,1,1,6,4912500,212500,3,2,2,0,0,1,0,70,1,0,1,0,1,0,1,0,1
200600052495,6,9,6,815,2,1,1,6,4912200,219800,3,2,2,0,1,1,0,65,9,0,1,0,0,0,1,1,1
200600052496,6,9,15,2145,3,1,1,3,4909000,241000,3,2,0,0,1,1,0,56,1,0,1,0,4,0,1,1,1
200600052497,6,9,11,530,3,1,1,5,4869700,317200,2,2,2,0,3,2,0,0,1,0,1,0,3,0,1,0,1
200600052500,6,9,12,1430,1,1,1,3,4786600,225400,3,2,2,0,1,1,0,0,1,5,1,0,1,0,0,3,1
200600052505,6,9,15,1130,1,1,2,7,4823600,209800,3,2,2,0,1,1,0,63,2,0,1,0,0,0,2,0,1
200600052506,6,9,20,830,1,1,5,5,4816600,206600,3,2,2,0,1,1,63,0,0,0,1,0,2,0,1,0,1
200600052507,6,9,28,915,1,1,1,5,4804000,197800,3,2,2,0,1,1,0,70,1,0,1,0,3,1,1,0,1
200600052510,6,9,26,1130,1,1,1,3,4775500,274000,2,3,3,0,1,2,0,120,1,5,1,0,0,0,0,2,1
200600052514,6,9,10,230,3,1,1,6,4792500,279200,4,2,0,0,1,1,0,29,1,0,1,0,0,0,0,2,1
200600052516,6,9,23,615,3,9,2,6,4805000,276000,2,2,0,0,0,3,0,72,2,0,3,0,0,0,1,0,1
200600052518,6,9,9,15,3,1,1,7,4830600,220100,3,1,0,0,3,3,0,0,1,0,1,0,0,1,3,0,1
200600052519,6,9,13,2145,3,1,2,7,4823800,237600,3,2,0,0,1,3,0,0,2,0,1,0,0,0,1,0,1
200600052521,6,9,16,1045,1,1,1,6,4711200,301100,4,2,0,0,2,1,0,30,1,0,3,0,0,1,0,0,1
200600052523,6,9,27,645,2,1,5,6,4721300,296300,3,2,2,0,1,1,0,0,1,0,1,0,0,0,1,0,1
200600052526,6,9,28,2200,5,1,1,3,4733000,283000,3,2,0,0,0,1,0,110,1,0,1,0,0,0,2,1,1
200600052528,6,9,9,1745,1,1,7,6,4700300,305500,4,0,1,0,1,1,0,38,9,6,1,0,0,1,0,0,1
200600052529,6,9,11,1345,1,1,1,7,4697000,290600,3,2,2,0,1,2,0,75,1,0,1,0,0,0,2,0,1
200600052535,6,9,26,1745,1,1,1,3,4699700,216800,3,2,1,0,1,3,0,56,1,0,1,0,1,1,0,0,1
200600052536,6,9,20,1745,1,2,1,3,4716100,249500,3,2,2,0,2,1,0,57,1,2,1,0,0,1,0,1,1
200600052539,6,9,1,1530,1,2,1,3,4843600,174500,3,2,2,0,1,1,0,63,1,5,1,0,0,1,1,2,1
200600052540,6,9,10,1800,1,1,1,3,4861800,166900,3,2,2,0,2,2,0,71,1,0,1,0,1,0,2,0,1
200600052543,6,9,25,1100,1,1,1,3,4825800,154500,3,2,2,0,1,1,0,70,1,5,1,0,2,0,0,2,1
200600052545,6,9,3,1530,1,1,1,3,4889600,152300,3,2,2,0,1,1,0,70,1,0,1,0,2,0,1,0,1
200600052546,6,9,18,1415,1,1,1,3,4882600,141300,3,2,0,0,1,1,0,70,1,0,1,0,2,0,1,0,1
200600052547,6,9,3,915,1,1,2,1,4826900,85600,3,2,0,0,1,1,0,49,2,0,1,0,1,0,1,0,1
200600052551,6,9,19,745,2,1,2,6,4683100,183600,3,2,2,0,1,3,0,0,2,0,3,0,0,0,1,0,1
200600052554,6,9,15,2315,3,1,3,6,4660700,169100,3,0,2,0,0,2,0,40,2,0,3,0,0,0,0,1,1
200600052556,6,9,17,700,3,1,1,6,4692100,112300,3,2,2,0,1,1,0,70,1,0,1,0,0,1,0,0,1
200600052558,6,9,21,1930,1,1,1,1,4713600,143900,4,2,2,0,2,0,0,57,1,0,1,0,1,0,0,1,1
200600052559,6,9,3,1330,1,1,1,6,4663300,106500,3,2,0,0,1,1,0,0,1,0,1,0,1,0,0,1,1
200600052561,6,9,19,745,1,1,1,5,4663300,116300,3,2,2,0,1,1,0,75,1,0,1,0,2,0,1,4,1
200600052563,6,9,25,1015,1,9,8,6,4663700,106200,6,0,0,0,1,0,0,0,1,0,1,0,1,0,1,0,1
200600052564,6,9,9,1600,1,1,1,2,4660000,199900,3,2,0,0,0,1,0,73,1,0,1,0,1,0,1,0,1
200600052565,6,9,10,845,1,2,1,3,4673800,204600,3,2,2,0,1,1,0,50,1,0,1,0,2,0,1,3,1
200600052566,6,9,1,1430,1,1,1,2,4690700,188300,2,2,2,0,1,1,0,73,1,0,1,0,1,0,0,1,1
200600052570,6,9,3,700,2,1,8,1,4746000,59000,3,2,0,0,1,1,0,65,1,0,1,0,1,1,0,0,1
200600052571,6,9,18,1730,1,2,1,3,4754900,47200,3,2,2,0,1,1,0,70,1,0,1,0,4,0,1,0,1
200600052581,6,9,6,1745,1,1,1,6,4728200,42500,3,2,0,0,0,0,0,0,1,0,3,0,2,0,0,1,1
200600052582,6,9,7,1945,1,1,1,3,4733000,43000,2,2,2,0,1,3,0,78,1,0,1,0,1,0,1,0,1
200600052583,6,9,26,1330,1,1,1,6,4734800,34800,3,2,2,0,1,3,60,0,1,0,3,0,0,0,1,0,1
200600052584,6,9,15,1615,1,1,3,1,4698700,34700,3,2,2,0,3,1,0,70,2,0,1,0,2,0,1,0,1
200600052585,6,9,9,1745,1,1,1,1,4713200,99600,3,2,0,0,1,1,90,0,1,0,1,0,1,0,0,1,1
200600052590,6,9,29,1000,1,1,1,1,4712000,98000,9,2,0,0,1,1,0,70,1,0,1,0,1,0,1,0,1
200600052592,6,9,3,1,5,1,1,3,4729400,71900,2,3,2,0,1,1,18,85,1,5,1,0,1,0,1,0,1
200600052596,6,9,12,1230,1,1,1,1,4769300,149200,2,2,2,0,1,1,0,0,1,0,1,0,0,1,0,1,1
200600052600,6,9,4,930,1,1,8,3,4766600,198100,2,2,2,0,1,1,0,78,9,0,1,0,0,0,2,0,1
200600052603,6,9,10,1600,1,1,1,3,4779300,89800,3,2,0,0,2,1,0,40,1,0,1,0,1,0,1,0,1
200600052604,6,9,8,2230,3,1,1,6,4790000,122700,4,2,0,0,1,1,0,50,1,0,1,0,1,0,1,0,1
200600052605,6,9,23,2000,3,1,2,6,4786400,132000,3,2,2,0,0,2,0,60,2,0,3,0,0,0,1,0,1
200600052610,6,9,6,1900,1,1,1,1,4913500,239300,3,3,0,0,3,3,0,114,1,0,1,0,0,1,1,0,1
200600052611,6,9,17,1700,1,1,1,3,4916300,231400,4,2,0,0,1,2,0,55,1,0,1,0,1,0,0,1,1
200600052615,6,9,10,330,3,1,1,5,4412800,29100,3,3,2,0,0,2,0,0,1,0,0,0,1,0,2,1,1
200600052617,6,9,2,15,3,6,1,1,4290900,304000,3,2,2,0,0,0,0,0,1,5,1,0,1,0,1,1,1
200600052620,6,9,16,1500,1,1,1,6,4944000,601000,3,2,0,0,2,2,0,100,1,0,0,0,0,0,1,1,1
200600052621,6,9,9,1500,1,1,1,2,4358000,385000,2,2,0,0,2,1,0,90,1,0,1,0,1,0,1,0,1
200600052622,6,9,24,1315,1,1,3,6,4365000,370900,3,2,2,0,0,3,0,65,2,0,0,0,1,0,1,0,1
200600052624,6,9,8,2145,3,1,1,2,4321500,245800,3,2,2,0,1,1,0,46,1,0,1,0,3,0,1,1,1
200600052629,6,9,8,2045,3,6,1,2,4733000,76400,2,1,0,0,1,1,0,40,1,0,1,0,1,0,0,1,1
200600052631,6,9,26,1830,1,1,1,6,4731900,71200,3,2,4,3,3,1,0,150,1,0,1,0,0,0,1,0,1
200600052634,6,9,14,1030,1,1,2,7,4841900,-424800,3,2,2,0,2,2,0,66,2,0,3,0,0,1,0,0,1
200600052635,6,9,17,1500,1,1,1,1,4476000,-102100,3,2,2,0,1,1,0,45,1,0,1,0,1,1,2,0,1
200600052636,6,9,3,1830,1,1,1,7,4839100,255800,1,1,3,3,2,3,20,130,1,0,3,0,0,0,1,0,1
200600052638,6,9,22,1945,2,9,1,6,4845900,252400,1,1,0,3,1,1,0,0,1,7,1,0,0,1,0,0,1
200600052647,6,9,16,915,1,9,1,1,4376400,508000,1,3,3,0,1,1,150,140,1,0,1,0,1,0,0,1,1
200600052649,6,9,8,300,3,1,1,6,4409600,487500,1,3,3,0,1,2,25,105,1,0,1,0,0,1,0,0,1
200600052651,6,9,29,1415,1,1,1,7,4321100,605100,1,0,2,0,1,3,30,100,1,0,1,0,0,0,1,0,1
200600052652,6,9,4,1630,1,9,1,2,4934100,36500,1,1,2,0,1,1,10,90,1,7,1,0,5,0,1,0,1
200600052653,6,9,29,1700,1,1,1,6,4937900,48700,1,1,2,0,2,2,10,95,1,0,3,0,0,0,0,2,1
200600052660,6,9,23,1600,1,2,1,3,4737600,503800,3,2,3,3,1,1,0,108,1,5,1,0,0,0,2,0,1
200600052663,6,9,12,1245,1,1,1,4,4557600,560500,1,1,0,0,0,1,20,90,1,0,1,0,2,0,0,1,1
200600052664,6,9,12,1800,1,1,1,2,4773200,741800,3,2,2,0,1,1,0,60,1,0,1,0,1,0,0,1,1
200600052665,6,9,26,1500,1,1,2,6,4775100,741200,9,2,0,0,0,1,0,0,2,1,1,0,0,0,0,2,1
200600052666,6,9,1,415,3,1,1,6,4822300,-91700,3,2,1,0,2,1,0,47,1,0,1,0,0,0,1,0,1
200600052667,6,9,22,1045,1,7,3,6,4823400,-103600,3,0,0,0,0,0,0,0,2,0,0,0,1,0,1,0,1
200600052669,6,9,20,1700,1,1,1,2,4954000,122500,1,1,1,0,1,1,10,73,1,0,1,0,0,0,1,1,1
200600052680,6,9,19,1330,1,1,1,1,4740000,87300,3,2,2,0,1,1,0,62,1,0,1,0,1,0,1,0,1
200600052689,6,9,17,415,3,6,1,7,4885400,806300,3,2,0,0,1,1,91,93,1,5,1,0,0,0,1,0,1
200600052690,6,9,19,800,1,1,8,6,4880900,800000,3,2,2,0,0,1,0,75,2,0,3,0,0,0,1,0,1
200600052695,6,9,22,2030,3,1,1,6,4554000,326000,1,3,2,0,1,1,20,70,1,0,3,0,0,0,1,0,1
200600052704,6,9,23,1800,1,1,1,6,4367400,720100,1,1,2,0,1,3,0,70,1,0,1,0,0,0,1,0,1
200600052717,6,9,25,945,1,2,1,3,4271600,284300,4,2,2,0,2,1,0,70,1,0,1,0,4,0,0,1,1
200600052718,6,9,29,1645,1,2,1,3,4526200,585100,2,2,0,0,1,1,10,100,1,5,1,0,1,0,0,1,1
200600052724,6,9,18,1315,1,9,1,6,4737800,638400,1,3,2,0,1,3,30,100,1,3,1,0,0,0,1,0,1
200600052726,6,9,11,1525,1,1,1,2,4471800,-74500,1,3,2,0,1,1,100,105,1,0,1,0,1,0,3,0,1
200600052727,6,9,16,1845,1,1,1,3,4443300,-81500,2,1,0,0,1,1,100,70,1,0,1,0,2,0,2,0,1
200600052728,6,9,25,2315,3,1,1,7,4461500,-101700,1,3,2,0,1,1,10,70,1,0,1,0,0,1,2,0,1
200600052749,6,9,23,1315,1,1,1,6,4852800,-285100,3,2,0,0,0,2,15,67,1,0,1,0,1,0,1,0,1
200600052754,6,9,26,630,2,1,1,2,4585000,507200,1,3,3,0,1,1,0,0,1,0,1,0,1,0,0,2,1
200600052755,6,9,23,1515,1,1,8,1,4550900,416400,3,2,2,0,0,3,0,63,1,0,1,0,2,0,1,0,1
200600052757,6,9,30,1815,1,1,1,7,4913200,423800,3,2,2,0,1,1,0,73,1,0,1,0,0,0,1,0,1
200600052760,6,9,1,1000,1,1,1,1,4361800,704800,3,1,0,0,3,1,0,71,1,5,1,0,0,1,0,1,1
200600052765,6,9,1,1630,1,9,1,1,4545500,476800,3,2,0,3,1,1,38,60,1,5,1,0,1,0,1,0,1
200600052768,6,9,29,815,2,1,1,1,4595500,619700,3,3,2,0,1,1,22,0,1,5,1,0,1,0,1,0,1
200600052769,6,9,23,1900,2,1,2,5,4373000,379000,3,2,2,0,2,2,0,70,2,0,1,0,1,1,3,4,1
200600052772,6,9,17,1545,1,1,1,1,4276200,176900,2,2,0,0,0,0,0,0,0,0,0,0,0,0,2,1,1
200600052777,6,9,2,215,3,1,1,3,4757300,-270600,3,2,2,0,0,1,0,56,1,5,1,0,0,0,3,0,1
200600052778,6,9,4,515,3,1,5,6,4753800,-274400,3,2,4,0,1,1,0,140,1,0,1,0,3,1,0,0,1
200600052779,6,9,22,1830,1,1,1,6,4752300,-266400,4,2,2,0,1,1,0,61,1,0,1,0,1,0,1,0,1
200600052780,6,9,16,1900,2,1,4,5,4585200,375900,1,3,4,0,1,3,15,200,9,0,1,0,4,0,1,1,1
200600052790,6,9,11,630,2,1,1,1,4614600,562000,1,3,0,0,1,1,0,87,1,0,1,0,0,0,2,0,1
200600052792,6,9,11,745,1,1,1,2,4594000,312800,1,3,2,0,1,2,20,70,1,0,1,0,2,0,2,0,1
200600052795,6,9,10,1100,1,1,1,7,4853400,766300,3,3,2,0,1,1,5,105,1,0,1,0,0,0,1,0,1
200600052796,6,9,1,1345,1,1,1,3,4370200,696800,3,2,3,0,0,2,0,120,1,0,1,0,1,1,1,1,1
200600052799,6,9,22,115,5,1,1,7,4560600,522100,4,2,2,0,2,1,0,0,1,0,1,0,0,0,1,0,1
200600052800,6,9,11,1645,1,1,1,2,4638400,273200,1,1,2,0,1,1,0,72,1,0,1,0,3,0,2,0,1
200600052801,6,9,7,2030,2,1,1,7,4668900,245700,1,3,2,0,1,2,10,70,1,0,1,0,0,0,1,0,1
200600052812,6,9,29,1145,1,1,1,3,4608800,651400,4,2,2,0,1,1,0,60,1,0,1,0,1,0,1,0,1
200600052815,6,9,5,2100,5,9,1,2,4529800,635500,1,1,2,3,1,1,10,73,1,3,1,0,0,0,1,4,1
200600052820,6,9,9,1845,1,1,1,7,4657900,149900,1,3,4,0,1,1,30,100,1,0,3,0,3,0,0,1,1
200600052821,6,9,16,100,3,1,3,1,4651700,150000,1,0,2,0,1,3,15,105,2,0,1,0,1,0,1,0,1
200600052824,6,9,18,845,1,1,2,7,4874000,206700,3,2,2,0,1,3,0,45,2,0,3,0,0,0,1,0,1
200600052825,6,9,21,745,1,1,1,2,4812600,14500,2,2,2,0,1,1,0,70,1,0,1,0,1,0,1,0,1
200600052826,6,9,12,1445,1,1,1,1,4780600,724200,3,2,2,2,1,1,20,70,9,0,1,0,1,0,1,0,1
200600052831,6,9,29,1845,1,1,1,3,4894800,761600,3,2,2,0,1,1,0,54,1,0,1,0,0,0,1,1,1
200600052844,6,9,28,1300,1,1,1,1,4368100,136600,3,2,2,0,1,1,0,65,1,0,1,0,1,0,1,0,1
200600052847,6,9,29,2200,3,1,1,2,4732300,586700,3,2,2,0,1,1,0,57,2,0,1,0,2,0,2,0,1
200600052848,6,9,22,1830,1,9,1,1,4902700,202700,4,2,0,0,1,1,0,0,1,0,4,0,1,0,1,0,1
200600052855,6,9,8,2115,3,1,1,4,4933500,-90100,2,3,2,0,1,1,20,70,1,0,1,0,3,1,1,0,1
200600052856,6,9,10,1830,1,1,1,7,4933500,-89900,2,3,2,0,0,1,84,140,1,0,3,0,0,0,2,0,1
200600052863,6,9,24,1345,1,1,1,1,4724400,-145800,3,2,2,0,1,3,0,61,2,0,1,0,1,0,5,0,1
200600058185,6,10,6,1330,1,1,2,1,5053600,292800,3,2,0,0,1,1,0,62,2,0,1,0,1,0,1,0,1
200600058186,6,10,7,1800,1,1,1,3,5051200,289300,4,2,2,0,1,1,0,40,1,0,1,0,1,0,1,0,1
200600058187,6,10,14,1000,1,1,1,6,5052400,289200,4,2,2,0,1,1,0,53,1,0,1,0,0,1,0,0,1
200600058188,6,10,9,1700,1,1,1,3,5053700,280400,3,2,2,0,1,1,70,0,1,5,1,3,1,0,0,1,1
200600058192,6,10,8,2115,3,1,1,6,5091700,240600,3,2,0,0,1,1,0,61,1,0,1,0,0,0,1,0,1
200600058194,6,10,21,1315,1,1,1,3,5088800,249500,3,2,1,0,1,1,0,64,0,0,1,0,1,0,1,0,1
200600058195,6,10,18,1345,1,1,1,5,5076100,260200,3,2,2,0,1,1,0,63,1,0,1,0,3,1,0,0,1
200600058196,6,10,25,630,3,1,1,7,5069200,240300,4,2,2,0,1,1,0,40,1,0,1,0,0,1,0,0,1
200600058198,6,10,16,1930,3,1,1,6,5077200,264100,3,2,2,0,0,4,0,48,1,0,3,0,0,1,0,0,1
200600058200,6,10,22,745,2,1,1,6,5063900,275000,3,2,0,0,1,1,0,70,1,0,0,0,0,0,1,0,1
200600058201,6,10,27,1630,1,1,1,1,5078100,255400,3,2,0,0,2,1,0,75,1,5,1,0,1,1,0,0,1
200600058202,6,10,4,1600,1,2,1,1,5073500,296300,3,3,0,0,1,1,0,0,1,0,1,0,1,0,0,1,1
200600058204,6,10,3,530,3,1,1,6,5014900,394800,2,2,4,0,2,1,0,132,1,0,1,0,1,1,0,0,1
200600058205,6,10,10,830,2,1,9,3,5012700,389400,3,2,2,0,0,1,0,75,2,0,1,0,27,0,4,0,1
200600058206,6,10,20,1930,3,1,1,1,5026900,382400,3,2,2,0,2,1,0,58,1,0,1,0,0,0,2,0,1
200600058207,6,10,26,945,5,1,1,1,5016100,364300,3,2,2,0,0,4,0,47,1,0,0,0,1,0,1,0,1
200600058209,6,10,6,1245,1,1,1,7,5012800,340900,9,2,0,0,1,1,0,50,1,0,1,0,1,0,1,0,1
200600058212,6,10,10,1200,1,1,1,6,5009600,341000,3,0,2,0,1,0,60,0,1,0,1,0,1,0,1,0,1
200600058213,6,10,6,1645,1,1,1,1,5007300,333700,3,2,2,0,1,1,0,60,1,0,1,3,1,0,1,0,1
200600058217,6,10,18,1630,1,2,2,3,5025900,364100,4,2,1,0,1,2,0,50,2,0,1,0,2,0,1,0,1
200600058222,6,10,14,1645,1,1,1,7,5024400,315000,3,2,2,0,1,3,0,60,1,0,3,0,0,0,2,0,1
200600058226,6,10,1,2145,5,1,8,1,5041000,165000,3,2,2,0,4,3,0,70,2,0,1,0,1,0,4,0,1
200600058227,6,10,19,1615,1,1,1,2,5043700,206900,3,2,2,0,3,1,0,70,1,0,1,0,1,0,1,0,1
200600058228,6,10,31,1300,1,1,1,7,5037900,201700,3,2,2,0,1,4,0,89,1,0,1,0,0,1,0,0,1
200600058230,6,10,21,1630,1,1,1,1,5085800,198600,3,2,0,0,1,1,0,130,1,5,1,0,2,0,1,0,1
200600058237,6,10,6,1800,1,1,3,1,5024600,230900,3,2,2,0,1,1,0,71,2,0,1,0,1,0,1,0,1
200600058243,6,10,19,1615,1,1,1,6,5001600,231700,3,2,0,0,0,1,0,70,0,0,3,0,1,0,0,1,1
200600058248,6,10,5,945,1,1,1,3,5034200,157200,3,2,2,0,1,1,0,70,1,0,1,0,1,0,1,0,1
200600058249,6,10,15,1015,1,1,1,7,5030300,165000,3,3,2,0,1,3,30,60,1,0,0,0,0,0,1,0,1
200600058251,6,10,4,1730,1,1,1,6,5016000,234000,9,1,1,0,1,1,0,61,1,0,0,0,2,0,1,0,1
200600058252,6,10,29,1800,5,1,1,7,5005700,214200,9,3,1,0,1,0,50,0,1,0,1,0,0,0,0,1,1
200600058253,6,10,13,1315,1,1,1,1,5003800,281100,3,2,2,0,1,3,0,62,1,0,1,0,2,0,1,0,1
200600058255,6,10,24,2115,3,2,1,3,4990600,300600,3,2,0,0,0,1,70,70,1,5,1,0,2,0,1,0,1
200600058259,6,10,9,800,1,1,1,1,4973700,385600,3,2,2,0,1,4,0,64,1,0,1,0,1,1,0,0,1
200600058265,6,10,2,1745,1,1,2,6,4944900,367400,3,2,2,0,0,2,0,62,2,0,3,0,0,0,1,0,1
200600058267,6,10,12,2100,3,1,1,6,4943200,377400,3,2,2,0,2,2,50,50,8,0,3,0,0,0,1,0,1
200600058268,6,10,27,1730,1,1,1,7,4946100,383000,3,2,2,0,0,1,0,72,1,0,3,0,1,0,1,0,1
200600058270,6,10,13,1230,1,1,1,1,4953900,383200,3,2,2,0,1,0,0,58,1,0,1,0,1,0,1,0,1
200600058276,6,10,18,1930,3,1,8,2,4999200,324000,3,2,0,0,1,1,0,74,2,0,1,0,2,0,0,1,1
200600058281,6,10,20,900,1,1,2,3,4936400,310000,3,2,1,0,2,3,0,60,2,0,0,0,1,1,0,0,1
200600058282,6,10,28,1100,1,1,1,1,5001300,360600,3,2,2,0,1,1,0,55,2,0,1,0,0,0,0,2,1
200600058283,6,10,5,1200,1,1,8,2,4940500,219200,3,2,2,0,1,1,0,72,1,0,1,0,1,0,0,1,1
200600058284,6,10,15,2015,3,1,1,5,4942000,226100,2,3,4,0,1,1,15,122,1,0,1,0,2,0,0,4,1
200600058285,6,10,16,945,1,1,8,7,4940800,212300,2,2,2,0,1,1,0,85,1,0,3,0,0,0,1,0,1
200600058286,6,10,27,2130,3,1,1,3,4939300,221300,3,2,2,0,1,1,0,52,1,0,1,0,1,0,0,2,1
200600058288,6,10,8,1130,1,1,1,2,4945100,190100,3,2,2,0,2,1,0,70,1,0,1,0,2,0,2,0,1