Num_Acc,an,mois,jour,hrmn,lum,int,atm,col,lat,long,catr,circ,nbv,vosp,prof,plan,lartpc,larrout,surf,infra,situ,env1,unscathed,killed,hospital,light,chance
200600058289,6,10,9,915,1,1,1,3,4935100,189900,3,2,2,0,1,3,0,45,1,0,1,0,1,0,1,0,1
200600058294,6,10,19,1200,1,1,1,1,4962300,175500,3,2,0,0,1,0,0,45,1,0,1,0,0,0,1,1,1
200600058308,6,10,7,700,2,1,1,1,4945500,278600,3,2,2,0,1,1,0,77,1,0,1,0,0,1,1,0,1
200600058309,6,10,7,2350,3,6,1,7,4940700,262800,2,2,0,0,1,1,0,57,1,5,1,0,0,1,0,0,1
200600058322,6,10,24,1715,1,1,1,2,4923800,247200,2,3,4,0,1,1,7,75,1,0,1,0,2,0,1,0,1
200600058332,6,10,31,1900,3,1,2,2,4939500,119700,2,2,3,0,1,1,0,0,2,0,1,0,1,0,1,0,1
200600058339,6,10,1,1615,1,1,1,1,4979300,175000,3,2,2,0,1,1,0,50,1,0,1,0,1,0,1,0,1
200600058340,6,10,8,730,2,8,1,6,4993900,162100,3,2,2,0,0,4,0,70,1,4,0,0,0,0,1,0,1
200600058341,6,10,21,2145,4,1,8,6,4980300,174300,3,2,2,0,1,2,0,70,1,0,3,0,0,1,1,0,1
200600058345,6,10,13,1845,1,6,1,3,4948500,173800,2,2,2,0,1,1,0,70,1,5,1,0,1,0,1,0,1
200600058346,6,10,14,1900,3,2,1,3,4962700,74500,3,2,2,0,1,1,0,67,1,0,1,0,1,0,1,0,1
200600058349,6,10,28,45,5,1,1,7,4954400,94500,3,2,2,0,1,0,0,0,1,0,4,0,1,0,0,1,1
200600058350,6,10,12,2045,5,1,1,1,4987800,79900,3,2,2,0,1,1,0,64,1,0,1,0,0,0,2,0,1
200600058352,6,10,1,1215,1,1,8,7,4896800,90100,3,2,2,0,1,2,0,65,2,0,1,0,0,0,1,0,1
200600058354,6,10,22,1650,1,1,8,6,4895000,96400,3,2,0,0,0,0,0,0,1,0,1,0,0,0,1,0,1
200600058358,6,10,22,1815,1,1,2,1,4877600,116600,2,3,4,0,4,2,30,137,2,5,1,0,1,0,0,1,1
200600058360,6,10,28,2315,5,1,1,6,4887400,141700,4,2,2,0,1,1,60,0,1,0,3,0,1,0,1,0,1
200600058362,6,10,8,900,2,1,1,6,4938800,137700,3,2,2,0,1,1,0,70,0,0,1,0,0,0,1,0,1
200600058364,6,10,1,1000,1,1,8,2,4927000,153000,2,2,2,0,1,1,0,74,2,0,1,0,1,0,1,0,1
200600058366,6,10,12,645,5,1,1,6,4909800,64700,3,2,2,0,1,3,0,101,8,0,3,0,0,0,1,0,1
200600058367,6,10,21,1500,1,2,1,3,4915800,58100,2,2,2,0,1,1,0,100,1,5,1,0,2,0,1,0,1
200600058368,6,10,20,2300,5,1,2,7,4909900,60100,4,2,2,0,0,2,0,53,2,0,0,0,0,0,2,0,1
200600058369,6,10,25,2015,3,1,1,3,4905000,66000,4,2,2,0,1,1,0,34,1,0,0,0,1,0,1,0,1
200600058370,6,10,29,630,3,1,2,7,4915000,59000,2,2,3,0,1,1,0,100,2,0,3,0,0,0,1,0,1
200600058373,6,10,10,2100,5,1,1,3,4916400,133200,4,2,2,0,1,1,0,65,1,5,1,0,1,0,1,0,1
200600058376,6,10,1,1645,1,1,1,1,4922700,107100,3,2,0,0,1,2,0,62,1,0,1,0,1,0,1,0,1
200600058377,6,10,13,2115,5,1,1,6,4930800,114800,3,2,2,0,1,1,0,93,1,0,1,0,0,0,1,0,1
200600058380,6,10,19,2115,3,1,2,7,4929900,106000,3,2,0,0,0,0,0,0,0,0,0,0,0,0,1,0,1
200600058381,6,10,26,1700,1,1,1,1,4922900,106400,3,2,1,0,0,1,0,0,1,0,1,0,1,0,1,0,1
200600058382,6,10,27,1845,5,9,1,6,4930500,116600,9,2,1,0,1,1,0,0,2,0,1,0,1,0,0,1,1
200600058386,6,10,21,900,1,1,7,1,4920000,48000,4,2,2,0,1,1,0,36,1,0,1,0,0,0,0,2,1
200600058387,6,10,28,300,3,1,5,1,4819400,-214900,2,2,2,0,1,1,0,72,1,0,1,0,2,0,1,0,1
200600058391,6,10,12,930,1,1,1,3,4846000,-148000,3,2,0,0,1,2,0,0,1,0,1,0,1,0,1,0,1
200600058397,6,10,11,1715,1,2,3,5,4771200,-199600,3,3,3,0,1,1,0,145,3,5,1,0,2,0,5,0,1
200600058399,6,10,28,1,3,1,5,6,4775900,-163800,4,2,2,0,1,1,0,37,1,0,1,0,1,0,0,1,1
200600058404,6,10,28,1300,1,1,1,7,4777900,-201500,3,2,2,0,1,1,0,56,1,0,3,0,0,0,1,0,1
200600058408,6,10,9,2015,3,1,1,6,4860500,-168100,3,2,2,0,0,2,0,0,1,0,1,0,0,1,0,0,1
200600058409,6,10,11,1245,1,1,8,3,4856900,-178000,3,2,2,0,1,1,0,68,1,5,1,0,1,1,0,0,1
200600058418,6,10,24,800,2,1,3,6,4878500,-304900,3,2,2,0,1,1,0,60,2,0,1,0,1,0,1,1,1
200600058419,6,10,7,515,3,1,1,1,4849200,-263300,3,2,2,0,0,1,0,124,1,0,1,3,0,2,0,1,1
200600058420,6,10,7,1830,1,1,7,1,4849700,-201700,3,2,2,0,1,1,0,68,1,0,1,0,1,0,0,2,1
200600058422,6,10,29,1930,3,1,1,1,4849500,-200300,3,2,0,0,0,2,0,50,1,2,1,0,1,0,1,0,1
200600058428,6,10,6,1845,1,1,1,5,4854100,-318000,3,2,2,0,1,1,0,70,1,0,1,0,2,0,2,0,1
200600058430,6,10,9,915,1,1,1,3,4874800,-340000,3,2,0,0,1,1,0,107,1,0,1,0,1,0,1,0,1
200600058431,6,10,30,2130,3,1,1,7,4867400,-364300,3,2,2,0,1,1,0,0,1,2,1,0,0,0,2,0,1
200600058432,6,10,5,2230,5,1,1,6,4881700,-345500,3,2,0,0,0,2,0,70,1,0,4,0,0,1,0,0,1
200600058433,6,10,17,1715,1,1,1,6,4882200,-346100,4,2,2,0,2,2,0,82,1,0,1,0,1,0,1,0,1
200600058434,6,10,4,945,1,1,1,3,4878700,-311900,3,2,0,0,2,1,0,73,1,0,1,0,1,0,0,1,1
200600058435,6,10,28,1400,1,3,1,3,4872900,-331300,4,2,2,0,0,1,0,0,1,0,1,0,1,0,1,0,1
200600058436,6,10,15,2130,3,1,1,1,4793000,-406500,3,2,2,0,2,1,0,70,9,0,1,0,0,0,2,0,1
200600058437,6,10,15,30,3,1,1,6,4780800,-426200,9,2,2,0,1,1,0,79,1,5,1,0,0,0,0,4,1
200600058438,6,10,23,1115,1,1,2,1,4780500,-435900,3,2,2,0,1,3,0,60,2,0,1,0,0,0,2,0,1
200600058439,6,10,28,215,3,1,1,6,4780700,-430700,3,2,2,0,4,1,0,60,1,0,1,0,0,0,2,1,1
200600058440,6,10,30,2000,5,1,1,6,4784600,-428400,3,2,2,0,1,1,0,60,1,0,1,0,1,0,1,0,1
200600058445,6,10,19,915,1,1,3,3,4862600,-432900,3,2,2,0,2,1,0,74,2,5,0,0,0,0,2,0,1
200600058446,6,10,28,1600,1,1,1,2,4855700,-434400,3,3,2,0,1,1,0,72,1,0,1,0,1,0,1,0,1
200600058447,6,10,24,1615,1,1,1,3,4852000,-440600,3,2,2,0,1,1,0,65,1,5,1,0,1,0,2,0,1
200600058450,6,10,27,2145,3,1,1,6,4830700,-394800,3,2,0,0,2,1,0,57,1,0,3,0,1,0,1,0,1
200600058451,6,10,28,345,3,1,1,2,4854700,-389600,2,3,4,0,2,2,10,73,1,0,1,0,1,0,0,1,1
200600058452,6,10,29,1715,1,1,1,3,4766600,-287700,2,3,4,0,1,1,20,148,1,0,1,0,2,0,0,2,1
200600058453,6,10,1,315,3,1,2,7,4782600,-209200,3,2,0,0,2,1,0,59,2,0,1,0,1,0,0,3,1
200600058458,6,10,28,1045,1,9,5,6,4757900,-305800,5,0,0,0,1,0,0,0,1,0,0,0,1,0,1,0,1
200600058461,6,10,17,900,1,1,1,1,4778400,-245900,3,2,2,0,1,1,0,115,1,0,1,0,1,0,2,0,1
200600058463,6,10,19,745,5,1,8,6,4807300,-296500,3,0,2,0,2,0,0,0,2,0,1,3,1,0,1,0,1
200600058464,6,10,20,800,3,1,2,6,4805100,-298000,3,2,0,0,1,1,0,64,2,0,1,0,1,1,0,0,1
200600058466,6,10,25,715,3,1,1,1,4806900,-289500,3,2,2,0,2,1,0,73,1,0,1,0,0,0,1,1,1
200600058468,6,10,30,1500,1,1,1,3,4814700,-300100,4,2,0,0,1,1,0,0,1,5,1,0,1,0,1,0,1
200600058469,6,10,20,800,5,1,2,3,4796200,-297400,3,2,2,0,1,1,0,83,2,0,1,0,0,0,1,1,1
200600058470,6,10,22,500,3,1,3,6,4807300,-347700,3,2,2,0,1,1,0,68,2,5,3,0,0,0,1,0,1
200600058475,6,10,29,700,2,1,2,6,4894200,-56600,3,2,2,0,2,1,0,57,2,0,3,0,0,0,1,0,1
200600058477,6,10,18,2200,3,7,1,7,4901900,-3500,9,0,0,0,0,0,0,0,0,0,1,0,0,0,1,0,1
200600058478,6,10,25,1930,5,1,1,1,4901100,15100,3,2,2,0,1,1,0,106,1,0,1,0,3,0,1,0,1
200600058479,6,10,13,1715,1,1,1,1,4927900,10900,3,2,2,0,2,1,0,54,1,0,3,0,2,0,2,0,1
200600058480,6,10,18,1315,1,1,1,7,4930700,25000,3,0,2,0,1,1,0,73,1,0,1,0,0,1,0,0,1
200600058484,6,10,5,1800,1,1,2,2,4950400,-148300,2,3,2,0,1,1,10,70,2,0,1,0,0,0,2,1,1
200600058486,6,10,5,745,3,1,2,3,4913500,-99600,3,3,2,0,1,1,35,76,2,0,1,0,1,1,0,0,1
200600058489,6,10,10,745,2,1,8,1,4939400,-176300,3,2,0,0,2,1,0,70,1,0,1,0,0,0,2,0,1
200600058491,6,10,8,2015,1,1,1,1,4955100,-146500,3,2,0,0,0,1,0,70,1,0,1,0,1,0,1,0,1
200600058492,6,10,9,1245,1,1,1,1,4969800,-127600,3,2,0,0,1,2,0,50,3,0,1,0,1,0,1,0,1
200600058493,6,10,14,1115,1,1,1,1,4967400,-141200,3,2,2,0,1,3,0,55,1,0,1,0,1,1,4,0,1
200600058496,6,10,20,1630,1,1,1,1,4890200,-135800,3,2,2,0,1,1,0,50,1,6,1,0,1,1,9,6,1
200600058499,6,10,24,815,2,1,2,1,4922900,-142600,3,2,2,0,1,1,0,60,2,0,1,0,1,1,0,0,1
200600058500,6,10,30,1600,1,1,2,6,4932800,-134500,3,2,0,0,1,0,0,28,2,0,3,0,0,0,2,0,1
200600058505,6,10,8,1600,1,1,1,7,4858200,-109400,3,2,2,0,1,1,24,31,1,0,1,0,0,0,1,0,1
200600058507,6,10,15,15,5,1,1,3,4870700,-36100,3,3,0,0,2,1,21,65,1,0,1,0,1,0,1,0,1
200600058508,6,10,25,1925,3,1,1,6,4870900,37700,3,2,2,0,1,1,0,75,1,0,3,0,1,0,0,1,1
200600058509,6,10,4,1200,1,1,1,6,4860700,-60900,3,2,0,0,2,3,0,60,2,0,3,0,0,0,1,0,1
200600058510,6,10,27,1745,1,1,1,2,4861200,-71500,3,2,0,0,1,1,0,77,1,0,3,0,1,0,1,0,1
200600058511,6,10,20,1730,1,1,1,3,4857100,-38900,3,2,2,0,1,1,0,0,1,0,1,0,0,0,1,1,1
200600058516,6,10,12,1830,1,1,3,2,4876600,65900,2,2,2,0,1,1,0,0,2,0,1,0,1,0,1,0,1
200600058518,6,10,17,1815,1,6,2,3,4727100,-144000,3,1,2,0,1,2,63,61,2,5,1,0,1,0,1,0,1
200600058519,6,10,2,1115,1,1,2,4,4732200,-147700,3,2,2,0,1,1,0,64,2,5,1,0,0,0,1,3,1
200600058521,6,10,9,1245,1,3,1,1,4729800,-147100,3,2,2,0,1,1,0,96,1,0,1,0,1,1,3,0,1
200600058522,6,10,27,1815,2,6,1,6,4731000,-150600,4,2,2,0,1,3,0,60,1,5,1,0,1,0,1,0,1
200600058525,6,10,26,1815,3,1,1,1,4746000,-127800,4,2,0,0,2,2,0,45,1,0,1,0,1,0,1,0,1
200600058526,6,10,26,1615,1,1,7,5,4749600,-143400,3,2,2,0,1,1,0,61,2,0,1,0,2,0,1,0,1
200600058527,6,10,16,1930,3,1,1,6,4763500,-144400,4,0,0,0,1,1,0,0,1,0,3,0,0,1,0,0,1
200600058528,6,10,21,1415,1,1,1,6,4764000,-124000,3,3,0,0,1,1,0,60,1,0,3,0,0,0,1,0,1
200600058529,6,10,8,330,3,1,1,6,4753500,-191200,3,2,2,0,0,1,71,0,1,0,1,0,1,1,0,0,1
200600058531,6,10,15,930,1,1,1,6,4758000,-163000,2,3,4,0,4,1,20,80,1,3,3,0,0,2,0,0,1
200600058533,6,10,31,1230,1,1,1,1,4771000,-170300,2,3,2,0,0,1,0,74,1,0,1,0,0,0,1,3,1
200600058536,6,10,31,1830,5,1,1,3,4719800,-172300,9,0,0,0,0,1,0,59,1,0,1,0,1,0,0,1,1
200600058538,6,10,13,2245,3,1,1,6,4711600,-207800,3,1,1,0,0,2,0,50,1,0,1,0,2,0,1,0,1
200600058539,6,10,18,1600,1,3,1,3,4703000,-181900,3,2,2,0,1,1,0,60,1,5,0,0,0,0,2,1,1
200600058540,6,10,26,1030,1,1,2,7,4699800,-176400,3,2,2,0,1,2,0,60,2,0,3,0,0,0,1,0,1
200600058541,6,10,30,1045,1,1,1,3,4724000,-170100,3,2,1,0,1,1,0,61,1,5,1,0,0,0,1,1,1
200600058542,6,10,4,1645,1,1,1,6,4731800,-226900,4,2,2,0,1,2,0,0,2,0,1,0,1,1,2,0,1
200600058545,6,10,20,1115,1,1,2,2,4732800,-208000,4,3,0,0,1,1,0,100,2,5,1,0,0,0,0,2,1
200600058552,6,10,28,1815,1,2,1,3,4729600,-185700,4,2,2,0,0,3,0,0,1,0,1,0,1,0,2,0,1
200600058554,6,10,14,1645,1,1,1,3,4742600,-55900,4,2,2,0,1,1,0,90,1,0,1,0,1,0,2,0,1
200600058556,6,10,25,1930,3,1,1,6,4741700,-49700,3,2,0,0,1,1,0,59,1,0,1,0,1,1,0,0,1
200600058559,6,10,29,1900,5,1,1,3,4732300,-69800,4,2,2,0,1,1,0,50,1,0,1,0,1,0,1,0,1
200600058560,6,10,9,1645,1,1,1,1,4719400,-69400,4,2,2,0,1,1,0,50,1,5,1,0,1,0,1,0,1
200600058561,6,10,16,715,3,1,1,6,4717100,-95700,3,2,2,0,3,3,0,75,1,0,3,0,0,1,0,0,1
200600058566,6,10,26,1730,1,1,1,6,4738900,-93400,3,2,2,0,1,2,0,56,1,0,3,0,0,0,1,0,1
200600058567,6,10,27,1930,1,1,1,1,4737000,-93500,3,2,2,0,0,1,0,84,1,0,1,0,1,0,1,0,1
200600058573,6,10,15,1530,1,1,1,6,4741200,-12900,3,2,1,0,1,1,0,49,1,0,3,0,0,0,1,1,1
200600058577,6,10,31,1930,5,1,1,6,4760500,-83400,3,2,2,0,1,1,0,56,1,0,1,0,1,0,1,0,1
200600058581,6,10,23,1545,1,1,3,3,4821800,-44700,3,2,2,0,1,1,0,61,2,0,0,0,0,0,1,1,1
200600058582,6,10,6,800,1,1,1,2,4787700,-50000,3,2,2,0,2,1,0,63,1,0,1,0,1,0,1,0,1
200600058584,6,10,14,2030,3,1,1,1,4850300,-106000,3,2,2,0,2,2,0,56,1,0,1,0,1,0,1,0,1
200600058585,6,10,22,1815,2,2,8,3,4841500,-81700,3,2,2,0,4,1,0,57,2,0,1,0,1,0,1,0,1
200600058591,6,10,5,1545,1,6,8,3,4800300,23500,3,3,0,0,1,2,0,0,1,5,1,0,2,0,1,0,1
200600058592,6,10,1,845,1,1,1,3,4815200,15700,3,2,0,0,1,1,0,63,2,0,1,0,2,0,1,0,1
200600058596,6,10,11,1730,1,1,3,6,4821100,23800,3,2,2,0,1,3,0,65,2,0,0,0,0,0,1,0,1
200600058597,6,10,19,2245,5,1,1,6,4819100,43200,4,0,0,0,0,0,0,0,0,0,0,0,0,0,1,0,1
200600058599,6,10,27,630,3,1,5,7,4825400,68000,4,2,0,0,0,1,0,46,2,0,0,0,0,1,0,0,1
200600058600,6,10,12,2130,3,1,1,7,4828900,16300,3,2,2,0,1,1,0,0,1,0,1,0,0,0,1,0,1
200600058611,6,10,25,715,3,1,1,1,4673500,-143300,4,2,0,0,1,1,0,57,1,0,1,0,1,0,1,0,1
200600058612,6,10,31,1345,1,1,1,7,4669000,-151800,3,2,2,0,1,1,0,56,1,0,1,0,0,0,1,0,1
200600058613,6,10,5,900,1,1,1,5,4645900,-83100,2,2,2,0,1,1,0,71,1,0,1,0,3,0,1,0,1
200600058614,6,10,7,1645,1,1,1,1,4634700,-93000,4,2,2,0,1,2,44,0,1,0,1,0,1,0,1,0,1
200600058615,6,10,19,1730,1,1,1,1,4662000,-91000,3,2,2,0,2,2,0,50,2,0,1,0,2,0,1,0,1
200600058616,6,10,23,1130,1,2,1,5,4647600,-109400,3,2,2,0,0,1,0,60,1,5,1,0,2,0,1,0,1
200600058617,6,10,17,1215,1,1,1,3,4679700,-94000,3,2,2,0,1,1,0,58,1,0,1,0,2,0,1,1,1
200600058618,6,10,21,915,1,1,3,7,4663300,-71700,3,2,0,0,2,3,0,62,2,0,1,0,0,0,1,0,1
200600058620,6,10,12,800,2,1,1,2,4689400,-183300,3,2,2,0,1,1,0,70,1,0,1,0,1,0,1,0,1
200600058621,6,10,12,30,3,1,1,6,4676100,-173100,3,2,2,0,1,1,0,58,1,0,3,0,0,0,1,0,1
200600058623,6,10,13,2345,3,1,1,1,4669000,-184000,3,2,2,0,2,2,60,0,1,0,1,0,0,0,1,1,1
200600058631,6,10,20,500,5,3,1,3,4477300,-112800,3,2,2,1,1,1,0,61,2,0,1,0,2,1,0,0,1
200600058637,6,10,4,2000,3,2,1,3,4478000,-25800,3,2,2,0,1,1,0,54,1,0,1,0,1,0,1,1,1
200600058638,6,10,21,1230,1,1,1,1,4479700,-38200,3,0,2,0,0,1,0,0,1,0,1,0,1,0,1,0,1
200600058641,6,10,18,730,5,2,2,1,4460000,-30000,2,2,2,0,1,1,0,79,2,5,1,0,1,0,1,0,1
200600058642,6,10,20,1830,1,1,1,1,4462000,-32000,3,2,2,0,1,1,0,74,1,0,1,0,0,1,3,0,1
200600058644,6,10,26,1145,1,1,1,7,4504000,-43700,2,3,4,0,1,1,10,120,1,0,1,0,0,0,1,0,1
200600058645,6,10,14,1300,1,1,1,7,4466000,7600,3,2,2,0,1,1,0,68,1,2,3,0,0,0,1,0,1
200600058651,6,10,10,1345,1,1,2,7,4522900,-76800,3,2,2,0,1,1,0,0,2,0,1,0,0,0,0,1,1
200600058653,6,10,31,1145,1,1,1,3,4523600,-78700,3,2,2,0,3,1,0,55,1,0,1,0,2,0,1,0,1
200600058655,6,10,17,1745,1,1,1,6,4494100,-28000,3,2,2,0,0,0,0,0,1,0,1,0,1,0,1,0,1
200600058656,6,10,14,1000,1,2,5,5,4482000,-29000,3,4,0,0,1,1,0,120,1,5,1,0,3,0,1,1,1
200600058657,6,10,3,1330,1,1,8,6,4489000,-20000,3,2,1,0,1,1,0,80,1,0,3,0,0,1,0,0,1
200600058658,6,10,31,1715,1,1,1,6,4504100,-14300,5,2,2,0,4,1,0,30,1,0,4,0,0,0,1,0,1
200600058659,6,10,5,1730,1,1,8,7,4510000,84100,3,2,2,0,1,2,0,0,2,0,1,0,1,0,1,0,1
200600058661,6,10,6,1200,1,2,1,3,4530800,86300,3,2,2,0,0,1,0,66,1,0,1,0,1,0,1,0,1
200600058662,6,10,27,1645,1,1,1,1,4534100,104600,3,2,2,0,1,1,66,0,1,0,1,0,2,0,1,0,1
200600058663,6,10,30,1000,1,1,1,2,4533900,104900,3,2,2,0,1,1,0,53,1,5,1,0,1,0,1,0,1
200600058668,6,10,8,2045,3,1,1,1,4542900,70500,3,2,2,0,1,4,0,59,1,0,1,0,3,0,2,1,1
200600058669,6,10,15,1800,1,1,1,1,4552300,68800,4,4,1,0,2,1,0,0,9,0,0,0,1,0,2,0,1
200600058671,6,10,24,1815,1,1,1,5,4560400,70500,3,0,2,0,2,1,0,0,1,0,1,0,1,0,3,1,1
200600058673,6,10,29,150,3,1,1,7,4490800,119900,3,2,0,0,0,1,0,60,1,0,1,0,1,0,2,0,1
200600058674,6,10,13,730,1,2,5,3,4509200,135600,4,2,2,0,0,1,0,40,1,0,0,0,0,0,2,0,1
200600058679,6,10,11,630,3,1,1,6,4356500,-116000,2,2,2,0,2,1,0,74,2,0,1,0,1,0,1,0,1
200600058683,6,10,30,1700,1,1,1,2,4353200,-146300,2,2,2,0,1,1,0,80,1,0,1,0,1,0,0,1,1
200600058690,6,10,25,1500,1,1,1,3,4429000,-110200,3,2,2,0,1,1,0,61,1,0,1,0,1,2,1,0,1
200600058697,6,10,14,600,3,1,5,1,4424800,41700,2,2,2,0,1,1,0,75,1,0,1,0,0,0,2,0,1
200600058698,6,10,30,1715,1,1,1,3,4427000,52800,3,2,0,0,2,2,0,60,1,0,1,0,1,0,1,0,1
200600058700,6,10,8,1015,1,2,7,1,4468500,22900,3,2,2,0,3,1,0,48,1,5,1,0,1,0,1,0,1
200600058701,6,10,4,845,1,1,1,2,4442600,23300,3,2,2,0,1,1,0,60,1,0,1,0,1,0,2,0,1
200600058705,6,10,25,1600,1,1,1,6,4429200,28000,3,2,2,0,2,2,0,75,1,2,1,0,0,1,0,0,1
200600058713,6,10,15,1400,1,1,1,2,4336000,-36000,3,2,2,0,1,1,0,75,1,0,1,0,1,0,1,0,1
200600058714,6,10,20,900,1,1,1,6,4318400,-26000,3,2,2,0,2,1,0,75,1,2,4,0,2,0,1,0,1
200600058715,6,10,12,15,3,1,3,7,4336900,-141300,3,2,2,0,2,1,70,0,2,0,1,0,2,0,1,0,1
200600058719,6,10,1,315,3,1,1,6,4347700,-72300,2,2,2,0,0,2,0,103,1,5,1,0,0,0,1,0,1
200600058721,6,10,24,1900,5,1,1,3,4349500,-78700,2,2,2,0,0,1,0,0,1,0,1,0,1,0,1,0,1
200600058722,6,10,20,1930,3,1,8,1,4351600,-61700,3,0,2,0,1,1,0,72,1,0,1,0,0,1,4,0,1
200600058725,6,10,24,745,3,1,1,6,4675000,16000,3,2,2,0,1,1,0,40,9,0,1,0,0,0,1,0,1
200600058728,6,10,21,1515,1,1,8,1,4709300,6400,3,2,0,0,3,1,0,60,2,0,1,0,1,0,2,0,1
200600058729,6,10,24,2100,3,1,1,7,4688800,-100,3,2,2,0,2,1,0,60,1,0,3,0,0,0,1,0,1
200600058732,6,10,8,1400,1,1,1,6,4620600,37900,3,2,2,0,1,1,0,52,1,0,3,0,0,1,0,0,1
200600058737,6,10,15,515,3,1,1,2,4546100,-24600,3,2,2,0,1,1,0,63,1,0,1,0,0,0,4,2,1
200600058740,6,10,9,2200,3,1,1,2,4602100,18600,2,3,2,0,1,3,30,69,1,0,1,0,1,1,0,0,1
200600058741,6,10,11,1900,2,1,1,3,4588500,10800,4,2,2,0,0,1,0,56,1,0,1,0,2,0,1,0,1
200600058743,6,10,4,2100,3,1,1,1,4590000,2000,3,3,2,0,1,1,0,66,9,0,1,0,1,0,1,0,1
200600058744,6,10,7,530,3,1,1,7,4617300,-107500,4,2,1,0,1,1,0,32,1,0,3,0,0,1,0,0,1
200600058747,6,10,21,2300,3,1,1,6,4624500,-112100,3,2,0,0,4,4,0,57,0,0,1,0,0,0,1,0,1
200600058753,6,10,2,1730,1,1,1,6,4517800,-22500,3,2,2,0,0,0,0,57,1,0,3,0,1,0,1,0,1
200600058754,6,10,15,1515,1,3,1,1,4513500,-20400,3,2,2,0,0,1,0,80,1,0,1,0,1,0,1,0,1
200600058755,6,10,20,1330,1,1,1,6,4573200,-93400,3,2,2,0,1,3,0,50,2,0,3,0,0,0,1,0,1
200600058756,6,10,24,1900,2,1,1,6,4572900,-98400,4,0,2,0,1,0,0,0,1,0,4,0,0,0,1,0,1
200600058757,6,10,1,1915,3,1,1,1,4596800,-124400,3,2,2,0,0,2,0,0,1,0,0,0,1,0,1,0,1
200600058759,6,10,27,745,3,1,5,6,4588700,-125500,4,2,2,0,1,1,0,60,1,0,3,0,0,1,0,0,1
200600058761,6,10,16,1820,1,1,1,6,4599100,-90100,3,2,2,0,1,1,0,105,1,0,1,0,1,0,1,0,1
200600058771,6,10,22,330,3,1,1,6,4588000,-16000,3,2,2,0,1,3,0,64,1,0,4,0,0,0,2,0,1
200600058772,6,10,29,1845,2,9,1,1,4640100,-47800,4,2,2,0,3,0,0,40,1,2,1,0,1,0,2,0,1
200600058775,6,10,6,1700,1,1,8,4,4703700,-19400,3,2,2,0,0,1,0,75,2,0,1,0,4,0,1,0,1
200600058779,6,10,15,1825,1,1,1,6,4610500,-27000,3,2,2,0,1,1,0,70,1,0,3,0,0,0,1,0,1
200600058780,6,10,23,1645,1,1,2,3,4620200,-7300,3,2,2,0,0,1,0,71,2,0,1,0,1,0,1,0,1
200600058784,6,10,30,1745,2,1,1,3,4672900,-58700,3,2,2,0,1,2,29,79,1,5,1,0,1,1,0,0,1
200600058785,6,10,8,1400,1,1,1,3,4580000,113700,2,2,2,0,2,3,0,81,1,0,1,0,2,0,1,0,1
200600058786,6,10,25,1415,1,1,1,5,4577500,122100,3,2,2,0,2,1,0,61,1,0,1,0,0,0,2,2,1
200600058790,6,10,19,800,1,1,8,7,4583800,149400,4,1,1,0,2,1,0,53,2,6,3,3,0,0,1,0,1
200600058792,6,10,15,730,2,1,1,6,4586100,87500,3,2,2,0,3,1,0,60,1,0,1,0,0,0,1,0,1
200600058799,6,10,19,730,5,9,2,1,4525100,177500,3,2,3,0,0,1,0,42,2,5,1,0,1,0,1,0,1
200600058800,6,10,14,1345,1,1,1,1,4546000,155000,3,2,0,0,1,1,0,69,1,0,1,0,1,0,2,0,1
200600058801,6,10,19,845,2,1,2,6,4546900,150000,3,2,0,0,1,2,0,76,2,0,3,0,0,0,1,0,1
200600058802,6,10,21,1245,1,1,1,6,4519200,146800,3,2,2,0,1,2,0,0,1,0,3,0,0,0,1,0,1
200600058804,6,10,2,715,2,1,9,6,4565200,246100,3,2,0,0,1,1,0,90,1,0,1,0,1,0,1,0,1
200600058806,6,10,23,2230,3,1,1,7,4589600,218500,3,2,0,0,3,2,0,96,1,0,0,0,0,0,0,1,1
200600058808,6,10,17,1630,1,1,1,5,4629700,241600,2,2,2,0,0,1,0,72,1,0,1,0,2,1,0,0,1
200600058814,6,10,3,815,1,1,6,6,4363200,125200,4,2,2,0,1,1,0,30,2,0,3,0,0,0,1,0,1
200600058818,6,10,30,1830,2,1,1,3,4354700,141400,4,2,3,3,1,1,0,107,1,0,1,0,1,0,0,1,1
200600058820,6,10,12,630,3,1,3,7,4374000,144000,3,2,2,0,1,1,0,60,2,0,3,0,0,0,1,0,1
200600058821,6,10,25,1415,5,1,1,3,4369700,140100,4,2,0,0,1,1,0,58,1,0,1,0,1,0,1,0,1
200600058822,6,10,29,630,2,1,1,6,4372000,143300,3,2,2,0,1,2,0,70,1,0,1,0,0,0,1,0,1
200600058823,6,10,30,1845,3,1,1,1,4376600,136000,2,2,2,0,1,1,16,86,1,0,1,0,0,1,0,1,1
200600058824,6,10,13,1805,1,1,1,5,4335700,147000,2,2,2,0,1,1,0,70,1,0,1,0,1,0,2,0,1
200600058825,6,10,17,645,3,1,1,1,4334000,129400,3,2,2,0,2,1,0,70,1,0,1,0,1,0,1,0,1