Num_Acc,an,mois,jour,hrmn,lum,int,atm,col,lat,long,catr,circ,nbv,vosp,prof,plan,lartpc,larrout,surf,infra,situ,env1,unscathed,killed,hospital,light,chance
200600058826,6,10,5,1915,1,1,1,6,4335500,123500,3,2,2,0,1,1,0,0,1,0,3,0,0,0,1,0,1
200600058827,6,10,14,1600,1,1,1,6,4322600,108500,3,2,2,0,1,1,0,65,1,0,1,0,0,1,0,0,1
200600058830,6,10,5,930,1,1,1,3,4309200,54700,3,2,2,0,1,1,0,70,1,0,1,0,1,0,2,0,1
200600058831,6,10,15,1530,1,1,1,3,4308000,63500,3,2,0,0,0,1,0,0,1,5,1,0,4,1,0,0,1
200600058834,6,10,30,1715,1,1,1,1,4292000,63000,4,2,2,0,2,3,0,34,1,0,1,0,1,0,1,0,1
200600058837,6,10,5,1715,1,1,1,1,4345100,188800,3,2,2,0,2,3,0,70,1,0,1,0,3,0,1,0,1
200600058839,6,10,1,715,2,1,8,6,4294000,185000,4,2,2,0,1,1,0,68,1,0,3,0,1,0,0,2,1
200600058844,6,10,19,1700,1,1,1,3,4321800,163300,3,2,2,0,1,1,0,0,1,5,1,0,1,1,0,1,1
200600058846,6,10,28,1945,5,1,1,6,4328100,134700,3,2,2,0,1,1,0,71,1,0,1,0,1,0,1,0,1
200600058848,6,10,27,1930,5,1,1,3,4309300,187500,3,2,0,0,1,1,0,66,1,0,1,0,1,0,0,1,1
200600058851,6,10,26,1915,3,1,1,1,4429800,243500,3,2,2,0,1,1,0,53,1,0,1,0,1,0,1,0,1
200600058853,6,10,7,1645,1,1,1,1,4439400,279400,2,2,2,0,1,4,0,80,1,4,1,0,1,0,4,0,1
200600058854,6,10,21,2145,5,7,1,6,4438600,282500,3,2,2,0,1,1,0,68,1,0,1,0,1,0,1,0,1
200600058855,6,10,26,1330,1,1,1,1,4423100,248400,3,2,2,0,1,2,0,60,1,0,1,0,0,0,1,1,1
200600058858,6,10,22,500,3,1,1,6,4445100,221300,3,2,2,0,0,1,0,77,1,0,1,0,0,2,2,0,1
200600058861,6,10,1,1400,1,1,1,6,4431300,203600,3,2,0,0,2,2,0,50,1,0,1,0,0,0,1,0,1
200600058862,6,10,20,1,3,1,2,7,4433500,192900,3,2,2,0,2,1,0,82,2,0,1,0,0,1,0,0,1
200600058864,6,10,6,1730,1,1,1,7,4448000,208500,3,2,2,0,1,2,0,65,1,0,1,0,0,1,0,0,1
200600058866,6,10,11,1030,1,1,1,6,4373000,87000,9,1,1,0,2,1,0,40,1,0,1,0,1,0,1,0,1
200600058869,6,10,8,1830,1,1,1,5,4360600,102000,2,2,2,0,1,1,0,75,1,0,1,0,2,0,1,4,1
200600058871,6,10,3,1430,1,1,2,7,4368700,49400,2,2,0,0,1,3,0,80,2,0,3,0,0,0,1,1,1
200600058872,6,10,26,345,5,1,1,6,4381000,42900,3,2,1,0,2,2,0,70,1,0,3,0,0,0,0,1,1
200600058877,6,10,17,245,3,1,1,7,4332000,52600,3,2,2,0,1,1,0,70,1,0,3,0,0,0,4,0,1
200600058879,6,10,6,1645,1,1,1,1,4352600,14800,3,2,2,0,0,1,0,56,1,0,1,0,1,0,1,0,1
200600058880,6,10,10,740,3,1,1,6,4351800,19500,3,2,0,0,0,1,0,60,1,0,1,0,1,0,1,0,1
200600058883,6,10,27,1200,1,1,1,6,4466700,214400,2,2,2,0,1,0,0,64,1,0,3,0,1,1,0,0,1
200600058885,6,10,26,1630,1,1,1,6,4478900,188400,3,2,2,0,3,2,0,59,1,0,3,0,0,1,0,0,1
200600058887,6,10,19,2100,3,1,1,6,4477200,137200,3,2,0,0,0,1,0,0,2,0,3,0,0,0,1,0,1
200600058888,6,10,14,100,5,1,5,6,4500300,164600,3,2,2,0,1,1,0,65,1,0,1,0,0,0,2,0,1
200600058889,6,10,24,1800,1,1,1,6,4328100,9000,4,2,0,0,1,1,0,38,1,0,1,0,0,0,1,0,1
200600058891,6,10,24,745,3,1,1,1,4319900,18200,3,2,3,0,2,1,10,155,1,0,1,0,0,1,1,0,1
200600058893,6,10,28,1330,1,1,1,6,4338900,5400,4,2,0,0,0,1,52,0,1,0,1,0,1,0,1,0,1
200600058894,6,10,20,2145,5,6,2,3,4301200,-9800,3,2,2,0,1,1,0,60,2,0,1,0,2,0,1,0,1
200600058895,6,10,30,1000,1,9,1,6,4297900,-7200,3,3,2,0,1,2,0,0,1,0,1,0,1,0,1,0,1
200600058896,6,10,24,2115,3,1,1,6,4307300,-4200,2,3,2,0,1,2,0,45,1,0,2,0,0,1,0,0,1
200600058898,6,10,6,1030,1,7,1,6,4307600,54300,6,0,0,0,1,0,0,0,1,0,0,0,1,0,1,0,1
200600058899,6,10,8,140,3,1,1,6,4301000,46000,3,2,2,0,1,1,45,0,1,0,3,0,0,1,1,0,1
200600058902,6,10,30,1115,1,1,7,6,4386600,256200,3,2,2,0,2,3,0,60,1,0,3,0,0,0,1,0,1
200600058903,6,10,16,1115,1,1,1,7,4411900,225700,3,2,2,0,1,1,0,56,1,0,1,0,0,0,1,0,1
200600058904,6,10,19,1245,1,1,1,7,4362900,209700,3,2,1,0,1,1,0,47,1,0,1,0,0,0,1,0,1
200600058906,6,10,27,1330,1,1,1,6,4375700,172400,3,2,2,0,1,2,0,69,1,0,1,0,0,1,0,0,1
200600058909,6,10,3,1415,1,1,1,6,4392800,164300,3,2,0,0,1,1,0,70,1,0,3,0,0,0,1,0,1
200600058910,6,10,14,200,3,1,1,7,4353500,250700,4,2,1,0,1,3,0,36,1,0,3,0,0,0,1,0,1
200600058914,6,10,10,1945,2,1,1,7,4417600,194600,3,2,0,0,0,3,0,45,1,0,3,0,0,0,1,0,1
200600058917,6,10,18,1840,2,1,1,6,4393000,92800,3,2,2,0,4,2,0,45,1,0,1,0,0,0,1,0,1
200600058920,6,10,24,1430,1,1,1,3,4401500,117300,2,2,2,0,1,1,0,60,1,0,1,0,1,0,1,0,1
200600058921,6,10,25,1930,3,1,1,5,4402000,117600,3,2,2,0,1,1,60,0,1,0,1,0,3,0,1,0,1
200600058930,6,10,19,730,2,1,3,3,4567800,477500,3,2,0,0,2,3,0,0,2,0,1,0,1,0,1,1,1
200600058932,6,10,5,700,2,6,9,1,4568700,503700,4,2,2,0,2,1,0,0,9,0,1,0,1,0,1,0,1
200600058945,6,10,20,1815,1,1,1,3,4577000,470000,3,2,0,0,1,3,63,35,1,0,1,0,0,0,1,1,1
200600058946,6,10,26,1900,3,1,1,1,4572300,460500,3,2,0,0,0,3,0,60,1,0,1,0,1,0,0,1,1
200600058954,6,10,8,1730,1,1,1,1,4616600,455600,3,2,2,0,2,3,0,0,1,0,1,0,0,0,1,1,1
200600058957,6,10,5,730,1,1,1,3,4611200,473700,3,2,2,0,1,1,0,80,1,0,1,0,1,0,0,1,1
200600058958,6,10,12,930,1,1,8,7,4614200,476400,3,2,2,0,0,3,0,50,1,0,3,0,0,0,1,0,1
200600058959,6,10,19,930,1,1,2,3,4611200,474800,9,2,2,0,1,1,50,0,2,0,1,0,1,0,0,1,1
200600058960,6,10,22,1545,1,1,1,7,4611400,472400,3,2,1,0,1,2,0,60,1,0,1,0,0,0,0,1,1
200600058961,6,10,27,400,3,1,1,6,4607500,466200,3,2,2,0,0,2,0,66,1,0,3,0,0,1,0,0,1
200600058964,6,10,1,1330,1,1,2,7,4590500,436600,2,2,0,0,0,2,0,0,2,0,3,0,1,0,1,0,1
200600058966,6,10,8,1430,1,1,1,6,4605800,449300,3,2,2,2,1,3,0,74,1,0,1,0,0,0,2,0,1
200600058967,6,10,27,1250,1,1,1,6,4602200,450000,3,2,0,0,1,1,0,73,1,0,3,0,0,2,0,0,1
200600058989,6,10,27,2145,5,3,1,1,4615400,590500,3,2,2,0,3,1,0,0,1,0,1,0,0,1,0,1,1
200600058994,6,10,27,1530,1,1,1,3,4585600,508000,3,2,2,0,1,1,0,0,1,5,1,0,1,0,1,0,1
200600058995,6,10,7,1800,1,1,1,6,4610400,485200,4,2,0,0,2,1,0,45,1,0,1,0,0,1,0,0,1
200600059004,6,10,1,1445,1,9,2,5,4468100,424300,2,2,2,0,1,2,0,78,2,0,1,0,1,0,2,0,1
200600059007,6,10,16,1400,1,1,1,1,4502400,471000,3,2,1,0,2,3,0,56,1,0,1,0,1,0,0,1,1
200600059008,6,10,17,1200,1,1,1,3,4506900,483800,9,1,1,1,1,1,0,100,1,0,1,3,1,0,0,1,1
200600059010,6,10,12,745,1,1,1,1,4488700,449200,4,2,2,0,4,3,0,40,2,0,1,0,1,0,1,0,1
200600059011,6,10,28,1515,1,1,1,7,4490300,432300,3,2,2,0,2,2,0,0,1,0,0,0,0,0,1,0,1
200600059012,6,10,29,645,2,1,1,6,4502400,435800,3,2,2,0,3,3,0,70,1,0,3,0,0,1,0,0,1
200600059015,6,10,3,2030,3,1,1,3,4486100,497800,4,2,2,0,0,1,0,30,1,0,1,0,0,1,1,0,1
200600059034,6,10,12,1245,1,1,1,2,4529400,594000,3,2,2,0,1,1,0,73,1,0,1,0,1,0,1,0,1
200600059037,6,10,27,2045,5,1,1,1,4530700,562700,2,3,4,0,0,1,0,0,1,5,1,0,1,0,2,0,1
200600059038,6,10,4,1630,1,1,1,1,4490500,578300,3,2,0,0,1,1,0,0,1,0,1,0,2,0,1,1,1
200600059041,6,10,30,1215,1,1,1,3,4479100,564600,2,2,2,0,1,2,0,70,1,0,1,0,1,0,1,1,1
200600059048,6,10,8,500,3,1,1,6,4528800,548300,2,2,2,0,1,1,0,53,1,0,3,0,0,0,1,0,1
200600059049,6,10,29,1215,1,1,1,1,4518200,541800,2,2,2,0,1,1,0,76,1,0,1,0,1,0,1,1,1
200600059051,6,10,2,1300,1,1,1,1,4559300,531100,9,2,0,0,0,1,0,50,1,0,1,0,1,0,1,0,1
200600059053,6,10,15,430,3,1,5,6,4567000,533100,3,2,2,0,1,1,0,50,1,0,3,0,1,0,2,1,1
200600059054,6,10,1,15,3,1,8,6,4569000,532000,3,2,2,0,2,3,0,40,2,0,3,0,1,0,1,1,1
200600059055,6,10,6,630,2,1,1,6,4580000,528000,3,2,2,0,2,3,0,67,8,0,0,0,0,1,0,0,1
200600059056,6,10,18,1715,1,1,1,1,4588600,534800,2,2,0,0,1,2,0,0,1,0,1,0,1,0,1,0,1
200600059057,6,10,25,1700,1,3,1,1,4579900,540300,2,2,2,0,2,2,0,0,1,0,1,0,0,0,0,2,1
200600059060,6,10,25,2200,3,1,1,6,4550100,566800,3,2,2,0,2,1,0,50,1,0,3,0,0,1,0,0,1
200600059065,6,10,13,1800,1,1,1,1,4559300,495300,4,2,2,0,1,1,0,60,1,0,1,0,1,0,0,1,1
200600059066,6,10,29,1730,1,1,1,7,4559400,490500,4,2,2,0,2,0,0,0,1,0,1,0,0,0,0,1,1
200600059067,6,10,3,2100,3,1,1,7,4545500,529000,2,0,2,0,1,1,0,72,1,0,1,0,0,1,1,0,1
200600059068,6,10,14,45,3,1,1,3,4537300,502800,3,2,2,0,1,1,0,64,1,0,1,0,0,0,3,0,1
200600059069,6,10,17,1615,1,1,1,3,4534100,495000,3,2,2,0,1,1,0,0,1,0,1,0,1,0,0,1,1
200600059070,6,10,24,1045,1,1,1,3,4536900,519900,4,2,0,0,1,1,0,0,1,0,1,0,1,0,1,0,1
200600059071,6,10,27,1630,1,2,1,3,4535600,526500,3,2,2,0,1,1,0,62,1,0,1,0,1,0,1,0,1
200600059072,6,10,8,1530,1,1,1,3,4555000,524500,3,2,2,0,1,1,0,82,1,0,1,0,0,0,1,1,1
200600059076,6,10,10,1530,1,6,1,1,4575500,516700,3,2,2,0,2,3,0,0,1,0,1,0,1,0,1,0,1
200600059085,6,10,13,1600,1,1,1,1,4557800,432000,3,2,2,0,1,3,0,58,1,0,1,0,0,0,0,1,1
200600059089,6,10,25,700,3,1,1,5,4600400,423700,3,2,2,0,1,1,0,52,2,0,1,0,2,0,1,0,1
200600059090,6,10,17,1015,1,1,1,2,4617900,414700,3,2,2,0,2,1,0,55,1,0,1,0,1,0,1,0,1
200600059093,6,10,29,1735,3,1,1,1,4577800,589800,3,0,0,0,2,4,0,0,1,0,1,0,1,0,1,0,1
200600059095,6,10,8,1715,1,1,1,1,4559900,572700,3,2,0,0,2,2,0,70,1,0,1,0,1,0,1,0,1
200600059096,6,10,22,1745,1,1,1,7,4550200,573100,2,2,2,0,2,2,0,70,1,0,1,0,0,0,1,0,1
200600059097,6,10,4,1215,1,1,1,2,4544800,607600,3,2,2,1,1,1,0,70,1,0,1,0,1,0,2,0,1
200600059098,6,10,8,1600,1,1,1,6,4565300,632000,3,2,0,0,2,1,0,55,1,0,1,0,0,1,0,0,1
200600059099,6,10,2,1015,1,1,1,1,4572000,644500,3,2,2,0,1,3,0,60,1,0,1,0,0,0,0,2,1
200600059102,6,10,15,45,5,1,1,6,4526900,638000,3,2,2,0,4,1,0,60,1,0,3,0,1,1,0,0,1
200600059105,6,10,25,1330,1,1,1,1,4592200,609200,3,4,2,2,1,1,0,113,1,5,1,0,1,0,1,0,1
200600059114,6,10,8,1645,1,9,7,3,4600700,694800,6,0,0,0,2,1,0,0,1,0,1,0,1,0,1,0,1
200600059120,6,10,8,245,3,1,1,6,4609100,610300,2,3,2,0,2,2,0,0,1,0,1,0,0,0,1,0,1
200600059121,6,10,13,745,2,1,1,1,4609200,610300,2,2,0,0,0,2,0,0,1,0,1,0,0,0,1,1,1
200600059128,6,10,7,2230,5,1,1,6,4639500,673300,3,2,2,0,1,1,0,70,1,0,1,0,0,0,0,1,1
200600059133,6,10,18,1115,1,1,1,3,4576100,256800,3,2,2,0,1,2,0,74,2,0,1,0,2,0,1,0,1
200600059138,6,10,13,1145,1,1,1,1,4562000,295000,3,2,2,0,2,2,0,54,1,0,1,0,1,0,2,0,1
200600059139,6,10,27,2315,5,1,1,3,4562800,323000,3,2,2,3,2,2,0,40,1,0,1,3,1,0,1,0,1
200600059140,6,10,5,1000,1,1,1,6,4547100,376800,3,2,2,0,4,3,0,62,1,5,3,0,0,0,1,0,1
200600059141,6,10,19,1345,1,1,1,6,4568400,363200,3,2,2,0,1,2,0,79,1,0,3,0,0,1,0,0,1
200600059143,6,10,30,1115,1,1,1,1,4539600,87200,3,2,2,0,1,1,0,0,1,0,1,0,1,0,0,1,1
200600059145,6,10,13,1900,1,3,1,3,4559300,312800,3,2,2,0,1,1,0,60,1,0,1,0,1,0,1,0,1
200600059146,6,10,12,1845,2,3,5,1,4559000,264800,3,2,2,0,2,2,0,77,2,5,1,0,1,0,1,1,1
200600059147,6,10,5,1815,1,1,1,2,4593300,302000,3,2,2,0,1,3,0,72,1,0,1,0,2,0,1,0,1
200600059155,6,10,12,1230,1,1,8,7,4602400,291000,3,2,1,0,0,2,0,70,2,0,1,0,0,0,1,0,1
200600059156,6,10,21,1215,1,1,1,7,4593300,286600,3,2,2,0,2,1,0,43,9,0,1,0,1,0,1,0,1
200600059158,6,10,26,815,1,6,1,3,4585200,353000,2,2,21,0,1,1,102,187,1,5,1,0,0,0,2,0,1
200600059162,6,10,4,1515,1,1,1,1,4593900,349500,3,2,0,0,2,2,0,70,2,0,0,0,2,0,0,2,1
200600059164,6,10,23,1445,1,1,1,1,4656000,328700,3,2,0,0,1,1,0,60,1,0,1,0,1,0,1,0,1
200600059165,6,10,27,1215,1,1,1,3,4669000,322200,2,2,1,0,1,1,0,70,1,0,1,0,1,0,1,0,1
200600059167,6,10,18,1130,5,1,1,6,4631000,329000,3,2,0,0,1,1,0,76,1,0,1,0,2,0,1,0,1
200600059168,6,10,10,100,3,1,1,6,4652600,312600,3,0,2,0,2,1,0,61,1,0,3,0,0,1,0,0,1
200600059169,6,10,6,2230,4,1,1,6,4637400,248000,3,2,2,0,1,1,0,74,1,0,4,0,0,0,1,0,1
200600059173,6,10,19,1900,3,1,1,1,4674300,270700,3,2,2,0,0,2,56,50,1,0,1,0,1,0,1,0,1
200600059174,6,10,22,1430,1,1,1,1,4633900,282300,3,2,2,0,2,1,0,43,1,0,1,0,1,0,1,0,1
200600059175,6,10,6,1215,1,1,1,7,4606400,347800,3,1,0,0,0,1,0,0,1,0,1,0,1,0,1,0,1
200600059177,6,10,8,840,3,1,1,7,4626500,302500,3,2,2,0,2,3,0,50,1,0,3,0,0,1,0,0,1
200600059178,6,10,20,900,1,1,1,5,4644300,397900,2,3,4,0,1,1,0,74,1,0,1,0,12,0,0,3,1
200600059181,6,10,31,1500,1,1,1,6,4471600,219600,2,2,2,0,1,1,0,101,1,6,1,0,1,0,1,0,1
200600059184,6,10,12,945,1,1,2,1,4530100,239000,3,2,2,0,4,2,0,80,2,0,0,0,1,0,2,0,1
200600059185,6,10,13,1400,1,1,1,1,4543900,251600,3,2,2,0,1,1,0,75,1,0,1,0,2,0,1,0,1
200600059186,6,10,21,1200,1,1,1,2,4535100,244000,3,2,2,0,0,0,0,55,1,0,1,0,1,0,1,0,1
200600059187,6,10,22,945,1,1,1,6,4504800,308400,3,2,2,0,2,1,0,78,1,0,1,0,0,0,1,0,1
200600059188,6,10,20,2015,5,9,3,6,4511400,287300,2,2,2,0,1,1,0,70,2,0,1,0,1,0,1,0,1
200600059191,6,10,26,1545,1,1,1,4,4509300,375300,3,2,2,0,2,3,0,72,1,5,1,0,6,0,0,3,1
200600059192,6,10,13,1200,1,1,8,6,4509000,390000,3,2,2,0,0,2,0,58,1,0,1,0,1,0,1,0,1
200600059193,6,10,15,230,3,1,1,7,4495800,352600,3,2,2,0,1,3,0,60,0,0,3,3,0,0,1,0,1
200600059194,6,10,16,1430,1,1,1,3,4499300,369800,3,2,2,0,0,1,0,66,1,5,1,0,1,0,1,0,1
200600059195,6,10,8,2100,3,1,1,2,4517600,412900,2,3,2,0,1,1,0,109,1,0,1,0,0,0,2,0,1
200600059197,6,10,30,1715,1,1,1,1,4521700,403000,3,2,2,0,3,2,0,68,1,0,1,0,1,0,1,0,1
200600059198,6,10,15,1345,1,1,1,7,4534800,418600,3,2,1,0,1,2,0,71,1,0,1,0,0,1,0,0,1
200600059203,6,10,14,1115,1,1,1,3,4505900,424700,3,2,2,0,1,1,0,64,1,0,1,0,1,0,1,0,1
200600059207,6,10,22,1630,1,1,2,7,4916900,609200,3,2,2,0,2,2,0,65,2,0,3,0,0,0,1,0,1
200600059208,6,10,17,715,2,1,1,1,4904900,605600,3,2,0,0,1,1,0,69,1,0,1,0,1,0,1,0,1
200600059209,6,10,26,1500,1,1,1,1,4904800,602600,3,2,2,0,1,2,0,62,1,0,1,0,1,0,1,0,1
200600059210,6,10,4,1800,1,1,1,2,4921400,612900,2,2,2,0,1,1,75,0,1,0,1,0,2,0,1,0,1
200600059211,6,10,3,1400,1,1,1,6,4905600,632000,3,2,2,0,3,4,0,70,1,0,3,0,0,0,1,0,1
200600059215,6,10,2,1630,1,1,2,4,4912000,630300,2,2,2,0,1,1,0,0,2,0,1,0,2,0,0,4,1
200600059216,6,10,9,1400,1,1,1,2,4914200,629000,3,2,2,0,1,1,0,0,1,0,1,0,1,0,0,2,1
200600059223,6,10,30,1915,3,1,1,1,4922200,664800,3,2,0,0,3,1,0,78,1,0,3,0,2,0,0,1,1
200600059226,6,10,3,630,5,2,3,3,4911600,683600,3,2,2,0,0,1,80,0,2,0,1,0,2,0,0,1,1
200600059227,6,10,5,645,2,1,5,6,4897200,669400,2,2,0,0,0,2,0,60,0,0,1,0,0,0,0,1,1
200600059228,6,10,6,630,3,1,1,3,4890700,676500,3,2,2,0,2,4,0,68,1,0,1,0,1,0,1,0,1
200600059229,6,10,9,1100,1,1,1,3,4880900,671400,3,0,2,0,1,1,0,0,1,0,1,0,1,1,0,0,1
200600059232,6,10,30,2030,5,1,1,2,4909700,671100,3,2,2,0,1,1,0,72,1,0,1,0,0,0,1,1,1
200600059233,6,10,3,745,1,1,3,5,4870000,697000,2,3,4,0,2,1,40,500,2,0,1,0,2,0,1,2,1
200600059237,6,10,28,1500,1,1,1,6,4930400,620500,4,2,2,0,1,1,60,0,1,0,1,0,1,0,1,0,1
200600059243,6,10,27,1745,1,1,1,2,4889200,612300,3,2,2,0,1,1,0,72,1,0,1,0,1,1,0,0,1
200600059245,6,10,27,2015,2,1,1,6,4884600,606900,2,2,2,0,2,1,0,88,1,0,1,0,1,0,1,0,1
200600059247,6,10,20,1600,1,1,2,1,4876300,613400,3,2,0,0,0,1,0,0,2,0,1,0,1,0,2,0,1
200600059248,6,10,14,100,5,1,1,6,4861100,610000,4,2,2,0,1,1,0,65,1,0,0,0,0,0,1,0,1
200600059253,6,10,16,1730,1,1,7,2,4855100,618700,3,2,2,0,2,1,0,70,1,0,1,0,2,0,0,3,1
200600059266,6,10,19,1745,1,1,1,6,4917100,570800,3,2,0,0,2,2,0,54,1,0,3,0,0,0,1,0,1
200600059267,6,10,27,1730,1,1,1,3,4925800,566700,2,2,2,0,1,1,0,70,1,0,3,0,1,0,1,0,1
200600059268,6,10,1,100,5,1,1,6,4819100,615100,3,2,2,0,2,1,0,40,1,0,3,0,0,0,1,0,1
200600059275,6,10,25,2015,3,1,1,3,4825500,653200,3,2,2,0,1,1,0,80,1,0,1,0,4,0,1,0,1
200600059280,6,10,31,2245,5,1,2,7,4798400,663800,4,2,2,0,1,1,0,50,2,0,4,0,1,0,1,0,1
200600059281,6,10,1,1115,1,1,2,6,4790600,678000,3,2,2,0,2,3,0,69,2,0,3,0,0,0,1,0,1
200600059282,6,10,9,1730,1,1,1,1,4787600,679000,4,2,2,0,1,1,0,86,1,5,1,0,1,0,1,0,1
200600059286,6,10,24,1500,1,1,6,7,4824800,693500,3,2,2,0,2,1,0,50,1,0,1,0,0,0,1,0,1
200600059287,6,10,6,2115,3,1,8,6,4805900,687800,4,2,0,0,1,3,0,0,1,0,3,0,1,0,1,0,1
200600059291,6,10,1,2230,3,1,2,7,4836600,761100,3,2,2,0,1,2,0,49,2,5,3,0,0,0,3,0,1
200600059293,6,10,17,1830,2,1,1,1,4830100,765700,3,2,0,0,1,2,0,44,1,0,1,0,1,0,1,0,1
200600059294,6,10,18,1400,1,1,1,6,4833000,761500,3,2,2,0,1,1,0,48,1,0,3,0,0,0,1,0,1
200600059295,6,10,21,1840,2,1,1,6,4837600,759900,4,2,2,0,1,1,0,62,1,0,1,0,1,0,0,1,1
200600059296,6,10,22,1545,1,1,1,7,4833500,770900,4,2,2,0,1,2,0,40,1,2,1,0,0,1,0,0,1
200600059297,6,10,23,800,2,1,8,6,4847200,772300,3,2,2,0,1,1,75,0,2,0,1,0,1,0,1,0,1
200600059301,6,10,10,1230,1,1,1,3,4850100,747400,3,2,2,0,1,1,0,71,1,0,1,0,2,0,1,0,1
200600059303,6,10,27,1745,2,1,7,1,4854800,742500,3,2,2,0,1,1,0,0,1,0,1,0,1,0,1,0,1
200600059304,6,10,2,1845,2,3,5,3,4862400,750100,2,2,2,0,1,1,0,0,2,5,1,0,1,0,1,0,1
200600059306,6,10,17,1500,1,1,1,1,4887800,748700,3,2,0,0,2,2,0,63,1,0,1,0,2,0,2,0,1
200600059307,6,10,18,1700,1,1,1,7,4887600,747400,9,2,2,0,2,3,0,0,1,0,1,0,0,0,0,2,1
200600059310,6,10,1,2215,3,1,3,6,4887000,725900,3,2,2,0,1,3,0,60,2,0,1,0,0,0,1,0,1
200600059316,6,10,19,2215,3,1,2,2,4876000,756700,3,2,0,0,4,1,0,0,2,0,1,0,1,0,1,0,1
200600059320,6,10,28,200,5,1,1,6,4876200,757500,3,2,0,0,0,1,0,0,1,0,1,0,0,0,1,0,1
200600059323,6,10,20,1245,1,1,1,7,4866700,751500,3,2,0,0,3,4,0,55,1,0,1,0,0,0,0,1,1
200600059325,6,10,13,1630,1,1,1,6,4816200,757500,3,2,2,1,0,1,0,66,1,0,3,0,0,1,0,0,1
200600059326,6,10,18,1645,1,1,1,1,4816600,752400,3,2,2,0,1,1,0,64,1,0,1,0,1,0,0,1,1
200600059327,6,10,27,700,3,2,1,3,4821400,752800,3,2,2,0,1,1,0,63,1,5,1,0,1,0,1,0,1
200600059329,6,10,31,1900,2,1,1,3,4816800,754400,3,2,2,0,1,1,0,80,1,5,1,0,1,0,1,0,1
200600059330,6,10,5,1745,1,1,1,6,4898700,794300,3,2,0,0,3,4,0,68,0,0,0,0,0,1,3,0,1
200600059331,6,10,5,2100,3,1,1,1,4891900,805200,3,0,2,0,0,1,0,0,1,0,1,0,1,0,1,0,1
200600059332,6,10,28,1500,1,1,1,2,4889900,810700,3,0,0,0,1,1,0,0,1,0,1,0,1,0,1,0,1
200600059333,6,10,4,800,1,1,1,1,4891500,784300,4,2,2,0,1,2,0,44,1,0,1,0,1,0,1,0,1
200600059334,6,10,9,1145,1,1,1,7,4890300,795000,3,2,1,0,1,2,0,66,1,0,1,0,0,0,1,0,1
200600059335,6,10,16,130,1,1,1,6,4890600,796000,3,2,0,0,1,1,0,58,1,0,4,0,0,0,1,0,1
200600059338,6,10,2,1615,1,1,1,2,4815500,732100,3,2,2,0,1,1,0,0,1,0,1,0,2,0,0,3,1
200600059339,6,10,8,945,1,1,1,3,4813700,730100,3,2,0,0,1,1,0,70,1,0,1,0,0,0,1,1,1
200600059340,6,10,25,730,2,1,1,1,4818700,732400,3,2,2,0,1,2,30,34,1,5,1,0,1,0,1,0,1
200600059341,6,10,30,2145,3,1,1,3,4806700,731200,2,2,0,0,0,1,0,0,1,5,1,0,1,0,0,1,1
200600059342,6,10,6,1315,1,1,1,6,4756800,730000,4,2,2,0,0,1,0,0,1,0,1,3,1,0,1,0,1
200600059343,6,10,2,1730,1,1,1,6,4768000,726700,4,2,0,0,1,1,0,70,1,0,4,0,0,0,2,0,1
200600059345,6,10,15,215,3,1,1,6,4765700,722200,3,2,2,0,2,4,0,80,1,0,3,0,0,0,3,0,1
200600059346,6,10,19,1430,1,1,2,1,4756400,724500,3,2,2,0,0,2,0,64,2,0,3,0,1,1,0,0,1
200600059347,6,10,13,115,4,6,1,6,4787700,724800,3,3,0,0,1,3,0,0,1,5,0,0,1,0,2,0,1
200600059348,6,10,3,2115,5,3,1,3,4791700,744500,3,3,0,0,0,2,0,80,1,0,1,0,2,0,1,0,1
200600059349,6,10,13,1415,1,1,1,6,4788200,745100,3,2,0,0,1,3,0,0,8,0,1,0,0,0,1,0,1
200600059351,6,10,29,1645,1,1,1,1,4788900,754100,4,2,2,0,1,4,0,64,1,0,1,0,2,0,1,1,1
200600059352,6,10,5,1645,1,1,7,2,4795100,729200,3,1,2,0,1,1,0,70,1,3,1,0,1,1,0,0,1
200600059354,6,10,24,815,1,1,8,3,4788900,728700,4,2,2,0,2,3,0,76,2,0,1,0,1,0,1,0,1
200600059356,6,10,15,730,2,1,5,6,4782700,751100,3,2,2,0,1,2,0,50,1,0,3,0,0,0,1,0,1
200600059357,6,10,9,1945,5,1,1,3,4759500,755100,3,2,0,0,1,1,0,118,1,3,1,0,0,0,1,1,1
200600059358,6,10,20,1330,1,1,1,6,4756800,752700,3,2,0,0,1,1,0,71,1,6,1,3,1,0,1,0,1
200600059359,6,10,22,1500,1,1,1,2,4753100,747600,3,2,2,0,2,1,0,74,1,0,1,0,1,0,1,0,1
200600059362,6,10,19,2345,5,1,8,3,4904200,432300,2,2,3,0,0,1,0,121,2,3,1,0,0,0,2,1,1
200600059366,6,10,12,1745,1,1,1,6,4871700,428200,3,3,2,0,0,0,0,0,9,0,3,0,0,0,1,0,1
200600059367,6,10,30,1715,2,1,1,5,4874600,441000,2,2,2,0,1,1,0,72,1,0,1,0,2,0,1,1,1