Num_Acc,an,mois,jour,hrmn,lum,int,atm,col,lat,long,catr,circ,nbv,vosp,prof,plan,lartpc,larrout,surf,infra,situ,env1,unscathed,killed,hospital,light,chance
200600059368,6,10,14,1700,1,1,1,7,4891900,379000,3,2,2,0,1,1,0,70,1,0,1,0,0,1,0,0,1
200600059369,6,10,9,1815,1,1,2,6,4880700,340500,3,2,2,0,0,1,0,70,2,0,1,0,0,0,1,0,1
200600059370,6,10,15,1415,1,1,1,7,4873000,373000,3,2,2,0,1,2,0,61,1,0,1,0,1,0,0,1,1
200600059372,6,10,5,1115,2,1,8,7,4904800,404700,3,0,2,0,1,3,0,0,1,0,1,0,0,0,1,0,1
200600059377,6,10,11,1815,1,1,1,1,4872600,463000,2,2,2,0,1,1,0,75,1,0,1,0,2,0,2,0,1
200600059378,6,10,9,2030,3,1,1,6,4867400,478000,2,3,4,0,1,1,30,70,1,0,1,0,0,0,1,0,1
200600059379,6,10,14,1215,1,1,7,3,4876200,475200,3,2,2,0,1,1,0,160,1,5,1,0,1,1,0,0,1
200600059381,6,10,3,1030,1,1,3,6,4902200,488300,3,2,2,0,2,3,0,68,8,0,3,0,0,0,1,0,1
200600059382,6,10,15,1645,1,1,1,3,4911200,491900,3,2,1,0,1,1,0,50,1,0,1,0,1,0,1,1,1
200600059385,6,10,6,1330,1,1,2,3,4985700,483300,3,2,2,0,2,1,0,0,2,0,1,0,0,0,1,1,1
200600059386,6,10,21,1500,1,9,1,7,4959200,459300,3,2,2,0,1,2,0,60,1,0,3,0,0,0,1,0,1
200600059387,6,10,15,1015,1,1,7,6,4993500,423100,3,2,2,0,1,4,0,52,0,0,3,0,0,0,1,0,1
200600059388,6,10,1,1345,1,1,1,7,4963500,502900,3,2,2,0,1,4,0,62,1,0,0,0,0,0,1,0,1
200600059389,6,10,18,1730,1,1,1,6,4970400,505200,9,2,2,0,1,1,0,50,1,0,1,0,1,0,1,0,1
200600059390,6,10,4,1630,1,1,3,1,4974000,500900,3,2,0,0,2,3,0,80,2,0,1,0,0,1,2,0,1
200600059391,6,10,6,2030,3,1,1,6,4930300,485100,3,0,2,0,1,2,0,0,1,0,1,0,1,0,1,0,1
200600059396,6,10,3,1815,1,1,3,1,4825600,402800,2,2,2,0,1,1,0,78,2,0,1,0,1,0,1,0,1
200600059398,6,10,14,1500,1,1,1,3,4837400,434400,3,3,0,0,1,1,0,80,1,0,1,0,2,0,0,1,1
200600059399,6,10,31,2145,3,1,1,7,4824600,437100,3,2,2,0,2,2,0,76,1,0,1,0,0,0,2,0,1
200600059405,6,10,15,2215,3,1,1,6,4816700,486300,3,2,1,0,1,1,0,56,1,0,1,0,0,0,2,0,1
200600059406,6,10,29,1700,1,1,2,6,4790300,539100,3,2,0,0,1,1,0,70,2,0,1,0,3,0,2,0,1
200600059409,6,10,22,430,3,1,1,7,4768900,541400,3,2,2,0,1,1,0,40,1,0,1,0,1,0,1,0,1
200600059412,6,10,5,1730,1,1,1,1,4719800,539100,4,2,0,0,1,1,0,70,1,0,1,3,1,0,1,0,1
200600059414,6,10,26,1750,1,1,1,3,4718900,530300,4,2,0,0,0,2,0,0,9,0,3,0,1,0,1,0,1
200600059415,6,10,5,830,2,1,5,1,4716700,517300,3,2,2,0,1,1,0,0,2,0,1,0,1,0,1,0,1
200600059416,6,10,19,800,2,3,2,1,4726200,514800,3,2,2,0,0,1,0,80,2,0,1,0,1,0,1,0,1
200600059418,6,10,26,1200,1,9,1,3,4731400,541000,3,2,0,0,1,1,0,0,1,5,1,0,1,0,1,0,1
200600059419,6,10,5,830,2,1,5,1,4754700,492900,3,2,2,0,1,4,0,41,9,0,1,0,0,0,1,1,1
200600059423,6,10,6,2045,3,1,1,2,4698400,488500,3,2,0,0,1,1,0,66,1,0,1,0,0,0,2,0,1
200600059424,6,10,10,1900,2,1,1,3,4699400,487300,3,2,2,0,3,1,0,72,1,0,1,0,1,0,1,0,1
200600059425,6,10,20,1200,1,1,2,3,4699000,474400,3,2,0,0,1,1,76,0,2,0,1,0,1,1,0,0,1
200600059426,6,10,22,1430,1,1,1,1,4700800,494900,3,2,2,0,1,1,0,55,1,0,1,0,1,0,1,0,1
200600059427,6,10,1,1530,1,1,1,6,4707700,436400,4,2,1,0,0,2,0,36,1,2,3,0,0,1,0,0,1
200600059437,6,10,30,1730,2,1,1,1,4706800,392900,3,2,3,0,2,1,0,116,1,0,1,0,0,0,1,1,1
200600059441,6,10,22,400,3,1,2,7,4635800,470400,3,2,2,0,1,1,0,0,2,0,1,0,1,0,0,2,1
200600059445,6,10,31,1845,3,1,1,6,4683600,411000,3,2,2,0,2,1,0,68,1,0,1,0,0,0,1,1,1
200600059448,6,10,27,1845,2,9,1,1,4667200,460300,3,2,2,0,2,1,0,55,1,0,1,0,1,2,0,0,1
200600059449,6,10,20,1630,1,1,1,5,4667700,487300,2,2,3,0,0,1,0,200,1,0,1,0,1,0,3,0,1
200600059450,6,10,20,700,3,1,1,3,4692800,494600,3,2,2,0,1,1,0,74,1,0,1,0,0,0,2,0,1
200600059452,6,10,12,1300,1,3,1,5,4650400,401400,3,2,3,0,1,1,0,0,1,0,1,0,3,0,1,0,1
200600059453,6,10,18,1115,1,6,1,6,4649200,399400,4,0,2,1,1,1,20,90,1,0,5,0,1,0,1,0,1
200600059461,6,10,27,1430,1,1,1,6,4652900,404200,3,2,0,0,1,1,0,0,1,5,1,0,1,0,1,0,1
200600059464,6,10,19,800,1,1,2,6,4681200,518200,3,2,2,0,1,2,0,68,2,0,3,0,0,0,1,0,1
200600059468,6,10,15,600,3,1,5,7,4763100,349400,2,2,2,0,1,3,0,73,1,0,0,0,0,2,3,0,1
200600059471,6,10,15,815,1,1,1,6,4795200,388700,3,2,2,0,1,1,0,76,1,0,3,0,0,0,1,0,1
200600059474,6,10,3,1230,1,1,3,1,4788600,359800,3,2,2,0,2,2,73,0,2,0,1,0,0,1,2,0,1
200600059475,6,10,5,1545,1,1,1,1,4795900,361300,3,2,2,0,3,1,0,0,1,5,1,0,1,0,0,1,1
200600059476,6,10,22,530,3,1,1,6,4788500,359800,3,2,2,0,2,1,0,73,1,0,1,0,0,0,2,3,1
200600059481,6,10,16,1615,1,1,1,6,4798400,339600,2,2,2,0,1,1,0,180,0,0,4,0,1,0,1,0,1
200600059484,6,10,17,1530,1,1,1,1,4794100,350200,2,2,2,0,1,1,90,84,1,5,1,0,0,2,1,1,1
200600059486,6,10,8,1430,1,1,1,3,4819400,344600,2,2,2,0,1,1,0,71,1,0,1,0,1,0,1,0,1
200600059491,6,10,26,715,2,1,1,3,4818200,319100,3,2,2,0,1,1,0,0,1,0,1,0,1,0,1,0,1
200600059499,6,10,20,2300,3,1,1,2,4739400,673000,3,2,0,0,1,1,0,65,1,0,1,0,1,0,1,0,1
200600059500,6,10,8,1200,1,1,1,6,4722300,655100,3,2,0,0,1,1,0,70,1,0,1,0,0,0,1,0,1
200600059501,6,10,24,530,5,1,1,6,4715600,649400,3,2,2,0,2,2,0,71,1,0,4,0,0,0,1,0,1
200600059507,6,10,28,815,1,1,1,3,4684200,568300,2,2,0,0,0,1,0,120,1,0,1,0,1,0,1,0,1
200600059513,6,10,16,445,3,1,1,6,4748500,610300,2,2,2,0,1,1,0,107,1,0,1,0,0,0,2,0,1
200600059514,6,10,7,1345,1,9,1,6,4772500,655400,3,2,2,0,1,1,0,40,1,0,1,0,1,0,1,0,1
200600059519,6,10,3,1700,1,1,1,6,4775300,649400,3,2,2,0,1,1,0,53,2,0,1,0,1,0,1,0,1
200600059525,6,10,31,1515,1,1,1,6,4771600,681900,3,2,2,0,1,1,0,64,1,0,3,0,0,1,0,0,1
200600059529,6,10,21,1400,1,1,1,6,4448400,476700,1,1,3,0,1,1,0,0,1,0,1,0,1,0,0,1,1
200600059532,6,10,23,2045,5,1,2,2,4344300,546600,3,2,2,0,1,2,69,0,2,0,1,0,1,0,0,1,1
200600059533,6,10,5,1730,1,1,1,1,4362200,568300,3,2,0,0,0,1,0,53,1,0,1,0,2,0,1,0,1
200600059534,6,10,15,45,3,6,1,6,4365000,549300,3,2,0,2,0,1,0,100,1,5,1,0,0,1,0,0,1
200600059535,6,10,6,1615,1,1,1,6,4346100,540900,4,2,2,0,1,1,45,0,1,0,1,0,1,0,1,0,1
200600059536,6,10,4,1800,1,6,1,3,4342700,536800,3,1,2,0,1,2,0,0,1,5,1,0,0,0,1,1,1
200600059540,6,10,15,1500,1,1,1,6,4365100,466300,9,2,1,0,1,1,0,31,1,0,3,0,0,0,2,1,1
200600059541,6,10,15,1745,1,6,1,3,4388200,483500,3,4,0,0,1,1,300,50,1,5,1,0,2,0,1,0,1
200600059547,6,10,4,2100,5,1,1,3,4364300,482000,2,2,2,0,1,1,0,70,1,5,1,0,1,0,1,0,1
200600059550,6,10,27,1900,2,1,1,3,4367200,477300,3,2,2,0,1,1,0,62,1,0,1,0,1,0,0,1,1
200600059558,6,10,5,1900,3,1,1,6,4353200,509100,3,2,2,0,1,4,0,70,1,0,3,0,1,0,1,0,1
200600059561,6,10,4,1240,1,1,1,6,4374500,510600,2,2,3,0,0,1,30,95,1,0,3,0,0,1,0,0,1
200600059566,6,10,17,1,1,1,1,4,4404200,611800,2,2,2,0,1,1,68,0,1,0,1,0,2,2,0,0,1
200600059573,6,10,29,945,3,1,1,6,4451800,636700,3,2,2,0,2,2,0,0,1,0,3,0,0,0,1,0,1
200600059574,6,10,8,1200,1,1,1,3,4374000,639000,3,2,2,0,2,3,0,65,1,0,1,0,0,0,0,3,1
200600059575,6,10,29,1030,1,1,1,7,4381900,659800,2,2,2,0,2,2,0,72,1,0,3,0,0,0,1,0,1
200600059579,6,10,7,945,1,8,1,1,4428900,584600,2,2,2,0,2,1,0,67,2,4,1,0,1,1,0,0,1
200600059581,6,10,22,2345,5,1,1,7,4429600,589800,3,2,2,0,2,3,0,70,1,0,4,0,0,0,1,0,1
200600059582,6,10,13,1930,3,1,1,1,4445400,603500,3,2,0,1,1,1,0,104,1,0,1,0,0,0,2,1,1
200600059584,6,10,9,2000,3,1,1,1,4456600,619900,2,2,2,0,1,2,0,75,1,5,1,0,0,0,1,1,1
200600059586,6,10,29,1515,1,1,1,1,4455000,625000,2,2,2,0,0,1,0,0,1,0,1,0,2,1,1,0,1
200600059591,6,10,23,15,5,1,1,3,4370600,732800,3,2,2,0,1,0,0,0,1,5,1,0,1,0,1,0,1
200600059593,6,10,4,930,1,1,1,1,4364000,711300,3,2,3,0,3,3,0,0,1,0,1,0,0,0,1,2,1
200600059602,6,10,10,800,1,1,1,5,4368500,713000,3,2,3,0,0,1,0,106,1,0,1,0,0,0,3,1,1
200600059603,6,10,26,1130,5,7,1,3,4372600,711200,4,2,0,0,1,1,0,86,1,0,1,0,1,0,1,0,1
200600059607,6,10,13,1115,1,1,1,2,4380200,719900,3,2,4,0,1,1,0,138,1,0,1,0,1,0,1,0,1
200600059612,6,10,3,1815,1,1,1,6,4392000,717200,3,2,0,0,1,1,0,71,2,0,0,0,0,0,1,0,1
200600059613,6,10,8,1215,1,1,1,1,4382100,713000,3,2,2,0,2,3,0,58,1,0,1,0,2,0,0,3,1
200600059614,6,10,1,900,1,1,1,6,4412700,709100,3,2,2,0,1,3,0,70,1,0,3,0,0,0,1,1,1
200600059618,6,10,27,1900,3,1,1,2,4364700,618900,3,2,0,0,2,1,0,60,1,0,1,0,2,0,1,1,1
200600059626,6,10,16,930,1,3,1,3,4340100,591800,4,2,1,0,1,1,0,50,1,0,1,0,1,0,1,0,1
200600059627,6,10,28,1345,1,1,1,6,4346900,585800,4,2,0,0,1,2,0,80,1,0,1,0,0,0,1,0,1
200600059630,6,10,17,1715,1,1,1,6,4334700,668700,3,2,2,0,1,1,10,120,1,0,1,0,1,1,0,0,1
200600059639,6,10,8,1700,1,1,1,1,4326600,660300,3,2,0,0,1,3,0,62,1,0,1,0,2,0,1,0,1
200600059640,6,10,17,700,2,1,1,1,4324000,661100,3,2,0,0,1,1,0,0,1,5,1,3,1,0,1,0,1
200600059645,6,10,20,1300,1,1,1,3,4314900,606700,3,2,2,0,1,3,0,58,1,0,1,0,1,0,1,0,1
200600059648,6,10,14,315,5,1,1,6,4315000,639500,3,2,2,0,0,3,0,67,1,0,4,0,0,1,0,0,1
200600059657,6,10,7,2045,5,1,1,3,4398800,488000,5,1,0,0,1,1,70,0,1,0,1,0,4,0,1,0,1
200600059659,6,10,30,1245,1,1,1,5,4399400,489400,3,3,2,0,2,1,0,60,1,0,0,0,1,0,2,0,1
200600059664,6,10,1,600,3,1,1,6,4426800,467800,3,2,2,0,1,1,0,0,1,0,3,3,0,1,0,0,1
200600059665,6,10,4,1345,1,1,1,1,4429600,476300,3,2,1,0,1,4,0,45,1,0,1,0,0,0,0,2,1
200600059667,6,10,9,1600,1,1,1,3,4430500,475000,3,3,0,0,1,1,0,0,1,0,1,0,1,0,1,0,1
200600059668,6,10,16,1815,1,1,1,6,4437400,495300,3,2,2,0,1,1,0,50,1,0,1,0,0,0,1,1,1
200600059670,6,10,5,645,2,1,1,1,4366700,403100,2,2,2,3,1,3,0,80,1,0,1,0,1,0,0,1,1
200600059671,6,10,1,1200,1,1,1,3,4394900,371400,3,2,2,0,2,2,0,68,2,0,1,0,8,1,0,0,1
200600059672,6,10,3,1700,1,1,7,3,4356700,408400,4,2,3,0,1,1,0,105,1,0,1,0,1,0,1,0,1
200600059676,6,10,15,1715,5,1,1,3,4375900,407300,2,2,2,0,1,1,0,0,1,0,1,0,1,0,1,0,1
200600059680,6,10,10,1600,1,1,1,7,4375700,375700,3,2,1,0,1,1,0,75,1,0,3,0,0,0,1,0,1
200600059685,6,10,7,1700,1,1,1,3,4335900,294200,3,2,2,0,2,1,0,80,1,0,1,0,1,0,1,0,1
200600059687,6,10,14,1845,1,3,1,3,4342600,294900,4,1,1,0,1,1,0,43,1,0,1,0,1,0,1,0,1
200600059689,6,10,20,1930,2,1,1,1,4347400,343200,2,2,2,0,1,2,0,0,1,0,1,0,1,0,0,3,1
200600059690,6,10,31,1345,1,1,1,1,4343900,341600,3,2,0,0,0,1,0,0,1,3,1,0,0,0,1,1,1
200600059691,6,10,31,1115,1,1,1,7,4339200,276100,3,2,2,0,1,2,0,75,1,0,1,0,0,0,0,1,1
200600059693,6,10,16,1130,1,1,1,1,4339300,331600,2,2,3,3,1,1,0,95,1,0,1,0,2,0,2,0,1
200600059694,6,10,18,1600,1,3,3,3,4347000,322900,4,2,0,0,1,1,0,60,2,0,0,0,1,0,0,2,1
200600059695,6,10,29,930,1,1,1,7,4355200,328700,3,2,2,0,2,4,0,40,1,0,1,0,0,0,1,0,1
200600059697,6,10,23,830,1,1,1,7,4329700,329200,3,2,0,0,0,1,0,80,1,0,1,0,0,0,1,0,1
200600059698,6,10,28,1645,1,3,1,3,4328900,328400,3,2,3,0,1,1,0,98,1,0,1,0,1,0,1,0,1
200600059700,6,10,14,1100,1,1,1,6,4354500,346400,9,1,1,0,1,1,0,45,1,0,1,0,0,0,0,1,1
200600059706,6,10,1,1115,1,1,1,6,4343000,360900,4,1,0,0,1,1,0,0,1,0,1,0,0,0,2,1,1
200600059707,6,10,13,900,1,1,7,6,4346000,354500,3,2,2,0,2,3,0,0,2,0,3,0,1,0,1,0,1
200600059708,6,10,5,2245,3,1,1,6,4329400,235700,3,2,2,0,2,1,0,65,1,0,3,0,0,0,2,0,1
200600059718,6,10,25,1445,1,1,1,1,4283300,221800,3,2,2,0,1,1,0,76,1,0,1,0,2,1,1,0,1
200600059731,6,10,21,1045,1,1,1,6,4388600,450100,2,2,2,0,1,1,0,0,1,0,1,0,1,0,1,0,1
200600059734,6,10,28,1145,1,1,8,1,4376500,431100,3,2,2,0,1,3,0,55,2,0,1,0,1,0,1,0,1
200600059735,6,10,29,1645,1,1,1,6,4375100,430200,3,2,2,0,1,1,0,102,1,0,1,0,0,1,0,0,1
200600059736,6,10,7,1400,1,1,1,2,4404300,398800,3,2,2,0,3,2,0,60,1,0,1,0,1,0,1,0,1
200600059737,6,10,21,1645,1,1,1,1,4411300,388200,3,2,2,0,2,2,0,82,1,0,1,0,2,0,1,1,1
200600059739,6,10,15,1815,1,1,1,6,4421100,414300,3,2,3,0,1,1,0,100,1,0,3,0,0,1,0,0,1
200600059741,6,10,30,745,1,1,1,1,4417000,408500,3,2,2,0,1,1,0,70,1,0,1,0,0,0,4,1,1
200600059742,6,10,1,1330,1,1,1,1,4399600,419100,2,2,2,0,1,1,0,70,0,0,1,0,0,1,1,0,1
200600059743,6,10,7,145,3,1,1,6,4402500,405700,3,2,0,0,1,2,0,92,1,0,1,0,0,0,1,0,1
200600059744,6,10,7,45,3,1,1,6,4405600,414100,9,0,2,0,3,3,0,0,1,0,1,0,0,0,0,1,1
200600059749,6,10,4,1315,1,1,1,3,4395300,456000,3,2,2,0,1,2,0,61,1,0,1,0,2,0,1,0,1
200600059750,6,10,12,1845,1,1,1,3,4395900,455400,3,2,0,0,0,1,0,70,1,0,1,0,1,0,0,1,1
200600059751,6,10,13,1530,1,1,1,6,4397200,450900,3,2,0,0,1,1,0,114,1,0,1,0,0,1,0,0,1
200600059756,6,10,3,915,1,1,1,6,4389000,468000,4,2,2,0,1,1,0,63,1,0,1,0,1,1,0,0,1
200600059761,6,10,27,1930,3,1,1,1,4411900,377300,3,2,2,0,1,1,0,0,1,0,1,0,1,0,2,0,1
200600059762,6,10,1,1130,1,1,2,1,4389100,402000,3,2,1,0,0,3,0,65,2,0,1,0,1,1,2,0,1
200600059770,6,10,27,745,2,1,1,1,4260600,296200,3,2,2,0,1,1,0,69,1,5,1,0,1,1,0,0,1
200600059776,6,10,14,345,3,1,1,6,4261600,281900,3,2,2,0,0,1,0,64,1,0,1,0,1,0,0,1,1
200600059779,6,10,16,1015,1,1,1,3,4252200,284100,3,2,0,0,1,1,0,44,1,0,1,0,2,0,1,0,1
200600059782,6,10,27,1415,1,1,1,2,4265300,252900,2,2,3,0,1,1,0,70,1,0,1,0,1,0,1,0,1
200600059790,6,10,16,830,1,6,1,1,4265100,909900,2,2,2,0,1,1,35,70,1,5,1,0,0,0,4,0,1
200600059795,6,10,21,1000,1,1,1,7,4222400,953800,2,2,2,0,2,1,0,73,1,0,1,0,2,0,0,1,1
200600059796,6,10,2,15,1,3,1,3,4250500,946600,2,2,2,0,1,1,0,58,1,0,1,0,1,0,1,0,1
200600059797,6,10,3,1830,2,1,1,6,4903300,155300,2,2,0,0,2,3,0,0,1,0,3,0,0,0,1,0,1
200600059801,6,10,26,2230,3,1,1,6,4866200,190500,3,2,2,0,1,3,0,0,1,0,1,0,0,0,0,1,1
200600059802,6,10,28,1715,1,1,7,3,4865800,188500,3,2,0,0,1,1,0,0,1,0,1,0,1,1,1,0,1
200600059808,6,10,4,1315,1,1,1,7,4853700,201100,9,2,2,0,1,2,0,48,1,2,1,0,0,0,0,1,1
200600059809,6,10,8,1800,1,1,1,6,4848900,198500,3,2,0,0,0,1,0,60,1,0,1,0,0,0,1,1,1
200600059810,6,10,25,800,3,1,2,3,4848700,235200,3,3,1,0,1,2,0,0,2,5,1,0,1,0,1,0,1
200600059825,6,10,2,145,3,1,8,7,4860400,286900,3,2,0,0,0,1,0,70,1,0,1,0,0,0,1,0,1
200600059826,6,10,11,745,2,1,1,7,4871600,269700,3,3,0,0,1,1,0,75,1,0,3,0,0,1,0,0,1
200600059828,6,10,18,1230,1,1,1,1,4887100,287000,3,2,1,0,3,3,0,50,2,0,1,0,1,1,1,0,1
200600059829,6,10,11,430,5,1,1,7,4878900,328000,2,2,0,0,1,1,0,0,1,0,1,0,0,0,0,1,1
200600059830,6,10,18,915,1,1,1,7,4879700,327500,3,2,0,0,0,3,0,60,2,0,1,0,0,0,1,0,1
200600059832,6,10,19,525,3,1,9,2,4895600,305800,2,2,2,0,2,2,70,0,2,0,3,0,1,0,1,0,1
200600059833,6,10,27,830,1,1,5,1,4895300,306800,2,0,2,0,2,1,0,70,2,5,1,0,3,0,0,2,1
200600059834,6,10,30,1800,3,1,1,3,4885100,320400,3,2,2,0,2,1,0,0,2,0,1,0,0,0,1,1,1
200600059835,6,10,18,715,5,1,1,6,4872200,303900,3,2,2,0,1,1,123,76,2,0,3,0,1,0,1,0,1
200600059836,6,10,3,1830,1,1,2,1,4826900,244200,3,2,2,0,1,1,0,65,2,0,1,0,0,0,2,0,1
200600059839,6,10,14,1300,1,1,1,7,4825700,280800,3,2,2,0,1,3,0,0,1,0,1,0,0,0,1,0,1
200600059840,6,10,4,1630,1,1,8,3,4906600,215400,4,2,2,0,1,1,5,50,1,0,1,0,1,0,1,0,1
200600059841,6,10,4,815,1,9,1,2,4859000,237000,2,2,2,3,1,1,0,80,1,0,1,0,1,0,1,0,1
200600059842,6,10,15,1030,5,1,1,6,4849600,246300,4,2,2,0,1,3,0,70,1,0,1,0,0,0,1,0,1
200600059843,6,10,16,1415,1,2,1,3,4853100,234600,3,2,2,0,1,1,0,70,1,2,1,0,1,0,1,0,1
200600059844,6,10,17,1630,1,1,1,6,4847400,238500,2,2,0,0,1,1,0,90,1,0,1,0,1,0,1,0,1
200600059846,6,10,30,730,2,2,1,3,4901400,228300,3,2,2,0,1,1,0,78,1,0,1,0,1,0,1,0,1
200600059847,6,10,4,1915,3,1,1,7,4858400,337300,3,2,2,0,1,1,0,60,1,0,1,0,0,0,1,0,1
200600059848,6,10,8,815,1,1,1,6,4869500,315200,2,2,0,0,0,0,0,0,1,0,1,0,0,0,1,0,1
200600059849,6,10,16,715,2,1,1,4,4868100,311500,3,2,2,0,0,1,0,69,1,0,1,0,4,0,1,0,1
200600059851,6,10,23,900,1,1,2,1,4850600,333900,3,2,2,0,2,2,0,58,8,0,1,0,0,0,2,0,1
200600059859,6,10,8,2045,3,1,1,7,4815100,199200,3,2,2,0,0,0,0,60,2,0,1,0,0,0,1,0,1
200600059860,6,10,12,1700,1,1,1,6,4810100,219200,3,2,2,0,1,1,0,0,1,0,3,0,0,0,1,0,1
200600059861,6,10,25,1315,1,1,1,1,4811900,225600,3,2,2,0,1,1,0,62,1,0,1,0,0,0,1,1,1
200600059874,6,10,15,1930,3,1,8,7,4813000,281000,3,2,2,0,1,2,0,57,1,0,3,0,2,0,1,1,1
200600059875,6,10,22,1115,1,1,1,3,4811300,279000,4,0,0,0,1,3,0,40,1,0,1,0,1,0,1,0,1
200600059882,6,10,1,1545,1,1,1,3,4698600,304500,3,2,2,0,3,3,0,71,1,0,1,0,2,0,1,0,1
200600059884,6,10,29,130,3,1,5,3,4689700,294900,3,2,2,0,4,1,0,65,2,0,1,0,2,0,1,0,1
200600059886,6,10,6,1615,3,1,8,3,4759500,241200,3,2,0,0,1,1,0,70,1,0,1,0,2,0,0,2,1
200600059887,6,10,15,45,5,1,1,7,4753700,253100,3,2,2,0,1,2,0,65,1,2,4,0,0,0,1,0,1
200600059890,6,10,11,1415,1,1,2,3,4699900,224500,4,2,0,0,1,1,0,0,2,0,1,0,1,0,2,0,1
200600059891,6,10,2,1445,1,1,8,6,4724400,242600,3,2,2,0,3,1,0,72,1,0,1,0,1,1,0,0,1
200600059892,6,10,16,835,2,1,5,4,4831800,142800,2,2,4,0,0,1,0,128,1,0,1,0,8,0,1,0,1
200600059893,6,10,28,2245,3,1,1,6,4852300,153800,3,2,2,0,2,2,0,52,1,0,1,0,0,0,1,1,1
200600059898,6,10,4,1915,5,1,1,1,4836300,188400,3,2,0,0,0,3,0,58,1,0,1,0,1,0,2,0,1
200600059901,6,10,17,900,2,2,5,3,4843000,178000,3,2,0,0,1,3,0,70,1,5,1,0,1,0,1,0,1
200600059905,6,10,27,130,3,1,1,7,4839800,172200,3,2,2,0,1,1,0,68,1,0,3,0,0,1,0,0,1
200600059906,6,10,27,1045,1,1,1,2,4807500,133700,4,2,1,0,1,1,0,0,1,0,1,0,1,0,1,0,1
200600059907,6,10,6,2015,3,1,3,7,4825700,130900,3,2,2,0,1,2,0,0,2,0,0,0,1,1,0,1,1
200600059913,6,10,10,745,2,1,5,7,4877300,140400,3,2,2,0,1,1,0,55,2,0,1,0,0,1,0,0,1
200600059915,6,10,18,730,3,1,1,1,4865500,91200,3,2,2,0,1,1,66,0,2,0,1,0,0,1,2,0,1
200600059916,6,10,3,930,1,1,1,7,4864900,118300,3,2,2,0,1,3,75,0,2,0,1,0,0,0,1,0,1
200600059918,6,10,6,1500,1,1,2,6,4821800,88200,3,2,2,0,2,3,0,65,2,0,3,0,0,0,1,0,1
200600059924,6,10,14,145,3,1,1,7,4690000,142100,4,0,1,0,0,1,0,22,1,0,0,0,1,1,0,0,1
200600059926,6,10,22,345,4,1,1,1,4699400,117000,3,2,0,0,1,1,0,80,1,0,1,0,0,0,0,8,1
200600059927,6,10,5,730,2,6,1,3,4721700,160600,3,1,1,0,3,2,0,69,1,0,1,0,1,0,0,1,1
200600059929,6,10,11,1615,1,1,1,1,4682400,120800,9,2,0,0,1,2,0,63,2,0,1,0,1,0,1,0,1
200600059930,6,10,15,1830,1,1,1,6,4689400,105400,4,2,2,0,1,1,0,60,9,0,3,0,0,1,0,0,1
200600059932,6,10,8,1730,1,1,1,7,4651600,159900,3,2,2,0,2,3,0,35,9,0,1,0,0,0,1,1,1
200600059938,6,10,20,300,3,1,1,6,4739400,60400,3,2,2,0,1,1,0,69,1,0,1,0,0,0,1,0,1
200600059942,6,10,2,830,1,1,1,1,4725900,45600,3,2,0,0,1,1,0,74,1,0,1,0,1,1,0,0,1
200600059943,6,10,26,755,3,1,1,7,4727900,40900,3,2,2,0,1,1,42,0,1,0,3,0,0,0,1,0,1
200600059944,6,10,17,1700,1,1,1,1,4700100,55300,4,0,0,0,3,2,0,40,1,0,0,0,1,1,0,0,1
200600059945,6,10,19,1600,1,1,1,5,4703900,109700,3,2,0,0,1,1,0,72,2,0,1,0,1,0,1,1,1
200600059946,6,10,20,800,2,1,2,5,4717200,98200,2,2,2,0,0,1,0,74,2,0,1,0,2,0,1,0,1
200600059947,6,10,27,600,3,1,5,3,4706100,84800,3,2,2,0,1,1,0,61,2,0,1,0,3,0,1,0,1
200600059948,6,10,5,845,1,2,1,5,4725000,75700,3,2,2,0,1,1,0,63,1,0,1,0,3,0,1,0,1
200600059951,6,10,14,1615,1,1,1,1,4775600,86300,3,2,0,0,1,1,0,0,1,0,1,3,1,0,1,0,1
200600059953,6,10,13,1700,1,2,1,1,4782500,129300,3,2,2,0,1,1,0,0,1,0,1,0,1,0,1,0,1
200600059954,6,10,13,745,2,1,1,3,4776200,119300,3,2,2,0,4,1,0,63,1,5,1,0,1,0,1,0,1
200600059957,6,10,6,1100,1,1,1,3,4802400,-372000,4,2,2,0,1,1,0,80,1,5,1,0,0,0,0,3,1
200600059960,6,10,22,1,5,1,1,1,4916100,232600,9,2,2,0,1,1,0,95,1,0,1,0,0,0,6,0,1
200600059964,6,10,2,1915,1,1,1,1,4482100,-50300,4,2,0,0,0,3,50,0,1,0,1,0,0,0,2,0,1
200600059965,6,10,3,1230,1,6,1,7,4478600,-49400,3,2,0,0,4,1,0,56,1,0,0,0,0,0,1,0,1
200600059967,6,10,7,1730,1,1,1,5,4706100,323100,3,2,0,0,2,1,0,0,1,0,1,0,4,0,2,0,1
200600059970,6,10,12,1630,1,1,1,1,4348200,554200,3,2,2,3,1,3,0,70,1,0,1,0,0,0,2,1,1