Num_Acc,an,mois,jour,hrmn,lum,int,atm,col,lat,long,catr,circ,nbv,vosp,prof,plan,lartpc,larrout,surf,infra,situ,env1,unscathed,killed,hospital,light,chance
200600059971,6,10,14,245,5,1,1,6,4414000,34200,3,2,2,0,1,2,0,70,1,0,4,0,0,0,1,0,1
200600059972,6,10,23,1845,1,1,7,2,4405400,23100,3,2,2,0,1,1,0,63,1,0,1,0,1,0,1,0,1
200600059973,6,10,13,2115,3,1,1,3,4288700,304700,3,4,0,3,1,1,9,128,1,5,1,0,5,0,1,1,1
200600059974,6,10,5,1745,1,1,1,3,4357400,385100,2,2,2,0,0,1,0,90,1,0,1,0,1,0,1,0,1
200600059976,6,10,9,1845,2,1,8,7,4321600,253900,3,2,2,0,1,1,0,53,1,0,3,0,0,0,1,0,1
200600059979,6,10,2,1315,1,1,2,6,4861900,212400,1,3,4,0,0,1,6,340,2,0,1,0,1,1,0,0,1
200600059980,6,10,21,430,3,1,1,4,4852100,190800,1,3,3,0,3,2,24,270,1,1,2,0,1,2,0,0,1
200600059981,6,10,23,1015,1,1,1,3,4860200,205200,1,3,4,0,1,2,24,340,1,0,1,0,1,0,2,1,1
200600059982,6,10,30,940,1,1,1,6,4838500,189100,1,3,3,0,0,1,24,270,1,0,3,0,0,0,0,1,1
200600059985,6,10,28,1130,1,1,1,5,4837000,-425000,2,2,2,0,1,3,27,71,1,0,1,0,1,0,2,2,1
200600059986,6,10,5,1845,1,1,1,1,4473900,-107500,4,2,0,0,0,1,0,0,1,0,1,0,1,0,0,1,1
200600060000,6,10,10,1355,1,1,1,6,4692900,482000,1,3,0,3,1,1,20,105,1,0,1,0,0,0,1,0,1
200600060008,6,10,3,2045,3,1,1,5,4344700,648400,1,3,3,0,1,1,20,105,1,0,1,0,3,0,1,0,1
200600060009,6,10,19,1200,1,1,3,7,4319500,603700,1,3,2,0,1,3,10,100,2,0,1,0,0,0,0,1,1
200600060022,6,10,8,530,3,9,1,2,4603600,472600,1,1,2,0,1,1,5,60,1,0,1,0,6,0,0,1,1
200600060023,6,10,23,1130,1,1,1,3,4615600,477100,1,3,3,0,1,1,10,105,1,0,1,0,1,0,0,1,1
200600060027,6,10,10,1830,1,1,1,7,4954800,123900,1,3,2,3,1,1,0,72,1,0,3,0,0,0,1,0,1
200600060028,6,10,14,1515,1,1,1,6,4955800,125500,1,1,2,0,1,1,10,70,1,0,1,0,0,0,0,1,1
200600060030,6,10,10,900,1,1,1,6,4371000,139000,9,2,2,0,1,2,0,0,1,0,1,3,1,0,4,0,1
200600060031,6,10,18,1545,1,1,1,1,4372300,148500,4,2,2,0,1,0,0,53,1,0,1,0,1,0,2,0,1
200600060032,6,10,22,2315,5,1,1,2,4369600,143400,9,2,2,0,1,1,0,60,1,0,1,0,1,0,1,0,1
200600060035,6,10,5,900,1,2,1,3,4732500,104400,3,2,2,0,4,3,0,77,1,0,1,0,1,1,0,0,1
200600060037,6,10,25,1645,1,1,1,6,4728000,92900,3,2,2,0,1,1,0,40,1,0,3,0,0,0,1,0,1
200600060042,6,10,28,215,3,1,1,6,4355000,532000,3,2,2,0,1,1,10,70,1,0,3,0,0,0,1,0,1
200600060043,6,10,28,300,3,1,1,7,4355100,531100,3,2,2,0,1,1,10,60,1,0,1,0,0,0,1,0,1
200600060049,6,10,20,2215,3,1,3,3,4537400,549600,1,1,2,3,4,3,10,100,2,2,1,0,3,0,1,0,1
200600060056,6,10,6,900,1,1,2,1,4845300,-454900,3,2,2,0,1,3,0,68,8,0,1,0,1,1,0,0,1
200600060057,6,10,20,630,3,1,2,1,4840400,-457000,4,2,2,0,1,1,0,72,2,0,1,0,1,0,1,0,1
200600060060,6,10,7,2115,3,1,1,2,4550000,326000,1,3,2,0,4,2,72,100,1,0,1,0,3,0,0,1,1
200600060062,6,10,8,1615,1,1,1,7,4916900,419700,1,3,2,0,0,1,35,70,1,0,3,0,0,0,1,1,1
200600060071,6,10,19,1515,1,1,2,6,4369100,719600,1,3,2,0,0,2,0,0,2,1,1,0,1,0,0,1,1
200600060075,6,10,6,1500,1,1,1,2,4532200,594300,1,1,2,0,1,1,30,100,1,0,1,0,1,0,2,0,1
200600060080,6,10,11,1700,1,1,1,3,4351800,543400,1,1,3,0,1,1,15,105,1,0,1,0,1,0,1,0,1
200600060081,6,10,31,1515,1,1,1,4,4351600,546000,1,1,3,0,1,1,15,105,1,0,1,0,1,0,1,1,1
200600060084,6,10,17,745,1,1,1,6,4737000,635000,1,0,2,0,2,1,0,0,1,0,0,0,1,0,1,4,1
200600060085,6,10,29,905,1,1,1,6,4720000,580000,1,3,3,0,0,1,30,100,2,0,3,0,1,0,2,0,1
200600060102,6,10,24,630,3,1,6,6,4543800,-60400,1,3,2,0,0,1,10,70,1,0,3,0,2,0,0,1,1
200600060105,6,10,17,1730,1,1,1,3,4853500,-296800,3,2,0,0,1,1,0,70,1,3,1,0,1,0,1,0,1
200600060107,6,10,9,1800,1,1,1,3,4170700,935400,2,2,2,0,1,1,0,76,1,0,1,0,1,0,1,0,1
200600060110,6,10,24,1300,1,1,1,4,4583600,502700,1,3,3,0,1,1,10,100,1,0,1,0,1,0,4,0,1
200600060111,6,10,23,2030,3,1,1,2,4586600,516700,1,3,0,0,1,1,10,100,1,0,1,0,2,0,1,0,1
200600060117,6,10,1,1445,1,1,1,1,5097000,203000,9,2,2,0,1,2,0,0,1,0,1,0,1,0,1,0,1
200600060118,6,10,25,2015,5,1,1,6,4364000,700500,3,1,2,0,2,1,0,75,1,0,3,0,0,0,1,1,1
200600060119,6,10,26,2130,5,1,1,3,4590500,616300,3,2,2,2,1,1,0,69,1,0,1,0,2,0,1,0,1
200600060123,6,10,31,1345,1,1,1,6,4260800,181400,2,2,0,0,2,3,77,0,1,0,1,0,0,0,1,0,1
200600060125,6,10,24,930,1,1,7,3,4766000,-274200,3,2,2,0,1,1,0,80,1,5,1,0,1,0,0,1,1
200600060131,6,10,5,1615,1,2,2,3,4929700,-54300,3,2,2,0,4,1,0,72,2,5,1,0,1,0,1,2,1
200600060136,6,10,4,1345,1,1,1,1,4359400,693600,4,2,2,0,1,0,0,50,1,0,1,0,1,0,1,0,1
200600060141,6,10,20,1700,1,2,2,2,4865400,774300,3,2,2,0,0,1,0,71,2,0,3,0,2,0,1,1,1
200600060142,6,10,23,845,1,1,2,1,4371800,705700,3,2,2,0,1,3,0,50,2,0,1,0,1,0,1,2,1
200600060145,6,10,2,1600,1,1,1,5,4406300,597100,1,1,2,0,2,2,40,70,1,0,1,0,2,0,0,1,1
200600060148,6,10,9,1410,1,1,1,7,4502700,507300,1,0,2,0,1,1,14,70,1,0,3,0,1,0,1,1,1
200600060154,6,10,11,800,1,1,1,6,4365400,523100,3,2,2,0,1,1,0,60,1,0,3,0,0,0,1,0,1
200600060168,6,10,3,800,2,1,2,7,4874400,204200,3,2,2,0,0,2,0,0,2,0,1,0,0,0,0,1,1
200600060169,6,10,9,1945,5,1,8,1,4872400,208900,4,2,2,0,1,1,70,70,2,6,1,0,2,0,1,0,1
200600060172,6,10,28,1230,1,1,2,1,4807100,18200,4,2,2,0,2,3,0,47,2,0,1,0,1,1,0,0,1
200600060177,6,10,19,730,2,1,9,5,4377600,447300,3,2,0,0,2,4,0,70,2,0,1,0,1,1,4,0,1
200600060180,6,10,26,1845,1,2,1,3,4390600,475200,3,2,0,0,0,0,0,0,0,0,0,0,1,0,2,0,1
200600060182,6,10,30,2110,3,1,1,1,4386900,477000,2,2,0,0,1,1,70,0,1,0,1,0,3,1,0,0,1
200600060184,6,10,14,1615,1,1,1,1,5005100,139800,3,2,3,0,2,3,0,105,1,0,1,0,0,2,2,1,1
200600060185,6,10,31,1515,1,1,1,3,5003600,132100,4,2,0,0,2,0,0,43,1,0,1,0,1,0,1,0,1
200600060186,6,10,25,1930,5,3,1,3,4945600,121000,2,2,2,3,1,1,0,77,1,0,1,0,1,0,0,1,1
200600060190,6,10,15,1645,1,1,1,1,4363800,133300,3,2,2,0,1,1,5,70,1,5,1,0,0,0,4,0,1
200600060191,6,10,27,2045,3,1,1,1,4366500,137600,3,2,2,0,1,1,0,64,1,0,1,0,1,0,2,0,1
200600060194,6,10,26,1700,1,1,1,1,4728800,576900,3,2,2,0,1,1,0,71,1,0,1,0,2,0,2,0,1
200600060201,6,10,27,1045,1,1,1,5,5090100,196700,3,2,2,0,1,1,0,75,1,0,1,0,3,0,1,0,1
200600060202,6,10,2,1745,1,1,6,6,5071500,233900,4,2,2,0,1,3,0,45,1,0,3,0,0,0,1,1,1
200600060204,6,10,6,1930,5,1,1,2,4366800,391100,4,2,2,0,2,2,0,80,1,0,1,0,1,1,0,0,1
200600060205,6,10,13,1015,1,1,1,1,4373100,391400,3,2,2,0,1,3,0,60,9,0,1,0,1,0,1,0,1
200600060207,6,10,14,1615,1,1,1,3,4845900,251400,3,2,2,0,1,1,0,70,1,0,1,0,2,0,2,0,1
200600071159,6,11,29,2030,5,1,1,1,5055100,298700,4,2,0,0,1,2,0,63,1,0,1,3,0,0,1,1,1
200600071160,6,11,24,745,2,9,8,7,5098000,242600,3,2,2,2,1,3,0,85,2,0,1,0,1,0,0,1,1
200600071161,6,11,13,2100,3,1,1,6,5083800,247900,3,0,0,1,1,1,0,75,1,0,3,0,0,0,1,0,1
200600071162,6,11,28,1915,3,7,1,6,5086500,229800,3,0,0,0,0,0,0,0,2,0,0,0,1,0,1,0,1
200600071163,6,11,30,1745,3,1,8,3,5066900,244200,3,2,2,0,2,1,0,70,1,0,1,0,1,1,0,0,1
200600071164,6,11,2,2045,3,1,3,6,5073500,265000,2,2,2,0,1,1,0,74,2,0,1,0,2,0,1,0,1
200600071165,6,11,28,1115,1,1,2,6,5078800,250800,3,2,2,0,1,1,0,60,2,0,1,3,1,0,1,0,1
200600071166,6,11,10,1815,5,1,8,6,5012700,392600,2,2,3,0,2,1,0,101,2,0,1,3,1,0,1,0,1
200600071169,6,11,1,430,3,1,1,1,5016700,312100,3,2,2,0,0,4,0,54,1,0,1,0,0,0,4,0,1
200600071172,6,11,2,1715,2,1,2,5,5046300,313800,3,2,0,0,1,1,0,85,2,0,1,3,2,0,1,0,1
200600071173,6,11,22,1810,2,1,2,6,5030600,379200,3,2,2,0,3,1,70,0,2,6,1,0,1,0,1,0,1
200600071175,6,11,22,2345,3,1,2,7,5018200,246100,2,2,2,0,0,1,80,0,2,0,3,0,0,0,1,0,1
200600071178,6,11,8,915,1,1,5,3,5024000,280300,3,2,2,0,1,1,0,71,1,0,1,0,0,0,2,0,1
200600071179,6,11,9,1445,1,1,1,6,5018500,312400,3,2,2,0,1,1,0,0,1,0,1,0,1,0,1,0,1
200600071180,6,11,20,1115,1,1,8,6,5025500,307000,9,2,0,0,1,1,0,50,1,0,1,3,0,0,1,0,1
200600071181,6,11,1,1500,1,1,2,6,5063700,282900,3,2,2,0,1,3,0,63,2,0,1,0,0,1,0,0,1
200600071182,6,11,18,2145,3,1,2,2,5073800,172700,3,1,2,0,1,0,0,73,2,0,1,0,1,0,0,2,1
200600071184,6,11,16,1715,2,3,2,3,5063600,160200,3,2,2,0,1,1,0,76,0,0,1,0,1,0,1,0,1
200600071185,6,11,5,545,5,1,1,1,5087700,187000,3,2,2,0,1,2,0,71,2,0,1,0,1,0,1,0,1
200600071187,6,11,11,530,3,1,2,6,5064000,235400,3,2,2,0,1,1,0,60,0,0,3,0,0,0,1,0,1
200600071189,6,11,3,115,5,1,3,6,5082400,208100,4,2,2,0,1,2,0,47,3,0,3,0,0,0,1,0,1
200600071190,6,11,18,1145,1,3,1,1,5032200,208300,3,2,0,0,3,1,0,56,1,0,1,0,0,0,2,0,1
200600071191,6,11,25,2045,3,1,2,6,5042700,249200,3,0,0,0,1,1,0,0,2,0,1,0,1,0,1,1,1
200600071192,6,11,27,830,3,1,1,6,5033800,218200,3,2,2,0,1,1,60,0,2,0,3,0,0,0,1,0,1
200600071193,6,11,14,700,3,1,2,6,5025000,246400,3,2,2,0,1,2,0,70,2,0,3,0,0,1,0,0,1
200600071194,6,11,23,1430,1,1,2,3,5037100,264800,3,2,2,0,1,1,0,63,2,0,1,0,0,0,2,1,1
200600071195,6,11,23,2115,3,1,2,6,5027900,256700,3,2,2,0,2,3,0,74,2,0,3,0,1,0,0,1,1
200600071197,6,11,13,1,3,1,2,6,5031300,206500,3,2,0,0,2,3,0,79,2,0,3,0,0,1,0,0,1
200600071202,6,11,10,1915,5,1,1,6,4980900,179800,3,2,0,0,1,1,0,70,1,0,1,0,0,0,0,1,1
200600071205,6,11,26,515,5,1,1,6,4974500,215400,3,2,2,0,4,3,0,66,2,0,1,0,3,1,1,0,1
200600071206,6,11,5,1500,1,1,1,1,4997000,214500,2,2,2,0,1,3,0,75,1,5,1,0,0,0,7,0,1
200600071208,6,11,13,1700,1,1,1,1,4996700,190500,4,2,0,0,1,3,0,38,2,1,1,0,1,0,1,0,1
200600071209,6,11,13,15,3,1,2,6,5011200,158700,4,2,2,0,1,2,0,60,2,0,3,0,0,0,1,0,1
200600071213,6,11,23,1100,1,1,3,6,5009000,251300,3,2,2,0,2,1,0,60,2,0,3,0,0,2,0,0,1
200600071214,6,11,20,2215,5,1,2,6,5002100,218100,3,3,1,0,2,2,14,62,2,0,0,0,0,0,1,0,1
200600071215,6,11,15,2100,3,6,1,3,4971500,281600,2,2,1,0,1,0,0,87,1,0,1,0,1,0,1,0,1
200600071220,6,11,19,1530,3,1,1,7,4989000,306700,3,2,2,0,0,3,0,60,1,0,1,0,0,0,1,0,1
200600071222,6,11,3,1000,1,1,7,2,5000000,257200,3,2,2,0,0,1,0,50,1,0,1,0,1,0,2,0,1
200600071224,6,11,23,1630,2,1,2,6,4973800,305400,4,2,2,0,1,1,0,59,2,0,1,0,0,0,1,0,1
200600071234,6,11,1,1815,3,1,7,1,4945000,404000,3,0,2,0,1,1,0,62,1,0,1,0,1,0,0,1,1
200600071237,6,11,10,800,1,9,5,1,4897800,332500,3,2,2,0,0,1,0,0,1,0,4,0,1,0,1,0,1
200600071240,6,11,2,2015,3,1,1,1,4991100,326000,3,2,0,0,2,1,0,71,1,0,1,0,0,1,3,0,1
200600071242,6,11,9,1215,1,1,1,7,4995400,343100,3,2,2,0,0,2,0,40,1,0,3,0,0,0,0,1,1
200600071243,6,11,15,1800,5,7,1,1,4995400,341800,3,2,2,0,1,1,0,62,1,5,1,0,1,0,0,1,1
200600071244,6,11,8,1445,1,1,1,6,4999000,345600,3,1,2,0,1,0,0,0,1,0,1,0,1,0,0,1,1
200600071245,6,11,1,1715,1,1,1,6,4983400,346600,4,2,1,0,0,3,0,50,1,0,4,0,0,0,1,0,1
200600071246,6,11,16,730,2,1,1,1,4981400,340000,3,2,2,0,1,3,0,67,1,0,1,0,0,0,2,0,1
200600071252,6,11,26,215,5,1,1,3,4998300,391700,2,2,2,0,1,1,0,82,1,0,1,0,1,0,1,0,1
200600071253,6,11,17,45,3,1,2,7,4994100,373500,3,2,2,0,1,1,0,0,2,0,0,0,0,0,0,1,1
200600071254,6,11,18,115,5,1,2,6,4988200,402000,3,2,2,0,2,2,70,0,2,0,3,0,0,0,1,0,1
200600071255,6,11,25,130,3,1,2,6,4996000,408000,3,2,2,0,1,3,0,70,2,0,1,0,0,0,1,0,1
200600071256,6,11,27,1755,3,1,1,2,4990000,410000,3,2,0,0,1,1,0,72,1,0,1,0,0,0,1,1,1
200600071257,6,11,3,2045,3,1,1,2,4941500,228300,2,3,2,0,1,1,10,79,1,0,2,0,0,0,0,3,1
200600071258,6,11,19,1545,1,1,1,1,4951400,219800,3,2,2,0,0,1,0,56,2,0,1,0,0,0,3,0,1
200600071259,6,11,27,815,1,6,8,3,4942000,224500,3,1,2,0,1,2,0,53,2,5,1,0,1,0,0,1,1
200600071260,6,11,4,1030,1,1,1,3,4948500,190100,3,2,2,0,2,1,0,76,1,0,1,0,3,0,1,2,1
200600071261,6,11,10,2000,5,1,1,6,4943100,193200,2,2,2,0,1,2,0,71,1,0,3,0,0,0,1,0,1
200600071264,6,11,26,1500,1,1,2,6,4932700,244500,3,2,2,0,0,0,75,131,2,0,1,0,1,0,1,0,1
200600071265,6,11,18,1400,1,4,1,3,4932200,232000,9,1,0,0,1,1,0,0,1,0,1,0,1,0,0,1,1
200600071268,6,11,11,1,3,1,1,6,4948500,245600,3,2,2,0,4,2,0,75,1,0,1,0,0,1,0,0,1
200600071269,6,11,11,515,3,1,3,7,4951900,246000,3,2,2,0,1,4,0,60,2,0,1,0,0,1,0,0,1
200600071276,6,11,1,1615,1,1,1,1,4948600,288200,3,2,2,1,4,1,0,70,1,5,1,0,0,0,0,4,1
200600071279,6,11,24,1900,3,1,1,1,4949400,287600,2,3,0,0,0,1,10,80,1,2,1,0,0,0,0,2,1
200600071292,6,11,24,1015,1,1,1,6,4919000,238000,3,2,2,0,1,1,0,66,2,0,1,0,0,0,1,0,1
200600071294,6,11,1,245,3,1,1,6,4921800,246400,2,3,2,0,1,1,4,70,1,0,1,0,3,0,1,0,1
200600071300,6,11,9,715,5,1,1,6,4974100,130900,3,2,2,0,1,1,0,70,2,0,1,3,1,0,1,0,1
200600071301,6,11,1,1830,3,1,1,3,4934600,115000,2,2,0,0,1,1,0,96,1,0,1,0,1,1,0,0,1
200600071302,6,11,18,500,3,1,2,6,4936200,113000,2,2,0,0,1,1,0,94,2,0,0,0,2,0,1,0,1
200600071305,6,11,25,2315,3,1,1,1,4953700,75300,3,2,2,0,2,1,0,70,1,0,1,0,0,2,1,0,1
200600071306,6,11,2,1430,3,1,2,5,4965000,56800,3,2,0,0,3,1,0,40,2,0,1,0,1,1,0,2,1
200600071311,6,11,30,1800,3,1,1,6,4964000,145200,3,2,2,0,0,1,0,80,1,0,1,0,0,0,1,0,1
200600071312,6,11,22,1220,1,2,1,1,4962500,77300,4,0,2,0,0,0,0,58,0,0,0,0,1,0,1,0,1
200600071314,6,11,22,1530,1,1,2,3,4955700,93400,3,2,2,0,1,0,0,60,2,0,1,0,2,0,1,0,1
200600071321,6,11,18,530,5,1,1,6,4898700,102400,3,2,2,0,1,3,0,0,1,0,4,0,0,0,1,0,1
200600071324,6,11,25,2015,3,1,1,7,4884300,125800,3,2,0,0,1,4,0,0,1,0,0,0,0,0,1,0,1
200600071325,6,11,26,1400,1,1,1,3,4887600,125600,3,2,1,0,1,1,0,60,1,0,1,0,0,0,0,2,1
200600071327,6,11,14,1330,1,9,1,6,4897200,140600,3,0,2,0,1,1,0,0,1,0,1,0,0,0,0,1,1
200600071329,6,11,8,1945,3,1,2,6,4938300,140600,3,2,0,0,2,3,0,80,2,0,3,0,0,0,1,0,1
200600071332,6,11,7,2145,5,1,1,1,4908000,60000,3,2,2,0,2,1,0,64,1,0,1,0,1,0,1,0,1
200600071333,6,11,11,1215,1,1,2,3,4909100,58200,3,2,2,0,0,1,0,60,8,0,1,0,0,0,1,1,1
200600071336,6,11,15,800,2,1,8,3,4907000,58000,2,2,0,0,1,1,0,70,2,0,1,0,1,0,1,0,1
200600071340,6,11,18,2215,3,1,2,6,4919400,109800,3,2,2,0,1,1,0,80,2,0,1,0,2,1,0,0,1
200600071343,6,11,28,1930,5,1,8,6,4917600,128400,3,2,2,0,3,1,0,75,2,0,1,0,0,1,0,2,1
200600071346,6,11,29,1315,1,1,1,1,4925700,93200,4,2,2,0,2,4,0,46,1,0,1,0,1,0,1,0,1
200600071352,6,11,18,900,1,1,1,6,4822300,-175400,3,1,1,0,0,2,0,42,1,0,1,0,1,0,1,0,1
200600071354,6,11,29,720,2,1,5,6,4824800,-165500,3,2,2,0,1,2,0,0,2,0,1,0,1,0,1,0,1
200600071355,6,11,1,900,2,1,1,7,4813200,-223100,3,2,2,0,1,2,0,70,1,0,1,0,0,0,1,0,1
200600071357,6,11,17,2000,3,1,1,6,4824300,-184900,3,0,0,0,1,1,0,0,2,0,3,0,0,0,1,0,1
200600071362,6,11,8,1500,1,1,1,6,4834000,-127000,4,2,2,0,1,3,0,55,1,0,1,0,1,0,1,0,1
200600071365,6,11,23,1815,3,5,1,3,4769700,-205500,3,2,2,0,1,1,0,0,2,0,0,0,2,0,1,0,1
200600071369,6,11,4,900,1,1,1,3,4799200,-193100,3,2,2,0,1,1,0,56,1,0,1,0,2,0,0,1,1
200600071370,6,11,7,1815,3,1,5,3,4797800,-174200,3,2,2,0,2,1,0,62,2,0,1,0,1,0,1,0,1
200600071375,6,11,2,1745,2,1,7,1,4840200,-177400,3,2,2,0,1,1,0,58,1,0,1,0,1,0,1,0,1
200600071376,6,11,6,1930,3,1,1,7,4860900,-175800,3,2,0,0,1,1,0,50,1,0,3,0,0,0,1,1,1
200600071377,6,11,20,1830,3,1,1,2,4856200,-170600,2,3,4,0,1,1,15,140,1,0,1,0,2,0,1,1,1
200600071380,6,11,24,1815,5,1,2,6,4811300,-140400,3,2,0,0,0,1,0,71,2,6,1,0,1,0,1,0,1
200600071381,6,11,28,830,1,1,3,6,4812300,-153100,3,2,2,1,0,1,15,72,2,6,0,0,1,0,1,0,1
200600071382,6,11,2,1500,1,1,1,4,4800300,-136500,3,2,2,0,1,1,0,61,1,0,1,0,3,0,2,0,1
200600071384,6,11,26,545,3,1,8,7,4801800,-132400,3,2,2,0,2,3,0,48,2,0,3,0,2,0,0,2,1
200600071389,6,11,12,1500,1,1,1,5,4842600,-262700,3,2,0,0,1,0,64,0,1,5,1,0,6,0,1,1,1
200600071391,6,11,26,1230,1,1,1,3,4828600,-281200,3,2,2,0,1,1,0,80,1,5,1,0,0,2,0,1,1
200600071392,6,11,28,745,3,1,9,1,4828500,-282800,3,2,2,0,2,1,0,70,2,0,3,0,1,0,1,0,1
200600071393,6,11,3,1730,2,1,1,3,4877300,-307500,3,2,2,0,0,1,0,0,1,0,1,0,1,0,1,0,1
200600071394,6,11,3,2015,3,1,1,2,4862000,-242000,3,3,0,0,1,1,21,65,1,0,1,0,1,1,0,0,1
200600071395,6,11,10,1645,1,1,1,1,4862000,-247000,3,2,2,0,3,3,0,72,1,0,1,0,1,1,0,0,1
200600071396,6,11,19,1800,5,1,1,4,4850000,-255000,3,2,2,0,1,1,70,0,1,0,1,0,2,0,1,0,1
200600071404,6,11,28,1415,1,2,2,3,4838000,-333000,3,2,2,0,1,2,0,58,2,5,1,0,2,1,0,0,1
200600071405,6,11,22,1930,3,1,2,1,4855700,-347200,2,3,4,0,1,1,20,140,2,0,1,0,2,1,0,0,1
200600071406,6,11,2,1200,1,2,1,5,4881200,-350200,3,2,0,0,1,1,0,65,1,5,1,0,0,0,1,3,1
200600071407,6,11,8,1700,1,2,1,3,4796900,-418600,4,2,0,0,0,2,0,0,1,0,1,0,1,0,0,2,1
200600071411,6,11,1,100,3,1,1,1,4787400,-424000,3,2,2,0,1,1,0,72,1,0,1,0,1,1,0,0,1
200600071412,6,11,5,2030,5,1,1,6,4787100,-421200,3,0,2,0,1,1,0,0,1,0,1,0,0,0,1,0,1
200600071413,6,11,12,930,1,1,1,1,4794500,-417100,3,2,0,0,1,1,28,72,1,0,1,0,1,0,1,0,1
200600071414,6,11,26,1800,2,1,1,6,4780700,-428100,4,2,0,0,2,1,0,60,1,0,3,0,1,0,1,0,1
200600071417,6,11,21,1700,1,1,1,3,4847900,-420300,4,2,2,0,2,1,0,70,1,4,1,0,30,1,0,0,1
200600071418,6,11,29,800,5,1,1,6,4857900,-432900,3,2,2,0,1,1,0,74,2,0,1,3,0,1,0,1,1
200600071419,6,11,5,1630,2,9,1,6,4847900,-475000,3,2,0,0,0,2,0,56,1,0,4,0,5,0,1,0,1
200600071420,6,11,18,1300,1,1,8,1,4844900,-456100,3,2,2,0,1,3,0,66,2,0,0,0,1,0,1,0,1
200600071422,6,11,26,1800,5,1,2,3,4855700,-469800,3,2,2,0,1,1,0,70,2,0,1,0,1,0,1,0,1
200600071424,6,11,26,315,5,1,1,3,4824900,-449200,9,2,2,0,2,1,0,70,1,0,1,0,1,0,0,2,1
200600071425,6,11,2,1500,1,2,1,3,4856900,-363700,3,2,2,0,1,1,0,0,1,0,1,0,1,0,1,0,1
200600071430,6,11,16,715,5,9,2,6,4766500,-280100,3,2,2,0,1,3,0,103,2,0,1,0,1,0,1,0,1
200600071431,6,11,19,745,1,1,9,1,4768700,-221500,3,2,2,0,4,1,0,66,2,1,1,0,1,0,1,0,1
200600071433,6,11,21,2115,3,1,1,7,4761800,-250700,4,2,2,0,1,1,0,0,2,0,3,0,2,0,1,0,1
200600071440,6,11,19,1530,2,1,5,6,4772700,-310300,4,2,0,0,2,2,0,55,2,2,1,0,4,0,1,1,1
200600071444,6,11,27,900,1,1,2,6,4791700,-208500,3,2,2,0,0,1,0,63,2,0,0,0,0,0,1,0,1
200600071446,6,11,18,1530,1,1,1,3,4807000,-296700,3,2,2,0,2,1,0,73,1,0,1,0,1,0,1,0,1
200600071448,6,11,4,2315,3,1,1,6,4783600,-293900,4,2,2,0,2,3,0,35,1,0,0,0,0,0,1,0,1
200600071449,6,11,10,2100,5,1,1,1,4798800,-311200,3,2,0,0,0,1,0,56,1,0,1,0,1,0,1,0,1
200600071450,6,11,17,1600,1,1,1,1,4928200,-42300,3,2,2,0,1,0,0,52,1,0,1,3,1,0,1,0,1
200600071451,6,11,20,1200,1,1,2,3,4912100,-47900,3,2,2,0,1,1,0,92,2,5,1,0,2,0,0,1,1
200600071452,6,11,20,2015,5,1,1,3,4920400,-47400,3,2,2,0,1,1,60,0,2,0,1,0,1,0,0,1,1
200600071455,6,11,13,1400,1,1,1,3,4913200,-16600,3,2,2,0,1,1,0,70,1,5,1,0,1,0,1,0,1
200600071456,6,11,16,1800,2,1,1,2,4898000,-23800,3,2,2,0,2,1,0,60,2,5,1,0,2,0,1,0,1
200600071460,6,11,3,630,3,1,1,3,4913000,-80900,3,2,2,0,1,1,0,75,1,0,1,0,1,0,1,0,1
200600071461,6,11,11,715,3,1,2,7,4927800,-71400,3,3,2,0,1,1,20,25,2,0,1,0,0,0,1,0,1
200600071462,6,11,4,1000,1,2,1,3,4923400,-86200,3,2,0,0,1,4,0,43,1,0,1,0,1,0,1,0,1
200600071466,6,11,26,1200,1,1,1,5,4889100,-28600,3,2,1,0,0,1,0,0,1,0,1,3,1,0,1,1,1
200600071467,6,11,24,730,2,1,8,6,4899600,-36900,3,2,2,0,0,3,0,60,6,0,1,0,0,0,1,0,1
200600071468,6,11,9,1230,1,3,1,3,4904700,-9300,3,2,2,0,1,1,20,80,1,0,1,0,1,0,2,0,1
200600071470,6,11,19,30,3,1,2,3,4930400,22800,3,2,0,0,1,1,0,100,2,0,3,0,2,0,1,0,1
200600071471,6,11,10,1845,5,1,1,1,4884100,-88500,3,2,2,0,2,1,0,0,1,0,1,0,1,0,0,2,1
200600071473,6,11,22,1615,3,1,5,7,4890800,-56000,3,2,2,0,2,3,0,68,1,0,3,0,0,0,0,1,1
200600071475,6,11,8,1900,3,1,2,1,4918000,-125100,3,2,0,0,1,1,0,64,2,0,1,0,2,1,0,0,1
200600071476,6,11,10,930,1,1,1,6,4882700,-141000,3,2,2,0,1,1,0,61,1,0,1,0,1,0,1,0,1
200600071477,6,11,28,800,2,1,2,3,4879800,-151500,3,2,0,0,0,1,0,0,2,0,1,0,1,0,1,0,1
200600071480,6,11,28,1715,5,1,2,6,4862200,-128800,3,2,2,0,2,1,0,79,2,0,1,3,1,0,2,0,1