Num_Acc,an,mois,jour,hrmn,lum,int,atm,col,lat,long,catr,circ,nbv,vosp,prof,plan,lartpc,larrout,surf,infra,situ,env1,unscathed,killed,hospital,light,chance
200600071486,6,11,16,1545,1,1,1,1,4936900,-154700,3,2,0,0,1,3,0,46,2,0,1,0,1,0,1,0,1
200600071488,6,11,24,1930,3,2,2,3,4964800,-149900,3,2,0,0,0,1,0,77,2,0,1,0,1,0,1,0,1
200600071491,6,11,27,1715,2,1,1,1,4900200,-137500,3,2,1,0,1,3,0,34,2,0,1,0,1,1,0,0,1
200600071494,6,11,12,1645,1,9,1,3,4887700,-152700,3,2,2,0,1,1,0,0,1,0,1,0,1,0,2,0,1
200600071498,6,11,4,900,1,1,7,3,4858000,-109200,9,2,2,0,1,1,0,69,1,0,1,0,1,0,0,1,1
200600071500,6,11,19,115,5,6,2,6,4858000,-109300,3,2,0,0,2,1,0,65,2,0,4,0,1,0,0,1,1
200600071502,6,11,29,1830,3,1,8,2,4853200,-97600,3,2,2,0,2,1,0,78,2,0,1,0,3,0,1,0,1
200600071506,6,11,22,945,1,1,1,3,4867600,20400,3,2,2,0,1,1,0,75,1,0,1,0,1,0,1,0,1
200600071509,6,11,9,745,2,1,5,3,4855700,-50500,4,2,2,0,1,2,0,0,1,0,1,0,0,0,1,1,1
200600071512,6,11,11,400,3,1,2,7,4871500,-61700,3,2,2,0,2,4,0,48,2,0,3,0,2,0,1,0,1
200600071515,6,11,30,915,1,1,7,3,4729300,-146400,3,2,2,0,1,1,0,55,1,0,1,0,1,0,1,0,1
200600071519,6,11,29,1345,1,1,1,6,4715900,-153700,2,2,2,0,1,1,0,80,1,5,3,0,1,0,1,0,1
200600071523,6,11,2,2000,3,1,1,1,4771300,-138100,3,2,2,0,2,1,0,60,1,0,1,0,2,0,2,0,1
200600071524,6,11,4,945,1,6,1,3,4772200,-138400,4,2,2,0,1,1,50,0,1,5,1,0,1,0,1,0,1
200600071527,6,11,13,1745,4,1,1,6,4761700,-193100,3,2,0,0,2,2,0,0,2,0,1,0,1,0,1,0,1
200600071528,6,11,19,1545,1,1,1,7,4736700,-179100,3,2,2,0,1,2,0,58,2,0,3,0,0,1,0,0,1
200600071529,6,11,25,15,5,1,3,6,4742000,-179200,3,2,0,0,0,1,0,45,2,0,4,0,0,0,3,0,1
200600071530,6,11,29,715,5,1,1,3,4765000,-207600,3,2,3,0,0,1,0,0,1,0,1,0,1,0,1,0,1
200600071531,6,11,5,1930,3,2,1,3,4753500,-159000,3,2,2,0,1,1,0,80,1,5,1,0,2,0,1,0,1
200600071532,6,11,11,1300,1,1,1,7,4768300,-169300,2,3,2,0,2,1,20,80,1,0,3,0,1,1,1,0,1
200600071533,6,11,10,745,1,2,1,3,4720400,-175700,3,2,2,0,1,1,0,55,1,0,1,0,1,0,1,0,1
200600071537,6,11,4,1130,1,1,1,7,4720000,-166800,4,2,2,1,1,1,0,80,1,0,5,0,0,1,0,0,1
200600071538,6,11,30,1030,1,1,1,6,4721800,-173100,4,2,2,0,4,0,0,56,1,5,1,0,1,0,1,0,1
200600071550,6,11,2,1030,1,1,1,3,4743100,-55000,3,2,2,0,1,2,0,85,1,5,1,0,1,0,1,0,1
200600071551,6,11,22,1015,1,1,1,6,4740900,-62200,3,2,0,0,2,2,0,102,0,0,3,0,2,0,1,0,1
200600071554,6,11,20,1530,1,1,2,3,4734600,-46500,3,2,0,0,1,3,0,0,2,0,1,0,1,0,0,1,1
200600071555,6,11,21,1830,3,3,1,3,4735600,-45300,3,2,2,0,4,2,66,0,2,5,1,0,2,1,0,0,1
200600071556,6,11,24,1800,3,1,2,5,4730700,-38900,3,2,2,0,1,1,50,0,2,0,1,0,2,0,2,1,1
200600071557,6,11,26,145,3,1,2,2,4736200,-44300,3,2,2,0,0,1,0,86,2,0,1,0,0,0,1,1,1
200600071558,6,11,25,1845,3,1,1,6,4755000,-49000,3,2,2,0,1,1,0,90,1,0,3,0,0,0,2,0,1
200600071559,6,11,14,1745,1,1,1,2,4733900,-84900,3,2,2,2,2,1,0,70,1,0,1,0,1,1,0,0,1
200600071560,6,11,8,2200,3,1,5,6,4754300,-27300,4,2,2,0,1,0,0,39,1,0,3,0,0,1,0,0,1
200600071568,6,11,26,745,1,1,1,6,4752200,5400,3,2,2,0,1,1,0,71,1,0,3,0,2,0,1,0,1
200600071569,6,11,12,1645,1,1,1,1,4717300,-36400,3,2,3,0,1,1,0,108,1,0,1,0,0,2,1,0,1
200600071571,6,11,4,1045,1,1,1,3,4731700,-24500,3,2,2,0,0,1,0,80,1,0,1,0,2,0,1,0,1
200600071572,6,11,11,1515,1,1,8,7,4731200,-15200,4,2,0,0,0,2,0,50,2,0,1,0,0,0,1,0,1
200600071573,6,11,10,1745,3,2,1,5,4737900,-12800,3,2,0,0,1,1,0,63,1,0,1,0,1,0,2,1,1
200600071574,6,11,19,1900,3,1,1,5,4713400,-18100,3,2,2,0,1,1,0,60,1,0,1,0,1,0,6,0,1
200600071575,6,11,25,2245,4,1,1,3,4713900,-14900,4,2,2,0,1,1,0,52,1,0,1,0,2,0,1,0,1
200600071578,6,11,19,800,3,1,1,6,4757700,-62000,3,2,2,0,1,3,0,58,1,0,1,0,0,0,1,1,1
200600071579,6,11,28,1830,3,1,1,3,4758700,-44400,3,2,0,0,1,0,0,50,2,0,1,0,0,1,0,1,1
200600071582,6,11,15,2045,3,1,1,5,4810100,-67800,3,2,2,0,2,0,0,0,1,0,3,0,2,0,1,0,1
200600071583,6,11,28,1415,1,1,1,7,4805400,-65200,4,2,0,0,1,1,0,31,1,0,1,0,0,0,1,0,1
200600071584,6,11,8,1830,2,1,1,3,4815700,-40600,3,0,0,0,1,1,0,70,1,0,1,0,1,0,1,0,1
200600071589,6,11,2,715,2,1,1,6,4779900,-106000,3,2,2,0,1,1,0,67,2,0,3,0,0,0,1,0,1
200600071590,6,11,15,715,5,1,8,6,4830500,-62000,3,2,0,0,2,2,0,60,2,0,1,3,1,0,1,0,1
200600071591,6,11,16,745,2,1,1,1,4831000,-59000,2,2,2,0,1,1,0,74,1,0,1,0,0,0,3,0,1
200600071592,6,11,15,1900,5,6,1,6,4830000,-62000,3,1,0,0,0,0,0,0,1,0,1,0,1,0,0,1,1
200600071593,6,11,19,1230,1,1,1,5,4818400,-67700,2,2,2,0,1,1,97,70,1,0,1,0,3,0,1,0,1
200600071599,6,11,4,1645,1,1,1,3,4792400,9000,3,3,0,0,1,1,12,41,1,5,1,0,1,1,1,0,1
200600071600,6,11,13,1745,3,1,2,1,4794000,15600,3,2,2,0,2,1,0,70,2,0,1,0,1,0,1,0,1
200600071606,6,11,28,1715,2,1,1,1,4776900,-19000,3,2,3,3,1,1,0,85,1,5,1,0,0,0,1,1,1
200600071610,6,11,9,800,1,1,1,1,4784200,-32600,4,2,2,0,0,1,0,60,1,0,1,0,1,0,1,0,1
200600071612,6,11,2,1845,3,1,1,5,4828600,28000,3,2,0,0,1,1,0,65,1,0,1,0,2,0,1,0,1
200600071613,6,11,29,430,5,1,1,3,4831400,40000,3,2,2,0,1,1,0,103,1,5,1,0,1,0,1,0,1
200600071615,6,11,18,2315,3,1,3,5,4806900,51400,2,2,3,0,0,1,0,97,2,0,1,0,3,0,4,0,1
200600071616,6,11,2,1645,1,1,1,2,4828000,1200,3,2,2,0,1,1,0,66,1,0,1,0,2,0,1,0,1
200600071621,6,11,2,1115,1,1,1,7,4702100,-132600,3,2,2,0,2,2,0,0,1,0,0,0,2,0,1,1,1
200600071628,6,11,23,745,3,1,2,3,4678600,-143400,3,2,2,0,1,1,0,61,2,0,1,0,0,0,1,1,1
200600071631,6,11,7,1530,1,2,1,5,4646100,-116600,3,2,2,0,1,1,0,78,1,0,1,0,1,0,1,2,1
200600071632,6,11,22,1430,1,1,2,1,4646500,-114100,3,2,2,0,1,1,0,69,2,0,1,0,0,0,4,0,1
200600071634,6,11,2,1030,1,1,1,1,4681100,-163600,3,2,2,0,2,2,0,60,1,0,1,0,0,1,1,0,1
200600071635,6,11,12,1415,1,1,1,2,4655400,-172800,3,0,0,0,1,3,0,80,1,0,1,0,1,0,1,0,1
200600071639,6,11,25,2045,3,2,1,3,4681000,-188000,3,2,2,0,1,3,0,80,1,5,1,0,2,0,2,0,1
200600071642,6,11,5,1700,1,2,1,3,4445700,-94900,3,2,2,0,1,1,0,63,1,0,1,0,4,0,2,0,1
200600071643,6,11,10,1815,2,1,2,1,4453500,-87600,3,2,2,0,1,1,0,56,2,0,1,0,1,0,2,0,1
200600071644,6,11,29,1430,1,1,1,7,4453100,-65900,3,2,2,0,1,1,0,60,1,0,1,0,1,0,1,0,1
200600071654,6,11,6,1845,2,1,1,3,4513800,-65900,3,2,2,0,1,1,0,69,1,0,1,0,1,0,1,0,1
200600071656,6,11,13,2145,5,1,1,6,4522200,-58400,3,2,2,0,1,2,0,42,1,0,3,0,0,0,0,1,1
200600071657,6,11,15,515,3,1,1,1,4509000,-38000,2,3,4,0,1,2,11,140,1,0,1,0,0,2,0,0,1
200600071658,6,11,16,1800,5,1,3,3,4492000,-48000,4,2,2,0,0,3,0,70,2,0,1,0,1,0,1,0,1
200600071661,6,11,7,2315,3,1,1,6,4482900,-41200,4,2,0,0,4,3,40,0,1,0,3,0,0,0,3,0,1
200600071662,6,11,9,1745,1,1,1,3,4482800,-44300,3,2,3,0,1,1,0,105,1,5,1,0,1,0,1,0,1
200600071666,6,11,10,915,1,1,7,3,4505000,-46700,2,2,2,0,1,1,0,74,1,0,1,0,2,0,1,0,1
200600071667,6,11,23,800,2,1,8,1,4457400,-28400,2,2,2,0,0,1,0,75,2,0,1,0,0,1,1,0,1
200600071668,6,11,4,1600,1,1,1,1,4448100,-6700,3,2,2,0,2,2,0,0,1,0,1,0,0,0,2,2,1
200600071673,6,11,2,930,1,2,1,3,4551000,-109300,2,2,2,0,1,1,0,0,1,5,1,0,1,0,1,0,1
200600071674,6,11,8,915,1,1,1,2,4548600,-109100,2,2,2,0,1,1,0,0,1,0,1,0,2,0,1,0,1
200600071675,6,11,27,945,1,1,1,5,4537200,-99100,3,2,1,0,1,1,0,60,1,0,1,0,2,0,1,0,1
200600071676,6,11,21,1645,5,1,2,2,4481700,-14000,3,2,2,0,1,1,0,90,2,0,1,0,1,0,1,0,1
200600071679,6,11,18,1045,1,1,1,3,4493200,-16200,3,2,0,0,4,3,0,60,2,0,1,0,0,0,2,0,1
200600071683,6,11,13,1715,2,1,1,3,4515300,54800,3,2,2,0,1,1,0,64,1,0,1,0,1,0,1,0,1
200600071684,6,11,8,1530,1,1,1,3,4516100,101700,4,0,0,0,0,0,0,0,0,0,0,0,1,0,1,0,1
200600071685,6,11,30,1400,1,1,1,4,4522100,83400,2,2,2,0,1,1,0,72,1,0,1,0,2,2,0,0,1
200600071691,6,11,23,1030,1,2,1,6,4484600,21100,9,2,2,0,1,1,0,58,1,2,4,0,1,0,1,0,1
200600071692,6,11,15,1030,1,1,1,6,4535400,36800,3,2,1,0,2,3,0,73,1,0,1,0,1,0,1,0,1
200600071693,6,11,25,1900,5,1,2,6,4525800,33800,3,2,1,0,0,1,0,90,2,0,1,0,2,0,1,0,1
200600071694,6,11,27,1900,3,1,8,6,4514500,23000,3,2,2,0,1,3,0,58,2,0,3,0,0,0,1,0,1
200600071695,6,11,9,715,3,1,1,6,4489400,115400,4,2,2,0,1,1,0,46,1,0,3,0,0,1,0,0,1
200600071698,6,11,17,1130,1,1,1,6,4513400,122600,3,2,3,0,1,1,0,70,1,5,1,0,1,1,0,0,1
200600071699,6,11,29,945,1,1,1,6,4387900,-59700,4,3,2,0,1,3,0,51,2,0,0,0,1,1,0,0,1
200600071702,6,11,3,1645,1,1,1,6,4367100,-103800,3,2,0,0,1,2,0,65,1,0,3,0,0,0,2,0,1
200600071703,6,11,16,1900,3,2,2,3,4359500,-114500,3,2,2,0,1,1,0,82,2,5,1,0,1,0,2,0,1
200600071711,6,11,10,1645,1,1,1,6,4368400,-58900,3,2,2,0,1,1,0,45,1,0,3,0,1,0,1,0,1
200600071714,6,11,28,800,1,1,8,1,4413300,65000,4,2,0,0,2,3,0,32,2,0,1,0,2,0,1,0,1
200600071718,6,11,22,1915,5,1,2,6,4450500,16600,4,2,2,0,1,1,0,47,2,0,1,0,1,0,1,0,1
200600071719,6,11,25,1215,1,2,1,3,4450600,16900,3,3,2,0,1,1,0,59,1,0,1,0,1,0,2,0,1
200600071721,6,11,23,750,3,1,2,1,4466800,20800,3,2,2,0,2,1,0,65,2,0,1,0,1,0,1,0,1
200600071722,6,11,30,1330,1,1,8,6,4467000,18800,3,2,2,0,1,1,0,60,1,0,3,0,0,0,0,1,1
200600071728,6,11,2,900,1,1,1,6,4453000,66000,4,2,2,0,2,1,0,34,1,0,1,0,0,0,1,0,1
200600071741,6,11,3,2015,5,1,1,3,4325500,-29700,3,2,2,0,1,1,0,0,1,0,1,0,2,0,1,0,1
200600071742,6,11,23,600,5,1,2,1,4348700,-144300,3,2,2,0,3,4,0,80,2,2,1,0,1,0,1,0,1
200600071751,6,11,1,1300,1,1,1,7,4650000,43900,3,2,2,0,1,2,0,53,1,0,1,0,1,0,1,0,1
200600071754,6,11,27,2015,3,2,1,3,4677700,50900,2,3,2,0,1,1,16,149,1,5,1,0,1,0,1,0,1
200600071757,6,11,1,1745,2,8,1,6,4692800,19800,4,2,2,0,4,3,0,40,1,5,3,0,0,0,1,1,1
200600071760,6,11,25,2330,3,1,1,7,4578400,-34200,3,2,2,0,1,3,0,64,1,0,1,0,0,1,1,0,1
200600071761,6,11,10,2030,3,1,2,7,4547600,-15200,3,2,2,0,0,2,0,60,2,0,1,0,0,0,1,0,1
200600071762,6,11,26,1515,1,1,1,1,4549700,-19600,3,2,2,0,1,1,0,106,0,5,1,0,1,0,1,1,1
200600071769,6,11,19,1745,4,1,8,6,4571800,29300,3,2,0,0,1,1,0,52,2,0,0,0,1,0,1,2,1
200600071771,6,11,15,2345,3,1,1,6,4577400,-2000,3,2,0,0,1,2,0,0,2,0,3,0,0,0,1,0,1
200600071780,6,11,19,1830,3,1,8,1,4526300,-40200,3,2,2,0,4,4,0,62,2,0,1,0,0,0,2,0,1
200600071782,6,11,17,745,1,1,1,5,4585100,-117100,3,2,2,2,2,3,0,90,2,2,1,0,0,0,1,2,1
200600071783,6,11,25,1015,1,1,3,3,4581500,-106900,3,2,2,0,1,1,0,80,2,0,1,0,0,0,2,0,1
200600071784,6,11,7,1915,3,1,1,6,4586500,-97400,3,2,2,0,1,3,0,50,1,0,1,0,0,0,1,0,1
200600071790,6,11,24,1615,1,1,8,1,4612100,-74300,3,2,2,0,1,1,80,0,2,0,3,0,1,1,0,0,1
200600071794,6,11,10,1900,3,2,1,1,4580400,-74300,2,3,3,0,1,1,6,143,1,5,1,0,1,1,0,0,1
200600071804,6,11,5,1445,1,1,1,7,4618900,-42900,3,2,1,0,0,2,0,55,1,0,3,0,0,0,1,0,1
200600071812,6,11,11,1930,3,1,2,6,4663400,-39400,4,2,2,0,1,1,0,50,2,0,0,0,0,0,0,1,1
200600071813,6,11,20,2330,3,1,3,7,4585100,117100,2,3,4,0,0,1,10,75,2,0,1,0,1,1,0,0,1
200600071815,6,11,28,2245,5,1,1,6,4590400,131600,4,2,2,0,1,1,0,65,2,0,1,0,2,0,0,1,1
200600071822,6,11,4,1615,1,1,1,3,4589800,91200,3,2,2,0,1,1,10,85,1,5,1,0,1,1,0,0,1
200600071825,6,11,20,500,3,1,1,6,4524600,174000,3,2,3,0,0,3,0,0,1,0,3,0,0,0,1,0,1
200600071826,6,11,18,1325,1,1,8,6,4537200,205800,3,3,2,0,1,1,0,55,2,0,3,0,1,1,1,0,1
200600071827,6,11,5,1530,1,1,1,6,4534400,171300,3,0,2,0,0,0,0,0,0,0,0,0,1,0,1,0,1
200600071829,6,11,3,2130,3,1,1,2,4524500,161300,3,2,2,0,4,1,0,71,1,0,1,0,0,0,1,1,1
200600071830,6,11,20,1415,1,2,1,3,4519700,149800,3,2,0,0,1,0,0,0,1,5,1,0,1,0,1,0,1
200600071831,6,11,3,1715,1,2,1,3,4632800,216500,3,2,2,0,1,1,0,40,1,0,1,0,4,0,1,1,1
200600071834,6,11,26,1815,5,2,1,3,4612200,162500,3,2,2,0,1,1,0,63,2,0,1,0,3,0,1,0,1
200600071835,6,11,11,730,1,1,1,1,4359700,150600,2,2,2,0,1,1,0,97,1,5,1,0,1,0,1,0,1
200600071836,6,11,18,1415,1,1,1,7,4366300,155700,3,2,2,0,2,1,0,50,1,0,3,0,0,0,1,0,1
200600071837,6,11,15,1715,2,2,1,3,4385200,146200,3,2,2,0,1,1,0,65,1,0,1,0,1,0,1,0,1
200600071840,6,11,6,930,1,1,1,3,4375400,105800,3,2,2,0,2,1,0,52,1,0,1,0,1,0,1,0,1
200600071841,6,11,6,930,1,1,1,3,4373200,105200,3,2,2,0,1,1,0,65,1,0,1,0,2,0,0,2,1
200600071842,6,11,10,1730,2,1,1,2,4378300,132700,3,2,2,0,1,1,0,58,1,0,1,0,1,0,1,0,1
200600071844,6,11,8,2115,5,1,1,1,4360700,128300,3,2,2,0,1,3,0,60,1,0,1,0,1,0,1,0,1
200600071845,6,11,18,2030,3,1,1,7,4360500,128200,3,2,2,0,1,2,0,60,1,0,1,0,1,0,1,0,1
200600071848,6,11,6,700,3,1,5,1,4347000,126800,3,2,2,0,1,1,0,590,2,0,1,0,0,1,0,1,1
200600071849,6,11,24,1800,2,1,1,6,4346900,129000,3,2,0,0,1,1,0,57,1,0,1,0,0,0,2,0,1
200600071851,6,11,6,1145,1,1,1,1,4336100,146800,2,2,3,0,1,1,90,0,1,6,1,0,1,0,1,0,1
200600071852,6,11,17,1200,1,1,1,6,4326000,118000,4,2,2,0,2,1,0,76,1,0,1,0,0,0,2,0,1
200600071853,6,11,8,145,3,1,1,6,4316800,117000,3,2,2,0,1,1,27,0,1,0,3,0,0,0,2,0,1
200600071854,6,11,11,1800,2,1,1,1,4320400,101000,2,2,2,0,1,1,0,65,1,0,1,0,1,0,1,0,1
200600071855,6,11,14,1030,1,1,7,6,4321000,108500,4,1,0,0,1,1,0,50,1,0,1,0,1,0,1,0,1
200600071856,6,11,14,700,2,1,1,6,4321200,109800,9,2,0,0,1,1,0,0,1,0,1,0,1,0,2,0,1
200600071857,6,11,18,1415,1,1,1,1,4330900,110600,3,2,2,0,1,1,0,50,1,0,1,0,1,0,0,3,1
200600071858,6,11,14,2015,3,1,1,6,4355000,121500,9,2,2,0,1,1,0,40,1,0,1,0,0,0,1,0,1
200600071859,6,11,26,445,5,1,1,6,4355500,122800,9,2,2,0,2,2,0,47,1,0,1,3,0,0,1,0,1
200600071860,6,11,27,1800,3,1,1,1,4352900,120300,3,2,2,0,1,1,0,67,1,0,1,0,1,0,1,0,1
200600071861,6,11,6,945,1,1,7,6,4308000,57000,2,2,2,0,2,3,0,70,1,6,1,0,1,0,1,0,1
200600071862,6,11,7,945,1,1,7,5,4299400,63000,3,2,2,0,1,3,0,80,1,0,1,0,2,0,1,1,1
200600071863,6,11,8,1730,2,1,1,1,4313100,78400,3,2,2,1,0,1,0,90,1,0,1,0,1,0,1,0,1
200600071865,6,11,17,1745,1,1,1,3,4311800,79100,2,2,2,0,1,1,0,70,1,0,1,0,1,0,1,0,1
200600071866,6,11,14,1030,1,1,7,6,4340100,171800,3,2,2,0,1,1,0,43,1,0,1,0,1,0,0,1,1
200600071867,6,11,22,2045,5,1,1,6,4340100,172000,2,2,2,0,1,3,0,107,2,0,0,0,0,0,1,0,1
200600071868,6,11,26,1655,1,1,1,1,4340300,170800,3,2,0,0,1,1,0,73,1,0,1,0,0,0,1,2,1
200600071869,6,11,20,1115,1,2,8,2,4359300,165100,3,2,2,0,1,1,0,50,2,0,1,0,1,0,1,0,1
200600071870,6,11,17,1945,3,1,1,1,4349300,154000,9,2,0,1,1,1,0,30,1,0,1,0,0,1,0,2,1
200600071871,6,11,2,845,1,2,7,3,4348200,180800,3,2,0,0,1,1,0,96,1,0,1,0,0,0,2,0,1
200600071873,6,11,4,1715,1,1,1,7,4304300,153800,3,3,0,0,1,1,0,80,1,0,1,0,0,0,1,0,1
200600071876,6,11,24,1700,1,1,1,1,4311400,146400,3,2,2,0,2,3,0,53,1,0,1,0,1,0,1,0,1
200600071878,6,11,19,130,3,1,1,6,4289800,133400,3,2,2,0,1,2,0,57,9,0,3,0,0,1,0,0,1
200600071882,6,11,1,1700,1,1,1,7,4455100,256300,3,2,2,0,2,3,0,25,1,0,3,0,0,0,1,0,1
200600071883,6,11,1,1715,2,1,1,1,4486200,266100,3,2,2,0,1,1,0,48,1,0,1,0,4,0,1,0,1
200600071885,6,11,23,1700,2,1,1,3,4434200,302700,2,2,2,0,1,1,0,80,1,5,1,0,1,0,1,0,1
200600071888,6,11,5,1815,3,1,1,6,4397600,29200,3,2,0,0,1,3,0,55,1,0,1,0,0,0,1,0,1
200600071890,6,11,8,2015,3,1,1,6,4402900,35900,3,2,0,0,1,2,0,0,1,0,3,0,0,0,1,0,1
200600071893,6,11,3,1600,1,1,1,3,4387100,11500,3,2,0,0,1,3,0,64,1,0,1,0,2,0,3,1,1
200600071894,6,11,4,1030,1,2,1,3,4375800,-9300,3,2,2,0,3,0,0,50,1,0,1,0,2,0,0,1,1
200600071895,6,11,26,1815,3,1,1,6,4395200,11900,3,2,2,0,1,1,0,53,0,0,3,0,0,0,1,0,1
200600071897,6,11,24,1430,1,1,1,5,4391800,63000,2,2,0,0,1,1,0,77,1,0,1,0,1,0,1,1,1
200600071898,6,11,22,1430,1,1,2,2,4392300,62600,2,2,2,0,1,1,0,77,2,0,1,0,1,0,0,1,1
200600071900,6,11,18,1330,1,1,1,6,4352400,11900,3,0,2,0,1,1,0,60,1,2,1,0,0,0,1,0,1
200600071901,6,11,24,1900,3,2,1,3,4366800,-600,3,2,2,0,1,1,0,43,1,5,1,0,1,1,0,0,1
200600071903,6,11,4,1400,1,1,1,2,4482400,165700,3,2,1,0,1,1,59,0,1,2,1,0,3,0,1,0,1
200600071905,6,11,26,2030,5,1,8,3,4489400,148300,3,2,0,0,1,1,10,70,2,0,1,0,1,0,1,0,1
200600071908,6,11,10,745,1,1,1,1,4336000,7100,3,2,2,0,1,2,0,54,1,0,1,0,1,0,2,0,1
200600071909,6,11,20,1145,1,1,1,1,4355500,-1600,3,2,2,0,1,1,0,70,1,0,1,0,0,1,0,1,1
200600071910,6,11,27,1430,2,1,1,6,4357900,-4100,3,2,2,0,1,1,0,47,1,0,1,0,1,0,1,0,1
200600071913,6,11,5,645,3,1,1,6,4402000,239000,3,2,2,0,1,1,0,65,1,0,3,0,0,1,0,0,1
200600071915,6,11,8,1430,1,1,1,1,4371600,270500,3,2,2,0,2,1,0,62,1,0,1,0,1,1,0,0,1
200600071917,6,11,17,500,3,1,1,6,4368900,175700,3,2,2,0,1,2,0,70,1,0,3,0,0,0,1,0,1
200600071918,6,11,12,1750,3,1,1,1,4386000,192000,3,2,2,0,0,1,0,55,1,0,1,0,2,0,1,0,1
200600071920,6,11,14,1730,1,1,1,1,4381000,197000,3,2,2,0,4,2,0,70,1,0,1,0,3,1,0,0,1
200600071921,6,11,18,1930,3,2,1,3,4391000,187000,3,2,2,0,1,1,0,70,1,5,1,0,0,0,2,0,1
200600071923,6,11,9,1200,1,1,1,3,4574600,474700,3,2,2,0,1,1,0,70,1,5,1,0,1,0,1,0,1
200600071925,6,11,12,1330,1,1,2,1,4395100,158000,3,2,2,0,1,3,0,63,2,0,1,0,0,0,1,1,1
200600071928,6,11,22,1210,1,2,2,3,4356900,232000,3,2,2,0,1,1,28,88,2,5,0,0,1,0,1,1,1
200600071929,6,11,22,1345,1,1,2,6,4357300,201800,2,2,2,0,1,3,0,72,2,0,3,0,4,0,1,0,1
200600071930,6,11,26,1115,1,1,1,6,4351500,193900,3,2,2,0,2,1,0,54,1,0,1,0,0,0,1,0,1
200600071932,6,11,15,1520,1,1,1,6,4413500,136900,3,2,0,0,1,1,0,53,1,0,3,0,0,1,1,0,1
200600071937,6,11,5,1030,1,1,1,7,4413400,182600,3,2,2,0,1,2,0,65,1,0,3,0,2,0,1,0,1
200600071941,6,11,1,1600,1,1,1,3,4423400,101100,3,2,2,0,2,1,0,0,1,0,1,0,3,0,1,0,1
200600071943,6,11,13,1830,3,1,1,3,4413200,116400,3,2,2,0,1,1,0,0,1,0,1,0,1,0,1,0,1
200600071952,6,11,11,130,5,1,5,6,4572200,477800,3,2,2,0,2,1,50,100,1,0,1,0,1,0,3,0,1
200600071953,6,11,13,745,1,1,1,1,4569300,478900,3,2,2,0,1,1,0,90,1,5,1,0,1,1,0,0,1
200600071959,6,11,22,1600,5,2,1,1,4572400,469900,3,2,0,0,0,1,0,60,1,0,1,0,1,0,1,0,1
200600071966,6,11,1,1545,1,1,8,6,4618000,453900,3,2,2,0,2,3,0,53,2,0,1,0,0,0,0,1,1
200600071967,6,11,14,745,1,1,1,3,4615000,460000,3,3,2,0,1,1,0,0,1,0,1,0,0,0,1,1,1
200600071969,6,11,30,1930,3,1,1,6,4613300,462500,3,2,1,0,1,3,0,60,2,0,1,0,0,0,1,0,1
200600071982,6,11,3,1900,5,1,1,6,4596400,535000,4,2,2,0,2,3,0,60,1,0,4,0,0,0,1,0,1
200600071985,6,11,27,1640,3,1,1,1,4599600,534300,3,2,0,0,1,1,60,0,1,0,1,0,0,0,3,0,1
200600071995,6,11,10,330,5,1,1,6,4590200,517600,3,2,2,0,0,4,0,55,1,0,3,0,0,0,3,2,1
200600071996,6,11,24,1730,2,1,1,7,4587100,515200,4,2,0,0,1,1,0,40,1,0,1,0,0,0,1,0,1
200600071998,6,11,3,645,2,1,1,3,4609600,475900,3,2,2,0,4,1,0,70,1,0,1,0,1,0,0,1,1
200600072001,6,11,22,1830,5,1,1,3,4614400,481200,3,2,2,0,1,1,0,0,1,5,1,0,2,0,0,1,1
200600072002,6,11,26,1630,1,1,1,3,4448100,469600,4,2,0,0,1,0,0,37,1,0,1,0,1,0,1,1,1
200600072005,6,11,18,2145,3,1,2,6,4471200,466900,3,2,1,0,1,1,0,0,2,0,1,0,0,0,1,0,1
200600072007,6,11,2,2330,3,1,1,6,4450000,427000,3,0,2,0,2,3,0,68,1,0,1,0,2,0,1,1,1
200600072008,6,11,11,300,3,1,1,3,4473500,400500,2,2,2,0,2,1,0,71,1,0,1,0,1,0,2,0,1
200600072010,6,11,27,1515,1,1,1,6,4445000,434800,4,2,0,0,1,1,0,58,1,0,1,0,0,0,1,0,1
200600072011,6,11,30,1815,5,1,1,3,4509400,481800,3,2,2,0,1,1,0,68,1,5,1,0,0,1,2,0,1
200600072012,6,11,2,745,2,1,1,1,4516200,466100,4,2,2,0,2,4,0,28,1,0,1,0,1,0,1,0,1
200600072016,6,11,1,1045,1,3,1,3,4485200,495800,3,2,2,0,0,1,0,71,1,0,1,0,0,0,0,3,1
200600072021,6,11,16,445,3,1,1,6,4447500,474300,3,2,2,0,1,2,0,54,1,0,3,0,0,0,1,0,1
200600072026,6,11,26,1530,1,1,1,3,4509700,504900,3,2,2,0,1,1,0,0,1,0,1,0,1,0,1,0,1
200600072027,6,11,18,645,3,1,2,3,4505700,526600,3,2,2,0,1,2,0,85,2,0,1,0,1,0,1,2,1
200600072033,6,11,10,545,5,1,1,6,4525500,566500,2,2,2,0,1,1,12,128,1,0,1,0,0,0,1,0,1
200600072034,6,11,19,200,5,1,5,6,4541300,573500,3,2,0,0,1,1,0,50,2,0,3,0,0,1,0,0,1