Num_Acc,an,mois,jour,hrmn,lum,int,atm,col,lat,long,catr,circ,nbv,vosp,prof,plan,lartpc,larrout,surf,infra,situ,env1,unscathed,killed,hospital,light,chance
200600072037,6,11,12,2030,5,1,1,6,4528000,564900,2,2,0,0,0,1,0,0,1,0,1,0,1,0,1,0,1
200600072038,6,11,29,1845,3,1,8,1,4497900,562100,3,2,0,0,2,1,0,57,1,0,1,0,1,0,0,1,1
200600072043,6,11,15,1215,1,1,1,5,4536700,561100,3,2,0,0,0,1,0,70,1,0,1,0,2,0,1,0,1
200600072045,6,11,2,810,1,1,7,6,4539400,536400,2,2,2,0,1,1,0,93,1,0,1,0,1,0,1,0,1
200600072048,6,11,5,1615,1,1,1,1,4563700,556300,4,2,0,0,1,1,0,0,1,0,1,0,1,0,1,1,1
200600072053,6,11,16,815,1,2,1,3,4548200,490500,3,2,0,0,1,1,0,0,1,0,1,0,1,0,1,0,1
200600072056,6,11,21,1315,1,2,1,4,4550100,506200,3,2,2,0,1,1,0,0,1,0,1,0,2,0,0,1,1
200600072057,6,11,8,1815,5,1,1,3,4574000,518000,3,3,2,0,1,1,0,0,1,0,1,0,1,0,0,1,1
200600072058,6,11,21,1,1,2,2,3,4578600,508000,3,2,2,0,1,4,0,102,2,0,1,0,1,0,1,0,1
200600072059,6,11,26,1315,1,1,1,6,4577800,518600,3,2,2,0,0,1,0,70,1,2,1,0,0,0,1,0,1
200600072061,6,11,10,1900,5,1,1,3,4564300,514200,3,2,3,0,1,1,0,112,1,0,1,0,1,0,1,0,1
200600072065,6,11,28,1800,5,1,1,6,4552900,437300,3,2,2,0,1,1,0,65,1,0,1,0,1,0,1,0,1
200600072066,6,11,17,530,5,1,1,7,4564900,404600,3,0,0,0,1,0,0,90,1,0,1,3,0,0,0,1,1
200600072068,6,11,3,2045,5,1,1,5,4552800,422000,3,2,2,0,1,1,0,80,1,3,1,0,0,0,2,1,1
200600072071,6,11,18,1600,1,1,1,6,4584700,374500,3,2,0,0,1,2,0,0,1,0,1,0,0,0,1,0,1
200600072078,6,11,25,1800,3,1,1,1,4537000,392200,3,2,0,0,1,1,0,66,1,0,1,0,1,0,1,0,1
200600072081,6,11,3,1630,1,1,1,7,4617400,413000,4,2,0,0,2,1,0,56,1,0,1,0,0,0,1,0,1
200600072082,6,11,23,1100,1,1,1,6,4615900,423500,3,2,2,0,1,4,0,78,8,0,1,0,1,0,0,1,1
200600072084,6,11,30,1900,5,1,1,6,4614600,389100,2,2,0,0,1,1,0,80,1,0,1,0,1,0,0,1,1
200600072086,6,11,19,530,3,1,1,6,4555200,614900,2,2,2,0,1,3,0,73,1,0,3,0,0,0,2,1,1
200600072092,6,11,30,1815,5,1,1,1,4545700,610200,3,2,0,2,0,0,0,70,0,0,0,0,1,0,1,0,1
200600072097,6,11,20,1800,3,1,1,7,4544000,667000,3,2,2,0,2,4,0,66,2,0,1,0,0,0,1,0,1
200600072106,6,11,17,1945,5,1,2,6,4615500,609000,2,2,2,0,3,1,0,0,2,0,1,0,1,0,1,0,1
200600072107,6,11,14,815,1,1,1,1,4615400,625800,3,2,2,0,1,1,0,62,1,0,1,0,0,0,2,0,1
200600072114,6,11,15,1745,2,1,1,6,4638000,653100,3,2,2,0,0,0,0,60,0,0,0,0,0,0,0,1,1
200600072116,6,11,10,730,1,1,8,5,4567200,348600,3,2,2,0,0,0,0,61,0,0,0,0,5,0,3,0,1
200600072119,6,11,7,515,3,1,9,7,4564700,327500,3,2,0,0,0,1,0,0,7,0,1,0,0,0,1,0,1
200600072120,6,11,23,1745,2,6,1,1,4569600,321800,3,2,0,0,0,1,60,0,1,5,1,0,1,0,0,1,1
200600072127,6,11,6,1515,1,1,1,2,4595300,332600,3,2,2,0,0,1,0,61,1,0,1,0,1,0,1,0,1
200600072132,6,11,1,1830,5,1,1,1,4584800,339200,3,2,2,0,1,1,0,81,1,0,0,0,1,0,1,0,1
200600072135,6,11,29,1730,3,2,1,3,4596000,347200,3,2,2,0,1,1,0,80,0,0,1,0,0,0,2,0,1
200600072137,6,11,24,1514,1,1,8,1,4666000,324000,2,2,2,0,1,1,0,71,1,0,1,0,1,0,1,0,1
200600072145,6,11,10,1030,3,1,8,6,4616600,337700,3,2,0,0,0,3,0,70,1,0,3,0,0,0,1,0,1
200600072147,6,11,21,1415,1,1,2,1,4625000,361700,3,2,2,0,2,1,0,74,2,0,1,0,1,0,2,0,1
200600072148,6,11,24,830,1,1,2,6,4635500,379300,3,2,2,0,1,2,0,59,2,0,1,0,0,0,2,0,1
200600072149,6,11,25,1600,1,1,1,6,4635400,379400,3,0,0,0,0,1,0,0,1,0,1,0,1,0,1,0,1
200600072151,6,11,29,845,2,3,1,3,4620900,343400,3,2,2,0,1,1,0,69,1,0,1,0,1,0,1,0,1
200600072154,6,11,21,830,1,1,2,1,4469200,218800,2,2,2,0,0,2,0,73,2,0,1,0,0,1,2,0,1
200600072161,6,11,3,1100,1,1,7,1,4515000,397800,3,2,2,0,1,4,0,41,1,0,1,0,1,0,1,0,1
200600072163,6,11,15,1745,2,1,1,7,4535900,386200,3,2,2,0,1,1,0,53,1,0,1,0,0,0,1,0,1
200600072166,6,11,18,15,3,1,1,6,4539600,328300,3,0,2,0,1,2,0,49,1,0,0,0,0,0,1,0,1
200600072167,6,11,8,1715,2,1,1,1,4515000,410900,3,2,0,0,1,1,0,65,1,0,1,0,1,0,0,1,1
200600072168,6,11,26,1730,5,1,1,6,4517000,407000,3,2,0,0,1,1,0,65,1,0,1,0,4,0,1,0,1
200600072169,6,11,26,1745,5,1,1,6,4515000,412700,3,2,2,0,1,1,0,81,1,0,1,0,1,0,1,0,1
200600072177,6,11,18,1330,1,1,1,1,4916200,609800,3,2,1,0,2,4,0,40,2,0,1,0,1,0,0,1,1
200600072186,6,11,8,540,3,1,1,6,4905600,631900,3,2,2,0,3,2,0,0,2,0,3,0,0,0,1,0,1
200600072189,6,11,22,2130,3,1,1,3,4878100,646300,2,2,2,0,2,3,0,75,1,0,1,0,1,0,1,0,1
200600072193,6,11,29,630,5,1,2,1,4877300,724500,4,2,2,0,1,1,0,81,1,0,1,0,2,0,1,0,1
200600072194,6,11,12,1200,1,1,1,1,4906700,699500,2,2,0,0,3,2,0,70,1,0,1,0,0,0,2,1,1
200600072199,6,11,18,2100,5,1,1,1,4930000,613000,3,0,1,0,2,1,0,62,1,0,1,0,1,0,1,1,1
200600072200,6,11,9,2000,3,1,1,2,4889000,615800,3,2,2,0,2,1,0,65,2,0,1,0,0,0,2,0,1
200600072201,6,11,2,1500,1,1,1,3,4875300,614100,2,0,1,0,1,0,0,0,1,0,1,0,1,0,0,1,1
200600072204,6,11,21,645,3,1,2,3,4858900,607600,3,2,3,0,1,1,0,0,2,0,1,0,1,0,1,0,1
200600072219,6,11,6,1700,2,1,1,6,4863600,671200,3,2,2,0,2,3,0,50,1,0,3,0,0,0,1,0,1
200600072230,6,11,11,1115,1,1,2,7,4879000,556000,3,0,0,0,0,2,0,0,2,0,1,0,0,0,1,1,1
200600072231,6,11,3,945,1,1,1,1,4873400,560500,3,2,2,0,0,1,0,74,1,0,1,0,1,0,1,0,1
200600072233,6,11,9,915,1,1,2,6,4946100,544700,3,2,2,0,2,2,0,73,2,0,1,0,0,0,1,0,1
200600072235,6,11,23,1430,3,1,3,1,4910200,540900,3,2,0,0,1,1,0,69,2,0,1,0,1,0,1,0,1
200600072236,6,11,13,1800,5,1,3,6,4929900,573800,3,2,2,0,1,1,0,68,2,0,1,0,1,0,1,0,1
200600072237,6,11,15,730,2,3,5,3,4909700,562700,3,2,2,0,1,1,0,68,2,0,1,0,1,0,1,0,1
200600072238,6,11,30,615,5,1,5,1,4920100,553800,2,2,0,0,2,2,0,77,2,0,1,0,0,0,1,1,1
200600072242,6,11,18,1830,5,1,2,6,4825600,642000,3,2,2,0,1,1,0,67,2,6,1,0,1,0,1,0,1
200600072245,6,11,23,1800,3,2,3,3,4832400,562200,3,2,2,0,0,1,0,50,2,0,0,0,1,0,1,0,1
200600072247,6,11,10,1515,1,1,1,1,4819900,599000,4,2,2,0,0,1,0,109,1,5,1,0,1,0,2,0,1
200600072248,6,11,20,730,2,1,8,1,4792900,666100,2,2,2,0,1,1,0,75,2,0,1,0,1,0,1,0,1
200600072249,6,11,29,1030,1,1,1,1,4790500,672300,2,2,0,0,4,3,0,80,1,0,1,0,2,0,1,0,1
200600072252,6,11,26,830,1,1,1,2,4834200,754000,2,3,4,0,0,1,48,0,1,0,1,0,2,0,0,1,1
200600072255,6,11,26,745,1,1,1,6,4844300,749500,3,2,0,0,1,1,71,0,1,0,3,0,0,0,1,0,1
200600072257,6,11,30,1745,3,1,1,1,4880500,731400,3,2,2,0,1,1,0,61,2,0,1,0,0,0,1,1,1
200600072260,6,11,19,1545,5,1,1,6,4876200,756800,3,2,0,0,1,1,0,64,1,0,3,0,0,0,1,0,1
200600072261,6,11,29,1800,3,1,1,2,4875600,753200,3,2,0,0,1,1,0,0,1,0,1,0,0,0,2,0,1
200600072262,6,11,11,1815,5,1,1,6,4861800,756600,3,2,1,0,1,2,0,70,1,0,4,0,0,0,0,1,1
200600072263,6,11,16,1930,3,1,1,6,4861800,756800,3,2,0,0,0,1,0,66,1,0,1,0,1,0,1,0,1
200600072264,6,11,23,1815,3,1,1,5,4867200,753800,3,2,2,0,3,1,0,70,1,0,1,0,4,0,0,1,1
200600072265,6,11,10,945,1,1,1,6,4858300,768800,3,2,2,0,1,1,0,60,1,0,4,3,1,0,1,0,1
200600072269,6,11,12,45,3,1,2,7,4888300,794500,4,2,1,0,1,3,0,30,2,0,3,0,2,0,1,0,1
200600072271,6,11,19,1130,1,1,8,1,4895600,774700,3,2,1,0,1,1,50,50,2,0,1,0,0,0,4,0,1
200600072273,6,11,25,1415,1,1,1,7,4810500,745800,3,2,1,0,1,2,0,68,1,0,3,0,0,0,1,0,1
200600072274,6,11,17,1600,1,1,1,1,4819900,733100,9,2,2,0,1,1,0,60,1,0,1,0,1,0,0,1,1
200600072275,6,11,5,2015,5,1,1,3,4826700,722100,3,2,2,0,1,1,0,0,1,5,1,0,1,0,1,0,1
200600072276,6,11,5,1830,3,8,1,3,4809300,729700,4,2,0,0,1,1,0,0,0,4,1,0,1,1,1,0,1
200600072278,6,11,24,1830,3,1,1,7,4762100,730100,3,2,2,0,1,1,0,62,1,0,1,0,0,0,1,0,1
200600072281,6,11,18,1130,1,1,1,1,4754300,717800,4,2,0,0,1,1,0,0,1,0,1,3,1,0,0,1,1
200600072282,6,11,10,1500,1,1,1,3,4779000,734600,3,2,2,1,1,1,0,60,1,5,1,0,1,0,1,0,1
200600072283,6,11,17,715,2,1,2,6,4772300,729700,3,2,0,0,3,1,0,0,2,6,1,0,1,0,0,1,1
200600072284,6,11,18,945,1,1,1,3,4779200,730500,3,3,0,0,1,1,30,42,2,5,1,0,1,0,1,1,1
200600072285,6,11,17,1900,5,1,8,6,4782900,751600,3,2,2,0,1,1,0,62,8,0,1,0,0,0,1,0,1
200600072289,6,11,1,1145,1,1,1,3,4779500,715500,3,2,2,0,0,0,0,0,1,0,0,0,0,0,1,1,1
200600072290,6,11,16,915,1,1,1,1,4909800,427100,3,2,2,0,1,1,0,70,1,0,1,0,1,1,0,0,1
200600072291,6,11,1,1730,5,1,1,6,4887500,355200,3,2,2,0,1,1,0,0,1,6,1,0,2,0,1,0,1
200600072292,6,11,20,830,1,1,1,3,4888600,377200,3,2,2,0,1,1,0,72,1,5,1,0,1,0,1,1,1
200600072293,6,11,3,1845,3,1,1,2,4861000,380100,3,2,2,0,0,1,0,35,1,0,1,0,1,0,1,0,1
200600072294,6,11,6,1230,1,1,1,2,4872800,372100,9,0,2,0,1,1,0,50,1,0,1,3,1,0,1,0,1
200600072295,6,11,11,1545,1,1,1,1,4878200,372300,3,0,2,0,0,1,0,92,1,0,1,0,0,0,1,1,1
200600072297,6,11,21,2030,3,1,2,6,4873000,358000,2,3,4,0,1,1,52,74,2,0,1,0,0,0,1,0,1
200600072298,6,11,20,1730,5,1,2,6,4855600,368000,3,2,2,0,1,1,0,60,2,0,1,0,0,0,1,0,1
200600072299,6,11,23,1900,5,1,1,6,4928700,381800,3,2,0,0,1,0,50,0,2,0,1,0,0,0,1,0,1
200600072301,6,11,5,1530,1,1,1,6,4919000,384000,3,2,2,0,1,1,0,58,1,0,1,0,0,0,1,0,1
200600072304,6,11,10,745,1,1,1,1,4909000,396000,3,2,0,0,0,1,0,104,1,0,1,0,0,0,1,1,1
200600072307,6,11,3,1500,1,1,1,4,4880100,457700,2,2,2,0,4,1,0,75,1,0,1,0,2,0,0,2,1
200600072308,6,11,15,1015,1,1,1,3,4872900,458600,9,2,2,0,1,1,0,60,1,0,1,0,1,0,1,0,1
200600072309,6,11,5,415,4,1,1,6,4868500,454800,3,2,2,0,1,1,0,67,1,0,4,0,0,0,0,1,1
200600072310,6,11,18,1300,1,1,1,3,4872100,494900,3,2,2,0,1,1,0,60,1,0,1,0,1,0,0,1,1
200600072313,6,11,18,1315,1,1,1,6,4992400,477200,3,2,2,0,1,1,0,60,1,0,3,0,0,1,0,0,1
200600072315,6,11,9,1430,1,1,1,7,4996700,465900,3,3,2,0,1,1,0,63,1,0,3,0,0,0,1,0,1
200600072316,6,11,18,1300,1,1,1,1,4993200,464800,3,2,0,0,1,1,0,90,1,0,1,0,1,0,1,0,1
200600072317,6,11,17,2030,3,1,2,7,5011700,480000,3,1,1,0,0,3,0,50,2,0,3,0,2,0,1,0,1
200600072318,6,11,15,1045,1,1,1,1,4969600,487500,3,2,2,0,1,1,0,0,1,5,1,0,1,0,0,1,1
200600072325,6,11,14,1815,3,1,1,3,4840900,451300,3,2,2,0,1,1,0,45,1,0,1,0,1,0,1,0,1
200600072328,6,11,28,1145,1,1,1,3,4819200,419200,2,2,2,3,1,1,0,74,1,5,1,0,1,0,1,0,1
200600072330,6,11,3,1010,1,1,8,3,4850000,380000,3,2,3,0,0,1,0,134,1,0,1,0,1,1,0,0,1
200600072332,6,11,5,430,3,1,1,7,4800600,525900,2,2,2,0,1,2,0,70,1,0,1,0,0,0,1,0,1
200600072336,6,11,11,2130,3,9,9,1,4794500,578200,3,2,2,0,1,1,0,70,2,5,1,0,2,0,1,0,1
200600072337,6,11,25,1800,5,3,3,3,4795900,575800,3,2,2,0,1,1,0,68,2,5,1,0,3,0,0,1,1
200600072338,6,11,6,1000,1,3,5,3,4778900,559600,2,2,2,0,0,1,0,71,1,0,1,0,1,0,1,0,1
200600072340,6,11,2,1830,5,1,1,6,4719400,539600,3,2,0,0,1,1,60,0,1,0,3,0,1,0,1,0,1
200600072341,6,11,6,1445,1,1,1,1,4720000,540500,3,2,2,0,1,3,0,0,1,0,1,0,1,0,1,1,1
200600072342,6,11,26,1815,2,1,1,7,4721900,508800,3,2,0,0,0,3,0,0,1,0,1,3,1,0,1,0,1
200600072344,6,11,10,1415,1,1,1,3,4693900,475400,3,2,3,3,0,1,0,164,1,5,1,0,1,0,1,0,1
200600072346,6,11,30,2215,3,1,1,6,4729500,452000,3,2,2,0,1,1,0,0,1,0,1,0,0,0,0,1,1
200600072347,6,11,19,1730,3,1,2,7,4716700,527300,4,0,0,0,1,2,0,0,2,0,1,0,0,0,1,0,1
200600072349,6,11,4,1915,3,1,1,6,4768900,452400,3,3,1,0,1,2,0,0,1,0,1,0,0,0,1,0,1
200600072350,6,11,9,1100,1,1,1,3,4751600,440800,3,2,2,0,2,1,0,0,2,5,1,0,1,0,0,1,1
200600072354,6,11,3,1500,1,1,1,1,4692200,316300,3,2,2,0,2,1,0,76,1,0,1,0,1,2,0,0,1
200600072355,6,11,6,1630,1,1,1,7,4737100,341300,2,2,2,0,1,1,0,70,1,0,1,0,0,0,3,0,1
200600072357,6,11,27,1730,5,1,1,1,4737200,328400,3,2,2,0,2,1,0,60,1,0,1,0,1,0,1,0,1
200600072360,6,11,12,1000,1,9,8,6,4640100,465200,2,1,2,0,4,0,0,107,0,0,1,0,0,0,2,0,1
200600072361,6,11,30,1830,2,1,1,6,4643700,465900,4,2,2,0,4,1,21,0,1,0,1,0,1,0,1,0,1
200600072364,6,11,26,1830,1,1,1,1,4684000,469100,3,2,2,0,3,1,0,0,1,0,1,0,0,0,1,1,1
200600072365,6,11,2,1640,1,1,7,6,4678200,472800,3,2,2,0,1,1,0,52,1,0,1,0,1,0,1,0,1
200600072367,6,11,21,1710,5,1,1,6,4676000,489800,3,2,2,0,1,1,0,66,2,6,1,0,1,0,1,0,1
200600072370,6,11,17,945,1,1,2,3,4689700,502400,3,2,2,0,2,3,0,74,2,0,1,0,1,0,1,0,1
200600072371,6,11,10,1815,5,1,1,3,4643800,427700,4,0,0,0,1,1,0,58,1,0,1,3,2,0,1,1,1
200600072372,6,11,15,800,1,1,1,7,4646300,442100,4,2,0,0,2,1,0,41,2,0,3,0,0,0,1,0,1
200600072373,6,11,24,1215,1,1,1,3,4644500,430400,3,2,2,0,0,1,0,65,2,0,1,0,0,0,1,1,1
200600072377,6,11,13,800,1,1,1,7,4661500,381000,3,2,2,0,2,3,0,68,1,0,1,0,0,0,1,0,1
200600072378,6,11,19,1745,3,1,2,6,4655400,374300,3,2,2,0,2,2,62,62,2,0,3,0,0,0,1,0,1
200600072383,6,11,15,1100,1,1,1,7,4675300,450100,2,3,2,0,1,1,0,0,1,0,1,0,0,0,1,0,1
200600072384,6,11,28,1800,5,6,1,2,4675300,449200,2,1,1,0,1,1,0,0,1,5,1,0,1,0,0,1,1
200600072385,6,11,6,745,1,2,5,3,4780800,366900,3,2,0,0,4,1,0,0,2,0,1,0,2,0,0,2,1
200600072388,6,11,29,800,1,1,1,3,4787300,352100,3,2,2,0,2,1,0,66,1,5,1,0,2,0,1,0,1
200600072389,6,11,8,1330,1,1,1,6,4749400,333900,9,2,0,0,0,1,0,37,1,0,3,0,0,0,1,0,1
200600072393,6,11,19,945,1,2,2,3,4785800,364000,2,2,2,0,1,1,0,74,2,5,1,0,1,0,4,0,1
200600072394,6,11,23,1115,1,1,2,7,4787100,374100,3,2,0,0,3,2,0,45,2,0,3,0,0,0,1,0,1
200600072396,6,11,12,100,3,1,2,7,4774000,331900,3,2,3,0,3,3,0,0,2,0,3,0,0,0,2,0,1
200600072399,6,11,28,1415,1,1,1,1,4769600,402600,3,2,2,0,2,2,0,68,1,0,1,0,0,0,2,1,1
200600072404,6,11,5,1815,3,1,5,6,4821000,299800,3,2,2,0,2,2,0,60,2,2,3,0,0,0,3,0,1
200600072408,6,11,28,1100,1,1,1,1,4711300,603600,3,2,0,0,4,1,0,70,1,0,1,0,0,0,3,0,1
200600072409,6,11,6,1530,1,1,1,3,4753900,678700,3,2,2,2,1,1,24,47,1,0,1,0,0,0,1,1,1
200600072412,6,11,1,545,5,1,8,6,4745300,680800,9,2,2,0,0,0,0,69,1,0,3,0,0,1,0,0,1
200600072417,6,11,4,2230,3,1,1,1,4712700,659300,3,2,0,0,2,1,0,56,1,0,1,3,2,0,1,0,1
200600072420,6,11,2,1500,1,1,1,1,4706600,667500,3,2,2,0,2,1,0,70,1,0,1,0,1,0,1,0,1
200600072421,6,11,3,1745,2,1,1,1,4696100,646100,3,2,2,0,2,1,0,51,1,0,1,0,0,1,2,0,1
200600072427,6,11,17,1330,1,1,1,1,4783900,595400,3,2,2,0,1,2,0,55,1,0,1,0,0,0,2,0,1
200600072431,6,11,10,1515,1,1,1,3,4759800,673100,3,2,2,0,2,1,0,77,1,0,1,0,1,0,1,0,1
200600072432,6,11,13,1745,5,1,1,6,4752200,653900,3,2,2,0,1,1,0,59,2,0,1,0,2,0,1,0,1
200600072433,6,11,10,1600,1,1,1,7,4792500,610000,3,2,2,0,0,1,0,93,1,0,4,0,0,1,0,0,1
200600072439,6,11,5,1515,1,4,1,1,4757500,686300,2,2,2,0,0,2,0,0,1,0,1,0,1,0,0,1,1
200600072441,6,11,18,1215,1,1,2,6,4747500,706600,3,2,2,0,0,2,0,0,2,0,1,0,0,0,0,1,1
200600072442,6,11,26,1215,1,1,1,3,4759300,703500,3,2,1,0,4,1,0,0,1,5,1,0,0,1,1,0,1
200600072445,6,11,22,430,3,1,1,2,4522300,481700,1,3,3,0,2,3,35,105,1,0,1,0,0,0,1,1,1
200600072449,6,11,5,1000,1,1,1,7,4366000,562900,2,2,2,0,1,2,0,0,1,0,3,0,0,1,0,0,1
200600072450,6,11,28,1715,2,1,1,1,4364200,549800,4,2,0,0,1,1,0,32,1,0,1,0,1,0,1,0,1
200600072457,6,11,16,1500,1,1,6,6,4351000,475100,3,2,2,0,1,1,0,0,1,0,3,0,0,0,1,0,1
200600072458,6,11,22,700,2,1,1,7,4353600,483000,2,3,2,0,1,1,0,70,1,0,3,0,0,0,3,0,1
200600072465,6,11,16,1630,1,1,1,3,4350800,517700,3,2,2,0,1,2,0,0,1,0,1,0,1,0,1,0,1
200600072466,6,11,9,945,1,1,1,3,4371600,516100,3,2,2,0,1,1,0,53,1,0,1,0,1,0,0,1,1
200600072470,6,11,10,100,3,1,1,7,4405900,615800,2,2,2,0,1,3,0,75,1,0,3,0,0,1,0,0,1
200600072472,6,11,22,800,1,1,1,6,4446000,627000,3,2,2,0,2,3,0,70,2,0,3,0,0,0,0,2,1
200600072473,6,11,22,1430,1,1,1,7,4440000,633000,3,2,2,0,2,2,0,63,1,0,3,0,0,0,1,0,1
200600072474,6,11,3,1615,1,1,1,3,4400900,655100,3,2,2,0,1,1,0,58,1,0,1,0,1,0,1,0,1
200600072476,6,11,18,115,3,1,1,6,4380700,604400,3,2,2,0,0,1,0,69,2,0,1,0,0,0,1,0,1
200600072481,6,11,17,1515,1,1,2,7,4434100,575600,3,2,2,0,2,3,0,56,2,2,3,0,0,0,1,0,1
200600072482,6,11,18,1045,1,1,1,6,4431900,582400,3,2,2,0,1,1,0,70,1,0,1,0,1,0,0,2,1
200600072483,6,11,25,15,3,1,1,6,4430800,582400,3,2,0,0,1,3,0,64,1,0,3,0,0,0,1,0,1
200600072484,6,11,3,1530,1,1,1,5,4465200,608600,2,2,2,0,2,1,0,73,1,0,1,0,1,0,3,1,1
200600072489,6,11,29,1745,5,1,2,6,4495000,656300,3,2,2,0,1,1,0,73,2,0,1,0,1,0,1,0,1
200600072496,6,11,5,545,5,1,1,6,4378500,727600,3,2,1,0,3,2,0,74,1,0,1,0,0,0,0,2,1
200600072497,6,11,16,1430,1,1,1,6,4393400,726700,3,2,2,0,0,3,0,72,1,0,1,0,0,0,1,0,1
200600072498,6,11,27,1815,5,1,1,1,4375100,732200,3,2,2,0,1,2,0,77,1,0,1,0,0,1,1,0,1
200600072500,6,11,1,1130,1,1,1,1,4365300,713400,3,2,2,0,1,1,0,0,1,0,1,0,0,0,1,1,1
200600072506,6,11,7,1,1,1,1,6,4372900,711000,4,0,0,0,0,0,0,25,1,5,1,0,1,0,1,0,1
200600072509,6,11,17,1830,3,1,1,3,4368000,712900,3,2,0,0,1,1,0,150,1,0,1,0,1,0,1,0,1
200600072520,6,11,4,1500,1,1,1,1,4345900,651000,2,2,2,0,3,3,21,69,1,2,1,0,0,2,3,0,1
200600072521,6,11,9,1630,1,1,1,6,4341000,641600,9,2,2,0,1,1,0,46,1,0,1,0,1,0,1,0,1
200600072522,6,11,13,1630,1,1,1,3,4344000,644700,2,2,3,0,2,1,0,98,1,0,1,0,1,0,1,0,1
200600072531,6,11,14,1745,3,1,1,3,4336500,639000,3,2,2,0,2,3,0,68,1,0,1,0,1,0,1,0,1
200600072538,6,11,13,1630,1,1,1,5,4345100,586000,4,2,2,0,1,1,0,80,1,0,1,0,2,0,2,0,1
200600072540,6,11,30,1400,1,1,1,7,4346200,596800,3,2,2,0,1,1,0,43,1,0,1,0,3,1,0,1,1
200600072543,6,11,11,1200,1,1,1,1,4345100,662700,3,0,0,1,0,2,0,0,1,0,5,0,1,1,0,0,1
200600072549,6,11,1,1000,1,1,1,1,4324000,622400,3,2,2,0,1,1,0,58,1,0,1,0,2,0,2,0,1
200600072562,6,11,14,1830,5,1,1,6,4388100,539300,2,2,0,0,0,1,0,70,1,0,1,0,1,0,1,0,1
200600072566,6,11,1,30,3,1,2,6,4410500,541100,3,2,1,0,1,4,0,0,2,0,1,0,0,0,5,0,1
200600072574,6,11,9,1815,5,1,1,1,4392900,370400,3,2,2,0,0,0,0,60,1,0,1,0,1,0,0,2,1
200600072579,6,11,26,1100,1,1,1,1,4386600,390600,3,2,2,0,1,2,0,77,1,0,1,0,1,0,0,1,1
200600072582,6,11,4,1330,1,2,1,1,4337700,318300,3,2,2,0,1,1,0,58,1,0,1,0,1,0,2,0,1
200600072583,6,11,9,1745,5,1,1,6,4344000,314600,3,2,2,0,1,1,0,70,1,0,1,0,1,0,1,0,1
200600072585,6,11,4,815,1,1,1,1,4346600,341900,3,0,0,0,1,3,0,70,1,0,0,0,1,0,1,0,1
200600072587,6,11,6,1515,1,1,1,6,4342800,336700,2,2,2,3,1,1,0,105,1,0,3,0,0,1,0,0,1
200600072588,6,11,14,2245,3,1,1,6,4343100,337000,3,2,2,0,2,2,210,160,1,0,1,0,0,0,1,0,1
200600072589,6,11,17,2100,3,1,1,1,4348600,348400,3,2,0,0,2,3,0,80,1,0,1,0,1,0,2,0,1
200600072591,6,11,7,1810,3,1,1,2,4341400,331100,3,2,0,0,1,1,0,65,1,0,1,0,1,1,0,0,1
200600072592,6,11,10,830,1,1,1,2,4344500,326400,3,2,0,0,1,1,0,60,1,0,1,0,2,0,0,1,1
200600072594,6,11,18,1745,1,1,1,1,4331900,336200,3,2,2,0,1,1,16,110,1,5,1,0,0,0,3,1,1
200600072595,6,11,30,1430,1,1,1,7,4328600,331000,3,2,0,0,1,3,80,0,1,0,0,0,0,0,2,0,1
200600072597,6,11,5,1845,3,1,1,5,4354900,348600,3,2,2,0,1,1,0,60,1,0,1,0,2,0,2,0,1
200600072598,6,11,8,630,3,1,1,1,4359200,350900,3,2,2,0,0,1,0,79,1,0,1,0,1,0,1,0,1
200600072599,6,11,23,845,1,1,1,6,4361300,330400,3,2,2,0,2,2,35,75,2,0,1,0,0,0,0,1,1
200600072603,6,11,10,1830,5,1,1,3,4336400,342500,9,2,2,0,1,1,0,78,1,0,1,0,1,0,1,0,1
200600072605,6,11,1,1815,3,1,1,6,4350700,366600,3,0,0,0,0,0,0,0,0,0,0,0,0,0,0,1,1
200600072606,6,11,14,700,2,1,1,1,4347700,368400,3,3,2,0,1,1,27,118,1,3,1,0,2,1,0,0,1
200600072607,6,11,24,2230,3,1,1,6,4323900,225700,3,2,2,0,2,1,0,61,1,0,3,0,0,0,1,0,1
200600072609,6,11,17,645,3,2,1,3,4331400,249300,3,0,2,0,1,1,0,50,1,5,1,0,1,0,1,0,1
200600072611,6,11,17,2030,3,1,1,6,4310900,232000,3,2,2,0,1,2,0,0,1,0,3,0,0,0,3,0,1
200600072613,6,11,18,1345,1,1,1,1,4288400,217200,3,2,2,0,2,2,0,65,1,0,1,0,1,1,0,0,1
200600072622,6,11,11,1800,3,1,1,3,4368300,421100,2,2,2,0,1,1,0,60,1,0,1,0,1,0,2,1,1
200600072623,6,11,20,900,2,1,1,3,4377700,428400,2,2,2,0,1,0,0,70,1,5,1,0,2,0,0,1,1
200600072624,6,11,29,1330,1,1,1,1,4376100,426900,4,2,0,0,0,0,0,0,0,0,0,0,1,0,0,1,1