Num_Acc,an,mois,jour,hrmn,lum,int,atm,col,lat,long,catr,circ,nbv,vosp,prof,plan,lartpc,larrout,surf,infra,situ,env1,unscathed,killed,hospital,light,chance
200600072625,6,11,29,1545,1,1,1,2,4373200,422200,3,0,2,0,0,0,0,0,0,0,0,0,0,0,0,2,1
200600072626,6,11,24,1615,1,1,1,1,4413000,430700,3,2,2,0,0,1,0,70,1,0,1,0,0,0,2,0,1
200600072628,6,11,11,215,3,1,1,7,4385500,460000,3,2,2,0,0,2,0,70,1,0,3,0,2,0,1,0,1
200600072629,6,11,18,745,2,1,5,6,4393200,456200,3,2,2,0,1,2,0,63,2,0,1,0,0,1,0,0,1
200600072630,6,11,23,1015,1,1,1,6,4394300,457000,2,2,0,0,1,1,0,60,1,0,1,0,1,0,1,0,1
200600072636,6,11,2,1415,1,1,1,6,4449100,342600,3,2,2,0,1,3,0,0,1,0,3,0,0,0,1,0,1
200600072645,6,11,3,1845,5,1,1,6,4252800,283000,3,2,2,0,1,1,0,60,1,0,4,0,1,0,0,1,1
200600072646,6,11,19,300,5,1,1,6,4249800,281300,3,2,0,0,1,1,0,67,1,0,1,0,1,0,1,0,1
200600072659,6,11,1,1115,1,1,1,6,4173000,882900,3,2,0,0,0,0,47,0,0,2,1,0,0,1,0,0,1
200600072663,6,11,2,1200,1,1,1,1,4263700,894200,4,1,1,0,0,1,0,0,1,0,1,0,1,0,0,1,1
200600072664,6,11,12,1530,1,1,1,1,4218200,938800,2,2,2,0,2,2,0,69,1,0,1,0,3,1,0,0,1
200600072665,6,11,14,1230,1,1,1,1,4235700,914300,3,2,2,0,2,2,0,66,1,0,1,0,0,0,1,1,1
200600072666,6,11,21,1530,1,1,3,7,4213900,914600,2,2,2,0,2,3,0,66,2,0,1,0,0,0,1,0,1
200600072668,6,11,19,945,1,1,1,1,4216000,939900,4,2,0,0,1,1,0,40,1,0,1,0,0,0,2,0,1
200600072669,6,11,7,1715,2,1,1,6,4243700,952500,3,2,2,0,1,1,0,69,1,0,1,0,1,0,1,0,1
200600072680,6,11,2,1030,1,1,1,3,4893800,162700,3,2,2,0,1,1,0,65,1,0,1,0,2,0,2,0,1
200600072683,6,11,24,1715,2,1,2,1,4858300,175900,3,2,2,0,1,1,0,70,2,0,1,0,0,1,4,0,1
200600072684,6,11,25,1515,1,1,8,5,4871900,210800,4,2,0,0,1,1,0,49,2,0,1,0,2,0,1,0,1
200600072685,6,11,5,1710,1,1,1,7,4878800,176900,3,2,2,0,0,1,0,52,1,0,1,0,0,0,1,0,1
200600072686,6,11,24,1615,1,1,2,4,4877600,189800,3,2,2,0,1,3,0,62,8,0,1,0,2,1,0,0,1
200600072689,6,11,1,2045,3,1,1,6,4833300,237900,3,2,2,0,1,0,0,48,1,0,3,0,0,0,1,0,1
200600072691,6,11,26,30,3,1,2,7,4843200,207700,3,2,1,0,1,4,0,0,2,0,3,0,2,0,1,2,1
200600072692,6,11,29,1030,1,6,1,7,4845400,195600,2,2,0,0,1,0,0,47,1,0,3,0,0,0,1,0,1
200600072693,6,11,30,745,2,1,8,1,4852500,201500,4,2,0,0,2,1,0,75,2,0,1,0,2,0,2,0,1
200600072694,6,11,1,1600,1,1,1,6,4849700,222000,3,2,1,0,1,2,0,0,1,0,1,0,0,0,1,0,1
200600072695,6,11,1,1400,1,1,8,3,4849300,235500,2,1,0,0,1,0,0,0,1,5,0,0,1,0,0,1,1
200600072696,6,11,3,715,1,1,8,3,4852500,235100,3,2,2,0,1,1,0,52,1,0,1,0,2,0,0,1,1
200600072697,6,11,8,1630,1,1,1,2,4848600,232800,2,2,0,0,2,1,0,0,1,0,0,0,1,0,0,3,1
200600072699,6,11,21,515,3,1,2,6,4835000,198000,3,2,2,0,1,1,0,60,2,0,1,0,0,1,0,0,1
200600072704,6,11,2,1715,1,1,1,1,4907000,252600,3,2,2,0,1,1,0,70,1,0,1,0,1,0,1,0,1
200600072705,6,11,12,1830,3,1,8,2,4906500,252300,3,2,3,0,1,1,0,90,0,0,1,0,1,0,1,0,1
200600072707,6,11,18,1245,1,1,1,7,4848400,287100,3,2,2,0,1,2,0,56,1,0,3,0,0,1,0,0,1
200600072708,6,11,29,1900,3,9,1,7,4854100,281900,3,3,0,0,1,1,0,44,0,0,0,0,0,0,1,0,1
200600072709,6,11,9,1800,3,1,1,3,4862500,297500,3,2,2,0,1,1,0,65,1,5,1,0,4,0,1,0,1
200600072712,6,11,14,1515,1,1,1,1,4881900,336600,4,0,0,0,1,2,0,38,2,0,1,0,1,0,1,0,1
200600072713,6,11,16,1430,1,1,6,6,4876500,323100,3,2,2,0,0,1,60,0,1,0,1,0,0,0,0,1,1
200600072715,6,11,6,1845,3,2,2,1,4894100,312300,3,2,2,0,1,3,0,60,2,0,1,0,1,0,1,0,1
200600072716,6,11,11,800,1,1,1,6,4895200,312200,4,1,1,0,1,2,0,0,1,0,0,0,0,0,1,0,1
200600072717,6,11,13,1300,3,1,2,4,4897100,320500,3,2,2,0,0,1,0,70,2,0,1,0,1,0,2,0,1
200600072718,6,11,20,1545,1,9,3,1,4897200,314900,3,2,2,0,1,4,0,60,2,0,1,0,1,0,1,0,1
200600072719,6,11,28,1700,3,1,2,4,4895000,310200,2,2,2,0,2,1,40,160,2,5,1,0,2,0,1,0,1
200600072721,6,11,26,1745,3,1,1,3,4869000,310300,3,2,2,0,1,2,0,70,1,5,1,0,5,0,1,0,1
200600072722,6,11,25,1045,1,1,2,1,4830300,242300,2,2,2,0,1,1,0,76,2,0,1,0,1,1,0,0,1
200600072723,6,11,15,845,1,4,1,1,4815000,271000,3,2,0,0,1,2,0,0,2,0,1,0,1,0,0,1,1
200600072724,6,11,14,1715,1,2,1,3,4820000,279300,3,2,2,0,0,1,0,0,2,0,1,0,1,0,2,3,1
200600072725,6,11,17,1130,1,1,1,6,4824800,276800,4,2,0,0,1,2,0,0,2,0,3,0,0,0,2,0,1
200600072726,6,11,9,1130,1,1,1,1,4913200,304900,3,2,2,0,2,4,0,65,8,0,1,0,0,1,2,0,1
200600072727,6,11,26,1245,1,1,1,6,4900800,254800,3,2,2,0,1,1,0,69,1,5,1,0,1,0,0,1,1
200600072729,6,11,20,1945,5,1,2,1,4870500,324700,2,2,2,0,1,1,0,80,2,0,1,0,1,2,0,1,1
200600072730,6,11,16,630,3,1,1,5,4797600,177400,3,2,2,0,1,1,0,73,1,0,1,0,1,1,1,0,1
200600072731,6,11,22,1900,5,1,8,6,4805500,170400,3,2,2,0,0,1,0,60,2,0,3,0,0,0,1,0,1
200600072734,6,11,2,1315,1,1,1,3,4782900,176100,3,2,0,0,1,1,0,54,1,0,1,0,1,0,1,0,1
200600072741,6,11,7,1430,1,1,1,3,4762300,275300,4,2,2,0,1,1,0,52,1,0,1,0,2,0,0,1,1
200600072742,6,11,15,1930,3,1,2,6,4769700,279200,3,2,0,0,0,2,0,40,2,0,3,0,1,0,1,0,1
200600072745,6,11,3,1830,5,1,1,6,4794300,298600,3,2,0,0,1,1,0,46,1,0,4,0,0,0,1,0,1
200600072746,6,11,13,1630,2,3,2,3,4798100,307500,3,2,2,0,2,3,0,63,2,0,1,0,1,0,1,0,1
200600072747,6,11,19,945,1,1,2,3,4804600,298300,4,2,2,0,1,3,0,34,2,0,3,0,1,0,1,0,1
200600072753,6,11,14,1700,2,1,1,6,4823100,242600,3,2,2,0,1,1,0,60,1,0,1,0,1,0,1,0,1
200600072754,6,11,3,1745,3,1,1,3,4708700,292500,3,2,0,0,1,2,0,49,1,0,1,0,1,0,1,0,1
200600072755,6,11,15,2330,5,1,1,6,4704600,286400,3,2,0,0,1,1,0,58,1,0,1,0,0,1,0,0,1
200600072756,6,11,17,1800,3,1,1,1,4704100,277200,3,2,2,0,1,2,0,59,1,0,1,0,1,0,1,0,1
200600072757,6,11,11,200,3,1,1,6,4677200,261200,3,2,2,0,1,0,0,43,1,0,1,0,0,0,1,0,1
200600072758,6,11,3,1630,1,1,1,2,4673700,249800,9,2,2,0,1,3,0,45,1,0,1,0,1,0,1,0,1
200600072759,6,11,17,1015,1,1,1,1,4682800,228400,3,2,2,0,3,3,0,69,2,0,1,0,1,1,0,0,1
200600072761,6,11,24,345,3,1,2,2,4703600,246100,2,3,0,0,1,1,60,156,2,0,1,0,1,1,0,0,1
200600072765,6,11,16,915,1,1,2,1,4852400,176600,3,2,2,0,1,3,0,48,2,0,1,0,0,0,1,1,1
200600072770,6,11,16,1600,1,1,8,6,4875900,147700,2,3,4,0,1,1,127,74,2,0,3,0,0,1,0,0,1
200600072771,6,11,10,645,2,6,5,6,4880900,140600,3,2,0,0,1,0,0,70,1,5,1,0,0,0,1,0,1
200600072772,6,11,25,1500,1,1,1,7,4870100,95700,3,2,0,0,1,1,0,50,1,5,3,0,0,1,0,0,1
200600072773,6,11,3,600,3,1,5,6,4862500,155400,4,2,2,0,1,1,0,0,2,0,1,0,0,0,1,0,1
200600072774,6,11,26,500,3,1,2,6,4864700,140600,2,2,2,0,1,1,0,0,2,0,1,0,1,0,1,0,1
200600072776,6,11,11,230,3,1,1,6,4698900,160700,4,2,0,0,4,0,0,50,1,0,0,0,0,0,1,0,1
200600072780,6,11,28,725,2,1,1,1,4661000,170800,3,2,2,0,2,1,0,72,1,0,1,0,1,1,0,0,1
200600072781,6,11,1,1745,5,1,1,7,4685000,154200,3,2,0,0,1,1,0,0,1,0,1,0,0,0,0,1,1
200600072783,6,11,25,735,3,3,2,3,4678000,133000,3,2,2,0,1,1,0,50,2,5,1,0,0,0,0,2,1
200600072784,6,11,6,515,3,1,5,1,4720600,154000,3,2,2,0,1,1,0,75,2,0,1,0,1,0,0,1,1
200600072785,6,11,11,2230,3,1,1,6,4715900,152800,3,2,2,0,1,3,0,60,2,0,1,0,0,1,0,0,1
200600072787,6,11,26,1745,3,1,1,7,4713800,150100,3,2,2,0,1,1,0,40,1,0,3,0,0,0,0,7,1
200600072788,6,11,17,100,3,1,8,6,4682600,123400,3,2,0,0,1,2,70,60,2,0,1,0,0,0,1,0,1
200600072789,6,11,23,815,1,1,2,2,4663800,110400,3,2,0,0,1,1,0,0,2,0,1,0,1,0,0,1,1
200600072790,6,11,22,1445,1,1,2,5,4658600,198800,3,2,2,0,0,1,0,81,2,5,1,0,3,1,0,0,1
200600072792,6,11,25,1115,1,1,8,6,4643900,172200,3,2,1,0,2,1,0,52,2,0,1,0,0,0,0,2,1
200600072793,6,11,1,2300,3,1,1,7,4683800,202700,3,2,2,0,1,1,0,49,1,0,1,0,0,1,0,0,1
200600072795,6,11,12,1845,3,1,8,7,4709500,192100,3,2,0,0,2,3,0,56,1,0,1,0,0,0,0,2,1
200600072798,6,11,28,1645,1,2,1,3,4740700,99800,4,2,2,0,0,1,0,50,2,5,1,0,1,0,1,0,1
200600072804,6,11,14,2000,3,1,2,6,4726600,22000,3,2,2,0,1,3,0,62,2,0,3,0,0,0,2,0,1
200600072805,6,11,25,1630,3,1,2,6,4717600,20800,3,2,2,0,1,3,0,57,2,0,4,0,0,0,1,0,1
200600072809,6,11,16,1200,1,1,1,6,4713300,99800,9,1,1,0,1,1,0,35,1,0,4,0,1,0,1,0,1
200600072810,6,11,19,730,2,1,2,7,4674000,95000,3,2,2,0,1,1,0,60,2,0,3,0,0,0,1,0,1
200600072811,6,11,25,2100,3,1,1,6,4691000,97000,3,2,1,0,1,1,0,57,1,0,1,0,0,0,1,0,1
200600072817,6,11,19,15,3,1,3,6,4732700,127900,3,2,2,0,1,1,0,56,2,0,1,0,0,1,0,0,1
200600072820,6,11,23,930,3,1,2,1,4737800,169200,3,2,2,0,1,1,0,64,2,0,1,0,0,0,3,0,1
200600072821,6,11,13,1800,3,1,1,1,4490200,-108500,3,2,2,0,1,1,0,52,1,0,1,0,1,0,1,0,1
200600072822,6,11,24,1100,1,1,2,1,4508000,-106300,3,2,2,0,1,1,0,62,2,0,1,0,1,0,3,0,1
200600072825,6,11,17,2000,3,7,1,6,4796300,-383000,6,0,0,0,1,0,0,0,0,0,0,0,1,0,1,0,1
200600072828,6,11,29,1020,1,6,2,3,4916800,228300,3,2,0,0,1,0,90,0,2,5,1,0,1,0,1,0,1
200600072829,6,11,3,1445,1,1,1,1,4576100,127300,3,2,1,0,1,1,0,55,1,0,1,0,2,0,2,0,1
200600072830,6,11,10,800,1,1,1,2,4868900,737500,3,2,0,0,2,1,0,54,1,0,1,0,1,0,0,2,1
200600072835,6,11,11,1730,5,1,1,6,4947400,595800,3,2,2,0,1,1,0,54,2,0,1,0,1,0,1,0,1
200600072836,6,11,19,545,3,1,3,1,4938800,604600,3,2,3,0,1,3,0,102,2,0,1,0,0,1,0,1,1
200600072837,6,11,23,1845,3,1,1,1,4358800,376000,4,2,0,0,2,1,0,60,1,0,1,0,1,0,1,1,1
200600072839,6,11,15,1715,1,1,1,6,4320900,243300,2,2,2,0,2,2,0,76,1,2,1,0,0,1,1,0,1
200600072841,6,11,29,1915,5,1,1,3,4319900,246300,2,2,2,0,1,1,0,72,1,0,1,0,2,1,0,0,1
200600072842,6,11,28,2245,3,9,1,5,4856800,197100,1,2,4,0,0,2,24,340,0,0,1,0,1,0,4,0,1
200600072844,6,11,12,1830,5,9,1,5,4550500,482600,3,2,2,0,1,1,0,58,1,6,1,0,3,1,0,0,1
200600072863,6,11,29,900,1,1,1,5,4340700,623300,1,3,3,0,1,1,20,135,1,0,1,0,1,0,2,0,1
200600072873,6,11,3,200,3,1,1,7,4819600,-78500,4,2,1,0,1,1,0,0,2,0,3,0,0,0,1,2,1
200600072874,6,11,3,1700,1,1,1,1,4815500,-76000,3,2,2,0,1,1,0,61,1,0,1,0,0,0,1,1,1
200600072875,6,11,18,130,3,1,1,7,4807500,-92800,2,2,2,0,1,2,0,80,2,0,3,0,0,0,1,0,1
200600072876,6,11,24,400,3,1,1,1,4824800,-90100,3,0,2,0,1,2,0,77,2,0,1,0,1,1,0,0,1
200600072878,6,11,7,1200,1,6,1,3,4368600,142100,3,0,1,0,1,0,0,70,1,5,1,0,1,0,1,0,1
200600072880,6,11,21,730,2,1,1,3,4370700,146400,3,2,2,0,3,1,0,67,1,0,1,0,1,0,1,0,1
200600072881,6,11,28,1345,1,1,1,3,4342000,599000,1,3,3,0,1,4,200,130,1,0,1,0,1,0,2,1,1
200600072890,6,11,23,1300,1,1,1,2,4295900,297200,1,3,3,0,1,1,30,135,1,0,1,0,1,1,1,0,1
200600072893,6,11,23,930,1,1,2,6,4791000,184000,1,1,1,0,2,3,0,60,2,3,1,0,0,0,1,0,1
200600072898,6,11,12,1945,3,1,1,4,4538700,547800,1,1,2,0,1,1,25,76,1,0,1,0,7,2,0,3,1
200600072903,6,11,16,830,3,1,8,2,4756600,149400,3,2,2,0,1,1,0,65,2,0,1,0,0,0,3,0,1
200600072909,6,11,22,1415,1,1,2,1,4840900,-455000,3,2,0,0,2,3,0,0,2,0,1,0,1,0,3,0,1
200600072911,6,11,24,1930,3,1,1,3,4338200,344300,1,1,3,3,1,1,20,133,1,0,1,0,1,0,1,0,1
200600072912,6,11,1,1600,1,1,1,3,4356200,153100,9,2,2,0,1,1,0,50,1,0,1,0,1,0,1,0,1
200600072913,6,11,27,1230,1,1,1,5,4355400,149900,3,3,4,0,1,1,45,65,1,0,1,0,2,0,1,0,1
200600072914,6,11,1,1400,1,1,1,3,4345300,-155100,1,3,2,0,1,1,30,75,1,0,1,0,2,0,2,2,1
200600072915,6,11,11,1545,1,1,2,7,4348300,-144900,1,1,1,0,1,2,15,45,2,0,3,0,0,0,1,0,1
200600072919,6,11,10,500,3,1,1,7,4916700,419100,1,3,2,0,1,1,35,72,1,0,1,0,0,0,1,0,1
200600072931,6,11,30,830,1,1,1,4,4351600,543900,1,1,0,0,0,1,0,35,1,0,1,0,1,0,0,3,1
200600072935,6,11,14,1130,1,1,1,1,5020200,338200,3,2,0,0,1,2,0,0,1,0,1,0,1,0,1,0,1
200600072936,6,11,26,330,5,1,1,6,5018500,329100,3,2,2,0,1,1,0,107,1,0,3,0,0,0,2,1,1
200600072937,6,11,2,1100,2,1,1,6,4864800,253800,2,3,2,0,0,2,0,0,1,2,0,0,0,1,0,0,1
200600072939,6,11,8,930,1,9,1,3,4464800,-83900,1,1,2,0,1,1,150,70,1,0,1,0,1,0,0,1,1
200600072940,6,11,25,2045,3,1,1,5,4471700,-74500,1,1,2,0,1,1,100,72,1,0,1,0,2,0,0,1,1
200600072941,6,11,9,2000,3,1,2,7,4590300,678400,2,1,2,0,2,1,0,0,2,0,1,0,0,0,1,0,1
200600072942,6,11,15,2115,3,1,1,6,4589900,678800,2,1,2,0,1,4,0,80,1,0,1,0,0,0,1,0,1
200600072947,6,11,19,430,4,1,1,6,4211500,870300,3,2,2,0,1,1,0,57,1,0,3,0,2,0,1,0,1
200600072951,6,11,25,1715,5,1,1,1,4523800,580800,2,2,2,0,2,2,0,120,1,0,1,0,1,0,0,1,1
200600072958,6,11,16,1800,3,1,2,3,4893300,198000,3,2,2,0,1,1,0,0,2,0,1,0,0,0,0,2,1
200600072963,6,11,18,445,3,1,1,7,4850300,-286100,4,2,0,0,1,2,0,0,1,0,3,0,3,0,1,0,1
200600072964,6,11,11,1200,1,9,1,4,4170200,934500,2,2,2,0,1,1,26,65,1,0,1,0,2,0,1,0,1
200600072967,6,11,24,1345,1,6,1,1,4589500,610100,4,3,4,3,2,1,0,0,1,0,1,0,1,0,0,2,1
200600072968,6,11,26,1730,5,1,1,1,4594900,605400,3,2,2,0,1,1,32,60,1,5,1,0,2,0,0,2,1
200600072969,6,11,10,2245,3,1,5,1,4581300,506400,1,3,2,0,0,1,15,100,2,0,1,0,1,1,0,0,1
200600072975,6,11,7,1100,1,1,1,5,4920500,415400,3,2,2,0,1,1,0,80,1,0,1,0,1,0,1,2,1
200600072976,6,11,7,2215,3,1,1,6,4918400,407200,3,2,2,0,1,1,0,76,1,0,1,0,2,1,0,0,1
200600072978,6,11,4,1145,1,1,1,6,4354100,134600,4,1,1,0,1,1,0,50,1,0,1,0,1,0,0,1,1
200600072979,6,11,8,1800,3,1,2,5,5093300,206600,3,2,2,0,1,1,0,0,2,0,1,0,1,0,2,0,1
200600072980,6,11,1,2300,5,1,2,7,4362600,703400,4,2,2,0,2,3,0,0,2,0,3,0,1,0,1,3,1
200600072981,6,11,7,745,1,1,1,7,4361900,709300,3,2,3,0,3,2,0,65,1,0,1,0,0,0,1,0,1
200600072982,6,11,7,1845,1,1,1,1,4363800,706700,3,2,2,0,1,3,0,75,1,0,1,0,1,0,1,0,1
200600072989,6,11,2,1800,3,1,1,1,4542600,487700,3,2,0,0,0,3,0,60,9,0,1,0,0,0,1,1,1
200600072991,6,11,21,1700,1,1,8,2,4540300,478200,3,2,2,0,1,1,0,0,2,5,1,0,50,0,22,1,1
200600072992,6,11,2,2030,5,1,1,1,4595100,617800,4,2,2,0,2,1,0,40,1,0,1,0,1,1,0,0,1
200600073008,6,11,11,1830,5,1,1,4,4932900,-45800,3,2,2,1,1,1,0,71,1,0,1,0,0,0,2,2,1
200600073012,6,11,20,800,1,1,2,3,4584600,316100,1,3,2,0,1,1,10,100,2,3,1,0,1,0,1,0,1
200600073016,6,11,4,1645,1,1,1,5,4865300,773900,3,2,2,0,1,3,0,0,1,2,1,0,0,1,3,1,1
200600073017,6,11,14,1215,1,1,1,4,4864000,773800,3,2,0,0,1,1,0,0,1,0,1,0,1,0,0,2,1
200600073018,6,11,25,1930,5,1,1,4,4863900,775400,3,2,2,0,3,1,0,60,2,2,1,0,5,0,1,0,1
200600073021,6,11,23,515,3,1,1,2,4366600,707400,3,2,2,0,2,1,0,0,1,0,1,0,1,0,1,0,1
200600073022,6,11,10,1330,1,1,1,6,4444600,603100,1,3,2,3,0,1,15,100,1,0,2,0,1,0,1,0,1
200600073033,6,11,9,1745,2,1,1,2,4309700,54000,1,1,3,3,3,1,30,100,1,0,1,0,1,0,0,1,1
200600073034,6,11,13,1145,1,1,2,6,4757300,-33200,1,1,1,0,1,2,0,25,2,2,1,0,0,0,0,1,1
200600073039,6,11,24,30,3,1,1,6,4659200,149700,1,1,2,0,2,1,15,105,2,0,1,0,0,0,0,2,1
200600073042,6,11,8,2215,3,1,1,2,4514800,314400,1,3,2,3,2,1,20,72,1,0,0,0,1,0,1,0,1
200600073043,6,11,20,1045,1,1,1,6,4516200,314900,1,3,2,0,2,1,0,0,1,0,1,0,0,0,1,0,1
200600073044,6,11,7,445,3,1,1,6,4875000,202200,3,2,0,0,1,1,0,0,1,0,3,0,0,0,1,0,1
200600073046,6,11,28,800,2,1,2,5,4818400,-11900,3,4,3,0,1,1,0,82,2,5,1,0,2,0,1,0,1
200600073051,6,11,8,1115,5,1,1,7,4916800,-42500,1,1,1,0,0,1,10,35,1,3,1,0,0,0,1,0,1
200600073058,6,11,19,1530,1,1,8,6,4814900,513900,2,2,2,0,4,3,0,77,2,0,3,0,0,0,2,0,1
200600073059,6,11,26,1745,2,1,1,3,4385800,478700,3,2,0,0,1,1,0,0,1,0,1,0,1,0,1,0,1
200600073063,6,11,16,1730,2,1,3,6,5006200,138400,4,2,2,0,1,1,0,85,2,0,1,0,1,1,0,0,1
200600073064,6,11,2,1430,1,2,1,3,4944400,120400,3,2,2,0,1,1,0,76,1,0,1,3,1,0,1,0,1
200600073065,6,11,9,800,1,1,1,1,4945600,121000,2,2,3,3,1,1,0,124,2,0,1,0,0,0,1,1,1
200600073066,6,11,30,915,1,1,1,3,4958900,136000,3,2,0,0,0,0,0,0,1,5,1,0,1,0,0,1,1
200600073072,6,11,4,1745,2,1,2,6,4731800,204100,1,3,4,3,1,1,10,130,2,0,3,0,0,0,4,0,1
200600073075,6,11,24,1615,1,1,8,6,4903700,199200,4,2,2,0,4,2,0,78,2,0,1,0,0,0,1,0,1
200600073080,6,11,3,2015,3,1,1,3,4776000,-326000,3,2,2,0,1,1,0,131,1,0,1,0,1,0,0,1,1
200600073081,6,11,15,915,1,1,8,5,4778500,-325900,3,2,2,0,0,3,0,70,2,0,3,0,4,1,0,0,1
200600073088,6,11,5,15,3,2,1,3,4817000,-138500,3,0,0,0,3,1,0,56,1,0,1,0,1,0,2,0,1
200600073090,6,11,7,1400,1,1,1,7,4514000,54200,1,3,2,0,1,1,10,0,1,3,1,0,0,0,1,0,1
200600073091,6,11,19,1220,1,1,3,7,4514700,79100,1,3,3,3,2,1,10,110,2,0,1,0,0,0,1,0,1
200600073094,6,12,10,2115,3,1,1,2,5059900,293300,2,3,0,0,1,1,0,102,1,0,1,0,1,0,1,0,1
200600073095,6,12,12,845,1,1,9,3,5060300,296500,3,2,2,0,1,4,0,70,2,0,1,0,1,0,0,1,1
200600073096,6,12,10,445,4,1,1,6,5056200,314400,3,2,1,0,1,3,0,60,1,0,1,0,2,0,1,1,1
200600073097,6,12,11,1705,2,1,2,6,5048100,305600,4,2,2,0,1,1,0,52,2,0,1,0,1,0,1,0,1
200600073098,6,12,11,245,3,1,3,7,5096900,252900,3,2,2,0,0,1,0,0,2,0,3,0,1,0,1,0,1
200600073100,6,12,1,2115,3,1,2,3,5087900,234200,3,2,2,0,1,1,65,0,2,5,1,0,0,1,1,0,1
200600073101,6,12,2,1600,1,1,1,1,5068700,237500,2,0,2,0,1,1,0,80,1,0,1,0,0,0,5,0,1
200600073102,6,12,4,1330,1,1,1,7,5074600,237600,3,2,2,0,1,1,0,71,1,0,1,0,0,0,1,0,1
200600073103,6,12,12,1545,1,1,1,1,5065000,246500,3,2,2,0,2,2,0,54,1,0,1,0,2,0,0,3,1
200600073104,6,12,3,2015,5,1,6,7,5079500,269400,3,2,0,0,3,1,0,50,2,0,3,0,0,0,1,0,1
200600073107,6,12,7,1515,1,1,6,1,5036100,364200,3,2,2,0,1,1,0,52,2,0,1,0,1,0,1,0,1
200600073110,6,12,1,1830,3,1,1,1,5016600,400600,3,2,2,0,3,1,0,66,1,0,1,0,0,1,1,0,1
200600073111,6,12,15,1645,2,1,1,6,5013000,393400,2,2,2,0,1,1,0,99,1,0,1,0,1,0,1,0,1
200600073116,6,12,23,1845,5,1,5,3,5014500,303700,2,2,0,0,1,1,0,74,2,0,1,3,1,0,1,0,1
200600073119,6,12,31,1630,1,1,1,5,5026400,402700,3,2,2,0,1,1,0,69,1,0,1,0,2,1,0,0,1
200600073120,6,12,29,2030,3,1,8,3,5018300,246400,2,2,2,0,1,1,0,90,1,5,1,0,1,1,0,0,1
200600073121,6,12,2,2015,5,2,1,3,5039600,277100,4,2,2,0,2,1,0,43,1,0,1,0,1,0,1,0,1
200600073123,6,12,24,230,3,1,5,6,5037900,274300,3,2,2,0,1,2,0,51,2,0,0,0,0,0,1,0,1
200600073124,6,12,14,1745,2,1,9,3,5031800,301500,3,3,2,0,1,2,0,55,6,0,1,0,0,0,2,0,1
200600073127,6,12,17,1500,1,1,1,1,5064100,282800,3,2,2,0,1,3,0,60,2,0,1,0,1,1,0,0,1
200600073128,6,12,26,1830,3,1,8,6,5062800,269900,3,2,2,0,1,2,0,62,2,0,1,0,1,0,1,0,1
200600073130,6,12,12,1415,1,1,2,3,5070300,189300,3,2,2,0,2,3,0,62,2,0,1,0,1,0,1,0,1
200600073136,6,12,18,830,2,1,9,7,5082600,192900,3,2,2,0,2,2,0,75,7,0,3,0,0,0,1,1,1
200600073141,6,12,22,1800,5,1,6,7,5045900,160600,4,2,2,0,0,1,0,60,1,0,4,0,0,0,1,0,1
200600073144,6,12,30,1140,1,1,3,1,5085400,196300,3,3,0,0,0,1,0,65,2,0,1,0,0,0,2,0,1
200600073146,6,12,9,1830,3,1,1,6,5033800,231500,3,2,0,0,1,1,0,75,1,0,3,3,0,0,1,1,1
200600073147,6,12,11,400,3,1,2,5,5038700,213600,3,3,0,0,2,1,15,140,2,0,1,0,0,1,0,2,1
200600073151,6,12,15,845,1,1,1,6,5034200,256800,3,2,2,0,0,3,0,74,1,0,3,0,0,0,1,0,1
200600073152,6,12,22,1430,1,1,1,6,5028200,253000,3,2,2,0,1,1,0,66,1,0,1,0,1,0,1,0,1
200600073156,6,12,22,930,1,1,9,6,4981500,230200,3,2,2,0,4,2,0,57,7,0,3,0,1,0,1,0,1
200600073172,6,12,6,1715,2,1,1,1,4996400,285200,3,2,2,0,1,2,0,62,1,0,1,0,2,0,1,0,1
200600073173,6,12,8,1615,2,1,2,3,4992700,293200,3,2,0,0,1,1,0,80,2,0,1,0,1,0,1,0,1
200600073174,6,12,23,145,3,1,1,6,4996900,294700,3,2,2,0,1,3,0,0,1,0,1,0,1,0,0,1,1
200600073177,6,12,18,1745,5,1,1,4,4975400,307000,3,2,2,0,0,1,0,0,1,0,1,0,2,0,1,0,1
200600073179,6,12,31,1715,2,1,2,3,4970800,392400,3,2,0,0,1,1,0,66,2,0,1,0,1,0,0,1,1
200600073180,6,12,1,600,3,1,1,6,4961900,351500,3,2,0,0,1,3,0,64,1,0,1,0,0,0,1,0,1
200600073182,6,12,11,1345,1,1,8,1,4954000,357000,3,2,2,0,0,1,0,58,2,0,1,0,1,1,0,0,1
200600073183,6,12,16,1240,1,1,8,7,4968800,360900,3,2,2,0,1,1,0,71,6,0,1,0,1,0,1,0,1
200600073184,6,12,18,1820,5,1,1,1,4952000,366000,3,2,2,0,1,1,0,84,2,5,1,0,1,0,1,0,1
200600073195,6,12,27,100,3,1,1,6,4911500,311100,3,2,2,0,1,3,0,60,1,0,3,0,2,0,1,0,1