Num_Acc,an,mois,jour,hrmn,lum,int,atm,col,lat,long,catr,circ,nbv,vosp,prof,plan,lartpc,larrout,surf,infra,situ,env1,unscathed,killed,hospital,light,chance
200600073197,6,12,29,1100,1,1,1,3,4984000,350600,3,2,2,0,1,0,0,50,1,0,1,0,1,0,1,0,1
200600073203,6,12,18,600,3,1,5,6,4933000,367000,3,2,2,0,3,4,0,57,2,0,1,0,0,0,1,0,1
200600073205,6,12,17,1700,3,1,8,6,4929000,317000,3,2,2,0,1,1,30,80,2,0,3,0,0,0,1,0,1
200600073210,6,12,29,1215,1,1,1,5,4991800,362800,3,2,1,0,2,1,0,74,1,0,1,0,3,0,1,0,1
200600073211,6,12,23,1045,1,1,7,6,4992500,408500,3,2,2,0,0,1,0,90,1,0,1,0,1,0,1,0,1
200600073212,6,12,18,330,3,1,9,6,4944000,217000,3,2,2,0,1,1,0,49,7,0,3,0,0,1,1,1,1
200600073213,6,12,2,1600,2,7,2,1,4944700,178000,3,2,2,0,1,1,0,75,2,0,1,3,1,0,1,0,1
200600073215,6,12,7,845,1,1,1,7,4943600,189000,3,2,2,0,1,1,0,74,2,0,1,0,2,0,1,0,1
200600073220,6,12,23,115,3,1,1,6,4968000,200800,3,2,2,0,1,2,0,0,7,0,1,0,0,0,1,0,1
200600073221,6,12,22,1745,2,1,1,1,4954100,187200,3,2,2,0,1,1,0,90,7,0,1,0,0,0,3,1,1
200600073230,6,12,12,1745,5,1,1,3,4951100,291200,4,2,2,0,2,1,0,48,1,0,1,0,1,0,1,0,1
200600073233,6,12,2,2345,3,1,8,4,4936700,276900,3,3,2,0,1,1,70,0,2,0,1,0,3,1,0,0,1
200600073235,6,12,4,1900,3,1,2,6,4943900,268500,3,2,2,0,1,1,0,64,2,0,1,0,0,0,1,0,1
200600073236,6,12,9,1915,3,1,1,6,4943800,268200,3,2,2,0,0,1,0,70,1,0,1,0,0,0,1,0,1
200600073237,6,12,2,1930,3,1,1,1,4962200,295100,3,0,2,0,0,1,0,79,1,0,1,0,1,0,2,0,1
200600073254,6,12,18,1600,1,1,1,3,4981100,118300,3,2,3,0,2,2,0,103,2,0,1,0,0,0,2,0,1
200600073256,6,12,9,1045,1,1,8,6,4935700,113700,2,2,0,0,2,0,0,92,2,0,0,0,0,0,1,0,1
200600073257,6,12,9,1430,1,1,1,2,4933100,115200,2,2,3,0,0,1,0,92,2,0,3,0,2,0,1,0,1
200600073258,6,12,18,845,1,1,5,1,4937900,116200,3,2,2,0,1,2,0,65,2,0,1,0,0,0,0,2,1
200600073259,6,12,5,700,5,3,1,3,4946300,82400,3,3,0,0,1,1,15,90,1,0,1,0,1,0,1,0,1
200600073261,6,12,22,1745,5,1,1,1,4956400,21600,3,2,0,0,2,1,0,91,1,0,1,0,1,0,1,0,1
200600073262,6,12,22,1915,1,1,1,7,4966000,59200,3,2,1,0,1,1,0,0,1,0,4,0,0,0,0,1,1
200600073263,6,12,25,2230,5,1,5,6,4954100,47100,3,2,1,0,2,1,0,0,2,0,1,3,0,0,2,1,1
200600073264,6,12,7,1600,1,1,1,6,4978200,169700,3,2,0,0,4,4,0,60,1,0,3,0,0,0,1,0,1
200600073268,6,12,6,800,2,1,8,1,4946800,147300,2,2,0,0,0,1,0,77,1,0,1,0,0,0,2,0,1
200600073270,6,12,26,1720,4,1,2,6,4948600,171900,4,2,2,0,2,1,67,51,2,0,1,0,1,0,1,0,1
200600073271,6,12,25,2115,3,2,5,1,4961900,69400,3,2,3,0,0,1,0,0,2,0,1,0,2,0,2,0,1
200600073272,6,12,11,800,3,1,2,6,4961700,84000,3,0,1,0,1,1,0,100,2,0,1,0,0,0,1,0,1
200600073274,6,12,22,1400,1,1,1,1,4982800,67300,3,2,2,0,1,1,0,65,1,0,1,0,2,0,1,0,1
200600073275,6,12,6,845,3,1,1,6,4970300,68900,3,2,2,0,2,3,0,48,2,0,3,0,0,1,0,0,1
200600073276,6,12,9,1500,1,2,1,3,4972500,78400,4,1,0,0,2,1,0,60,2,0,1,0,1,0,1,0,1
200600073277,6,12,16,445,3,1,2,6,4972300,68200,3,2,0,0,0,3,0,70,2,0,1,0,0,0,0,1,1
200600073279,6,12,24,1530,1,1,2,2,4893300,94300,3,2,2,0,1,1,0,77,2,0,1,0,1,0,1,0,1
200600073280,6,12,28,1245,1,1,1,3,4903200,110700,2,4,2,0,2,3,0,70,1,5,1,0,4,0,0,2,1
200600073282,6,12,3,2145,3,1,8,6,4881300,110600,3,2,0,0,1,1,0,57,2,0,3,0,0,1,1,0,1
200600073283,6,12,14,1945,5,1,1,2,4878100,119300,3,2,2,0,0,1,0,33,1,0,1,0,2,0,2,1,1
200600073287,6,12,17,1945,3,1,1,6,4901600,126700,2,2,2,0,1,1,26,45,1,0,3,0,0,2,0,0,1
200600073289,6,12,2,300,3,1,1,6,4883400,91500,9,1,1,0,2,1,0,45,1,0,3,0,0,1,1,0,1
200600073290,6,12,12,1730,5,1,1,6,4874400,92100,4,0,0,0,1,0,0,0,1,0,0,3,1,0,1,0,1
200600073291,6,12,17,315,3,1,9,6,4884700,66100,3,2,0,0,0,1,0,60,7,0,3,0,1,1,0,0,1
200600073293,6,12,30,400,3,1,2,6,4924900,153100,3,2,0,0,0,1,0,62,2,0,3,0,0,1,1,0,1
200600073296,6,12,17,1215,1,1,1,3,4939000,150400,3,2,2,0,1,1,0,65,2,0,1,0,1,0,1,0,1
200600073298,6,12,17,1915,3,1,1,6,4909900,43100,3,2,2,0,1,1,0,70,2,0,3,0,0,0,1,0,1
200600073299,6,12,15,1445,1,2,1,3,4906300,63300,3,2,2,0,1,1,0,54,1,0,1,0,1,0,0,2,1
200600073300,6,12,22,930,1,1,8,5,4913000,62900,2,2,2,0,1,1,0,0,1,0,1,0,3,0,1,0,1
200600073301,6,12,2,1130,1,1,2,3,4921900,71700,3,2,2,0,1,1,80,0,2,0,1,0,1,0,0,1,1
200600073302,6,12,2,1200,1,1,2,6,4918800,68600,4,2,2,0,0,1,50,0,2,0,3,0,0,0,0,1,1
200600073304,6,12,18,1615,1,1,1,3,4908500,76700,3,2,2,0,1,1,0,71,1,0,1,0,0,0,1,1,1
200600073310,6,12,4,800,2,1,3,6,4916800,122100,3,2,2,0,1,1,0,45,2,0,1,0,0,0,1,0,1
200600073312,6,12,19,1745,4,1,1,1,4914800,132100,3,2,3,0,2,4,0,105,1,0,1,0,0,0,1,1,1
200600073314,6,12,10,1800,1,1,1,6,4935300,53000,4,2,2,0,1,1,0,40,1,0,1,0,2,0,1,1,1
200600073316,6,12,6,1800,2,1,2,1,4923500,45500,3,3,0,0,1,1,0,65,2,0,1,0,4,0,0,1,1
200600073317,6,12,15,1530,1,2,1,3,4927100,51700,3,2,2,0,0,1,0,32,0,0,0,0,1,0,0,1,1
200600073318,6,12,12,1345,1,6,7,5,4802800,-174000,3,4,0,0,0,2,0,0,1,0,1,0,0,0,0,3,1
200600073319,6,12,6,1715,1,9,1,1,4829700,-172000,3,2,0,0,2,1,0,63,1,0,1,0,1,0,1,0,1
200600073322,6,12,2,100,3,1,2,7,4819600,-189300,3,2,2,0,1,2,0,0,2,0,1,0,0,0,1,0,1
200600073329,6,12,18,1830,3,1,1,7,4842500,-157900,3,2,0,0,2,1,0,0,2,0,3,0,0,0,1,0,1
200600073330,6,12,1,1830,5,1,2,6,4777900,-208100,3,2,2,0,1,1,0,64,2,0,1,3,1,0,1,0,1
200600073338,6,12,11,1215,1,1,2,3,4855600,-155600,3,2,2,0,4,1,0,66,2,5,1,0,1,0,1,0,1
200600073343,6,12,11,1300,1,6,2,3,4812800,-153000,3,0,0,0,1,1,0,80,2,5,1,0,1,0,1,0,1
200600073346,6,12,22,1930,3,1,1,2,4798100,-120400,3,2,2,0,1,1,0,0,1,5,1,0,0,0,1,1,1
200600073347,6,12,29,1745,2,1,1,3,4801400,-129000,3,2,2,0,2,2,0,82,1,0,1,0,1,0,1,0,1
200600073348,6,12,9,1145,1,1,3,1,4863900,-282800,3,2,0,0,2,3,0,0,2,0,1,0,1,0,0,1,1
200600073354,6,12,25,1800,5,1,1,1,4819300,-276900,3,0,0,0,2,1,0,60,1,0,1,0,1,0,1,0,1
200600073355,6,12,3,1530,1,1,2,6,4874600,-295700,3,2,2,0,1,1,0,50,2,0,3,0,0,0,2,0,1
200600073356,6,12,12,1115,1,1,1,3,4878000,-303500,3,2,0,0,0,3,0,0,1,0,1,0,1,0,1,0,1
200600073363,6,12,5,715,3,1,6,6,4813800,-224000,3,2,2,0,4,1,0,48,2,0,1,0,0,0,1,0,1
200600073365,6,12,1,1700,2,1,2,3,4878700,-323200,3,2,2,0,1,1,0,65,2,0,1,3,1,0,1,0,1
200600073366,6,12,15,815,3,2,1,1,4876000,-327000,3,2,2,0,1,1,0,0,1,0,1,0,1,0,0,1,1
200600073367,6,12,16,1030,1,2,1,3,4878400,-319400,3,2,0,0,1,1,0,0,1,0,1,0,1,0,0,1,1
200600073368,6,12,23,210,4,1,1,6,4884500,-314100,3,2,2,0,1,2,0,72,1,0,4,0,2,0,1,2,1
200600073370,6,12,22,1930,3,1,1,6,4803300,-463600,3,2,2,0,4,1,0,78,1,0,1,0,0,1,1,0,1
200600073371,6,12,30,1330,1,1,2,3,4803200,-453600,3,2,2,0,1,1,0,70,2,5,1,0,4,0,1,0,1
200600073374,6,12,22,845,1,1,1,3,4804400,-434200,3,2,2,0,1,1,123,83,1,5,1,0,1,0,1,1,1
200600073376,6,12,26,1200,1,1,1,5,4790700,-400500,3,2,4,1,4,2,0,131,1,3,1,0,4,0,1,0,1
200600073377,6,12,15,810,3,6,1,1,4788000,-416000,3,4,2,0,1,2,0,0,1,5,1,0,1,0,1,0,1
200600073378,6,12,30,30,5,1,6,6,4782000,-422000,3,2,0,0,0,3,0,0,2,5,1,0,0,0,1,1,1
200600073379,6,12,31,200,3,1,1,6,4781100,-434900,3,2,0,0,1,1,0,0,1,0,3,0,0,0,1,0,1
200600073382,6,12,29,1745,5,1,3,6,4845600,-424300,3,2,2,0,0,1,76,0,2,0,1,0,1,0,1,0,1
200600073387,6,12,31,1745,3,1,6,5,4827300,-411700,1,3,0,0,1,2,0,70,2,0,1,0,2,0,2,2,1
200600073388,6,12,9,915,1,1,1,6,4819400,-415700,3,2,2,0,1,2,0,60,2,0,3,0,0,0,1,0,1
200600073389,6,12,2,1945,3,1,1,5,4805100,-406600,2,3,2,0,2,2,28,140,1,0,1,0,3,1,0,0,1
200600073392,6,12,28,100,3,1,1,1,4804600,-407000,2,3,4,0,1,1,0,0,1,0,1,0,0,1,1,0,1
200600073393,6,12,3,515,3,1,3,6,4828500,-447100,4,0,0,0,2,3,5,75,2,0,1,0,0,0,1,1,1
200600073394,6,12,9,2230,5,6,1,3,4825000,-449500,3,2,2,0,0,1,0,61,1,5,1,3,1,0,0,1,1
200600073396,6,12,15,1830,5,9,1,3,4849100,-399600,4,1,1,0,2,1,0,67,1,0,1,0,1,0,1,0,1
200600073400,6,12,8,1530,1,1,2,1,4768200,-214900,3,2,2,0,2,2,0,0,2,0,1,0,0,0,2,1,1
200600073401,6,12,8,2300,3,1,1,7,4767200,-212800,4,2,0,0,1,3,0,0,2,0,1,0,0,0,1,0,1
200600073407,6,12,6,1030,1,1,7,3,4785000,-338000,4,2,0,0,1,1,0,0,2,0,1,0,1,0,2,0,1
200600073409,6,12,4,1830,2,1,3,7,4769600,-321900,4,2,2,0,1,2,0,0,6,0,1,0,0,1,0,0,1
200600073410,6,12,28,1400,1,2,1,4,4769700,-311700,3,2,2,0,1,1,0,60,1,0,1,0,1,0,0,3,1
200600073412,6,12,20,1445,1,1,1,6,4793100,-213800,2,2,4,0,1,1,0,0,1,0,3,0,0,0,2,0,1
200600073414,6,12,7,900,1,1,7,6,4807000,-295600,9,2,2,0,1,1,0,56,2,0,1,0,1,0,1,0,1
200600073415,6,12,11,1545,1,1,2,7,4807000,-296500,9,0,0,0,0,0,0,0,0,0,0,0,0,1,0,0,1
200600073416,6,12,12,1500,1,1,1,3,4792800,-276700,4,2,2,0,0,0,0,42,1,0,1,0,1,0,1,0,1
200600073417,6,12,18,1745,2,1,1,6,4808900,-364400,3,2,0,0,2,3,0,0,2,0,3,0,0,0,1,0,1
200600073418,6,12,29,2000,3,1,3,6,4798900,-358500,3,2,2,0,1,1,0,38,2,0,1,0,0,0,1,0,1
200600073419,6,12,1,1230,1,1,2,3,4926900,-40800,3,2,2,0,1,1,0,67,2,0,1,0,1,0,0,1,1
200600073422,6,12,15,1030,1,1,1,6,4930300,-37000,3,2,2,0,0,1,0,92,1,5,1,0,1,0,0,1,1
200600073425,6,12,24,1400,1,1,2,1,4910400,-16100,3,2,0,0,1,3,62,0,2,0,1,0,1,0,1,0,1
200600073433,6,12,7,1000,1,6,2,1,4902600,-2900,3,2,1,0,1,2,90,78,2,5,1,0,1,0,1,0,1
200600073434,6,12,21,2000,3,1,1,7,4902300,600,3,2,2,0,1,1,0,62,1,0,3,0,0,0,1,0,1
200600073435,6,12,8,330,3,1,2,6,4915000,31300,3,2,0,0,1,1,0,103,2,0,3,0,0,0,1,0,1
200600073437,6,12,21,1815,3,1,1,1,4901800,41000,3,2,2,0,4,1,0,70,2,0,1,0,0,0,2,0,1
200600073438,6,12,7,1615,1,1,1,6,4940200,13000,9,2,2,0,0,1,0,0,1,0,4,0,0,0,1,0,1
200600073439,6,12,8,1415,1,1,3,1,4938500,19300,3,2,2,0,1,3,0,35,2,0,0,0,1,0,1,0,1
200600073445,6,12,11,930,1,1,2,6,4896800,-93400,3,2,2,0,1,2,0,65,2,0,3,0,0,0,1,0,1
200600073450,6,12,25,1300,1,1,1,1,4902000,-116000,3,2,2,0,1,1,0,54,1,0,1,0,4,0,4,0,1
200600073452,6,12,11,800,2,1,8,1,4914600,-117700,3,2,3,3,4,2,0,158,8,0,1,0,0,0,0,2,1
200600073455,6,12,20,945,1,1,9,7,4878800,-146500,3,2,0,0,1,1,0,42,7,0,3,0,0,0,1,0,1
200600073457,6,12,6,1415,3,1,1,1,4880200,-113500,3,2,0,0,1,1,0,57,2,0,1,0,0,0,1,1,1
200600073458,6,12,6,800,5,1,1,6,4871900,-106500,3,2,2,0,1,1,0,63,1,0,1,0,1,1,0,0,1
200600073463,6,12,1,930,1,1,2,1,4939600,-152300,4,2,0,0,2,3,0,60,2,0,1,0,1,0,1,1,1
200600073464,6,12,9,1015,1,1,7,3,4941300,-131700,4,0,0,0,0,0,0,0,0,0,0,0,1,0,0,1,1
200600073472,6,12,12,1900,3,1,1,6,4893700,-152400,3,2,2,0,1,1,0,61,1,0,1,0,1,0,1,0,1
200600073474,6,12,30,1145,1,9,8,3,4864100,-95200,3,2,1,0,1,1,0,72,2,0,1,0,1,0,0,3,1
200600073475,6,12,2,1100,1,1,2,2,4847000,-13000,2,2,2,0,1,1,0,120,2,0,1,0,2,0,1,0,1
200600073477,6,12,10,1900,3,1,5,6,4847800,-13100,3,2,2,0,2,4,0,80,2,5,3,0,0,0,5,1,1
200600073482,6,12,2,1815,3,1,9,1,4870200,31400,3,2,2,0,1,1,74,74,2,0,1,0,0,1,3,0,1
200600073483,6,12,9,2200,3,1,2,6,4870600,9200,3,2,0,0,0,1,0,50,2,0,3,0,0,1,1,0,1
200600073484,6,12,10,30,3,1,2,7,4872500,42700,3,2,0,0,1,1,0,0,2,0,3,0,0,0,1,0,1
200600073485,6,12,17,2145,3,1,8,6,4886100,43500,4,2,0,0,4,3,0,32,2,0,3,0,0,0,1,1,1
200600073486,6,12,11,1745,2,1,3,1,4853700,-73800,3,2,2,0,0,1,0,63,2,0,1,0,1,0,0,1,1
200600073492,6,12,2,2315,5,1,5,6,4823200,74700,3,2,2,0,1,1,0,60,2,0,1,0,0,0,1,0,1
200600073495,6,12,19,745,2,1,1,1,4729200,-144400,3,2,2,0,1,1,0,0,1,5,1,0,1,0,1,0,1
200600073496,6,12,8,1945,3,9,1,7,4701000,-145500,3,2,2,0,1,1,0,52,1,0,1,0,0,0,1,0,1
200600073497,6,12,15,1330,1,1,1,5,4709300,-142900,3,2,0,0,1,1,0,72,2,0,1,0,1,0,0,2,1
200600073498,6,12,6,1015,1,1,1,2,4706500,-144100,3,2,2,0,1,1,0,60,2,0,1,0,1,0,1,0,1
200600073499,6,12,15,1815,3,1,1,1,4701900,-162300,3,2,2,0,2,1,0,53,1,0,1,0,1,0,1,0,1
200600073501,6,12,28,1900,3,1,1,5,4712000,-158000,3,2,1,0,1,1,0,0,1,0,3,0,2,0,1,0,1
200600073503,6,12,5,700,3,1,6,1,4743100,-123700,3,2,2,0,1,2,0,63,1,0,1,0,0,1,1,0,1
200600073504,6,12,6,1100,1,1,1,3,4759700,-116900,3,2,2,0,1,1,0,70,1,5,1,0,0,0,2,0,1
200600073505,6,12,18,1330,1,1,1,7,4738800,-102800,3,3,2,0,4,3,33,66,1,0,4,3,0,0,1,0,1
200600073506,6,12,22,2045,3,1,9,6,4739400,-95600,3,2,0,0,1,3,0,37,7,0,3,0,0,0,2,0,1
200600073508,6,12,30,1530,1,1,2,3,4757600,-118800,3,2,2,0,1,1,0,64,2,0,1,0,1,0,1,0,1
200600073510,6,12,17,930,1,1,1,7,4736300,-132200,3,2,3,0,1,1,0,136,2,0,3,0,1,0,1,0,1
200600073511,6,12,9,2300,3,1,1,6,4762800,-145100,3,0,0,0,1,1,0,60,1,0,1,0,0,0,1,0,1
200600073512,6,12,14,745,2,1,1,6,4772000,-138000,9,2,2,0,1,1,0,0,1,6,1,0,1,0,1,0,1
200600073514,6,12,19,1415,1,1,1,1,4743500,-166700,3,2,0,0,0,1,0,57,1,0,1,0,0,0,2,0,1
200600073515,6,12,15,845,1,1,1,1,4725800,-195700,3,2,2,0,1,2,0,70,1,0,1,0,0,0,2,0,1
200600073517,6,12,22,2115,3,1,1,1,4728400,-201500,3,2,2,0,1,3,0,62,1,0,1,0,0,1,2,0,1
200600073518,6,12,22,330,1,1,1,6,4712000,-177300,3,2,2,0,1,1,0,60,1,0,1,0,1,0,1,0,1
200600073519,6,12,28,15,3,1,1,1,4713500,-175400,3,2,2,0,1,3,0,60,1,0,1,0,2,0,1,0,1
200600073525,6,12,27,1800,2,1,1,1,4741000,-209400,3,2,2,0,1,1,0,76,1,2,1,0,0,2,1,0,1
200600073527,6,12,9,1200,1,1,1,3,4729500,-186300,3,2,2,0,1,1,0,0,1,0,1,0,1,0,1,0,1
200600073528,6,12,4,1400,1,1,8,3,4754200,-63700,3,2,0,0,1,1,20,100,2,5,1,0,3,0,1,0,1
200600073529,6,12,23,1945,3,1,8,6,4747800,-62200,3,3,0,3,1,1,40,60,9,5,1,0,0,0,2,2,1
200600073531,6,12,4,1815,5,2,1,3,4751900,-45900,3,0,0,0,0,1,0,60,0,0,1,0,1,0,0,1,1
200600073532,6,12,13,2230,3,1,1,6,4751700,-45500,3,2,2,0,1,1,0,0,1,0,1,0,0,0,2,0,1
200600073533,6,12,22,1845,3,1,1,3,4743000,-72000,3,2,2,0,1,1,0,104,1,5,1,0,1,0,1,0,1
200600073534,6,12,13,1900,3,1,1,3,4757900,-35900,3,2,2,0,1,1,0,56,1,0,1,0,1,0,1,0,1
200600073536,6,12,9,1945,5,1,1,6,4715700,-105400,3,2,2,0,1,1,0,54,1,0,1,0,1,0,1,0,1
200600073538,6,12,23,1,3,1,1,3,4720000,-97300,3,2,0,0,3,1,0,110,1,5,1,0,2,0,1,0,1
200600073539,6,12,30,1800,5,2,2,3,4721900,-72200,3,2,3,3,1,1,30,70,2,5,1,0,2,0,1,0,1
200600073540,6,12,8,1745,4,1,1,2,4727400,-106500,3,2,1,0,0,1,0,67,1,0,1,0,1,0,1,0,1
200600073541,6,12,29,745,1,1,1,5,4728800,-99300,3,2,0,0,2,3,0,70,2,0,1,0,2,0,1,4,1
200600073543,6,12,3,1655,1,1,8,6,4738700,-8300,3,2,2,0,0,2,60,0,2,0,3,0,0,0,1,0,1
200600073544,6,12,14,2100,3,1,5,7,4737900,-25700,3,2,1,0,1,1,0,60,1,0,1,0,0,0,1,0,1
200600073549,6,12,21,1830,3,1,1,6,4812200,-72100,3,2,2,0,1,1,0,87,1,0,1,0,1,0,1,0,1
200600073556,6,12,6,1745,5,6,1,2,4794400,18600,3,1,2,0,1,2,0,0,1,0,1,0,1,0,0,1,1
200600073560,6,12,13,1400,1,1,1,4,4803100,36500,2,2,0,0,1,1,0,0,1,0,1,0,2,0,1,1,1
200600073562,6,12,19,1715,5,1,8,3,4797900,10600,3,2,2,0,1,1,0,74,2,0,1,0,1,0,0,1,1
200600073563,6,12,22,1630,1,1,1,2,4789400,14700,2,2,0,0,1,1,0,31,1,0,1,0,1,0,1,0,1
200600073565,6,12,24,645,3,1,2,1,4784500,-23100,3,2,2,0,1,1,0,0,2,0,1,0,0,1,1,0,1
200600073566,6,12,27,1800,5,1,1,6,4797000,-23100,3,2,2,0,1,1,0,67,1,0,1,0,1,0,1,0,1
200600073569,6,12,10,1145,1,1,9,7,4773000,-22000,4,2,0,0,1,2,0,0,1,0,1,0,0,0,1,0,1
200600073570,6,12,14,1245,1,1,1,3,4783200,-30300,4,2,0,0,0,1,130,66,9,0,1,0,5,0,1,0,1
200600073571,6,12,12,715,2,2,5,3,4809000,47800,3,2,0,0,0,1,0,57,0,0,1,0,0,0,1,1,1
200600073573,6,12,29,1500,1,1,2,6,4840900,19900,3,2,2,0,2,4,0,57,2,0,1,0,0,0,1,0,1
200600073576,6,12,6,1715,1,1,1,3,4659700,-131400,3,0,2,0,1,1,0,69,1,0,1,0,1,0,1,0,1
200600073577,6,12,25,1915,3,1,1,1,4650100,-119300,3,2,2,0,1,1,0,69,1,0,1,0,0,0,4,0,1
200600073580,6,12,5,900,2,1,2,6,4689700,-92400,3,2,2,0,2,3,0,0,2,0,1,0,0,0,1,0,1
200600073581,6,12,9,1645,1,1,1,3,4686600,-100000,3,2,2,1,1,1,0,70,1,0,1,0,1,1,0,1,1
200600073584,6,12,18,1945,3,1,1,6,4689900,-138400,3,1,2,0,1,1,0,60,1,0,1,0,1,0,0,1,1
200600073591,6,12,9,1200,1,1,1,1,4654500,-81800,3,2,0,0,0,1,0,100,2,0,1,0,2,0,1,0,1
200600073600,6,12,29,1945,3,1,2,6,4680000,-195000,3,2,2,0,1,3,0,66,2,0,3,0,0,0,1,0,1
200600073601,6,12,31,1530,1,1,1,6,4686000,-211000,3,2,2,0,1,1,0,64,2,0,3,0,1,0,1,0,1
200600073611,6,12,23,815,2,9,5,1,4520400,-57200,4,2,2,0,1,1,0,47,1,0,1,0,0,0,1,1,1
200600073613,6,12,26,1615,1,1,1,1,4528400,-56600,3,2,2,0,1,3,0,70,1,0,1,0,0,1,3,1,1
200600073614,6,12,17,845,1,1,1,1,4511000,-46000,3,2,2,0,4,2,0,73,1,0,1,0,1,0,2,0,1
200600073615,6,12,28,1015,1,1,1,1,4493000,-52800,2,2,2,0,1,1,0,80,1,0,1,0,2,0,1,0,1
200600073616,6,12,23,2000,5,8,8,1,4457000,-21000,3,2,2,0,4,1,0,70,1,4,1,0,1,2,1,0,1
200600073618,6,12,2,1730,2,1,1,7,4475300,-42600,3,2,0,0,1,1,0,54,2,0,0,0,0,0,1,0,1
200600073619,6,12,29,215,3,1,9,6,4478700,-37000,3,2,2,0,1,1,0,65,7,0,3,0,0,0,1,0,1
200600073622,6,12,18,1900,5,1,1,6,4487000,-48600,4,2,2,0,0,2,0,52,1,0,3,0,0,0,1,0,1
200600073624,6,12,2,130,3,1,1,6,4463000,-32000,3,2,2,0,2,3,0,0,1,2,3,0,0,0,1,0,1
200600073626,6,12,5,1715,5,1,1,3,4499800,-43900,3,2,3,0,1,1,0,98,2,0,1,0,1,0,1,0,1
200600073627,6,12,14,1900,5,1,5,7,4499800,-44400,9,1,1,0,1,1,0,40,2,0,1,0,0,0,1,0,1
200600073628,6,12,6,1100,1,9,1,2,4456500,-26800,2,2,2,0,2,1,0,0,1,5,1,0,1,0,1,0,1
200600073629,6,12,18,730,2,1,1,2,4449000,-23200,2,2,2,0,1,1,0,80,1,0,1,0,2,1,0,1,1
200600073632,6,12,2,1745,2,1,1,5,4499800,-75400,3,2,2,0,1,1,0,63,2,0,1,0,3,0,2,0,1
200600073633,6,12,2,1800,3,1,2,3,4501900,-78100,2,2,2,0,1,1,0,58,2,0,1,0,0,0,1,1,1
200600073635,6,12,30,1845,5,1,2,1,4503200,-78600,4,2,3,0,1,1,64,66,2,5,1,0,2,0,2,0,1
200600073639,6,12,3,930,1,1,1,3,4515900,-81100,2,0,2,0,1,0,0,0,1,5,1,0,0,0,1,1,1
200600073641,6,12,26,2330,3,1,1,6,4498500,-20800,3,2,0,0,1,2,0,0,0,0,0,0,0,0,0,1,1
200600073645,6,12,24,1500,1,1,1,6,4501700,3600,3,2,0,0,0,2,0,0,1,0,3,0,0,2,2,0,1
200600073647,6,12,5,945,1,1,2,6,4514900,52800,3,2,2,0,3,2,0,60,2,0,1,0,1,0,1,0,1
200600073649,6,12,30,1045,1,1,8,6,4537500,95500,3,2,2,0,1,2,0,71,7,0,1,0,0,0,1,0,1
200600073652,6,12,2,1715,2,1,1,3,4502400,16600,3,2,2,0,1,1,0,110,1,5,1,0,1,0,1,0,1
200600073654,6,12,18,915,1,6,1,3,4487500,121000,3,2,2,0,1,1,0,60,1,5,1,0,0,0,4,1,1
200600073657,6,12,29,2030,3,1,1,6,4383300,-65100,3,2,2,0,1,1,0,0,1,0,3,0,0,0,1,0,1
200600073658,6,12,9,1200,1,1,3,3,4377200,-99900,3,0,0,0,1,1,0,0,2,5,1,0,2,0,1,0,1
200600073660,6,12,22,1515,1,1,8,1,4390000,-127500,4,2,0,0,0,1,0,35,1,0,1,0,0,0,0,1,1
200600073662,6,12,17,1745,3,1,1,5,4366900,-96400,3,2,2,0,1,1,0,76,1,0,1,0,1,0,1,1,1
200600073663,6,12,17,1630,1,1,1,6,4362200,-98800,3,2,0,0,1,1,0,46,1,0,3,0,0,0,1,0,1
200600073664,6,12,28,1815,3,1,1,1,4357800,-93000,3,2,2,0,4,4,65,65,1,0,1,0,1,0,1,0,1
200600073670,6,12,11,1615,1,1,1,1,4421700,-126100,9,2,2,0,1,0,0,57,1,0,1,0,1,0,1,0,1
200600073671,6,12,30,2255,5,1,2,6,4414300,-121600,3,2,0,0,1,1,0,0,2,0,1,0,0,0,1,0,1
200600073672,6,12,3,120,5,1,1,3,4376800,-57400,4,4,3,0,3,3,0,100,1,0,1,0,0,0,1,1,1
200600073674,6,12,3,2100,3,1,2,3,4397600,-29800,3,2,2,0,0,3,70,0,0,0,0,0,0,1,0,1,1
200600073677,6,12,9,900,1,1,1,1,4411800,74300,3,2,2,0,1,1,0,56,2,0,1,0,2,0,2,0,1
200600073679,6,12,13,1700,1,1,8,7,4450300,16800,4,2,2,0,1,1,70,70,1,0,1,0,0,0,1,0,1
200600073682,6,12,29,900,1,1,8,7,4438700,14700,3,2,2,0,2,3,0,60,7,0,3,0,0,0,1,0,1
200600073684,6,12,10,400,5,1,1,6,4444000,18500,3,2,2,0,0,1,0,60,1,0,3,0,0,0,1,0,1
200600073685,6,12,16,800,2,1,5,7,4435000,36400,3,2,2,0,1,2,0,70,2,0,1,0,0,0,1,0,1
200600073688,6,12,29,745,2,1,9,6,4463300,71100,3,2,0,0,1,2,0,0,7,0,1,0,0,0,1,0,1
200600073694,6,12,7,2030,5,1,1,3,4339900,-37700,2,2,2,0,0,1,0,205,1,0,1,0,1,0,1,0,1
200600073695,6,12,7,2030,3,1,2,1,4333900,-27700,3,2,3,0,2,3,0,102,2,0,1,0,0,0,3,1,1