Num_Acc,an,mois,jour,hrmn,lum,int,atm,col,lat,long,catr,circ,nbv,vosp,prof,plan,lartpc,larrout,surf,infra,situ,env1,unscathed,killed,hospital,light,chance
200600073696,6,12,30,1915,5,1,1,5,4326100,-17700,3,2,2,0,1,1,0,70,1,0,1,0,1,0,1,1,1
200600073700,6,12,23,300,3,1,5,6,4319800,-95900,3,2,2,0,2,1,0,60,2,2,3,0,0,0,2,0,1
200600073703,6,12,16,1500,1,1,1,6,4311700,-72800,3,2,0,0,0,1,0,0,1,2,1,0,1,0,1,0,1
200600073705,6,12,8,1700,1,1,1,4,4348100,-71700,3,2,2,0,2,2,0,59,2,0,1,0,1,1,1,0,1
200600073706,6,12,17,1930,3,1,8,4,4351500,-72700,3,2,2,0,2,1,0,70,2,0,1,0,4,0,1,0,1
200600073708,6,12,9,545,3,1,3,6,4336700,-90800,3,2,2,0,0,3,0,72,2,0,1,0,2,1,2,2,1
200600073718,6,12,4,805,1,1,2,6,4642700,87100,3,2,2,0,1,1,0,70,2,2,1,3,1,0,1,0,1
200600073720,6,12,27,1430,1,3,1,3,4657000,87200,3,2,0,0,0,1,0,68,1,0,1,0,1,0,1,0,1
200600073722,6,12,13,2015,3,1,5,6,4558100,4300,4,2,2,0,2,2,0,0,2,0,1,0,0,0,1,0,1
200600073725,6,12,5,900,1,1,1,1,4576400,300,3,2,2,0,1,1,0,72,8,0,1,0,1,0,1,0,1
200600073726,6,12,6,1800,5,1,2,1,4580300,13400,4,2,0,0,1,1,0,44,2,0,1,0,1,0,1,0,1
200600073727,6,12,8,2000,3,1,2,1,4585300,18700,2,3,4,0,1,1,57,92,2,5,1,0,0,0,1,1,1
200600073728,6,12,10,530,3,1,5,6,4584100,7300,3,2,2,0,0,1,0,49,2,0,3,0,0,0,1,0,1
200600073732,6,12,23,1100,1,1,1,6,4619700,-118700,3,2,2,0,0,1,0,60,1,0,0,0,1,0,1,0,1
200600073733,6,12,27,715,3,1,1,1,4623300,-112200,3,2,2,0,1,2,0,70,1,0,1,0,0,0,2,0,1
200600073737,6,12,22,2245,3,1,1,7,4623000,-91300,2,3,4,0,1,1,0,70,1,0,3,0,0,1,0,0,1
200600073738,6,12,30,1630,1,1,2,6,4619500,-82800,3,2,2,0,1,2,0,54,2,2,3,0,0,1,0,1,1
200600073739,6,12,11,1915,3,1,1,6,4620500,-144300,3,2,2,0,1,1,0,60,1,0,1,0,0,1,1,0,1
200600073741,6,12,30,115,3,1,9,6,4519000,-21000,3,2,2,0,0,2,0,65,6,0,1,0,1,0,1,0,1
200600073744,6,12,6,800,2,2,8,3,4576000,-98200,3,2,2,0,0,1,0,60,1,5,0,0,1,0,1,0,1
200600073745,6,12,11,750,2,1,1,5,4572600,-96500,3,2,2,0,1,1,0,69,1,0,1,0,3,1,2,0,1
200600073746,6,12,12,1,5,1,3,6,4597600,-135200,4,2,2,0,1,1,0,50,2,0,4,0,0,0,1,0,1
200600073748,6,12,16,1715,2,1,1,3,4573500,-117500,3,2,2,0,0,1,0,0,2,5,1,0,5,0,1,0,1
200600073749,6,12,6,1200,1,1,8,1,4611200,-88400,3,2,1,0,1,1,0,46,2,0,3,0,1,0,1,0,1
200600073751,6,12,23,230,3,1,8,7,4614700,-86400,3,2,2,0,1,1,40,0,1,0,3,0,0,0,1,0,1
200600073752,6,12,26,2200,3,1,1,6,4611700,-69400,3,2,2,0,1,1,0,57,1,0,3,0,0,0,1,0,1
200600073753,6,12,7,1645,1,1,1,1,4576600,-78400,3,2,1,0,1,3,0,46,2,0,1,0,0,0,1,1,1
200600073759,6,12,15,100,3,6,1,7,4629300,-51000,2,2,2,0,1,1,0,86,1,5,1,0,0,0,1,0,1
200600073760,6,12,25,230,3,1,1,6,4625400,-53200,4,2,0,0,1,1,0,30,1,0,0,0,0,1,0,0,1
200600073762,6,12,6,1415,1,1,1,3,4636400,-31500,4,2,2,0,1,2,0,97,1,5,1,0,1,0,1,0,1
200600073763,6,12,15,1815,3,1,1,1,4688100,-34300,3,2,0,0,1,1,0,66,1,0,1,0,1,0,1,0,1
200600073767,6,12,7,1945,3,1,2,6,4588300,137000,3,2,2,0,0,1,0,64,2,0,1,0,1,0,1,0,1
200600073768,6,12,10,1930,3,1,8,1,4620400,92300,2,2,2,0,1,1,0,74,2,0,1,0,0,0,5,2,1
200600073770,6,12,5,745,2,1,2,1,4619800,127800,2,2,2,0,1,2,0,700,2,0,1,0,0,1,1,0,1
200600073771,6,12,7,2145,3,1,2,6,4621900,112500,3,2,2,0,1,1,0,61,2,0,3,0,0,1,1,0,1
200600073773,6,12,14,1815,3,1,1,1,4594300,102700,3,2,2,0,1,1,0,61,1,0,1,0,1,1,0,0,1
200600073774,6,12,17,1030,1,1,1,1,4572300,88800,3,2,1,0,0,0,0,48,1,0,1,0,3,0,1,0,1
200600073775,6,12,4,845,1,1,3,2,4531900,177100,3,2,2,0,0,1,0,68,2,0,1,0,3,0,1,0,1
200600073776,6,12,15,1745,2,1,1,1,4551700,178600,3,2,2,0,1,2,0,67,0,0,1,0,0,1,1,0,1
200600073778,6,12,4,2245,3,1,2,7,4522900,153600,3,2,2,0,0,1,0,60,2,0,3,0,0,0,1,0,1
200600073780,6,12,17,1730,3,1,1,1,4522700,142900,3,2,2,0,1,1,0,62,1,0,1,0,1,0,3,0,1
200600073782,6,12,19,815,1,1,1,6,4624400,148500,4,2,2,0,1,1,0,0,1,0,1,0,1,0,1,0,1
200600073783,6,12,15,1645,1,1,1,1,4594800,217500,3,2,2,0,2,1,0,58,1,0,1,0,0,0,1,2,1
200600073785,6,12,7,1630,1,1,8,2,4628000,239000,2,2,2,0,1,1,0,74,2,0,1,0,1,0,1,1,1
200600073790,6,12,20,1245,1,1,8,6,4388700,148300,3,2,2,0,1,2,0,52,1,0,3,0,0,0,1,0,1
200600073795,6,12,8,2130,5,1,2,1,4360400,124300,2,2,2,0,3,1,0,63,2,5,1,0,1,0,2,0,1
200600073796,6,12,8,2215,3,1,2,1,4355500,126000,3,2,2,0,1,1,0,69,2,0,1,0,1,0,3,0,1
200600073797,6,12,22,2330,5,1,1,6,4357500,131200,3,2,2,0,1,2,0,71,1,0,3,0,0,1,0,0,1
200600073798,6,12,13,2000,5,1,1,1,4355500,147200,3,2,1,0,1,1,0,117,1,5,1,0,1,0,1,0,1
200600073800,6,12,3,1730,2,6,2,3,4375200,143300,3,2,0,0,1,2,60,20,2,5,1,0,1,0,1,0,1
200600073801,6,12,9,330,3,1,8,6,4374300,141100,3,2,2,0,1,1,0,63,2,0,0,0,0,0,1,0,1
200600073802,6,12,11,915,1,1,1,3,4373200,138100,2,2,2,3,1,1,25,62,1,0,1,0,1,0,1,0,1
200600073805,6,12,9,1355,1,1,1,6,4369700,151200,3,2,0,0,4,3,0,50,1,0,3,0,0,0,1,0,1
200600073808,6,12,30,830,1,2,8,6,4340600,140400,3,2,0,0,1,1,0,72,7,0,3,0,0,0,1,0,1
200600073809,6,12,17,1240,1,2,8,3,4331500,117800,3,2,2,0,1,1,0,70,1,0,1,0,0,0,3,0,1
200600073811,6,12,8,1600,1,1,1,6,4320000,102300,3,2,2,0,1,1,0,61,1,0,1,0,0,0,1,1,1
200600073812,6,12,11,800,1,1,5,1,4319700,99400,2,2,2,0,1,1,0,74,2,0,1,0,0,1,1,0,1
200600073814,6,12,24,45,3,1,5,6,4351500,118500,3,2,2,0,2,1,0,58,1,0,3,0,0,0,1,0,1
200600073816,6,12,1,1500,1,1,1,7,4338100,168200,3,2,2,0,1,2,0,75,1,0,1,0,0,0,1,1,1
200600073817,6,12,21,1415,1,1,1,6,4336300,155900,3,2,2,0,0,1,0,60,1,0,3,0,1,0,1,0,1
200600073818,6,12,28,900,1,1,1,6,4353100,174900,3,2,2,0,0,2,0,50,7,0,3,0,0,0,1,0,1
200600073819,6,12,28,915,1,2,9,1,4369100,159300,3,2,2,0,1,3,0,60,7,0,1,0,1,1,0,0,1
200600073820,6,12,9,2300,3,1,1,6,4348400,191700,3,2,2,0,2,2,0,58,1,0,3,0,0,0,3,0,1
200600073822,6,12,20,1030,1,1,1,1,4299700,154800,3,2,0,0,2,3,0,72,1,0,1,0,1,0,3,0,1
200600073823,6,12,20,1145,1,1,1,6,4293000,185000,3,2,2,0,1,1,0,70,1,0,1,0,1,0,1,0,1
200600073827,6,12,16,15,5,1,1,7,4298900,114500,9,2,0,0,1,3,0,80,1,0,1,0,0,0,1,0,1
200600073832,6,12,9,2000,3,1,3,1,4429300,268200,3,2,2,0,0,3,0,77,2,0,1,0,1,0,2,0,1
200600073836,6,12,22,1345,1,1,1,3,4420600,301700,3,2,0,0,0,1,0,150,1,0,1,0,0,0,4,0,1
200600073840,6,12,16,130,3,1,2,6,4387500,275300,3,2,2,0,4,1,0,70,0,0,3,0,0,0,1,0,1
200600073843,6,12,23,1600,1,1,1,7,4372700,92400,3,2,2,0,1,1,0,67,1,0,1,0,0,1,0,0,1
200600073844,6,12,14,1815,3,1,5,6,4373900,31000,3,2,2,0,1,1,0,51,2,0,1,0,0,1,0,0,1
200600073845,6,12,9,1230,1,1,1,7,4401100,43800,3,2,1,0,1,4,0,70,2,0,3,0,0,0,1,1,1
200600073846,6,12,15,1800,3,1,1,6,4397000,50000,3,2,0,0,1,1,0,50,1,0,1,0,0,0,1,0,1
200600073848,6,12,8,1700,1,2,1,6,4384500,25500,3,2,2,0,1,1,0,65,1,0,1,0,1,0,1,0,1
200600073849,6,12,11,1100,1,1,5,2,4388000,15300,3,2,2,0,0,1,0,50,1,0,1,0,2,0,1,0,1
200600073850,6,12,12,1345,1,1,1,2,4384800,9500,3,2,2,0,0,1,0,57,1,0,1,0,4,0,2,0,1
200600073853,6,12,28,2045,3,1,1,7,4381400,69400,3,2,1,0,1,4,0,49,1,0,3,0,0,0,1,0,1
200600073855,6,12,14,1115,1,1,1,3,4366800,-600,3,2,2,0,1,1,0,60,1,0,1,0,1,0,1,0,1
200600073857,6,12,23,1600,1,1,1,6,4461700,203200,3,2,2,0,1,1,0,70,1,6,1,0,1,0,1,0,1
200600073861,6,12,15,1815,3,1,1,2,4468400,126000,3,2,2,0,1,1,0,50,1,0,1,3,1,0,0,1,1
200600073862,6,12,29,2215,3,1,1,6,4474600,139600,4,2,0,0,1,3,0,56,1,0,3,0,0,0,1,0,1
200600073863,6,12,2,245,3,1,1,6,4317600,9000,3,2,2,0,1,1,50,0,1,0,3,0,0,0,1,0,1
200600073865,6,12,30,1800,5,1,1,5,4337900,5500,3,2,0,0,1,1,0,0,1,0,1,0,2,0,1,0,1
200600073866,6,12,17,1215,1,1,1,3,4309800,18500,3,2,0,0,2,1,0,63,1,0,1,0,1,0,1,0,1
200600073869,6,12,17,1745,3,1,1,3,4362800,214100,3,2,0,0,1,1,0,80,1,0,1,0,1,0,1,0,1
200600073871,6,12,9,1400,1,1,1,3,4392400,200500,3,2,2,0,1,3,8,72,1,0,1,0,2,0,2,0,1
200600073872,6,12,13,1200,1,1,1,2,4388000,189000,3,2,2,0,1,1,0,75,1,0,1,0,0,0,1,1,1
200600073873,6,12,22,2145,3,1,8,6,4352000,201000,3,2,2,0,1,1,0,60,1,0,3,0,0,0,1,0,1
200600073875,6,12,3,745,2,1,1,6,4406300,146700,3,2,2,0,1,1,0,50,1,0,3,0,0,0,1,0,1
200600073876,6,12,5,1745,2,1,2,6,4403800,142300,9,2,2,0,1,1,0,0,2,0,1,0,1,0,1,0,1
200600073879,6,12,28,1330,1,1,1,6,4426000,113800,3,2,2,0,4,1,0,50,1,0,1,0,1,0,1,0,1
200600073880,6,12,7,1515,1,1,2,6,4395700,117300,3,2,2,0,1,1,0,80,2,2,1,0,0,0,1,0,1
200600073892,6,12,26,900,1,1,9,6,4567800,503800,4,2,2,0,4,1,0,0,7,2,3,0,0,0,1,0,1
200600073900,6,12,1,2000,3,2,1,3,4606500,464000,3,2,2,0,1,1,0,60,1,0,1,0,1,0,1,0,1
200600073901,6,12,2,1600,1,1,1,2,4606900,465200,3,2,2,0,1,1,0,67,1,0,1,0,2,0,2,3,1
200600073902,6,12,6,1245,1,1,1,7,4607100,469100,3,2,0,0,0,1,0,0,1,0,1,0,0,0,1,0,1
200600073904,6,12,23,2020,3,1,8,6,4616600,478500,3,2,0,0,1,1,0,50,7,0,3,0,0,0,0,1,1
200600073913,6,12,30,2300,5,1,5,6,4643200,493700,3,2,2,0,1,1,0,65,2,0,1,0,0,0,1,0,1
200600073927,6,12,7,1130,1,1,2,6,4597000,524500,3,2,2,0,2,3,0,65,2,0,3,0,0,0,1,0,1
200600073931,6,12,24,2245,3,1,9,3,4611000,513900,3,2,2,0,1,1,0,73,7,0,1,0,3,0,1,0,1
200600073939,6,12,4,1200,1,1,8,6,4613400,481200,3,2,2,0,3,3,0,0,0,0,3,0,0,0,1,0,1
200600073941,6,12,5,1645,2,1,8,1,4432800,462900,2,2,2,0,1,1,0,79,1,5,1,0,1,0,2,0,1
200600073942,6,12,16,1500,1,9,2,1,4430800,461400,3,2,2,0,2,1,0,75,2,0,1,0,2,0,1,0,1
200600073947,6,12,3,1,4,1,1,7,4464400,431600,4,2,0,0,0,2,0,0,2,0,1,3,0,0,1,0,1
200600073948,6,12,12,1230,1,1,1,7,4464000,433000,3,2,2,0,1,3,0,62,2,0,1,0,0,0,1,0,1
200600073949,6,12,10,1845,3,1,1,1,4442500,423100,3,2,2,0,2,3,0,63,1,0,1,0,0,0,1,2,1
200600073950,6,12,29,800,1,1,5,7,4446300,441400,3,2,1,0,1,4,0,0,7,0,3,0,0,1,0,0,1
200600073952,6,12,20,1900,3,1,1,6,4506500,476600,3,2,0,0,2,3,0,66,1,0,3,0,0,0,1,0,1
200600073953,6,12,21,1800,3,1,1,2,4512000,480400,2,2,2,0,1,1,0,103,0,0,1,0,0,0,2,0,1
200600073956,6,12,3,600,5,1,2,1,4475500,481600,2,2,2,0,1,2,0,0,2,0,1,0,0,1,0,2,1
200600073957,6,12,9,1600,1,6,8,6,4466100,541200,3,2,0,0,2,3,0,0,1,0,1,0,0,0,1,0,1
200600073959,6,12,30,900,1,1,1,1,4462000,545300,3,2,2,0,1,4,0,70,2,2,1,0,1,0,0,1,1
200600073966,6,12,15,1345,1,2,1,3,4502500,499100,4,2,2,0,1,1,0,0,1,0,1,0,1,0,0,1,1
200600073967,6,12,2,1,3,1,1,6,4530600,493800,3,2,2,0,1,1,0,0,1,0,1,0,0,0,1,0,1
200600073977,6,12,17,1745,3,1,1,3,4536900,595500,2,2,2,0,2,1,0,82,1,0,1,0,2,0,1,1,1
200600073980,6,12,22,1645,1,1,1,6,4528700,588400,6,0,0,0,1,0,0,0,1,0,1,0,1,0,0,1,1
200600073981,6,12,19,845,1,1,8,1,4534100,562000,2,2,0,0,2,3,0,61,1,0,1,0,1,0,1,0,1
200600073982,6,12,6,1230,1,1,3,6,4482100,594900,2,2,2,0,1,3,0,75,2,0,1,0,0,0,1,0,1
200600073983,6,12,13,2030,5,1,1,6,4491000,578800,3,2,2,0,1,2,0,68,1,0,1,0,1,0,2,0,1
200600073984,6,12,4,1100,1,1,2,3,4507000,577000,4,2,2,0,1,1,0,51,2,5,1,0,1,0,1,0,1
200600073985,6,12,23,1220,1,1,1,6,4505000,584000,2,2,2,0,1,1,0,70,2,0,2,0,1,0,1,1,1
200600073986,6,12,20,1115,1,1,1,1,4506600,525500,2,2,2,0,2,3,0,74,1,0,1,0,0,0,0,2,1
200600073987,6,12,16,15,5,1,1,6,4542100,555200,2,2,2,0,1,3,0,70,1,0,1,0,0,0,3,0,1
200600073988,6,12,15,545,3,1,1,1,4543900,557700,3,2,2,0,1,1,0,60,1,0,1,0,0,0,2,0,1
200600073990,6,12,24,1030,1,1,1,3,4530900,508800,3,2,2,0,1,1,60,0,1,0,1,3,1,0,1,0,1
200600073991,6,12,30,2100,3,2,1,3,4535400,528600,3,2,1,0,1,1,0,0,1,0,0,0,1,0,0,1,1
200600073992,6,12,12,1800,3,1,1,3,4521800,545900,3,2,2,0,2,3,0,75,1,0,1,0,2,0,1,0,1
200600073995,6,12,5,1645,2,1,1,7,4565200,535300,3,2,2,0,1,1,0,0,0,0,1,3,52,0,0,5,1
200600073996,6,12,24,2045,3,1,9,6,4567300,533900,3,2,2,0,2,2,0,0,7,0,3,0,0,0,1,0,1
200600074000,6,12,1,1415,1,1,1,6,4560700,553600,3,2,2,0,1,2,0,0,1,0,1,0,0,2,1,1,1
200600074001,6,12,2,1930,3,1,2,6,4567200,555000,3,2,2,0,1,1,60,0,2,0,1,0,0,0,1,0,1
200600074007,6,12,2,1545,1,7,1,6,4558900,486400,6,0,0,0,0,0,0,0,0,0,0,0,1,0,0,1,1
200600074008,6,12,19,1800,5,1,1,3,4550300,484200,3,2,0,0,1,1,0,350,1,5,1,0,1,0,1,0,1
200600074009,6,12,20,1600,1,1,1,3,4558500,479500,3,2,1,0,1,1,31,102,1,5,1,0,1,0,1,0,1
200600074010,6,12,22,730,2,1,1,2,4545000,482100,3,2,2,0,0,1,0,0,1,0,1,0,0,0,0,2,1
200600074011,6,12,1,1500,1,1,1,6,4533700,503900,4,2,2,0,1,1,0,61,1,1,1,0,1,0,1,0,1
200600074012,6,12,16,1730,3,1,9,3,4539700,526300,3,2,2,0,1,1,0,0,2,0,1,0,1,0,1,0,1
200600074013,6,12,22,900,1,5,1,5,4539000,502500,3,4,1,0,1,1,0,0,1,5,1,0,3,0,1,2,1
200600074019,6,12,18,830,1,1,1,2,4553000,427600,3,3,2,0,1,3,0,0,1,0,1,0,1,0,1,0,1
200600074020,6,12,16,1500,1,1,1,1,4577300,394300,3,2,1,0,0,1,0,78,1,0,1,0,0,0,3,0,1
200600074022,6,12,11,1000,1,1,1,6,4536500,468300,3,2,2,0,1,1,0,60,1,0,1,0,2,0,1,0,1
200600074024,6,12,27,1145,1,1,1,1,4544000,474600,3,2,2,0,0,1,0,63,1,0,1,0,3,0,1,0,1
200600074028,6,12,2,1,3,1,1,1,4615500,424500,3,2,2,0,1,1,0,60,1,0,1,0,1,0,1,0,1
200600074029,6,12,10,1845,3,1,1,1,4612700,393600,2,2,2,0,1,1,0,80,1,0,1,0,0,0,3,0,1
200600074031,6,12,13,1015,1,1,8,1,4612000,397400,4,0,1,0,0,3,0,50,2,0,1,0,1,0,0,1,1
200600074032,6,12,21,1745,5,2,1,3,4605900,393200,3,2,2,0,0,1,42,84,1,5,1,0,1,0,2,0,1
200600074034,6,12,15,545,3,1,1,6,4572600,610400,3,2,0,0,1,2,0,0,1,2,1,0,0,1,0,0,1
200600074039,6,12,18,1745,5,1,1,1,4575500,641300,4,2,2,0,2,0,0,69,1,0,1,0,0,0,2,0,1
200600074042,6,12,1,1805,5,1,1,6,4528100,634900,4,2,2,0,2,1,0,60,1,0,1,0,1,0,1,0,1
200600074049,6,12,26,1540,1,1,1,2,4590000,634100,3,2,2,0,2,1,0,90,1,0,1,0,1,1,0,0,1
200600074051,6,12,29,1445,1,1,1,1,4596100,690500,3,2,2,0,1,2,0,0,1,1,0,0,0,0,1,1,1
200600074054,6,12,12,830,5,1,1,1,4591000,671000,3,2,0,0,0,0,0,70,1,0,1,0,1,0,1,0,1
200600074055,6,12,31,1800,3,1,1,1,4611900,610800,3,2,2,0,2,1,0,70,1,0,1,0,1,0,2,0,1
200600074057,6,12,2,30,3,1,1,2,4611700,627500,3,2,2,0,1,1,0,70,1,0,1,0,1,0,0,1,1
200600074058,6,12,22,1430,5,1,1,3,4606900,586200,3,2,2,0,1,1,0,125,1,0,1,0,1,0,1,0,1
200600074059,6,12,3,1545,1,1,1,3,4637000,632100,3,2,2,0,1,1,0,95,1,0,1,0,0,0,2,0,1
200600074060,6,12,18,1430,1,2,1,1,4627300,638300,3,2,0,0,1,3,0,90,1,2,1,0,1,0,1,0,1
200600074062,6,12,15,2100,3,1,1,1,4636000,660900,3,2,2,0,0,1,0,54,1,0,1,0,2,0,1,0,1
200600074064,6,12,19,1530,1,1,1,3,4573900,333800,3,2,2,0,1,2,0,0,2,5,1,0,1,0,2,0,1
200600074065,6,12,22,1045,1,2,1,3,4578900,301700,3,2,3,0,2,1,0,94,2,0,1,0,0,0,3,0,1
200600074067,6,12,14,1745,3,1,1,1,4566100,339300,3,2,2,0,1,1,0,50,1,0,1,0,1,0,0,1,1
200600074073,6,12,26,1715,3,1,9,6,4605600,327200,3,2,2,0,1,1,0,68,9,0,3,0,0,1,0,0,1
200600074074,6,12,31,1445,1,1,1,7,4621300,284200,3,2,2,0,1,1,0,55,0,0,1,0,0,0,0,1,1
200600074076,6,12,14,1055,1,1,1,7,4586000,340400,3,2,2,0,1,1,0,56,1,0,3,0,0,0,1,0,1
200600074077,6,12,21,1700,1,1,1,6,4586800,334600,3,2,0,0,1,1,0,53,1,0,1,0,1,0,1,0,1
200600074079,6,12,8,1800,3,1,2,1,4590000,342000,3,2,2,0,1,1,0,60,2,0,1,0,4,0,0,1,1
200600074081,6,12,13,1500,1,1,1,5,4649000,336000,2,2,3,0,1,1,0,112,1,0,1,0,3,1,0,0,1
200600074085,6,12,7,2200,3,1,1,6,4640800,304900,3,2,2,0,1,1,0,72,1,0,1,0,0,1,0,0,1
200600074089,6,12,3,1400,1,1,2,6,4664200,273300,4,2,2,0,2,1,0,50,2,0,3,0,1,0,2,0,1
200600074091,6,12,7,1245,1,1,2,6,4610000,348000,4,2,2,0,1,3,0,54,2,0,3,0,0,0,1,0,1
200600074093,6,12,23,1830,3,1,1,7,4628100,359500,3,2,2,0,4,2,0,57,1,0,3,0,0,1,1,0,1
200600074095,6,12,12,715,3,3,9,3,4622500,343500,2,2,2,0,2,3,0,0,2,5,1,0,1,0,1,0,1
200600074096,6,12,30,845,1,1,8,7,4624600,343000,2,2,2,0,1,1,0,71,9,0,0,0,1,0,1,0,1
200600074099,6,12,18,1345,1,1,1,6,4499800,254300,3,2,0,0,0,2,0,56,1,0,0,0,0,0,1,0,1
200600074105,6,12,15,1200,1,1,1,7,4506200,383700,3,2,2,0,1,2,0,73,1,0,1,0,0,0,0,1,1
200600074106,6,12,18,300,3,1,4,6,4505600,375500,3,2,2,0,2,1,0,75,7,0,3,0,0,0,1,0,1
200600074107,6,12,23,1715,2,1,1,3,4502000,383400,3,2,2,0,1,1,0,62,1,0,1,0,2,0,1,0,1
200600074108,6,12,14,845,1,1,1,4,4497000,384500,2,2,2,0,4,1,0,70,1,0,1,0,6,0,1,0,1
200600074109,6,12,27,1530,1,1,1,6,4489400,416400,3,2,1,0,2,4,0,67,1,0,3,0,0,1,0,0,1
200600074110,6,12,6,1600,1,1,8,6,4498600,361500,3,2,2,0,0,2,0,0,2,0,3,0,0,0,1,0,1
200600074111,6,12,31,2230,3,1,1,1,4508800,405300,2,2,3,0,2,2,0,123,1,0,1,0,5,0,1,0,1
200600074112,6,12,16,845,1,1,2,6,4507700,404600,2,2,2,0,1,3,0,65,2,0,1,0,2,0,1,0,1
200600074115,6,12,25,1430,1,1,8,6,4533300,336900,2,2,0,0,1,1,0,0,1,0,3,0,0,0,1,0,1
200600074116,6,12,7,1445,1,1,8,7,4521000,349000,2,2,3,0,0,1,0,0,2,0,3,0,0,0,1,0,1
200600074117,6,12,22,815,1,1,1,3,4518000,351000,2,2,3,0,2,3,0,108,1,0,1,0,1,1,0,0,1
200600074118,6,12,21,2015,5,1,1,3,4529100,319700,3,2,2,0,1,3,0,93,1,5,1,0,0,0,0,1,1
200600074119,6,12,23,1515,1,1,1,2,4538900,332300,3,2,0,0,1,1,0,69,1,0,1,0,1,0,2,0,1
200600074120,6,12,26,1700,2,1,9,1,4527600,332500,3,2,2,0,2,1,0,70,7,0,1,0,0,0,2,0,1
200600074123,6,12,7,1845,3,1,1,6,4527900,425000,3,2,2,0,2,3,0,64,1,0,3,0,0,0,1,0,1
200600074126,6,12,8,1345,1,1,1,6,4923900,617600,3,2,2,0,1,1,0,70,1,0,1,3,1,0,1,0,1
200600074127,6,12,1,1230,1,1,1,6,4896300,629900,3,1,1,0,0,2,0,0,1,0,3,0,1,0,1,1,1
200600074128,6,12,9,655,2,1,8,6,4902200,639800,3,2,0,0,2,2,0,50,2,0,3,0,0,0,2,0,1
200600074129,6,12,14,800,1,1,1,6,4900100,617600,3,2,2,0,1,1,0,50,1,0,1,0,0,0,1,1,1
200600074130,6,12,15,715,2,1,9,6,4901700,624500,3,2,2,0,1,2,0,58,7,0,3,0,0,0,0,2,1
200600074131,6,12,22,800,2,1,5,6,4900700,620700,4,2,0,0,2,1,0,63,7,0,1,0,1,0,1,0,1
200600074134,6,12,18,945,1,1,5,6,4930500,644100,3,2,2,0,1,1,0,69,2,0,3,0,0,0,1,0,1
200600074136,6,12,8,2115,3,1,1,6,4884600,645300,3,2,2,0,1,1,0,50,1,0,3,0,0,0,1,0,1
200600074137,6,12,14,1300,1,1,5,1,4889800,662600,3,2,2,0,1,2,0,43,1,0,1,0,1,0,1,0,1
200600074139,6,12,12,1330,1,1,1,6,4896900,660200,3,2,1,0,1,0,0,0,1,0,1,0,0,0,1,0,1
200600074140,6,12,22,1300,1,1,1,6,4895300,666500,2,3,2,0,1,1,0,65,1,0,3,0,0,0,1,0,1
200600074142,6,12,5,1845,3,1,1,7,4905300,679100,3,2,1,0,3,1,0,60,1,0,3,0,1,0,0,1,1
200600074146,6,12,16,1215,1,1,1,6,4873800,685800,3,2,2,0,0,1,60,0,1,0,3,0,0,0,0,1,1
200600074155,6,12,8,1315,1,1,1,6,4860200,609700,4,1,1,0,2,2,0,69,1,0,1,0,1,0,1,0,1
200600074159,6,12,20,1830,3,1,1,6,4837700,612500,3,2,0,0,1,1,0,70,1,0,3,0,0,1,0,0,1
200600074165,6,12,1,1515,1,1,1,6,4863100,591100,3,2,2,0,0,2,0,0,1,0,1,0,1,0,1,0,1
200600074167,6,12,9,1500,1,2,1,3,4882300,511300,3,2,2,0,1,1,60,0,1,5,1,0,1,0,1,0,1
200600074169,6,12,31,800,2,1,8,6,4875400,512000,3,2,2,0,1,1,0,75,2,0,3,0,0,0,1,0,1
200600074170,6,12,16,215,5,9,9,6,4868600,530900,2,2,2,0,3,3,0,58,7,3,1,0,1,0,1,0,1
200600074171,6,12,22,1845,5,1,1,3,4863900,502000,3,2,2,0,1,1,0,60,1,0,1,0,1,0,1,0,1
200600074173,6,12,28,1400,1,2,1,3,4868700,502300,2,2,2,0,4,1,0,111,1,5,1,0,2,0,1,2,1
200600074174,6,12,16,315,3,1,1,6,4871500,547800,3,2,2,0,1,3,0,68,7,0,3,0,1,0,1,0,1
200600074175,6,12,9,1030,1,1,1,6,4950200,539200,2,2,0,0,1,2,0,75,1,0,3,0,0,0,1,0,1
200600074176,6,12,22,1600,1,1,9,7,4936100,536800,3,2,0,0,3,4,0,0,7,0,1,0,0,0,1,0,1
200600074178,6,12,14,2045,5,1,2,2,4911000,507200,3,2,0,0,2,1,0,75,2,0,1,0,1,0,1,0,1
200600074179,6,12,4,900,1,1,3,2,4821500,649700,3,2,2,0,1,1,0,60,2,0,3,0,1,0,1,0,1
200600074180,6,12,7,1730,3,1,1,1,4821000,617100,3,2,2,0,1,1,0,75,2,5,1,0,1,2,0,0,1
200600074184,6,12,8,1300,1,1,1,6,4823700,642400,3,2,2,0,1,1,70,0,1,0,1,0,1,0,1,0,1
200600074185,6,12,14,1800,3,1,5,3,4835700,572500,3,2,2,0,1,1,0,105,2,0,1,0,0,0,1,2,1