Num_Acc,an,mois,jour,hrmn,lum,int,atm,col,lat,long,catr,circ,nbv,vosp,prof,plan,lartpc,larrout,surf,infra,situ,env1,unscathed,killed,hospital,light,chance
200600074186,6,12,10,1715,3,1,1,1,4819600,580100,3,2,2,0,1,2,0,65,1,0,3,0,0,1,2,0,1
200600074188,6,12,8,830,1,1,2,3,4795200,663400,2,2,2,0,2,2,0,80,2,0,1,0,1,0,4,0,1
200600074189,6,12,19,1745,5,1,1,6,4788300,676600,2,2,2,0,1,1,0,70,1,0,1,0,1,0,1,0,1
200600074192,6,12,21,1115,1,1,1,7,4835700,686600,3,2,1,0,2,3,0,40,7,0,1,0,0,0,1,1,1
200600074193,6,12,8,930,1,9,1,7,4837700,758800,3,2,2,0,4,1,0,75,1,1,1,0,0,0,1,0,1
200600074194,6,12,30,1245,1,1,1,3,4832200,770700,4,2,2,0,1,0,0,63,1,5,1,0,1,0,1,0,1
200600074195,6,12,10,430,5,1,1,6,4843100,770100,3,2,2,0,1,1,0,70,1,0,3,0,3,0,2,0,1
200600074198,6,12,31,1915,5,3,1,3,4854800,757000,4,2,2,0,1,1,0,67,1,5,0,0,1,0,1,0,1
200600074200,6,12,28,1545,1,1,1,7,4853300,749900,3,2,2,0,1,1,61,0,1,0,1,0,0,0,1,0,1
200600074204,6,12,14,1300,1,1,1,1,4891700,741000,3,2,0,0,3,3,0,0,1,0,1,0,0,0,2,0,1
200600074206,6,12,22,1715,5,1,1,7,4894600,718800,3,2,2,0,2,1,0,80,1,0,1,0,0,0,1,0,1
200600074207,6,12,22,2100,3,1,8,7,4895600,737000,3,2,2,0,0,1,0,64,2,0,3,0,0,0,1,0,1
200600074209,6,12,12,1015,1,1,1,1,4875700,770400,3,2,1,0,1,1,0,58,1,0,1,0,0,0,2,0,1
200600074211,6,12,9,1045,1,1,1,1,4870400,748400,3,2,0,0,0,2,0,65,1,0,1,0,2,0,2,0,1
200600074212,6,12,6,630,5,6,1,3,4863000,762000,3,2,0,0,1,1,0,60,1,5,1,0,1,0,1,0,1
200600074213,6,12,8,1930,5,2,9,3,4866000,760000,4,2,2,0,2,1,0,50,1,0,1,0,1,0,0,1,1
200600074215,6,12,23,1100,1,1,1,6,4866800,755100,3,2,2,0,2,1,0,0,7,0,0,0,0,0,1,0,1
200600074218,6,12,22,1730,3,1,1,1,4835100,746100,2,2,0,0,1,1,0,0,1,0,1,0,1,0,1,0,1
200600074219,6,12,17,1230,1,1,1,6,4898900,795900,3,2,2,0,0,3,0,60,1,0,3,0,0,1,0,0,1
200600074220,6,12,23,2200,3,1,1,6,4891900,782100,3,2,2,0,1,1,0,53,1,0,3,0,0,1,0,0,1
200600074221,6,12,9,1915,3,1,1,6,4894500,772600,3,2,1,0,2,1,0,999,1,0,3,0,2,1,0,0,1
200600074222,6,12,19,1530,1,1,1,7,4896300,775900,4,2,0,0,0,1,0,40,1,0,3,0,0,0,1,0,1
200600074226,6,12,14,745,2,1,1,6,4813100,716700,3,2,2,0,0,1,0,0,1,0,1,0,0,0,1,0,1
200600074227,6,12,8,745,2,1,8,1,4804600,719400,3,2,0,0,1,1,0,0,2,0,1,0,1,0,1,0,1
200600074228,6,12,9,2100,3,1,1,7,4804900,712600,3,2,2,0,1,1,0,0,1,0,1,0,2,0,2,0,1
200600074229,6,12,7,1745,1,1,1,2,4814400,732600,3,2,1,0,2,1,0,66,1,0,1,0,1,0,1,0,1
200600074232,6,12,27,2215,5,1,1,5,4769800,727500,3,2,0,0,1,1,0,74,1,0,1,0,2,0,2,0,1
200600074233,6,12,18,2030,4,1,1,7,4758600,712900,3,2,0,0,1,3,0,70,1,0,1,0,0,0,0,3,1
200600074234,6,12,18,1630,2,1,1,2,4783200,728700,3,2,2,0,3,3,0,60,1,3,1,0,1,0,1,0,1
200600074235,6,12,21,1800,3,1,1,1,4789000,731500,3,2,1,0,1,1,0,51,1,0,1,0,0,0,2,0,1
200600074236,6,12,29,1830,5,1,1,6,4754300,749300,3,2,2,0,1,2,0,65,1,0,1,0,1,0,1,0,1
200600074237,6,12,31,2000,3,1,1,1,4767400,748000,3,2,0,0,1,1,0,62,1,0,1,0,3,0,1,0,1
200600074240,6,12,17,1830,5,9,1,6,4776100,709200,3,2,0,0,4,3,0,0,2,2,1,0,0,0,1,0,1
200600074245,6,12,3,1215,1,2,2,3,4906600,387000,2,2,2,0,1,1,25,87,2,0,1,0,1,0,0,1,1
200600074246,6,12,8,415,3,1,2,6,4903600,399600,3,2,2,0,1,1,0,72,2,0,3,0,0,1,0,0,1
200600074249,6,12,28,900,1,3,1,3,4901300,390500,3,2,2,0,2,2,0,76,2,0,1,0,1,0,0,2,1
200600074251,6,12,24,530,3,1,1,6,4893000,381000,3,2,2,0,0,1,0,0,1,2,1,0,1,0,1,0,1
200600074253,6,12,10,900,1,1,5,6,4869100,375500,3,2,2,0,1,1,0,71,2,0,3,0,0,1,1,0,1
200600074254,6,12,29,2145,3,1,1,7,4856200,379800,3,2,2,0,1,2,0,60,2,2,1,0,2,0,1,0,1
200600074257,6,12,22,1015,1,1,1,1,4924900,378100,3,2,0,0,1,3,0,64,2,0,1,0,1,0,1,0,1
200600074259,6,12,13,1730,5,2,1,3,4870000,455100,3,2,2,0,1,1,0,66,1,5,1,0,2,0,1,0,1
200600074260,6,12,22,1745,2,1,1,1,4873300,457300,2,2,2,0,1,1,0,0,1,0,1,0,2,0,1,0,1
200600074261,6,12,2,2245,3,1,1,6,4862100,473000,3,2,2,0,2,2,0,67,1,0,3,0,0,1,0,0,1
200600074262,6,12,2,1000,1,1,1,3,4891500,483400,3,2,2,0,3,1,0,63,1,0,1,0,1,0,1,0,1
200600074263,6,12,23,1045,1,1,8,1,4909400,489200,3,2,2,0,1,1,70,70,2,0,1,0,3,0,1,0,1
200600074267,6,12,9,1900,3,1,1,1,4974200,466400,3,2,0,0,0,1,0,60,1,0,1,0,1,0,1,2,1
200600074269,6,12,22,1230,1,1,8,7,4991000,463700,3,2,2,3,2,1,0,0,2,0,1,0,0,0,1,0,1
200600074270,6,12,11,645,3,1,2,4,4997000,466000,3,2,0,0,1,1,0,60,2,0,1,0,2,0,1,0,1
200600074271,6,12,17,1515,5,1,1,6,4993600,464000,3,2,0,0,1,1,0,76,1,0,1,0,1,0,1,0,1
200600074272,6,12,20,1215,1,1,2,1,4995800,434600,3,2,2,0,1,3,0,46,2,0,1,0,6,1,0,0,1
200600074273,6,12,23,1745,5,1,5,6,4989300,453500,4,2,2,0,1,1,0,62,2,0,1,0,1,0,1,0,1
200600074274,6,12,11,1600,5,1,2,3,4970200,490600,3,2,2,0,1,1,0,61,2,5,1,3,1,0,1,0,1
200600074275,6,12,16,1045,1,9,7,1,4971500,499300,3,2,2,0,3,4,0,60,1,0,1,0,1,0,1,0,1
200600074276,6,12,14,1830,2,1,1,1,4939900,458300,3,2,2,0,1,3,0,70,1,0,1,0,0,2,0,0,1
200600074278,6,12,24,2045,3,1,5,1,4944700,466200,3,2,2,0,2,3,60,0,2,0,1,0,0,0,0,2,1
200600074279,6,12,15,1015,1,1,7,6,4951300,436100,4,2,1,0,1,0,0,71,1,0,1,0,0,0,1,0,1
200600074280,6,12,20,1130,1,1,1,6,4952600,437400,6,1,1,0,1,1,0,44,1,0,1,0,1,0,0,1,1
200600074282,6,12,21,1745,2,1,1,6,4967700,420100,3,2,2,0,1,1,0,36,2,0,3,0,0,0,1,0,1
200600074283,6,12,17,1157,1,1,5,5,4814000,399800,3,2,2,0,1,3,0,76,2,0,1,0,1,0,4,0,1
200600074284,6,12,15,2015,3,1,1,2,4817900,414200,3,2,2,0,1,1,0,57,1,0,1,0,1,0,1,0,1
200600074286,6,12,17,500,3,1,1,7,4813000,436100,2,2,0,0,0,1,0,60,2,0,1,0,0,0,1,0,1
200600074287,6,12,29,1700,2,1,1,1,4813600,436000,3,2,2,0,1,1,0,118,1,0,1,0,2,0,2,0,1
200600074291,6,12,27,1845,3,2,1,5,4851700,368100,3,2,2,0,0,1,0,0,1,5,1,0,4,0,0,2,1
200600074292,6,12,16,2145,3,1,2,6,4808000,496600,3,2,2,0,1,3,0,75,2,0,3,0,0,1,0,0,1
200600074295,6,12,16,1515,1,1,8,6,4780800,543500,3,2,0,0,1,1,0,70,2,0,1,0,1,0,1,0,1
200600074299,6,12,30,1445,1,1,1,6,4844800,514000,6,0,0,0,2,1,0,0,1,0,1,0,1,0,1,0,1
200600074306,6,12,2,930,1,1,1,6,4734300,447100,1,3,2,0,1,1,20,75,1,0,3,0,2,0,3,0,1
200600074308,6,12,29,1445,1,1,5,3,4733500,515900,3,2,0,0,0,1,0,57,1,0,1,0,0,1,0,1,1
200600074309,6,12,13,430,3,1,5,2,4717100,540200,2,2,2,0,1,3,0,0,2,0,1,0,1,0,1,0,1
200600074310,6,12,18,1615,1,1,1,7,4717000,535400,3,2,2,0,1,1,0,60,1,0,3,0,0,0,1,0,1
200600074313,6,12,31,1930,5,1,2,6,4728700,539100,3,2,2,0,1,1,0,70,2,0,4,0,0,0,1,0,1
200600074314,6,12,9,30,3,1,2,6,4730500,472200,1,3,0,0,2,1,0,74,2,0,1,0,0,1,0,2,1
200600074315,6,12,9,1445,1,1,8,7,4737600,483700,3,2,2,0,0,3,0,0,2,0,3,0,0,0,2,0,1
200600074316,6,12,18,745,2,1,1,3,4705000,484100,3,2,2,0,2,1,0,85,1,0,1,0,1,0,1,0,1
200600074317,6,12,26,1715,3,1,8,1,4714300,448500,3,2,0,0,1,1,0,75,1,0,1,0,0,0,2,0,1
200600074318,6,12,1,1900,3,1,5,1,4711200,533000,3,2,2,0,1,1,0,70,1,0,1,0,2,1,0,0,1
200600074321,6,12,12,2130,3,1,5,6,4673000,322200,4,2,2,0,1,2,0,30,2,0,3,0,0,0,1,0,1
200600074322,6,12,20,2100,3,1,1,2,4690300,315600,2,2,3,0,2,1,0,218,1,0,1,0,1,0,2,0,1
200600074324,6,12,8,15,5,1,8,6,4746000,352000,3,2,2,0,2,1,0,81,2,0,1,0,1,0,1,0,1
200600074326,6,12,10,630,5,1,5,6,4754700,298800,3,2,0,0,4,2,0,46,2,0,4,0,0,0,1,0,1
200600074327,6,12,22,1705,5,1,5,3,4627500,479900,2,2,2,0,1,1,0,0,1,0,1,0,1,0,0,1,1
200600074328,6,12,12,2030,4,1,1,3,4624700,479700,3,2,2,0,4,1,0,46,1,0,1,0,1,0,1,0,1
200600074329,6,12,7,1815,5,1,3,1,4649700,482700,3,2,2,0,4,1,0,75,2,0,1,0,1,1,0,0,1
200600074332,6,12,3,945,1,1,1,7,4669800,393900,3,2,2,0,2,4,0,60,1,0,1,0,0,0,1,0,1
200600074333,6,12,1,1615,1,1,1,3,4684200,475300,3,2,2,0,1,1,0,0,1,0,1,0,1,1,0,0,1
200600074335,6,12,30,2100,5,1,8,1,4685000,464000,3,2,2,0,1,2,0,62,2,0,1,0,1,0,1,0,1
200600074337,6,12,16,1730,2,1,1,5,4674900,464800,2,2,0,0,1,1,0,0,0,0,0,0,2,0,2,0,1
200600074338,6,12,22,2130,3,1,8,3,4675000,466000,3,2,0,0,2,1,0,51,2,0,1,0,1,0,1,0,1
200600074343,6,12,31,245,3,1,8,7,4644600,422300,2,2,2,0,1,1,0,75,2,0,3,0,0,0,1,0,1
200600074345,6,12,24,500,5,1,9,1,4648000,398000,4,2,2,0,1,1,0,72,9,0,1,0,0,0,4,2,1
200600074346,6,12,24,1830,3,1,9,6,4645000,401000,3,2,2,0,2,1,0,0,9,0,1,0,0,0,1,0,1
200600074348,6,12,12,1130,1,1,8,6,4653600,384500,3,2,2,0,1,1,0,72,2,0,3,0,0,0,1,0,1
200600074354,6,12,22,1745,5,1,1,3,4675000,517000,3,2,2,0,1,1,0,60,1,5,1,0,0,0,3,0,1
200600074359,6,12,13,1800,5,1,1,3,4787000,356000,4,1,1,0,1,1,0,49,1,0,1,0,1,0,0,2,1
200600074360,6,12,31,1,3,1,1,6,4784700,355100,2,2,3,0,1,1,0,150,2,0,1,0,2,0,1,0,1
200600074361,6,12,13,1830,5,1,1,7,4798300,339400,3,2,2,0,0,0,50,0,1,0,1,0,1,0,2,0,1
200600074363,6,12,22,815,1,1,9,1,4825000,324300,3,0,0,0,1,1,0,0,7,0,1,0,2,0,0,1,1
200600074369,6,12,21,2200,3,1,9,6,4774300,418100,3,2,2,0,1,0,0,70,7,0,3,0,0,1,0,0,1
200600074377,6,12,16,2345,5,1,8,6,4729300,635700,3,2,0,0,1,2,0,64,2,0,3,0,0,0,2,0,1
200600074379,6,12,21,1415,1,1,1,1,4695900,616400,3,2,1,0,2,3,0,76,1,0,1,0,1,1,0,1,1
200600074380,6,12,29,800,2,1,1,6,4695400,604600,3,2,2,0,0,1,0,70,1,0,3,0,0,0,1,0,1
200600074383,6,12,6,1410,1,1,8,1,4696200,585800,3,2,0,0,1,1,0,72,2,0,1,0,1,0,1,1,1
200600074388,6,12,2,915,1,1,1,1,4740200,606500,2,2,2,0,1,3,0,81,1,0,1,0,1,0,1,0,1
200600074397,6,12,14,930,1,1,1,6,4773200,678700,3,2,2,0,1,2,0,66,1,0,3,0,0,1,0,0,1
200600074407,6,12,13,1145,1,1,1,1,4342900,535600,3,2,2,0,1,1,0,0,1,0,1,0,0,0,1,1,1
200600074408,6,12,19,915,1,1,1,2,4344100,539800,2,3,1,0,1,1,0,0,1,5,1,0,1,0,1,0,1
200600074409,6,12,22,100,3,1,1,6,4389100,490300,3,2,2,0,1,1,0,0,1,0,1,0,0,0,1,0,1
200600074410,6,12,4,500,3,1,8,6,4352700,484100,2,3,4,0,0,1,200,140,2,0,3,0,0,1,0,0,1
200600074411,6,12,16,2000,3,1,6,2,4351600,485400,2,3,2,0,1,1,0,70,1,0,1,0,2,1,0,0,1
200600074417,6,12,11,2130,3,1,1,1,4343500,556500,2,2,2,0,1,4,70,70,1,0,1,0,0,1,1,0,1
200600074418,6,12,12,400,5,6,1,6,4338200,560500,3,2,2,0,1,1,0,72,1,5,1,0,0,4,0,0,1
200600074422,6,12,31,1615,1,9,1,6,4368600,506400,3,2,2,2,1,1,0,110,1,0,3,0,1,1,0,0,1
200600074423,6,12,15,2115,3,1,1,1,4372000,521500,3,2,2,0,1,1,0,60,1,0,1,0,0,1,2,1,1
200600074424,6,12,8,1630,1,9,2,2,4349500,521900,3,3,0,0,3,3,0,0,2,3,1,0,3,0,1,0,1
200600074425,6,12,22,1645,1,9,1,3,4353200,519700,2,2,2,0,0,1,0,55,1,0,1,0,1,0,1,0,1
200600074431,6,12,16,1000,1,1,8,6,4423900,625700,3,2,2,0,2,2,0,50,7,0,3,0,0,0,1,4,1
200600074432,6,12,12,1445,1,1,1,6,4395500,682000,2,2,2,0,1,1,0,70,1,0,1,0,0,0,2,0,1
200600074436,6,12,1,1645,2,1,1,2,4418700,594900,2,2,1,0,0,1,0,0,1,0,1,0,1,0,1,1,1
200600074442,6,12,22,530,3,1,1,6,4426300,582400,3,2,2,0,1,3,0,82,9,0,3,0,0,1,0,0,1
200600074444,6,12,26,1745,3,1,1,1,4436300,591800,3,2,2,0,1,1,0,71,1,0,2,0,4,0,0,1,1
200600074447,6,12,19,1800,5,1,1,6,4449600,612700,3,2,2,0,1,1,0,70,1,0,1,0,1,0,1,0,1
200600074450,6,12,4,1645,1,1,1,4,4479500,656300,2,2,2,0,2,1,0,70,1,0,1,0,2,0,1,1,1
200600074451,6,12,19,1530,1,1,1,3,4456600,620100,2,2,2,0,1,1,0,70,1,0,1,0,2,0,1,0,1
200600074452,6,12,23,1730,3,1,1,1,4457600,617600,2,2,2,0,1,1,0,0,1,0,1,0,0,0,6,0,1
200600074455,6,12,1,1415,1,1,1,3,4377000,736100,3,2,2,0,1,1,0,74,1,0,1,0,1,0,0,1,1
200600074462,6,12,15,900,1,1,1,6,4354900,693800,2,3,3,0,1,1,0,0,1,0,1,0,1,0,2,0,1
200600074464,6,12,18,1700,1,1,1,7,4369600,713100,3,3,0,0,2,1,3,63,1,0,3,0,0,1,1,0,1
200600074465,6,12,21,1445,1,1,1,1,4373800,716600,4,2,1,0,2,2,0,44,1,0,1,0,0,0,1,1,1
200600074469,6,12,26,1630,1,1,1,3,4395800,690300,2,2,2,0,1,2,72,0,2,0,1,0,2,0,1,0,1
200600074470,6,12,9,700,2,1,5,6,4403600,709900,3,2,1,0,2,2,0,55,2,0,1,0,0,0,0,1,1
200600074481,6,12,22,1345,1,1,1,1,4351000,573500,3,0,1,0,0,0,30,0,0,0,0,0,1,0,1,0,1
200600074482,6,12,23,1530,1,1,1,1,4345500,586600,4,2,0,0,1,2,0,70,1,0,1,0,2,0,1,1,1
200600074484,6,12,10,1930,3,1,1,2,4346600,666000,3,2,2,0,1,1,0,79,1,0,1,0,1,0,1,1,1
200600074495,6,12,15,1030,1,1,1,3,4313200,608100,3,2,2,2,1,1,22,76,1,5,1,0,1,0,1,0,1
200600074496,6,12,24,1500,1,1,1,3,4313300,607700,3,2,2,2,1,1,0,140,1,2,1,0,2,0,2,0,1
200600074500,6,12,1,1845,3,1,1,1,4393600,493000,2,2,2,0,2,1,0,72,1,0,1,0,0,1,1,0,1
200600074501,6,12,13,730,2,1,1,7,4388600,495600,3,2,0,0,1,1,0,72,1,0,3,0,0,0,1,0,1
200600074510,6,12,29,1715,2,1,8,7,4402300,490800,4,2,0,0,2,4,0,0,2,0,1,0,0,0,1,0,1
200600074511,6,12,13,1800,4,1,1,6,4389800,556800,3,2,2,0,0,4,0,60,1,0,1,0,1,0,1,0,1
200600074516,6,12,3,930,1,1,1,1,4410700,492900,3,2,2,0,1,2,0,0,1,0,3,0,1,0,1,0,1
200600074517,6,12,14,1615,1,1,9,6,4423900,514600,4,2,2,0,1,1,0,53,7,0,3,0,1,0,2,0,1
200600074518,6,12,18,1115,1,1,1,5,4398500,498200,4,2,2,0,1,0,0,48,1,0,1,0,2,0,1,0,1
200600074519,6,12,27,1400,1,1,1,1,4396300,504300,3,2,2,0,1,1,0,69,1,0,1,0,0,0,2,0,1
200600074521,6,12,28,610,3,1,9,7,4418700,474700,3,2,0,0,1,2,0,0,7,0,1,0,0,0,1,0,1
200600074534,6,12,2,2200,3,1,1,7,4365000,403200,3,2,2,0,1,4,0,50,2,0,1,0,0,0,1,0,1
200600074538,6,12,15,800,2,1,1,2,4370200,316600,3,2,0,0,2,1,0,70,1,0,1,0,1,0,1,0,1
200600074539,6,12,3,1700,1,1,1,1,4329300,311500,3,2,2,0,1,1,0,74,1,0,1,0,2,0,1,0,1
200600074540,6,12,28,445,3,1,9,6,4341600,313600,3,2,2,0,1,1,0,53,7,0,3,0,0,0,1,0,1
200600074544,6,12,29,1800,5,1,1,2,4348600,348000,3,2,0,0,1,1,0,0,1,0,1,0,2,0,1,0,1
200600074546,6,12,10,1815,3,1,1,6,4326900,328400,3,2,2,0,1,1,0,76,1,0,1,0,1,1,0,0,1
200600074548,6,12,3,1900,3,1,1,1,4364700,343300,3,2,2,0,0,1,0,60,1,0,1,0,0,0,1,1,1
200600074549,6,12,5,1745,3,1,1,4,4358600,349500,3,2,2,0,1,3,0,0,1,0,1,0,2,0,0,1,1
200600074550,6,12,15,1345,1,1,2,5,4362500,343800,2,2,2,0,1,1,72,0,2,0,1,0,1,0,1,1,1
200600074551,6,12,21,2030,3,1,1,7,4352400,351800,3,2,2,0,2,1,0,40,1,0,1,0,0,0,1,0,1
200600074554,6,12,30,2100,5,1,1,3,4350000,371000,3,2,2,0,1,0,0,90,1,5,1,0,1,0,1,0,1
200600074556,6,12,17,430,3,1,8,6,4344800,357000,3,2,2,0,1,1,0,77,2,0,1,0,1,1,0,0,1
200600074557,6,12,3,1745,3,1,1,5,4324400,223000,3,2,2,0,1,1,0,57,1,0,1,0,1,2,1,0,1
200600074559,6,12,9,1100,3,1,1,6,4331300,234100,3,2,2,0,4,1,0,0,1,0,1,0,0,0,1,0,1
200600074560,6,12,31,400,3,1,1,6,4328300,251700,3,2,2,0,0,2,0,60,2,0,1,0,0,0,1,3,1
200600074562,6,12,14,1845,5,3,1,3,4336500,196400,3,1,1,0,1,1,0,49,1,5,1,0,2,0,2,0,1
200600074563,6,12,14,2200,3,1,1,6,4334300,187800,3,0,0,0,0,1,0,94,1,0,3,0,0,0,1,0,1
200600074564,6,12,29,915,1,1,1,1,4333200,202600,3,2,2,0,0,1,0,58,7,0,1,0,4,0,1,0,1
200600074565,6,12,11,1315,1,1,7,1,4305800,221400,3,4,3,0,0,1,0,82,1,5,1,0,1,0,1,0,1
200600074578,6,12,13,1930,3,1,1,6,4358900,434700,3,2,0,0,1,3,0,0,1,0,1,0,0,0,1,1,1
200600074579,6,12,31,2330,3,1,5,7,4402900,402900,3,2,2,0,1,1,0,60,2,0,1,0,2,0,1,0,1
200600074582,6,12,18,845,1,1,1,7,4418700,408200,3,2,0,0,2,2,0,60,1,0,1,0,0,0,1,0,1
200600074583,6,12,9,900,1,1,1,3,4403400,411200,3,2,2,0,0,2,0,60,2,2,0,0,0,1,1,1,1
200600074584,6,12,13,1600,1,1,1,1,4408200,411600,3,2,2,0,0,1,0,75,1,0,1,0,1,0,1,0,1
200600074585,6,12,17,2045,3,1,1,2,4405400,414000,2,3,2,0,2,1,15,90,1,0,1,0,1,0,2,0,1
200600074586,6,12,2,500,3,1,8,6,4421300,424800,3,2,2,0,2,1,0,62,1,0,3,0,1,0,3,0,1
200600074587,6,12,11,1100,1,1,1,6,4426200,419200,3,2,2,0,1,1,0,75,1,6,1,0,1,0,1,0,1
200600074593,6,12,3,1400,1,1,2,6,4388200,454700,4,2,2,0,1,1,0,43,2,0,3,0,0,1,0,0,1
200600074600,6,12,6,1815,3,1,1,3,4395400,463400,2,2,2,0,1,1,0,75,1,0,1,0,1,0,3,0,1
200600074602,6,12,27,415,3,1,1,7,4400500,476800,3,2,0,0,1,1,0,56,1,0,1,0,0,0,2,0,1
200600074603,6,12,16,1145,1,1,3,6,4396400,368900,3,2,2,0,0,3,0,70,2,0,0,0,0,0,0,1,1
200600074606,6,12,8,1615,1,1,2,3,4429200,388700,4,2,1,0,2,3,0,33,2,0,0,0,2,0,1,0,1
200600074607,6,12,1,1200,1,1,1,1,4420100,339300,3,0,2,0,2,3,0,47,1,0,1,0,0,0,2,2,1
200600074608,6,12,9,2015,5,1,8,2,4480000,327900,3,2,2,0,2,1,0,75,2,0,1,0,2,0,0,2,1
200600074611,6,12,7,1915,3,1,1,7,4276400,268600,3,2,2,0,0,2,0,0,1,0,3,0,0,0,1,0,1
200600074622,6,12,3,1715,1,2,1,3,4265000,251500,2,2,2,0,2,1,0,0,1,3,1,0,1,1,0,1,1
200600074623,6,12,15,1415,1,1,3,3,4265000,256600,2,2,0,0,2,3,0,70,2,0,1,0,1,0,1,1,1
200600074628,6,12,29,400,3,1,1,7,4166000,930500,2,2,1,0,1,1,0,71,2,0,3,0,0,1,0,0,1
200600074632,6,12,26,1630,2,1,1,7,4289600,941000,3,2,0,0,0,1,0,60,1,0,3,0,1,0,0,1,1
200600074633,6,12,11,1745,3,1,1,2,4261600,889400,2,2,2,0,1,1,0,0,1,0,1,0,1,0,0,1,1
200600074635,6,12,23,2115,3,1,1,6,4241200,918300,3,2,0,0,0,0,0,0,0,0,0,0,1,1,0,0,1
200600074638,6,12,5,1,3,1,1,6,4243300,943700,3,2,2,0,1,2,0,56,1,0,1,0,0,0,0,1,1
200600074639,6,12,12,1430,1,1,1,1,4251600,944900,2,2,2,0,1,1,0,72,1,0,1,0,1,0,1,0,1
200600074643,6,12,22,1,3,1,1,6,4885500,164100,3,2,0,0,1,1,60,0,1,0,3,0,0,0,1,0,1
200600074644,6,12,31,1500,1,1,1,1,4896100,171600,3,2,2,0,2,1,0,73,2,0,1,0,0,0,2,3,1
200600074645,6,12,8,1445,1,1,2,3,4851600,179600,2,2,0,0,1,1,0,0,2,0,1,0,2,0,2,0,1
200600074647,6,12,17,700,5,1,8,7,4880600,179400,2,3,2,0,1,1,50,189,2,0,2,0,0,0,1,0,1
200600074651,6,12,10,1530,1,1,1,1,4855000,243300,9,0,0,0,1,0,70,0,1,0,1,0,0,0,0,4,1
200600074659,6,12,18,2015,3,1,9,1,4870300,225100,3,2,2,0,2,1,0,77,1,0,1,0,1,0,1,0,1
200600074661,6,12,15,2315,3,1,1,1,4860500,222500,3,2,2,0,1,1,0,70,2,0,1,0,3,0,0,1,1
200600074669,6,12,26,1230,1,1,8,1,4913200,204800,3,2,2,0,2,1,0,62,2,0,1,0,1,0,1,0,1
200600074674,6,12,26,1115,1,1,5,6,4865700,269600,3,2,2,0,1,1,0,0,2,0,3,0,0,0,1,0,1
200600074675,6,12,17,1700,2,2,8,3,4847400,285700,3,2,2,0,1,1,0,0,2,5,1,0,2,0,0,5,1
200600074676,6,12,1,2230,3,1,1,7,4859500,285200,3,2,2,0,1,1,0,0,1,0,3,0,0,0,1,0,1
200600074677,6,12,14,1645,2,2,1,3,4879600,286700,2,2,2,0,1,1,0,72,1,0,1,0,1,0,1,0,1
200600074679,6,12,19,2345,3,1,9,5,4882800,287600,2,3,2,0,1,1,0,0,1,5,1,0,3,0,1,1,1
200600074680,6,12,31,1245,1,1,8,5,4885400,283600,3,2,0,0,4,3,0,73,9,2,1,0,2,0,1,1,1
200600074681,6,12,21,1130,1,2,1,1,4875000,324000,3,2,0,0,1,2,0,55,7,0,1,0,0,0,0,2,1
200600074684,6,12,26,1930,3,1,1,6,4899000,310000,3,2,2,0,0,3,0,60,1,0,3,0,0,0,1,0,1
200600074685,6,12,27,2230,5,1,1,2,4895000,307000,2,2,2,0,1,1,36,51,1,5,1,0,0,0,1,2,1
200600074686,6,12,2,1030,1,6,1,3,4882400,281800,3,2,1,0,1,3,0,0,1,5,1,0,1,0,1,0,1
200600074690,6,12,28,2200,3,1,1,7,4870100,289900,9,0,2,0,0,3,0,60,1,0,3,0,0,0,1,0,1
200600074691,6,12,9,1430,1,1,1,6,4830400,294000,3,0,2,0,4,0,56,0,1,0,1,0,0,0,1,5,1
200600074692,6,12,13,735,2,1,8,2,4824800,291100,3,2,0,0,0,1,0,0,2,0,3,0,1,0,1,0,1
200600074693,6,12,17,1930,3,1,2,6,4824800,291000,3,2,0,0,1,1,0,0,2,0,3,0,1,0,1,0,1
200600074694,6,12,21,845,1,1,9,1,4828100,277000,3,2,0,0,2,1,0,55,7,0,1,0,0,0,2,0,1
200600074695,6,12,27,1415,1,1,8,1,4823200,273200,3,2,0,0,1,1,0,51,1,0,1,0,1,0,0,1,1
200600074696,6,12,3,1145,1,1,1,2,4906800,214100,2,2,4,0,2,1,0,150,2,0,1,0,2,0,2,0,1
200600074697,6,12,7,730,2,1,2,3,4912300,212100,3,2,2,0,1,1,0,70,2,0,1,0,1,0,0,1,1
200600074698,6,12,12,2230,5,1,1,6,4852000,235900,3,2,2,0,1,1,0,65,1,0,3,0,1,0,1,0,1
200600074699,6,12,12,830,1,1,5,1,4907800,231900,2,2,2,0,1,1,0,72,1,0,1,0,1,0,1,0,1
200600074701,6,12,14,900,1,1,1,6,4805300,169800,4,2,2,0,1,1,0,102,1,0,1,0,3,0,1,0,1
200600074704,6,12,20,900,1,1,1,1,4789200,203200,4,2,0,0,1,3,0,0,2,0,1,0,0,0,1,1,1
200600074706,6,12,14,1715,5,1,1,1,4772000,194800,4,2,2,0,1,1,0,60,2,0,1,3,1,1,0,0,1