Num_Acc,an,mois,jour,hrmn,lum,int,atm,col,lat,long,catr,circ,nbv,vosp,prof,plan,lartpc,larrout,surf,infra,situ,env1,unscathed,killed,hospital,light,chance
200500000661,5,1,29,1630,1,1,1,6,4516200,186900,2,2,2,0,1,1,0,74,1,0,3,0,0,0,2,0,1
200500000662,5,1,14,1600,1,1,7,7,4527700,203200,3,2,0,0,2,3,0,60,1,0,1,3,2,0,1,0,1
200500000664,5,1,10,1700,1,1,7,3,4529100,139200,3,2,2,0,1,1,0,66,1,0,1,0,1,0,0,1,1
200500000665,5,1,13,1200,1,1,1,3,4527000,140100,3,2,0,0,0,0,0,74,0,0,0,0,1,0,1,0,1
200500000666,5,1,24,1845,5,1,1,6,4526200,140500,3,2,2,0,2,1,0,52,1,0,0,0,1,0,1,0,1
200500000667,5,1,10,800,1,1,1,6,4550400,229600,3,2,2,0,1,1,0,0,1,0,3,0,0,0,1,0,1
200500000668,5,1,15,1745,1,2,1,3,4565800,246700,2,0,2,0,3,1,0,75,1,5,1,0,1,1,1,0,1
200500000669,5,1,4,945,1,1,1,1,4559400,192000,3,2,2,0,1,1,0,62,1,0,1,0,1,0,1,0,1
200500000670,5,1,8,930,1,1,9,6,4552200,217100,3,2,2,0,0,0,0,71,7,0,1,0,0,0,2,0,1
200500000671,5,1,31,1030,1,1,5,1,4620600,223900,3,2,2,0,0,1,0,0,2,0,1,0,0,1,1,0,1
200500000672,5,1,6,2315,3,1,1,2,4620100,178500,2,0,2,0,2,2,0,73,1,0,1,0,1,1,0,0,1
200500000673,5,1,4,1030,1,1,1,6,4587200,236900,3,2,2,0,2,2,0,56,1,0,1,0,1,0,1,0,1
200500000674,5,1,18,1830,3,1,4,6,4600800,216200,3,2,2,0,2,1,0,74,7,0,1,0,0,0,0,2,1
200500000675,5,1,31,1945,4,1,5,6,4602900,213800,3,2,1,0,2,3,0,73,2,0,3,3,0,0,1,0,1
200500000676,5,1,18,945,1,1,2,1,4594000,165200,2,2,2,0,0,3,0,84,2,0,1,0,2,0,1,0,1
200500000677,5,1,9,1645,1,1,1,6,4362700,157300,3,2,0,0,1,2,0,50,1,0,3,0,0,0,1,0,1
200500000678,5,1,10,1500,1,1,1,3,4359800,158800,2,2,2,0,2,2,0,90,1,0,1,0,1,0,0,1,1
200500000679,5,1,19,1400,1,1,2,1,4352300,149900,3,2,1,1,1,1,0,80,2,5,1,0,1,0,0,1,1
200500000680,5,1,28,1145,1,1,4,6,4347600,144900,3,2,1,0,1,1,0,62,1,0,3,0,0,0,1,0,1
200500000681,5,1,11,830,1,1,5,1,4379400,134400,2,2,3,0,1,2,0,103,2,0,1,0,0,0,2,0,1
200500000682,5,1,8,1715,1,1,1,6,4357500,130400,9,2,2,0,1,3,0,60,1,0,1,0,1,0,0,1,1
200500000683,5,1,10,2115,4,1,8,1,4354200,137100,3,2,2,3,1,1,57,39,1,0,1,0,4,1,0,0,1
200500000684,5,1,26,1345,1,2,9,3,4353000,140400,3,3,0,1,1,1,20,160,1,5,1,0,1,0,0,1,1
200500000689,5,1,17,1015,1,1,1,6,4371400,140000,3,2,2,0,1,1,0,70,1,0,3,0,0,1,0,0,1
200500000692,5,1,19,1045,1,1,1,2,4346800,129200,3,2,0,0,1,1,0,60,1,0,1,0,3,0,0,1,1
200500000694,5,1,1,500,5,1,1,6,4330000,146000,3,2,2,0,2,3,0,60,1,0,1,0,0,0,0,1,1
200500000700,5,1,23,1730,1,9,2,6,4310800,83300,3,2,2,0,1,2,0,60,2,0,0,0,0,0,0,2,1
200500000701,5,1,1,2245,5,3,8,6,4338600,83500,3,2,2,0,1,1,0,90,1,5,3,0,0,0,1,0,1
200500000702,5,1,9,300,3,1,1,7,4321500,87400,3,2,2,0,1,1,0,55,1,0,3,0,0,0,1,0,1
200500000703,5,1,2,930,1,1,2,6,4307000,96000,3,2,2,0,0,2,0,70,2,0,3,0,0,1,2,0,1
200500000704,5,1,22,315,3,1,1,7,4306000,97000,3,2,2,0,1,1,0,60,1,0,3,0,0,0,0,1,1
200500000705,5,1,7,1915,3,1,1,6,4338300,171000,3,2,0,0,1,1,0,55,1,0,3,0,0,0,1,0,1
200500000706,5,1,25,1645,1,1,8,3,4338800,162500,3,2,0,0,3,2,0,58,1,2,1,0,1,0,0,1,1
200500000707,5,1,11,700,3,1,5,6,4347500,174800,3,2,2,0,1,1,0,70,2,5,1,0,1,0,1,0,1
200500000708,5,1,17,830,1,1,1,6,4291000,164000,3,2,2,0,0,2,70,84,1,0,1,0,1,0,0,4,1
200500000710,5,1,12,1445,1,1,1,4,4292900,183800,3,2,2,0,2,1,0,90,1,0,1,0,6,0,1,1,1
200500000711,5,1,12,2115,5,1,1,6,4285000,160000,3,1,1,0,1,0,20,60,1,0,1,0,0,0,1,0,1
200500000713,5,1,2,1200,1,1,1,6,4311000,191000,3,2,2,0,2,1,0,65,2,0,3,0,0,0,1,0,1
200500000714,5,1,16,815,1,1,9,7,4307000,181000,3,2,2,0,1,1,0,55,7,0,1,0,0,0,0,2,1
200500000715,5,1,29,1045,1,1,1,1,4300000,188000,3,2,2,0,3,1,0,70,5,0,1,0,2,0,0,1,1
200500000716,5,1,14,1345,1,1,1,1,4298700,114200,3,2,2,0,1,1,0,79,1,5,1,0,1,0,1,0,1
200500000720,5,1,23,1015,1,1,3,3,4430900,239500,3,2,0,0,1,2,0,78,2,0,1,0,2,0,1,0,1
200500000721,5,1,20,415,3,1,2,1,4439000,270000,2,2,2,0,1,2,0,74,2,0,3,0,1,0,0,1,1
200500000722,5,1,15,1630,1,1,1,3,4420000,233000,4,0,0,0,1,1,0,85,1,0,1,0,2,0,1,0,1
200500000723,5,1,21,1630,1,1,2,5,4445900,242400,2,2,2,0,4,2,0,75,2,0,1,0,5,0,3,0,1
200500000726,5,1,1,2000,5,1,1,1,4446500,297100,3,2,2,1,1,1,0,76,1,0,1,0,0,0,1,1,1
200500000727,5,1,7,1530,1,1,7,3,4397500,319900,3,2,0,0,2,1,0,78,1,5,1,0,0,0,2,2,1
200500000728,5,1,9,715,3,1,5,7,4407800,299100,3,2,2,0,4,1,0,76,1,0,3,0,0,0,0,2,1
200500000731,5,1,4,1845,5,1,1,3,4434700,203700,3,2,0,0,0,1,0,0,1,0,1,0,1,0,0,1,1
200500000732,5,1,25,1630,1,1,1,6,4432200,202900,3,2,2,0,3,1,0,67,1,0,3,0,0,0,0,1,1
200500000733,5,1,28,1930,3,1,4,1,4441900,204100,3,2,2,0,1,1,0,69,5,0,1,0,1,0,1,1,1
200500000735,5,1,19,830,5,1,1,7,4361800,107300,3,0,2,0,0,1,0,0,1,0,1,0,0,2,0,0,1
200500000737,5,1,3,1245,1,1,1,7,4374000,37400,2,2,2,0,1,3,0,70,1,0,1,0,0,0,1,0,1
200500000742,5,1,13,1400,1,1,1,6,4346000,57900,3,2,2,0,1,1,0,65,1,0,3,0,0,0,1,0,1
200500000743,5,1,17,1345,1,1,1,6,4348600,29400,3,2,2,0,1,2,0,50,1,0,3,0,0,0,0,1,1
200500000744,5,1,9,1100,1,1,1,3,4367800,-8400,3,2,0,0,0,1,0,70,1,0,1,0,1,0,1,0,1
200500000746,5,1,12,2300,1,1,1,5,4457200,202900,3,2,2,0,0,1,0,60,1,0,1,0,2,0,1,0,1
200500000749,5,1,19,1730,1,1,8,6,4488400,186800,3,2,2,0,2,1,0,74,1,0,1,0,1,1,0,0,1
200500000754,5,1,12,745,5,1,1,1,4328900,11300,2,2,2,0,1,1,77,0,1,0,1,0,1,1,0,0,1
200500000755,5,1,18,1700,1,1,8,5,4317200,26700,2,2,0,0,1,1,0,74,2,0,1,0,2,0,1,0,1
200500000759,5,1,12,1345,2,1,1,7,4378800,214700,3,2,2,0,1,1,0,70,1,0,3,0,0,0,0,1,1
200500000761,5,1,25,1200,1,1,9,1,4377800,218900,9,2,2,0,1,3,0,65,7,0,1,0,1,0,1,1,1
200500000762,5,1,28,630,3,1,1,5,4380500,218400,2,2,3,0,2,2,0,35,1,0,1,0,0,0,0,3,1
200500000763,5,1,6,1115,3,1,2,6,4364700,205100,3,2,2,0,1,1,0,60,2,0,1,0,0,0,1,0,1
200500000765,5,1,2,1800,3,1,2,6,4367000,192700,3,2,0,0,1,3,0,68,2,0,1,0,0,1,0,0,1
200500000766,5,1,7,1015,1,1,5,7,4368200,222300,2,2,0,0,2,1,0,70,2,0,3,0,0,0,6,34,1
200500000767,5,1,14,615,2,1,1,6,4389100,187000,3,2,0,0,2,1,71,0,1,0,3,0,0,1,0,0,1
200500000769,5,1,4,1715,1,1,7,3,4385500,180200,3,2,2,0,0,3,0,71,1,5,1,0,0,0,2,3,1
200500000770,5,1,8,200,3,1,5,6,4381300,170400,3,2,2,0,3,2,0,67,2,0,3,0,1,0,1,1,1
200500000771,5,1,8,1800,3,1,1,1,4383900,186700,3,2,0,0,0,1,0,61,2,0,1,0,1,0,1,0,1
200500000772,5,1,4,1800,3,1,1,1,4346900,209100,3,2,2,0,2,1,0,62,1,0,3,0,2,1,0,0,1
200500000773,5,1,11,1030,1,1,7,6,4357800,201000,3,2,2,0,2,1,0,113,1,0,1,0,1,0,0,1,1
200500000774,5,1,1,345,3,1,2,6,4380100,119400,3,2,2,0,1,2,40,0,2,0,3,0,0,0,1,0,1
200500000776,5,1,11,1130,1,1,1,6,4416600,153900,3,2,0,0,1,1,0,70,1,0,1,0,1,0,2,0,1
200500000778,5,1,22,800,2,1,2,7,4424200,178300,3,2,2,0,1,3,0,55,2,0,0,0,0,0,1,1,1
200500000779,5,1,27,1745,2,1,1,6,4385900,101600,3,2,2,0,2,1,50,50,1,0,3,0,0,1,0,0,1
200500000780,5,1,27,1630,1,1,1,6,4392200,136800,3,2,0,0,1,1,0,0,1,0,1,0,1,0,1,0,1
200500000781,5,1,9,1130,1,1,1,6,4428100,114800,3,2,2,0,1,1,0,60,1,0,3,0,0,0,0,1,1
200500000782,5,1,11,1830,2,1,8,6,4433700,96600,3,2,2,0,0,2,0,60,1,0,3,0,0,1,0,0,1
200500000783,5,1,5,1545,1,1,1,1,4417300,108900,3,2,2,0,2,1,67,0,1,0,1,0,0,0,3,0,1
200500000784,5,1,19,1545,1,1,2,6,4412600,114700,3,2,2,0,2,3,62,0,2,0,1,0,0,0,2,0,1
200500000785,5,1,7,2100,3,9,5,7,4386800,109600,3,2,0,0,4,4,0,87,2,0,1,0,0,1,0,0,1
200500000788,5,1,14,1500,5,1,1,6,4573600,500100,3,2,2,0,3,1,0,80,1,0,1,0,1,1,0,0,1
200500000789,5,1,14,1900,5,1,1,6,4572700,498500,3,3,0,0,1,1,0,0,1,5,1,0,1,0,1,0,1
200500000790,5,1,23,1345,1,1,4,3,4574800,500800,4,2,2,0,0,2,0,50,2,0,1,0,1,0,0,1,1
200500000791,5,1,31,1330,1,1,1,6,4579000,502800,3,2,1,0,1,1,0,60,1,0,3,0,0,0,0,1,1
200500000797,5,1,19,1100,1,1,9,6,4571900,461400,3,2,2,0,0,4,0,62,2,0,3,0,0,0,0,1,1
200500000800,5,1,6,1615,1,2,9,1,4601200,465000,3,2,2,0,2,3,0,0,2,5,1,0,1,0,1,0,1
200500000805,5,1,8,1515,1,1,8,7,4615600,459100,4,2,2,0,2,1,0,0,1,0,4,0,0,0,1,0,1
200500000806,5,1,3,930,1,1,9,7,4608000,475000,3,2,2,0,0,1,0,60,7,0,3,0,0,0,0,1,1
200500000807,5,1,19,1315,1,1,1,6,4611700,476100,3,2,2,0,2,3,0,65,1,2,3,0,2,0,0,1,1
200500000808,5,1,21,1630,1,1,8,3,4611400,474700,4,0,0,0,1,1,0,50,2,0,1,0,1,0,0,1,1
200500000810,5,1,22,2115,3,1,1,6,4604300,471800,2,2,0,0,1,2,0,110,2,0,3,0,0,0,1,0,1
200500000811,5,1,8,1530,1,1,1,5,4587400,465600,3,2,0,0,1,2,0,0,1,0,5,0,0,0,0,3,1
200500000812,5,1,11,900,1,1,7,2,4600500,433000,3,2,0,0,1,1,0,0,1,0,1,0,2,0,0,1,1
200500000813,5,1,19,1215,1,1,2,1,4598600,433600,3,2,2,0,2,2,62,0,2,0,1,0,0,0,1,1,1
200500000815,5,1,9,1900,3,1,1,1,4640200,491900,3,2,2,0,4,1,0,60,1,0,1,0,0,0,0,1,1
200500000816,5,1,19,1315,1,1,1,1,4614400,531700,3,2,2,0,1,1,0,65,1,0,1,0,1,0,0,1,1
200500000822,5,1,17,700,2,3,5,3,4597500,581100,3,2,0,0,0,1,0,60,2,0,1,0,1,0,0,1,1
200500000824,5,1,24,1630,1,1,1,3,4586800,580100,3,2,0,0,1,4,0,68,1,0,1,0,1,0,1,0,1
200500000826,5,1,9,945,1,1,9,1,4617600,557200,3,2,0,0,0,1,0,70,2,0,3,0,3,0,0,2,1
200500000829,5,1,17,1700,2,3,5,1,4631200,606700,2,2,2,0,1,1,0,0,2,0,1,0,0,0,0,2,1
200500000832,5,1,28,1715,2,1,1,2,4598800,475300,3,2,0,0,1,1,0,0,2,0,1,0,0,0,0,1,1
200500000833,5,1,21,2330,5,1,2,3,4616800,501000,3,2,2,0,1,1,0,65,2,0,1,0,1,0,0,3,1
200500000835,5,1,21,2245,3,1,3,7,4624500,506800,3,2,2,0,1,2,0,51,2,0,3,0,0,0,1,1,1
200500000836,5,1,10,1100,1,2,1,3,4593100,504200,3,2,2,0,1,1,30,60,1,5,0,0,0,0,0,2,1
200500000837,5,1,22,700,3,1,3,6,4600300,490300,3,2,2,0,1,1,0,65,2,0,3,0,0,1,0,0,1
200500000839,5,1,30,1830,2,1,1,1,4610000,476000,3,2,1,0,1,0,0,0,1,0,1,0,1,0,1,1,1
200500000840,5,1,9,1545,1,1,1,1,4465500,444000,4,0,0,0,1,0,0,0,1,0,1,0,1,0,1,0,1
200500000841,5,1,1,600,3,1,1,7,4431600,455800,3,2,2,0,1,4,0,70,1,0,1,0,0,0,0,1,1
200500000842,5,1,20,1030,1,1,5,6,4451200,468200,2,2,0,0,1,2,42,0,2,0,3,0,0,0,1,0,1
200500000844,5,1,8,1530,1,1,1,6,4479000,468900,3,0,0,0,0,0,0,0,0,0,0,0,0,0,0,1,1
200500000846,5,1,5,800,4,1,1,3,4491000,482000,3,2,2,0,2,1,0,60,2,0,1,0,0,1,0,1,1
200500000847,5,1,6,1615,1,1,1,6,4526000,470000,2,2,2,0,0,1,0,71,1,0,3,0,0,0,3,1,1
200500000849,5,1,16,1700,3,2,1,3,4491700,502800,3,2,2,0,1,1,0,72,1,0,3,0,0,0,1,2,1
200500000850,5,1,30,615,3,1,1,2,4491600,496800,3,2,2,0,1,1,0,80,1,0,1,0,1,0,1,0,1
200500000853,5,1,29,1930,3,1,1,5,4475900,479100,3,0,2,3,0,0,0,130,1,7,1,0,2,0,0,2,1
200500000857,5,1,13,730,1,1,1,5,4440500,506400,3,2,2,0,2,1,0,54,1,0,1,0,2,0,1,1,1
200500000858,5,1,14,1630,1,1,1,6,4436500,514000,4,2,0,0,1,1,0,42,1,0,1,0,1,0,0,1,1
200500000861,5,1,7,745,2,1,1,1,4501900,488600,3,2,2,0,0,1,0,70,0,0,1,0,1,0,0,1,1
200500000862,5,1,17,530,3,1,5,5,4503000,486900,2,2,2,0,4,1,0,73,2,5,1,0,3,0,2,0,1
200500000863,5,1,10,1415,1,1,7,6,4512800,569900,2,4,2,0,1,1,0,110,1,5,1,0,1,0,0,1,1
200500000864,5,1,10,2045,5,1,1,3,4540100,607700,3,2,2,0,1,1,0,61,1,0,1,0,3,0,1,0,1
200500000865,5,1,14,2000,3,1,1,3,4540400,597700,2,2,2,0,1,1,0,70,1,0,1,0,0,0,0,2,1
200500000869,5,1,3,645,5,1,1,6,4529900,594600,3,2,2,0,1,1,0,90,1,0,1,0,1,0,0,1,1
200500000871,5,1,7,2230,3,1,1,6,4534900,597600,3,2,2,0,2,3,0,67,1,2,1,0,0,3,1,0,1
200500000872,5,1,14,745,1,1,1,6,4527200,590000,4,2,0,0,1,3,0,30,7,0,3,0,0,0,0,1,1
200500000875,5,1,24,730,2,1,1,6,4507700,555300,3,2,0,0,1,0,0,58,2,0,1,0,1,0,1,1,1
200500000879,5,1,3,1630,1,1,1,1,4513500,577700,3,2,2,0,4,3,0,70,1,0,3,0,3,0,0,1,1
200500000881,5,1,14,1800,5,1,9,6,4508000,577100,9,2,2,0,1,1,0,50,7,0,1,0,0,0,1,0,1
200500000883,5,1,10,1230,1,1,1,3,4515800,531600,4,2,0,0,0,1,60,0,1,0,1,0,1,0,1,0,1
200500000884,5,1,7,1100,1,1,2,1,4534900,557400,4,2,2,0,2,1,0,75,1,5,1,0,1,0,1,0,1
200500000885,5,1,22,1600,1,1,2,1,4534600,548900,3,2,2,0,2,2,0,0,2,0,1,0,1,0,1,0,1
200500000887,5,1,6,1815,3,1,9,6,4542500,551700,3,3,2,0,0,3,0,62,7,0,3,0,0,0,0,1,1
200500000888,5,1,18,1530,1,1,4,6,4543700,543100,3,2,0,0,1,3,0,64,7,0,3,0,0,0,0,1,1
200500000889,5,1,20,1500,1,1,2,3,4553800,551100,4,2,0,0,1,0,0,48,2,0,1,0,1,0,0,1,1
200500000890,5,1,25,1700,1,1,1,4,4543400,551300,3,2,2,0,1,1,0,50,1,0,1,0,2,0,0,1,1
200500000891,5,1,28,1930,3,1,1,6,4542600,542600,3,2,2,0,2,3,0,66,1,0,1,0,0,0,0,1,1
200500000892,5,1,4,1000,1,1,2,6,4577000,540300,2,2,2,0,1,2,0,70,2,0,1,0,0,0,0,1,1
200500000893,5,1,6,1100,1,1,8,1,4575400,540400,2,2,0,0,1,1,0,70,2,0,1,0,1,0,1,0,1
200500000894,5,1,8,1130,1,7,1,3,4582000,540200,4,2,2,0,1,1,0,61,0,0,1,3,1,0,0,1,1
200500000895,5,1,28,1300,1,1,1,6,4582200,535500,3,2,0,0,0,3,0,50,1,0,1,0,0,0,0,1,1
200500000896,5,1,31,915,1,1,1,7,4572400,541700,2,2,2,0,1,1,0,70,1,0,1,0,0,0,0,2,1
200500000897,5,1,8,845,1,1,9,6,4569600,542400,3,2,0,0,1,1,0,0,7,0,1,0,1,0,1,0,1
200500000898,5,1,8,830,1,1,9,7,4566700,541200,3,2,1,0,2,0,0,0,7,0,3,0,0,0,0,1,1
200500000902,5,1,9,515,3,1,9,6,4540700,502200,3,2,0,0,2,3,0,60,0,0,3,0,0,1,0,0,1
200500000904,5,1,24,900,1,1,4,1,4539600,522400,3,2,0,0,1,1,0,0,0,0,1,0,2,0,0,1,1
200500000905,5,1,8,1530,1,2,1,1,4558800,500000,3,2,0,0,1,0,60,0,1,0,0,0,1,0,0,1,1
200500000906,5,1,11,1100,1,1,1,1,4559800,506200,3,2,0,0,1,1,0,70,1,0,1,0,0,0,0,2,1
200500000908,5,1,5,1200,1,1,1,6,4576200,517900,3,2,2,0,1,1,0,65,1,0,1,0,1,0,0,1,1
200500000910,5,1,6,1345,1,1,1,6,4537500,480700,4,2,2,0,1,1,0,0,1,0,0,3,1,0,0,1,1
200500000915,5,1,15,215,3,1,1,6,4537000,443100,3,2,2,0,2,3,0,52,1,0,3,0,1,0,1,0,1
200500000916,5,1,4,730,3,1,1,3,4549200,430800,3,2,2,0,2,1,0,71,1,0,1,0,1,0,0,1,1
200500000917,5,1,20,1730,1,1,8,1,4551900,437700,3,2,2,0,2,2,0,66,2,0,1,0,1,0,2,1,1
200500000918,5,1,18,1730,1,1,4,3,4581300,378200,2,2,2,0,1,2,0,76,5,5,1,0,2,0,1,0,1
200500000919,5,1,15,1815,5,1,1,1,4575600,422100,9,2,2,0,1,1,35,70,1,5,1,3,1,0,0,1,1
200500000922,5,1,9,1515,1,1,1,1,4543300,454000,3,2,0,0,2,4,0,38,2,0,1,0,0,0,2,0,1
200500000923,5,1,30,1115,1,2,1,3,4542300,468300,3,2,2,0,1,1,0,0,1,5,1,3,1,0,0,2,1
200500000925,5,1,24,1130,1,1,4,7,4595800,423100,3,2,2,0,2,2,0,60,5,0,1,0,0,0,0,1,1
200500000926,5,1,12,1415,1,1,2,6,4616400,417500,4,1,1,0,1,1,0,50,2,0,1,0,1,0,1,0,1
200500000928,5,1,8,1330,1,1,1,1,4610900,387000,3,2,0,0,2,2,0,44,0,0,1,0,3,0,1,0,1
200500000929,5,1,15,200,3,6,5,7,4620800,381600,2,2,2,0,1,3,0,80,2,5,1,0,0,0,15,37,1
200500000931,5,1,26,1430,1,1,1,1,4575900,600300,3,2,2,0,2,2,0,72,1,0,1,0,1,1,0,0,1
200500000932,5,1,7,2000,3,1,1,1,4555500,595400,3,2,2,0,1,1,0,68,1,0,1,0,1,0,1,1,1
200500000935,5,1,7,1600,1,1,9,6,4576700,580300,3,2,2,0,4,2,0,55,7,0,1,0,1,0,0,2,1
200500000938,5,1,26,1045,1,1,1,2,4575400,641100,3,2,0,0,1,1,0,130,1,0,1,0,1,0,1,0,1
200500000942,5,1,19,815,1,1,4,1,4521500,648300,2,2,0,0,1,1,0,95,5,0,1,0,0,0,0,2,1
200500000943,5,1,20,1015,1,1,4,1,4523000,677100,2,2,0,0,1,4,0,80,5,0,1,0,1,0,0,1,1
200500000945,5,1,25,1715,1,1,1,6,4583500,602200,3,2,2,0,0,3,0,0,1,0,1,0,1,0,0,1,1
200500000947,5,1,6,2230,3,1,1,6,4597700,638800,3,2,0,0,2,2,0,0,7,0,3,0,0,1,0,0,1
200500000948,5,1,15,1845,3,1,2,6,4596200,638700,3,2,2,0,1,2,0,57,2,0,1,0,1,0,1,0,1
200500000951,5,1,4,1730,2,1,1,6,4590700,663800,4,2,2,0,2,1,0,40,1,0,1,0,1,0,0,1,1
200500000954,5,1,26,1715,1,1,1,1,4590500,665000,2,2,3,0,2,1,0,230,1,0,1,0,1,0,1,0,1
200500000955,5,1,18,1045,1,1,8,1,4604800,625400,2,2,2,0,2,3,0,70,2,0,1,0,0,0,1,1,1
200500000959,5,1,12,2215,3,1,2,1,4613000,606000,2,2,2,0,1,3,0,80,2,0,1,0,0,0,2,1,1
200500000960,5,1,13,800,2,9,5,3,4613000,608000,2,4,3,3,2,1,0,131,2,3,1,0,1,0,0,1,1
200500000965,5,1,26,1045,1,1,4,3,4611800,601200,2,2,2,0,1,1,0,100,5,0,1,0,2,0,0,1,1
200500000966,5,1,11,1200,1,1,1,2,4609900,583300,2,2,2,0,1,1,0,78,1,0,1,0,0,0,1,1,1
200500000968,5,1,27,2000,5,1,1,1,4600000,593700,3,2,2,0,4,1,0,48,1,0,1,0,2,0,0,1,1
200500000969,5,1,5,45,3,1,1,6,4627700,639600,3,0,2,0,1,1,0,60,1,0,1,0,0,0,1,1,1
200500000970,5,1,24,1900,5,1,9,7,4633100,635900,2,2,2,0,1,1,0,76,2,0,1,0,1,0,1,0,1
200500000971,5,1,4,1300,1,1,7,1,4629500,675600,3,2,2,0,1,2,0,62,1,0,1,0,2,0,0,1,1
200500000972,5,1,6,615,3,1,4,6,4638100,657100,4,1,1,0,2,2,0,47,7,0,3,0,1,0,0,1,1
200500000973,5,1,3,1245,1,1,1,1,4578800,330600,3,2,0,0,1,3,0,62,1,0,1,0,0,1,2,0,1
200500000974,5,1,14,1945,3,1,1,4,4572400,330800,3,2,2,0,1,1,0,70,1,0,1,0,2,0,1,2,1
200500000975,5,1,15,1430,1,1,1,1,4573900,333700,3,2,2,0,4,1,0,69,1,0,1,0,1,0,1,0,1
200500000978,5,1,26,730,1,1,4,5,4578200,329200,2,2,2,0,2,1,0,70,5,0,1,0,3,0,0,1,1
200500000979,5,1,26,2000,5,1,1,6,4575600,328100,3,2,2,0,1,1,0,55,1,0,1,0,0,0,1,0,1
200500000981,5,1,14,715,2,1,9,6,4569500,320000,4,2,0,0,1,1,0,72,7,0,4,3,0,1,0,0,1
200500000982,5,1,1,1130,1,1,1,6,4545400,344400,3,0,0,0,1,2,0,35,2,0,3,0,0,1,0,0,1
200500000983,5,1,9,1115,1,1,1,7,4559800,339500,3,2,0,0,1,1,60,50,1,0,1,0,0,0,1,0,1
200500000985,5,1,15,1100,1,9,1,1,4544900,331400,3,2,0,0,1,1,0,90,1,0,1,0,1,0,1,0,1
200500000988,5,1,1,1800,5,1,1,6,4600000,329000,3,3,2,0,1,1,5,67,1,0,3,0,0,1,0,0,1
200500000989,5,1,11,1500,1,1,1,2,4604100,321100,2,2,0,0,1,1,0,83,1,0,1,0,1,0,0,1,1
200500000991,5,1,25,1615,1,1,4,3,4610800,282500,3,2,0,0,2,1,0,0,5,0,1,0,1,0,0,2,1
200500000993,5,1,12,1915,5,1,2,6,4584800,352000,2,3,0,0,1,1,0,60,0,0,1,0,1,1,0,0,1
200500000995,5,1,10,945,1,1,1,6,4576100,353600,9,2,2,0,1,1,0,57,1,0,1,0,1,0,1,0,1
200500000996,5,1,12,1600,1,1,8,7,4578100,349600,3,2,2,0,2,3,0,63,8,0,3,0,0,0,1,0,1
200500000997,5,1,22,1845,3,1,2,3,4599200,348800,3,2,0,0,1,4,0,0,2,0,1,0,1,0,2,0,1
200500000998,5,1,26,800,1,1,4,3,4588500,331500,3,2,1,0,1,1,0,65,5,0,1,0,1,0,0,1,1
200500001001,5,1,7,1200,1,1,1,3,4631300,329200,2,2,0,0,1,0,0,0,1,0,1,0,1,0,0,1,1
200500001002,5,1,10,1245,1,1,1,1,4619300,318600,3,2,0,0,1,1,0,62,1,0,1,0,2,0,1,0,1
200500001005,5,1,22,1845,5,1,1,6,4629300,275200,3,2,0,0,0,1,0,79,0,0,1,0,1,1,0,0,1
200500001006,5,1,26,1345,1,1,6,7,4634100,268000,2,2,2,0,2,1,0,77,1,0,0,0,0,0,1,0,1
200500001007,5,1,25,930,1,1,1,6,4619000,325800,2,2,2,0,1,1,0,78,1,0,3,0,0,0,1,0,1
200500001008,5,1,23,215,3,1,2,6,4632500,352100,3,2,2,0,1,1,0,62,2,2,3,0,0,1,0,2,1
200500001009,5,1,22,900,1,1,8,7,4478000,245000,3,2,2,0,1,1,0,78,2,0,3,0,0,0,1,2,1
200500001010,5,1,18,1630,1,1,4,7,4510500,289500,3,2,0,0,2,1,0,65,5,0,3,0,1,0,0,1,1
200500001011,5,1,6,1745,1,9,8,6,4496700,354400,4,2,2,0,4,2,0,0,2,0,4,0,0,0,0,1,1
200500001012,5,1,15,1000,1,1,1,6,4499900,368100,3,2,0,0,4,3,0,62,1,0,1,0,0,0,0,3,1
200500001013,5,1,9,1530,1,1,1,6,4537200,378800,3,2,2,0,2,2,0,63,2,0,1,0,0,1,0,0,1
200500001016,5,1,12,1030,1,1,1,6,4531500,342100,3,2,2,0,1,1,0,0,1,0,3,0,1,0,0,1,1
200500001018,5,1,13,1200,1,1,1,1,4534000,333600,3,2,1,0,1,1,0,33,1,0,1,0,1,0,0,1,1
200500001019,5,1,8,1230,1,3,7,3,4520500,403800,3,2,2,0,1,1,0,81,2,5,1,0,1,0,0,1,1
200500001020,5,1,17,1730,1,1,1,6,4514700,411800,4,2,2,0,2,2,63,60,0,0,3,0,2,0,0,1,1
200500001023,5,1,7,730,2,1,1,2,4537100,426500,2,3,2,0,2,1,10,90,1,0,1,0,2,0,1,0,1
200500001024,5,1,14,845,1,1,1,3,4526300,428100,3,2,2,0,3,1,0,70,1,0,1,0,0,0,0,2,1
200500001025,5,1,14,1645,1,1,1,3,4532100,429700,3,2,2,0,2,1,0,90,1,0,1,0,2,0,0,2,1
200500001030,5,1,29,1745,2,1,9,5,4916300,610800,3,2,2,0,2,3,0,0,7,0,1,0,1,0,0,3,1
200500001035,5,1,19,1815,1,1,7,1,4918200,664800,3,4,2,0,1,2,0,61,1,0,1,0,1,0,0,1,1
200500001036,5,1,21,1745,5,1,1,6,4921300,669600,9,1,2,0,0,1,0,60,1,0,1,0,1,0,0,1,1