Num_Acc,an,mois,jour,hrmn,lum,int,atm,col,lat,long,catr,circ,nbv,vosp,prof,plan,lartpc,larrout,surf,infra,situ,env1,unscathed,killed,hospital,light,chance
200500012865,5,3,11,845,1,7,1,6,4562000,467000,6,0,0,0,1,0,0,0,1,6,4,0,1,0,0,1,1
200500012866,5,3,19,1945,3,1,1,5,4563300,472700,3,4,0,0,1,1,0,150,1,0,1,0,6,0,0,2,1
200500012867,5,3,26,100,3,1,1,2,4562000,471000,3,2,2,0,4,1,0,72,1,0,1,0,2,0,1,0,1
200500012869,5,3,6,1545,1,1,4,1,4613600,465800,3,2,0,0,1,3,0,0,2,0,1,0,3,0,0,2,1
200500012870,5,3,14,745,1,1,1,1,4615000,472000,3,2,0,0,1,2,0,0,1,0,1,0,1,0,0,1,1
200500012871,5,3,14,1145,1,1,1,3,4611000,474000,3,2,0,0,2,1,0,0,1,0,1,0,1,0,0,1,1
200500012885,5,3,30,1000,1,1,1,6,4602600,551100,3,2,2,0,0,1,70,0,1,0,0,0,0,0,0,2,1
200500012887,5,3,25,1600,1,8,1,1,4591100,535100,4,2,2,0,1,1,0,57,1,4,0,0,2,0,0,1,1
200500012895,5,3,25,1745,1,9,1,3,4623000,599000,6,2,0,0,1,1,0,0,1,0,1,0,3,0,0,1,1
200500012896,5,3,11,1930,3,6,1,3,4599100,479700,3,2,0,0,1,2,0,0,1,5,1,0,1,0,0,1,1
200500012897,5,3,19,1800,1,1,7,7,4599000,480000,3,0,2,0,0,1,0,184,1,0,1,0,0,0,0,2,1
200500012898,5,3,6,1945,3,1,1,5,4611800,515000,2,2,2,0,1,1,0,70,5,0,1,0,2,0,3,1,1
200500012901,5,3,5,600,3,1,4,1,4614300,480600,3,2,0,0,1,2,0,67,5,0,1,0,0,0,1,1,1
200500012902,5,3,23,830,1,9,7,7,4433200,462100,2,2,2,0,1,1,0,65,1,0,3,0,0,0,0,1,1
200500012903,5,3,28,1245,1,1,1,2,4482600,481000,2,2,2,0,1,1,0,104,1,0,3,0,1,0,1,0,1
200500012905,5,3,5,1700,1,1,4,1,4471000,387000,3,2,0,0,1,1,0,61,5,0,0,0,2,0,0,1,1
200500012906,5,3,2,1100,1,1,1,1,4446000,434000,3,2,2,0,1,3,0,68,1,0,1,0,1,0,1,0,1
200500012908,5,3,18,1300,1,1,1,6,4493000,439000,3,2,2,0,1,4,0,70,1,0,3,0,0,0,0,1,1
200500012909,5,3,18,1830,1,1,1,6,4499000,436000,3,2,0,0,2,2,0,62,1,0,3,0,0,0,0,1,1
200500012910,5,3,31,600,2,1,1,7,4501900,462000,3,2,0,0,1,1,0,60,1,2,1,0,0,0,0,2,1
200500012912,5,3,26,745,2,9,1,6,4471100,500800,3,2,2,0,1,1,0,56,1,0,1,0,0,0,0,1,1
200500012913,5,3,8,1745,1,1,1,3,4485900,492300,3,2,2,0,1,1,0,72,1,0,1,0,1,0,0,1,1
200500012914,5,3,17,1945,3,1,1,3,4479600,485200,2,2,3,0,1,1,0,107,1,0,1,0,1,0,0,2,1
200500012918,5,3,20,1600,1,1,1,6,4455600,558600,3,0,0,0,2,0,0,77,1,0,1,0,0,0,1,0,1
200500012919,5,3,21,1100,1,1,1,7,4464300,542500,3,2,2,0,1,1,0,62,1,0,3,0,0,0,0,1,1
200500012920,5,3,20,2100,5,1,1,6,4460000,475100,2,3,2,0,1,1,36,75,1,0,3,0,1,0,0,1,1
200500012921,5,3,13,1915,3,1,1,1,4444000,476000,3,2,2,0,1,0,0,75,1,0,1,0,0,2,0,2,1
200500012922,5,3,14,1445,1,1,1,6,4451700,470800,3,2,2,0,1,1,0,60,1,0,1,0,0,0,1,0,1
200500012924,5,3,17,2145,3,1,1,7,4432200,508500,3,2,2,0,1,1,0,50,1,0,1,0,0,0,0,1,1
200500012925,5,3,18,1915,2,1,1,1,4432000,509900,3,2,2,0,2,1,0,60,1,5,1,0,0,1,1,1,1
200500012931,5,3,18,1600,1,1,1,1,4500500,485900,3,2,0,3,1,1,0,100,1,5,1,0,0,0,0,4,1
200500012932,5,3,18,1145,1,9,1,3,4543000,600900,3,2,0,3,1,1,0,60,1,0,1,0,3,0,1,0,1
200500012934,5,3,28,1545,5,1,1,2,4529900,594500,3,3,2,0,3,0,15,70,1,5,1,0,1,0,0,2,1
200500012936,5,3,22,700,2,1,2,1,4527700,562500,3,0,0,0,1,1,0,0,2,0,1,0,1,0,0,1,1
200500012940,5,3,24,2200,3,1,1,7,4534200,532100,3,2,0,0,1,1,0,70,1,0,0,0,0,0,1,1,1
200500012941,5,3,17,1700,1,1,1,6,4521200,540000,2,2,0,0,1,1,15,62,1,0,1,0,0,0,0,1,1
200500012942,5,3,24,1730,1,1,1,1,4521600,541200,9,2,0,0,1,3,0,45,1,0,1,0,1,0,0,1,1
200500012943,5,3,10,1800,1,1,1,3,4559200,524600,3,3,0,0,4,1,8,0,1,5,1,0,0,0,0,4,1
200500012944,5,3,10,1730,1,1,1,2,4555200,531100,2,2,2,0,4,1,0,0,1,0,1,0,1,0,0,2,1
200500012945,5,3,20,700,1,1,1,1,4567200,533300,3,2,2,0,0,3,0,0,1,0,1,0,0,0,0,2,1
200500012946,5,3,12,630,1,1,1,3,4537000,544400,3,2,0,0,1,1,0,72,1,0,1,0,0,0,2,1,1
200500012947,5,3,13,1130,1,1,1,1,4577400,533900,3,0,0,0,0,1,0,70,1,0,0,0,1,0,0,1,1
200500012948,5,3,17,1930,5,1,2,3,4581400,540300,2,2,2,0,1,1,0,85,2,0,1,0,1,0,0,1,1
200500012950,5,3,12,530,3,1,1,6,4563400,555000,3,2,2,0,1,3,0,0,1,0,3,0,0,0,1,0,1
200500012953,5,3,23,1445,1,1,7,3,4561900,543300,3,2,0,0,3,2,0,71,1,5,1,0,2,0,0,2,1
200500012955,5,3,6,515,3,1,4,1,4552400,568500,3,2,0,0,4,3,0,51,5,0,1,0,2,0,0,1,1
200500012956,5,3,28,300,3,1,1,7,4554300,555700,3,2,0,0,1,1,0,40,1,0,1,0,0,0,0,2,1
200500012957,5,3,22,1500,1,1,2,3,4557000,544800,2,3,1,0,1,1,0,0,2,0,1,0,1,0,0,1,1
200500012963,5,3,4,1145,1,1,4,3,4539700,523900,3,2,2,0,4,0,40,40,2,5,1,0,1,0,0,1,1
200500012964,5,3,22,945,3,1,4,2,4544200,529100,3,2,2,0,1,1,0,50,7,0,1,0,1,0,0,1,1
200500012965,5,3,19,1445,1,1,1,1,4540200,502400,3,3,2,0,1,0,0,70,1,0,1,0,2,0,0,2,1
200500012966,5,3,6,430,3,1,4,2,4558200,504000,3,2,2,0,1,1,0,0,7,0,1,0,1,0,0,1,1
200500012967,5,3,21,745,1,1,1,6,4575900,517800,3,2,2,0,1,1,0,81,1,0,4,0,1,0,1,0,1
200500012968,5,3,31,1100,1,1,1,1,4534100,481000,3,2,2,0,2,1,0,0,1,2,1,0,0,1,0,1,1
200500012970,5,3,23,1530,1,6,1,7,4564400,512500,3,3,0,0,2,2,0,42,1,0,1,0,0,0,0,2,1
200500012973,5,3,20,500,5,1,1,1,4553400,424800,3,2,0,0,1,1,0,50,1,0,1,0,1,0,0,4,1
200500012974,5,3,25,530,5,1,5,3,4553400,425400,3,2,3,0,1,1,5,90,1,5,1,0,1,0,1,0,1
200500012976,5,3,14,1130,1,1,1,1,4582400,386900,2,2,2,0,1,1,0,72,1,0,1,3,2,0,0,1,1
200500012978,5,3,4,1915,3,1,1,6,4575800,418400,3,2,0,0,1,3,0,40,2,0,0,0,1,0,1,0,1
200500012979,5,3,8,1600,1,1,1,1,4564100,439700,3,2,2,0,2,3,0,60,2,0,1,0,1,0,0,1,1
200500012982,5,3,30,1915,1,1,1,1,4542400,470300,3,2,2,0,2,4,0,58,1,0,1,0,1,0,1,0,1
200500012985,5,3,15,1915,1,1,1,6,4600700,417400,3,2,2,0,1,1,0,68,1,0,3,0,0,1,0,0,1
200500012986,5,3,24,915,1,1,1,6,4618000,438000,3,2,2,0,1,2,0,65,1,0,3,0,0,0,0,1,1
200500012987,5,3,8,2230,3,1,1,3,4614900,388900,2,2,2,0,0,1,0,70,2,0,1,0,2,0,0,1,1
200500012988,5,3,11,815,1,1,1,1,4610300,395900,3,2,2,0,1,3,0,56,1,0,1,0,1,0,0,1,1
200500012993,5,3,6,115,5,1,4,3,4547000,612000,3,2,2,1,1,1,30,124,5,5,1,0,0,0,0,2,1
200500012994,5,3,17,1945,3,1,1,2,4547000,612000,3,2,0,1,1,0,0,80,1,0,1,0,1,0,0,1,1
200500013001,5,3,4,515,4,1,4,3,4555000,568200,3,2,0,0,1,3,0,60,2,0,1,0,1,0,0,2,1
200500013002,5,3,3,1000,1,1,1,6,4570000,577000,2,2,3,0,1,3,0,122,1,0,3,0,0,0,0,1,1
200500013005,5,3,4,1900,5,1,4,1,4538400,672900,4,2,0,0,2,0,0,0,5,0,1,0,2,0,1,0,1
200500013006,5,3,5,2245,5,1,4,6,4540500,656600,4,2,1,0,2,1,0,40,5,0,1,0,1,0,1,0,1
200500013009,5,3,6,900,1,9,4,1,4518000,665800,3,2,2,0,2,3,0,74,5,0,1,0,3,0,0,1,1
200500013010,5,3,7,1215,1,1,4,1,4518700,665700,3,2,2,0,2,1,0,72,5,0,1,0,1,1,0,0,1
200500013013,5,3,29,2030,3,1,1,2,4595200,616100,2,0,0,0,1,0,0,102,1,0,1,0,2,0,0,1,1
200500013014,5,3,5,1945,3,1,4,1,4582000,606000,3,2,2,0,2,1,0,45,7,0,1,0,2,0,1,0,1
200500013015,5,3,11,1345,1,1,1,5,4576000,601000,3,2,2,0,1,1,0,63,1,0,1,0,1,0,1,1,1
200500013017,5,3,11,900,1,1,1,1,4605000,662700,3,2,0,0,2,4,0,0,7,0,1,0,0,0,0,2,1
200500013018,5,3,11,1315,1,1,1,1,4605700,652700,3,2,2,0,2,1,0,70,1,0,1,0,0,0,0,2,1
200500013019,5,3,16,2130,3,1,1,1,4600500,663100,2,2,2,0,1,1,0,70,1,0,1,0,1,1,1,0,1
200500013021,5,3,30,1315,1,1,1,1,4607000,657200,4,2,2,0,1,1,0,54,1,0,1,0,2,0,1,0,1
200500013022,5,3,10,1030,1,1,7,6,4589900,664500,2,2,2,0,1,3,0,92,1,5,1,0,3,0,1,0,1
200500013028,5,3,18,1730,1,3,1,3,4603000,595000,3,2,0,0,2,0,65,0,1,0,1,0,1,0,0,1,1
200500013029,5,3,21,415,3,1,1,1,4627700,634800,3,2,2,0,0,3,0,80,1,0,1,0,1,0,1,0,1
200500013030,5,3,4,100,5,1,4,1,4626600,683400,3,2,2,0,1,2,0,0,5,0,1,0,1,0,0,1,1
200500013031,5,3,2,715,2,1,8,1,4633800,657900,3,2,2,0,1,4,0,55,2,0,0,0,2,0,1,0,1
200500013033,5,3,3,800,2,1,7,1,4635900,657200,3,2,2,0,1,2,0,54,2,0,1,0,0,0,0,2,1
200500013034,5,3,10,1900,3,1,1,1,4640700,666600,3,2,2,0,2,3,0,62,1,0,1,0,1,0,0,1,1
200500013035,5,3,24,2145,5,1,2,6,4640500,665100,3,2,2,0,1,2,0,65,2,0,1,0,0,0,0,1,1
200500013038,5,3,18,1030,1,4,1,3,4578700,331400,3,2,0,0,1,1,0,0,1,5,1,0,2,0,0,1,1
200500013039,5,3,19,1545,1,1,1,1,4569800,322300,4,2,0,0,1,1,0,35,1,0,1,0,0,0,0,2,1
200500013040,5,3,25,1715,1,1,1,1,4569000,314000,3,2,2,0,1,2,0,83,1,3,1,0,1,0,1,0,1
200500013041,5,3,14,1430,1,1,1,6,4555600,374200,3,2,2,0,1,1,0,65,1,0,1,0,1,1,0,0,1
200500013042,5,3,21,1430,1,1,1,1,4558800,360800,3,2,0,0,0,3,0,57,9,0,1,0,2,0,1,0,1
200500013043,5,3,13,1700,1,1,1,6,4544600,321300,3,2,0,0,1,1,33,76,1,5,1,0,0,0,1,0,1
200500013045,5,3,13,1300,1,1,1,3,4587400,317700,3,2,2,0,1,1,0,61,1,5,1,0,2,0,1,1,1
200500013047,5,3,29,1645,1,1,3,6,4583300,338200,3,2,2,0,2,1,0,63,2,6,1,0,2,0,1,0,1
200500013050,5,3,6,300,5,1,4,7,4627200,253200,3,2,2,0,0,1,0,59,7,0,4,0,0,0,0,1,1
200500013051,5,3,12,2145,5,1,2,6,4654000,261000,3,2,0,0,2,2,0,76,2,0,0,0,1,0,0,3,1
200500013052,5,3,21,1515,1,9,1,6,4662100,282300,3,2,0,0,2,0,0,0,1,0,1,0,0,0,0,1,1
200500013054,5,3,14,200,5,1,1,6,4637700,350300,3,2,2,0,1,2,0,69,1,0,1,0,2,0,2,0,1
200500013055,5,3,18,1715,1,1,7,6,4533800,247700,3,2,2,0,1,1,0,50,1,0,1,3,1,0,1,1,1
200500013058,5,3,27,1215,1,1,8,7,4534600,371200,3,2,2,0,3,1,0,78,1,0,3,0,8,0,0,1,1
200500013059,5,3,16,1715,2,1,1,6,4510200,359500,3,2,0,0,2,0,0,72,1,0,1,0,0,1,0,0,1
200500013060,5,3,18,1700,1,1,1,6,4538500,328100,1,2,2,0,1,1,0,0,1,3,1,0,1,0,0,1,1
200500013062,5,3,20,1830,1,1,1,3,4514800,411900,3,2,2,0,2,2,0,0,1,0,1,0,1,0,1,0,1
200500013063,5,3,20,1400,1,1,1,6,4528300,411300,3,2,2,0,1,1,0,0,1,0,1,0,0,0,0,1,1
200500013064,5,3,11,1830,4,1,1,6,4529300,416900,6,0,0,0,1,0,0,60,1,0,1,0,2,0,0,1,1
200500013065,5,3,15,1715,1,1,7,6,4521800,434600,9,2,2,0,1,1,0,65,2,0,1,0,1,0,0,1,1
200500013067,5,3,25,1800,3,1,1,1,4919000,614500,2,2,2,0,1,4,0,83,1,0,1,0,2,0,1,0,1
200500013071,5,3,22,2045,2,1,1,3,4911400,638000,2,2,0,0,0,1,0,78,2,0,1,0,0,1,1,2,1
200500013072,5,3,16,1900,5,1,1,2,4919600,668400,3,2,2,0,2,1,0,70,1,0,1,0,1,0,1,0,1
200500013074,5,3,16,1745,1,1,1,6,4917700,693400,4,2,2,0,1,1,0,60,1,0,1,0,1,0,0,1,1
200500013075,5,3,21,1145,1,1,1,6,4912600,687600,4,2,0,0,1,1,0,150,1,0,1,0,1,0,1,0,1
200500013077,5,3,19,645,2,1,5,1,4916600,671500,2,2,0,0,1,1,0,75,1,0,1,0,0,0,0,2,1
200500013079,5,3,21,1915,3,1,1,6,4896100,679800,3,2,2,0,1,1,0,60,1,0,1,0,1,0,1,1,1
200500013080,5,3,15,800,5,1,4,6,4875500,716300,4,2,0,0,1,1,0,0,2,2,1,0,0,0,1,0,1
200500013083,5,3,20,1500,1,1,1,6,4910200,732400,3,2,2,0,4,1,0,58,1,0,4,0,0,1,0,0,1
200500013086,5,3,15,530,5,1,8,6,4931100,633400,3,2,2,0,2,2,0,70,2,0,4,0,0,0,1,0,1
200500013087,5,3,11,1930,5,1,1,6,4930900,615600,3,2,2,0,2,1,0,81,1,0,1,0,1,0,0,1,1
200500013089,5,3,27,315,5,1,1,1,4896000,605900,2,2,2,0,1,1,0,68,1,0,1,0,0,0,0,4,1
200500013101,5,3,26,1845,3,1,2,3,4940700,592600,3,2,2,0,1,1,0,0,2,0,1,0,0,0,0,2,1
200500013102,5,3,8,730,1,1,9,3,4843700,627200,3,2,2,0,1,2,0,71,5,0,1,0,0,1,0,1,1
200500013103,5,3,19,1900,2,1,1,7,4854500,646200,3,2,2,0,2,1,0,70,1,0,3,0,0,1,0,0,1
200500013104,5,3,26,815,1,1,1,6,4848600,632300,3,2,0,0,0,1,0,77,1,0,3,0,0,0,2,2,1
200500013105,5,3,29,1430,1,3,1,1,4845100,646800,3,2,2,0,1,1,0,0,1,0,1,0,1,1,0,0,1
200500013106,5,3,14,1930,2,1,1,7,4851500,649800,3,2,2,0,2,1,0,70,1,0,1,0,0,1,0,1,1
200500013108,5,3,20,1600,1,1,1,6,4862400,587900,3,2,2,0,1,1,0,60,1,0,1,0,3,0,1,0,1
200500013120,5,3,10,545,5,1,1,1,4955100,516400,3,2,2,0,0,2,0,71,1,0,1,0,1,0,1,0,1
200500013121,5,3,2,1645,1,1,1,1,4933800,525800,3,2,2,0,1,0,0,67,1,0,1,0,2,0,0,1,1
200500013122,5,3,19,1545,1,1,1,3,4907900,511600,3,2,2,0,4,1,0,61,1,0,1,0,2,1,0,2,1
200500013129,5,3,5,615,2,1,4,6,4829800,641700,3,2,0,0,2,3,0,99,5,0,3,0,0,0,1,0,1
200500013130,5,3,26,1415,1,1,1,7,4826800,639100,2,3,2,0,1,1,0,0,1,0,1,0,0,0,1,0,1
200500013132,5,3,23,1615,1,1,1,6,4820300,594900,9,2,2,0,2,1,0,63,1,0,1,0,1,0,1,0,1
200500013135,5,3,1,1345,1,1,1,1,4793300,665800,2,2,2,0,1,1,70,0,1,0,1,0,1,0,0,1,1
200500013136,5,3,25,445,5,1,1,5,4791800,668100,2,2,3,0,4,1,0,118,1,0,1,0,2,0,1,1,1
200500013137,5,3,27,1900,1,1,1,1,4817400,692200,3,2,2,0,2,2,0,77,1,0,1,0,1,0,0,2,1
200500013139,5,3,11,445,3,1,1,6,4846500,771800,3,2,2,0,1,2,0,66,2,0,0,0,1,0,1,0,1
200500013140,5,3,30,1730,1,1,1,2,4844800,749400,3,2,0,0,1,1,0,73,1,0,1,0,1,0,0,1,1
200500013141,5,3,21,1515,1,1,1,1,4854500,743800,3,2,0,0,1,3,0,0,1,0,1,0,3,0,1,0,1
200500013143,5,3,20,1745,1,1,1,3,4861600,746100,3,2,2,0,0,3,0,0,1,0,1,0,0,0,0,4,1
200500013145,5,3,19,1000,1,1,1,3,4874000,737000,3,2,2,0,2,1,0,0,1,0,1,0,1,0,0,1,1
200500013146,5,3,24,1630,1,1,8,6,4879000,748200,3,2,2,0,1,1,0,52,2,0,3,0,0,1,0,3,1
200500013149,5,3,10,1645,1,2,1,3,4879100,759100,3,2,0,0,0,1,0,0,1,0,1,0,2,0,0,1,1
200500013151,5,3,22,1745,1,1,2,6,4860000,757000,3,2,0,0,0,1,0,60,2,0,3,0,0,0,1,0,1
200500013154,5,3,25,1145,1,1,1,6,4816100,758700,3,2,2,0,1,3,0,75,1,0,3,0,0,0,0,2,1
200500013155,5,3,5,1400,1,1,1,6,4835100,730100,3,2,0,0,1,1,0,69,1,0,1,0,2,0,0,1,1
200500013157,5,3,23,1445,1,1,1,1,4890300,790100,4,0,0,0,0,1,0,52,1,0,1,0,0,0,0,2,1
200500013159,5,3,16,1615,1,9,1,3,4812500,756300,3,2,2,0,1,1,0,46,1,0,1,0,1,0,1,0,1
200500013160,5,3,20,2030,3,1,2,1,4802100,752100,2,2,2,0,1,1,0,70,2,0,1,0,2,0,0,1,1
200500013161,5,3,29,900,1,1,1,1,4811200,747500,3,2,2,0,1,1,0,70,1,0,1,0,1,0,1,1,1
200500013162,5,3,29,2115,3,1,8,1,4763000,718000,3,2,2,0,1,1,0,0,2,0,1,0,2,0,1,0,1
200500013163,5,3,20,530,3,1,1,6,4772100,705900,2,2,3,0,1,1,0,120,1,0,3,0,0,0,1,0,1
200500013164,5,3,20,1545,5,1,1,6,4753900,718000,3,2,2,0,1,3,0,62,1,0,1,0,0,0,2,1,1
200500013166,5,3,23,1415,1,1,1,3,4783200,728700,3,3,0,0,3,1,30,114,1,5,1,0,1,0,1,1,1
200500013169,5,3,17,1200,1,1,1,6,4777000,736000,4,2,0,0,0,0,0,90,1,0,1,3,1,0,0,1,1
200500013170,5,3,17,1845,2,1,1,4,4780500,738700,3,2,0,0,1,1,41,67,1,0,1,0,2,0,2,0,1
200500013171,5,3,3,1200,1,9,1,6,4776400,728200,2,2,1,0,1,1,0,70,1,0,1,3,1,0,1,0,1
200500013172,5,3,4,645,2,1,9,6,4754500,750000,3,2,2,0,0,4,0,65,2,0,0,0,0,1,0,0,1
200500013174,5,3,15,630,2,1,1,5,4749600,749600,3,2,2,0,1,1,0,68,1,0,1,0,0,1,0,2,1
200500013175,5,3,26,1730,2,1,8,7,4759500,742700,3,2,2,0,2,1,0,78,1,0,3,0,0,0,0,1,1
200500013176,5,3,13,2200,5,1,1,6,4765200,739100,3,2,0,0,1,1,8,70,1,0,4,3,0,1,3,0,1
200500013177,5,3,13,1715,1,1,1,5,4784900,707100,2,2,2,0,1,1,0,60,1,0,1,0,3,0,0,4,1
200500013178,5,3,27,1930,1,1,1,7,4785500,724100,2,3,4,0,0,1,0,180,1,0,1,0,0,0,1,2,1
200500013179,5,3,31,1230,1,1,1,6,4777700,700200,4,2,1,0,0,0,0,32,1,0,1,0,1,0,0,1,1
200500013180,5,3,8,700,1,1,8,3,4904200,432300,3,2,2,3,1,1,0,121,2,5,1,0,1,0,0,2,1
200500013181,5,3,17,730,1,1,1,3,4888700,444900,3,2,2,0,1,1,0,62,1,0,1,0,1,0,0,1,1
200500013182,5,3,23,1430,1,9,1,7,4885100,449700,3,2,2,0,3,3,0,76,1,0,1,0,0,0,1,0,1
200500013183,5,3,31,2045,3,1,2,3,4888600,430400,3,2,2,0,2,1,0,56,2,0,1,0,2,0,1,0,1
200500013185,5,3,11,900,1,1,1,2,4910500,426500,2,2,2,0,1,1,0,72,1,0,1,0,1,0,0,1,1
200500013186,5,3,3,2345,3,1,4,7,4875500,402800,2,2,2,0,2,1,0,70,7,0,1,0,0,0,0,1,1
200500013187,5,3,4,2345,3,1,4,6,4877400,399500,3,2,0,0,1,1,0,0,5,0,3,0,0,0,2,0,1
200500013188,5,3,30,1700,1,1,1,4,4874800,409700,2,2,2,0,1,1,0,74,1,0,1,0,2,1,0,0,1
200500013189,5,3,4,1700,1,1,1,3,4873200,357300,2,3,4,0,3,1,60,70,1,0,0,0,1,0,0,1,1
200500013190,5,3,7,915,1,1,1,3,4870200,376700,3,2,2,0,1,1,0,40,1,0,1,0,0,0,0,4,1
200500013191,5,3,10,900,1,1,1,1,4873600,356000,3,2,1,0,1,1,0,68,1,0,1,3,1,0,1,0,1
200500013192,5,3,12,1115,1,1,8,1,4869700,367800,4,2,1,0,1,3,0,38,2,0,1,0,1,0,0,1,1
200500013193,5,3,14,1630,1,1,1,3,4872900,383100,2,2,2,0,1,1,0,70,1,0,1,0,1,0,1,1,1
200500013194,5,3,22,845,1,1,1,6,4872800,372000,4,2,2,0,2,1,0,71,1,0,4,3,1,0,1,0,1
200500013195,5,3,23,1015,1,9,5,2,4868300,371600,3,2,2,0,3,2,0,73,2,0,1,0,0,0,0,3,1
200500013196,5,3,31,715,2,1,3,3,4872800,381600,2,2,2,0,1,1,0,80,2,0,1,0,1,1,1,0,1
200500013199,5,3,9,2045,3,1,1,1,4908000,396000,2,2,3,0,2,3,0,104,1,0,1,0,0,1,1,0,1
200500013200,5,3,5,630,2,1,4,6,4929500,424000,3,2,0,0,1,2,0,60,5,0,4,3,0,0,0,1,1
200500013204,5,3,25,2015,5,1,1,5,4871000,459000,9,2,2,0,1,1,0,0,1,0,1,0,1,0,0,2,1
200500013206,5,3,2,845,1,1,1,6,4902700,484800,3,2,0,0,1,1,0,44,1,0,1,0,1,0,1,0,1
200500013208,5,3,14,2015,3,1,1,2,4976300,478100,3,2,2,0,0,1,0,64,1,0,1,0,1,0,1,1,1
200500013210,5,3,18,2000,5,1,1,3,4982000,475000,4,2,2,0,1,1,0,66,1,0,1,0,1,0,0,1,1
200500013212,5,3,19,1600,1,9,1,6,4982800,483000,4,0,0,0,2,1,0,40,1,0,1,0,0,0,0,1,1
200500013213,5,3,23,1445,1,1,1,6,4988800,475500,3,2,2,0,1,1,0,0,1,0,1,0,1,0,0,1,1
200500013214,5,3,21,1715,1,1,1,7,4974100,458000,3,2,2,0,1,1,0,70,1,0,1,0,0,0,0,1,1
200500013215,5,3,22,1615,1,1,8,5,5005900,472100,3,2,2,0,1,1,0,73,2,0,1,0,3,0,0,2,1
200500013217,5,3,7,2345,3,1,4,6,4967100,528300,3,2,0,0,3,3,0,61,5,0,0,0,0,0,2,0,1
200500013218,5,3,21,1015,1,1,1,7,4942000,471800,3,2,2,0,0,2,0,460,1,0,0,0,0,0,1,1,1
200500013219,5,3,15,1530,1,1,2,6,4933200,486100,3,0,2,0,1,1,0,63,2,0,1,0,1,0,0,1,1
200500013221,5,3,11,1345,1,1,1,7,4961900,419300,3,2,0,0,0,1,0,50,1,0,1,0,0,0,0,1,1
200500013222,5,3,31,1915,1,1,1,6,4957500,440100,3,2,2,0,0,2,0,75,1,2,3,0,0,0,0,1,1
200500013223,5,3,7,645,2,1,4,1,4816400,402300,2,2,2,0,3,1,0,0,5,0,1,0,0,0,1,1,1
200500013224,5,3,9,1745,1,3,8,1,4827700,380100,2,2,2,0,4,1,0,75,1,5,3,0,1,1,0,0,1
200500013227,5,3,4,1045,1,1,8,1,4814100,439400,3,2,2,0,2,3,0,69,2,0,1,0,0,0,0,2,1
200500013228,5,3,25,2015,2,1,1,6,4857900,357100,3,2,2,0,2,2,0,62,1,0,3,0,0,0,1,0,1
200500013229,5,3,29,1830,1,1,2,5,4847000,387000,2,2,4,0,1,1,0,154,2,0,1,0,1,1,1,0,1
200500013232,5,3,17,745,1,1,1,1,4820900,516800,3,2,0,0,1,3,0,64,1,0,1,0,1,0,1,0,1
200500013234,5,3,18,1700,1,1,1,7,4778000,553000,3,2,2,0,2,3,0,52,1,0,1,0,0,0,0,1,1
200500013235,5,3,22,1400,5,1,1,3,4780600,542800,3,2,2,0,0,0,0,73,1,5,1,0,1,0,1,0,1
200500013236,5,3,31,45,3,1,1,6,4791600,513200,3,2,1,0,2,2,0,55,1,0,3,0,1,0,1,1,1
200500013241,5,3,29,1045,1,2,1,3,4756000,513500,3,2,2,0,1,1,0,60,1,0,1,0,1,0,1,0,1
200500013242,5,3,7,1315,1,1,1,6,4734400,497400,2,2,2,1,1,1,15,90,5,5,1,0,0,0,1,0,1
200500013244,5,3,26,1645,1,1,8,7,4730800,484500,1,3,0,0,1,1,10,140,2,0,1,0,0,0,0,1,1
200500013245,5,3,1,1745,1,1,4,7,4713000,468000,3,2,2,0,1,3,0,61,7,0,1,0,0,0,1,0,1
200500013246,5,3,3,1515,1,1,4,1,4705000,485700,3,2,2,0,1,1,0,53,7,0,1,0,0,0,1,1,1
200500013247,5,3,12,515,5,1,2,6,4749400,433100,4,2,2,0,0,0,0,48,2,0,4,0,0,0,0,1,1
200500013248,5,3,14,1515,1,1,1,7,4748900,434200,4,2,2,0,0,0,23,50,1,0,1,0,2,0,0,1,1
200500013249,5,3,25,915,2,1,1,6,4765500,445000,3,2,2,0,1,1,0,45,1,0,3,0,0,1,0,0,1
200500013250,5,3,20,1945,3,1,1,6,4744500,425000,4,2,0,0,4,3,0,60,1,0,3,0,0,0,1,0,1
200500013253,5,3,18,1830,1,1,1,3,4695000,312400,3,2,0,0,1,1,0,71,1,0,1,0,1,0,0,1,1
200500013254,5,3,25,1800,1,1,1,1,4674700,343800,3,2,2,0,3,2,0,60,1,0,1,0,1,0,1,0,1
200500013255,5,3,8,830,1,1,1,1,4709900,346900,3,2,0,0,2,1,0,35,2,0,1,0,1,0,1,0,1
200500013256,5,3,19,200,3,1,1,6,4744000,350500,4,2,2,0,2,2,0,35,1,0,0,0,0,0,1,0,1
200500013257,5,3,7,1715,1,9,1,1,4726200,364500,3,2,2,0,1,1,0,60,1,0,1,0,1,0,0,2,1
200500013259,5,3,4,1700,1,9,1,1,4743500,300200,3,2,0,0,1,1,0,56,2,0,1,0,2,0,2,0,1
200500013260,5,3,23,900,1,1,5,5,4627600,477700,3,2,2,0,1,2,0,65,2,0,1,0,1,0,1,1,1