Num_Acc,an,mois,jour,hrmn,lum,int,atm,col,lat,long,catr,circ,nbv,vosp,prof,plan,lartpc,larrout,surf,infra,situ,env1,unscathed,killed,hospital,light,chance
200500013265,5,3,26,1415,1,1,1,1,4653900,468500,3,2,2,0,1,1,0,64,1,0,1,0,0,0,1,1,1
200500013267,5,3,20,1915,2,1,1,6,4687100,412200,2,2,0,0,3,1,0,65,1,0,1,0,0,0,0,1,1
200500013272,5,3,20,2000,3,4,1,2,4683200,473300,3,2,0,0,0,1,0,70,1,0,1,0,3,0,0,2,1
200500013276,5,3,27,1530,1,1,2,2,4696300,521100,2,2,2,0,1,1,0,70,2,0,1,0,1,0,0,1,1
200500013278,5,3,14,1015,1,1,1,1,4648000,398000,2,2,2,0,4,1,70,0,1,0,1,0,1,0,0,1,1
200500013279,5,3,17,1800,1,2,1,3,4684900,443200,4,2,2,0,1,1,70,0,1,0,1,0,3,0,0,3,1
200500013280,5,3,7,1900,5,1,2,1,4675300,447000,3,2,0,0,1,1,0,70,2,0,1,0,1,0,0,1,1
200500013282,5,3,3,745,1,1,4,7,4763900,365800,3,2,0,0,1,2,0,60,5,0,0,0,0,0,1,0,1
200500013284,5,3,1,1930,5,1,1,1,4799000,373000,2,2,2,0,1,1,0,76,1,0,3,0,1,0,1,0,1
200500013285,5,3,1,1615,1,1,1,3,4795900,361300,3,2,2,0,1,1,0,73,1,5,1,0,1,1,0,0,1
200500013287,5,3,8,730,1,1,4,6,4744600,381100,3,2,2,0,2,3,0,40,7,0,3,0,0,0,1,0,1
200500013289,5,3,23,1500,1,1,1,3,4796400,315500,4,2,0,0,0,1,0,30,1,0,1,0,1,1,0,0,1
200500013290,5,3,3,600,5,1,4,6,4795200,347000,2,2,0,0,0,1,27,81,2,0,4,0,0,0,1,0,1
200500013291,5,3,4,1815,1,1,1,5,4795100,353000,3,2,0,0,1,0,0,45,1,0,1,0,1,0,0,2,1
200500013296,5,3,24,1,3,1,1,7,4792700,402200,3,2,2,0,1,3,0,65,1,0,0,0,0,0,1,0,1
200500013297,5,3,1,2130,3,1,1,5,4719400,596800,2,2,2,0,0,2,0,67,1,0,0,0,1,1,2,0,1
200500013298,5,3,19,1115,1,1,1,3,4722400,612100,3,2,3,3,1,2,0,0,1,5,1,0,1,0,0,1,1
200500013299,5,3,26,1330,1,1,8,5,4717800,621900,2,3,2,0,1,2,5,155,1,0,1,0,3,0,0,1,1
200500013301,5,3,18,1445,1,1,1,7,4741300,677300,3,2,0,0,1,1,0,71,1,0,3,0,0,0,1,0,1
200500013302,5,3,22,1730,1,1,2,2,4739800,677200,3,2,2,1,1,1,0,70,2,0,1,0,1,0,0,1,1
200500013303,5,3,5,2045,5,1,4,6,4735700,635800,4,2,2,0,1,1,0,65,5,0,1,0,1,1,0,0,1
200500013304,5,3,12,1600,1,1,4,6,4741500,637200,3,2,0,0,1,1,0,72,5,0,1,0,0,0,1,0,1
200500013305,5,3,12,1100,1,1,1,1,4744400,658200,2,2,0,0,1,4,0,72,1,0,1,0,2,0,1,0,1
200500013308,5,3,31,1330,1,2,2,1,4689700,622800,3,2,2,0,1,1,0,60,2,5,0,0,1,0,1,1,1
200500013310,5,3,17,1330,1,1,1,2,4698400,537400,3,2,0,0,1,0,0,61,1,0,1,0,1,0,0,1,1
200500013311,5,3,17,845,1,1,1,6,4636200,573600,9,0,1,0,1,1,0,155,1,0,1,0,0,1,0,1,1
200500013312,5,3,20,1045,1,1,1,1,4638200,585800,3,2,2,0,2,4,0,70,3,0,1,0,0,0,0,2,1
200500013313,5,3,27,2315,3,1,2,7,4649500,600500,3,2,2,0,1,1,0,0,2,0,3,0,0,0,1,0,1
200500013314,5,3,20,1030,1,1,1,6,4767000,597700,4,2,2,0,2,1,0,68,1,0,4,0,1,1,0,0,1
200500013315,5,3,6,415,5,1,4,6,4747300,609900,2,2,2,0,1,2,0,60,5,0,3,0,1,1,0,1,1
200500013317,5,3,14,1515,1,1,1,1,4782000,639000,2,2,3,0,1,1,99,0,1,5,1,0,1,0,1,0,1
200500013318,5,3,27,1015,1,1,3,1,4782300,639400,2,2,3,0,1,1,0,110,2,0,1,0,3,1,0,1,1
200500013321,5,3,6,445,3,1,4,7,4759700,686200,2,2,2,0,1,1,0,83,5,0,1,0,2,1,1,1,1
200500013322,5,3,23,730,2,1,1,1,4759100,687400,2,2,0,0,2,3,0,77,1,0,1,0,1,0,1,0,1
200500013323,5,3,30,2200,5,1,1,3,4749300,692700,3,2,2,0,2,1,0,60,1,0,0,0,1,0,0,1,1
200500013324,5,3,12,1415,1,1,4,7,4774100,697500,3,2,2,0,0,1,0,60,5,0,3,0,1,0,0,2,1
200500013325,5,3,25,1615,1,1,1,1,4771900,684400,3,2,2,0,1,2,0,70,1,0,1,0,1,0,1,0,1
200500013326,5,3,6,1500,1,1,4,3,4755200,701100,3,2,2,0,3,3,0,0,5,0,1,0,2,0,1,1,1
200500013328,5,3,10,1100,1,1,1,6,4470600,478800,1,3,3,3,1,1,30,105,1,0,2,0,1,0,0,1,1
200500013329,5,3,24,345,3,1,1,5,4470800,478700,1,3,3,0,1,1,15,135,1,0,1,0,4,0,1,1,1
200500013330,5,3,3,730,1,1,8,6,4363400,566000,3,2,2,0,1,1,0,60,2,0,3,0,0,0,0,1,1
200500013332,5,3,19,1715,1,1,1,1,4363400,565900,3,2,1,0,1,2,0,70,1,0,1,0,0,0,0,3,1
200500013333,5,3,24,1845,1,1,2,5,4363700,551700,2,2,0,0,2,3,0,0,2,0,1,0,1,1,1,3,1
200500013334,5,3,4,530,2,1,9,5,4344000,543000,3,3,0,3,1,1,0,70,2,0,1,0,0,0,1,3,1
200500013335,5,3,15,30,3,1,1,6,4346000,532000,3,3,2,0,4,1,10,70,1,3,1,0,0,0,0,2,1
200500013337,5,3,3,700,2,1,4,7,4346000,565000,3,2,0,0,1,1,0,73,7,0,3,0,0,1,1,0,1
200500013338,5,3,13,1745,1,9,1,6,4345000,568000,3,2,0,0,1,1,0,0,1,0,1,0,1,1,0,0,1
200500013339,5,3,27,630,2,4,8,3,4363200,474800,2,2,2,0,3,1,0,40,2,3,1,0,2,0,3,2,1
200500013341,5,3,16,1200,1,1,1,6,4350800,437900,3,2,2,0,1,1,0,60,1,0,3,0,0,0,1,0,1
200500013342,5,3,31,2145,3,1,1,6,4354900,436400,3,2,2,0,1,1,0,0,1,5,0,0,2,0,1,0,1
200500013343,5,3,29,2015,3,1,1,2,4363600,477300,2,3,2,0,1,1,0,70,1,0,1,0,2,1,0,0,1
200500013348,5,3,9,1530,1,1,1,3,4327200,572800,2,3,2,0,2,1,64,80,1,0,1,0,1,0,0,1,1
200500013350,5,3,13,1600,1,1,1,2,4322300,556600,3,2,0,0,2,1,0,80,1,0,1,0,1,0,1,0,1
200500013351,5,3,25,1815,1,1,1,4,4324000,554400,3,2,3,2,4,2,0,100,1,0,1,0,3,0,0,2,1
200500013355,5,3,12,1030,1,1,1,3,4372600,514000,3,2,2,0,1,1,0,65,1,0,1,0,2,1,0,0,1
200500013358,5,3,28,15,5,1,1,1,4405600,615100,3,2,2,0,1,1,0,80,1,0,1,0,0,0,2,0,1
200500013359,5,3,9,700,1,1,1,6,4388600,591000,3,2,2,0,1,1,0,59,1,0,3,0,0,0,1,0,1
200500013360,5,3,10,1930,3,1,1,4,4400200,593800,3,2,2,0,1,2,0,70,1,0,1,0,1,1,1,1,1
200500013362,5,3,21,1800,1,1,1,7,4395500,574700,3,2,2,0,0,2,0,60,1,0,3,0,0,0,1,0,1
200500013363,5,3,29,1845,1,1,1,3,4388900,586300,2,2,2,0,1,1,0,60,1,0,1,0,1,0,0,1,1
200500013367,5,3,2,1815,2,2,1,3,4462200,613500,3,2,2,0,0,1,0,60,1,0,1,0,1,0,0,2,1
200500013371,5,3,1,1745,1,2,1,3,4456700,619800,2,2,2,0,0,1,0,70,1,5,1,0,0,0,0,4,1
200500013372,5,3,4,830,1,1,1,1,4455000,627000,4,2,0,0,2,1,0,55,7,0,1,0,1,0,0,1,1
200500013373,5,3,20,915,1,1,1,3,4454000,630000,2,2,2,0,1,1,0,70,1,0,1,0,1,0,1,0,1
200500013374,5,3,27,1845,1,1,1,7,4456000,621000,2,2,2,0,3,3,0,70,1,0,0,0,0,0,0,2,1
200500013380,5,3,25,1645,1,1,1,1,4401500,731000,4,1,0,0,2,3,0,0,1,0,1,3,1,0,1,0,1
200500013384,5,3,2,1730,1,1,1,7,4364000,688000,3,2,0,0,0,1,0,57,1,0,1,0,0,1,0,0,1
200500013388,5,3,14,1215,1,1,1,6,4379900,720600,3,3,3,0,1,1,0,102,1,0,3,0,1,0,1,0,1
200500013393,5,3,26,1200,1,1,1,3,4393400,709400,2,2,0,0,1,1,0,70,1,0,1,0,1,0,0,1,1
200500013394,5,3,12,1930,3,1,1,6,4411500,691600,3,2,2,0,1,2,0,81,0,0,1,0,1,0,0,1,1
200500013395,5,3,10,1300,1,1,1,7,4405400,713400,3,2,2,0,2,3,0,70,1,0,3,0,0,1,0,0,1
200500013398,5,3,17,1000,1,1,1,2,4345000,648000,2,2,0,0,1,1,0,70,1,0,1,0,1,0,0,1,1
200500013406,5,3,3,930,1,1,9,7,4356900,608000,3,2,2,0,1,3,65,0,5,0,1,0,0,0,0,1,1
200500013408,5,3,26,730,1,1,1,7,4339200,624900,3,2,2,0,3,3,0,0,1,0,3,0,0,0,0,1,1
200500013409,5,3,2,1645,1,1,1,6,4345000,586000,4,2,2,0,1,1,0,60,1,0,1,0,1,0,1,0,1
200500013411,5,3,30,1400,1,1,1,7,4348000,586000,3,2,2,0,1,4,0,60,1,0,3,0,1,0,1,0,1
200500013412,5,3,30,1715,1,1,1,4,4348000,582000,3,2,2,0,0,2,0,70,1,0,1,0,2,0,0,1,1
200500013419,5,3,27,1630,1,1,1,3,4319400,578500,3,2,0,0,1,0,20,40,1,5,1,0,1,0,1,1,1
200500013427,5,3,14,1330,1,1,1,1,4398100,486000,4,1,0,0,1,1,0,60,1,0,1,0,1,0,0,1,1
200500013428,5,3,15,1530,1,1,1,7,4382900,530300,3,2,0,0,2,2,0,84,1,0,3,0,0,0,0,1,1
200500013429,5,3,28,2200,3,1,1,1,4387000,531400,2,2,0,0,1,1,0,106,1,0,1,0,1,0,0,1,1
200500013435,5,3,27,1615,1,1,1,1,4396100,504300,3,2,2,0,1,1,0,130,1,0,1,0,4,0,1,1,1
200500013437,5,3,17,745,1,1,1,2,4429900,475300,3,2,0,1,1,1,0,165,1,0,1,0,0,0,0,2,1
200500013440,5,3,4,445,3,1,1,6,4367900,406900,2,3,0,0,1,1,0,121,1,0,3,0,0,2,0,0,1
200500013444,5,3,2,1600,1,1,1,3,4362100,394600,3,2,0,0,1,1,0,105,1,0,1,0,1,0,0,1,1
200500013447,5,3,11,1345,1,9,1,3,4359700,310900,3,2,0,0,1,1,70,60,1,0,1,0,1,1,0,0,1
200500013449,5,3,18,815,1,1,1,6,4360100,317300,3,2,0,0,2,3,0,65,1,0,3,0,0,0,0,1,1
200500013450,5,3,28,1900,1,1,1,5,4361100,314900,3,2,2,1,1,1,72,0,1,0,1,0,0,0,0,5,1
200500013451,5,3,29,815,1,9,3,1,4360100,313500,3,2,2,0,1,1,60,0,2,0,1,0,2,0,0,1,1
200500013452,5,3,16,730,1,1,1,7,4329400,302600,3,2,2,0,1,1,0,70,2,0,3,0,0,0,0,1,1
200500013457,5,3,8,930,1,1,1,6,4361100,343700,2,0,0,0,0,1,0,70,1,0,3,0,0,0,1,1,1
200500013459,5,3,27,1615,1,7,1,6,4363100,343400,5,1,1,0,1,1,0,60,1,0,1,0,1,0,0,1,1
200500013460,5,3,3,1545,1,2,1,3,4336700,342500,4,3,2,0,1,1,0,69,1,0,0,0,1,0,0,1,1
200500013461,5,3,18,1530,1,2,1,3,4337500,349600,3,2,0,0,1,1,0,64,1,5,1,0,0,0,0,3,1
200500013462,5,3,21,1000,1,1,2,1,4345000,344100,3,2,2,0,1,3,0,63,8,0,1,0,1,0,0,2,1
200500013466,5,3,6,1745,1,1,1,7,4350600,362100,3,2,0,0,2,3,0,65,1,0,1,0,0,0,1,0,1
200500013468,5,3,26,1500,1,1,1,3,4345300,361400,9,2,0,0,1,1,0,60,1,0,0,0,1,0,0,1,1
200500013469,5,3,28,1845,2,1,1,2,4325900,226500,2,2,1,0,2,1,0,80,1,0,1,0,1,0,0,3,1
200500013470,5,3,31,1730,1,1,1,3,4326400,222700,2,2,3,0,2,1,0,105,1,5,1,0,1,0,1,0,1
200500013471,5,3,30,1930,1,1,2,7,4331500,249600,3,2,0,0,0,1,0,0,2,0,3,0,0,0,0,1,1
200500013472,5,3,14,1115,1,1,1,2,4323700,192100,3,2,2,0,1,1,0,60,1,0,1,0,0,0,0,2,1
200500013473,5,3,29,1630,1,1,2,6,4328900,187000,3,2,2,0,2,3,0,50,2,0,3,0,0,0,0,1,1
200500013476,5,3,26,815,2,1,1,2,4309600,223100,3,2,2,0,1,1,0,70,1,0,1,0,4,0,0,2,1
200500013479,5,3,5,1545,1,1,1,1,4318300,306300,3,2,2,0,1,1,56,0,1,0,1,0,1,0,1,0,1
200500013480,5,3,22,1345,1,1,2,7,4328000,279400,3,2,2,0,2,1,0,75,2,0,3,0,0,1,0,1,1
200500013493,5,3,5,1230,1,1,1,5,4414300,408400,3,2,0,0,2,1,0,152,1,0,1,0,1,0,1,2,1
200500013494,5,3,31,1100,1,1,1,6,4418200,415800,3,2,2,0,2,1,0,55,1,0,1,0,1,0,0,1,1
200500013497,5,3,1,1915,3,1,1,6,4432000,402000,3,2,2,0,3,1,0,46,1,0,3,0,0,0,0,1,1
200500013500,5,3,26,400,5,1,8,6,4426500,460800,3,2,2,0,1,3,0,62,2,0,1,0,0,0,0,1,1
200500013503,5,3,27,1015,1,1,1,3,4395800,456800,2,2,2,0,1,3,0,0,2,0,1,0,2,0,0,1,1
200500013504,5,3,3,445,5,1,1,1,4409900,470300,2,2,0,0,1,1,0,64,1,0,1,0,1,0,1,1,1
200500013505,5,3,28,2000,5,1,1,1,4409600,470400,2,2,0,0,1,4,0,80,1,1,1,0,1,0,0,1,1
200500013508,5,3,1,1730,1,9,1,1,4396000,472000,3,2,2,0,0,1,0,62,1,0,0,0,1,0,1,0,1
200500013509,5,3,27,1715,1,1,1,1,4384800,462200,3,2,2,0,3,3,0,68,1,0,1,0,5,0,3,0,1
200500013511,5,3,15,1415,1,1,1,3,4390800,400700,3,2,2,0,1,1,63,0,1,0,1,0,1,0,1,1,1
200500013513,5,3,16,1500,1,1,1,1,4449000,345800,2,2,2,0,1,1,0,72,1,0,1,0,1,0,0,1,1
200500013516,5,3,7,1300,1,1,1,6,4455000,329000,2,2,0,0,1,3,0,71,1,0,3,0,0,0,0,1,1
200500013518,5,3,11,2000,3,1,1,6,4471700,326400,3,2,0,0,2,1,0,62,1,0,1,0,1,0,0,1,1
200500013520,5,3,20,145,3,1,1,1,4260800,297000,4,3,2,0,1,1,0,65,1,0,1,0,1,1,0,0,1
200500013522,5,3,12,1330,1,2,1,3,4284200,292400,2,2,2,0,1,2,0,0,1,5,1,0,5,0,1,1,1
200500013523,5,3,15,1515,1,3,1,3,4282300,282300,3,2,0,0,2,1,0,0,1,0,1,0,2,0,1,0,1
200500013525,5,3,5,1745,2,1,1,3,4277900,300600,4,2,2,0,1,1,0,90,1,5,1,0,1,0,1,0,1
200500013526,5,3,16,1315,1,6,1,7,4279300,303900,9,2,0,0,0,2,0,60,1,0,1,0,0,0,1,0,1
200500013527,5,3,9,700,2,1,7,1,4262400,277900,3,2,0,0,1,1,0,62,1,0,1,0,0,0,2,0,1
200500013528,5,3,22,800,1,1,8,7,4264100,282100,3,2,2,0,1,3,0,64,1,0,1,0,0,0,1,0,1
200500013531,5,3,9,1945,3,1,1,5,4255400,294000,3,2,2,0,1,1,0,71,1,0,1,0,1,2,2,1,1
200500013533,5,3,10,1600,1,1,1,3,4252800,283300,2,2,0,0,1,1,0,68,1,0,1,0,1,0,0,1,1
200500013534,5,3,23,800,1,2,1,3,4189200,881400,3,2,2,0,1,3,0,75,1,0,1,0,0,0,1,1,1
200500013537,5,3,14,1315,1,9,1,2,4167500,891400,2,2,0,0,2,1,0,75,1,0,1,0,1,0,4,0,1
200500013538,5,3,23,1245,1,1,1,1,4279100,948500,3,2,2,0,2,3,0,64,1,0,1,0,0,0,1,1,1
200500013540,5,3,1,1530,1,1,7,3,4263600,893300,3,2,2,0,2,1,0,55,1,0,1,0,1,0,1,0,1
200500013541,5,3,3,30,3,1,1,7,4261700,889400,2,2,2,0,0,2,0,67,2,0,0,0,0,0,2,0,1
200500013542,5,3,8,1600,1,1,1,1,4261000,885500,2,0,2,0,0,1,0,76,1,0,1,0,1,0,0,1,1
200500013544,5,3,17,845,1,1,9,6,4215400,915400,2,2,2,0,2,2,0,67,7,0,1,0,1,0,0,1,1
200500013550,5,3,5,1045,1,1,1,4,4229000,955000,2,2,2,0,1,1,0,62,1,2,1,0,4,1,0,0,1
200500013552,5,3,18,815,1,1,2,3,4899900,169700,2,3,0,0,1,1,15,126,2,5,1,0,2,0,0,1,1
200500013554,5,3,18,1330,1,2,1,3,4903000,156000,2,1,1,0,2,2,0,45,1,5,1,0,2,0,0,1,1
200500013555,5,3,31,1330,1,1,1,3,4903000,158000,3,2,0,0,2,1,0,85,1,0,1,0,2,0,0,3,1
200500013556,5,3,17,2000,3,1,1,1,4870200,159300,3,2,0,0,2,1,0,0,1,0,1,0,1,0,1,0,1
200500013561,5,3,28,1700,1,1,2,7,4871100,198700,3,2,2,0,1,1,0,0,2,0,1,0,1,0,0,1,1
200500013567,5,3,25,2100,2,1,1,6,4864400,236300,3,3,2,0,1,1,34,138,1,5,1,0,1,0,0,1,1
200500013569,5,3,17,1700,1,1,1,3,4856100,242100,2,3,4,0,1,1,50,170,1,0,1,0,1,0,0,1,1
200500013570,5,3,9,845,1,1,1,6,4848000,247000,3,2,2,0,1,2,0,66,1,0,3,0,0,0,1,0,1
200500013574,5,3,23,1930,3,1,1,2,4849400,219700,2,1,2,0,1,1,0,0,1,0,1,0,1,0,0,1,1
200500013575,5,3,28,545,3,1,8,7,4850900,220100,2,3,2,0,2,2,0,65,2,0,1,0,2,1,0,1,1
200500013576,5,3,11,2145,3,1,1,6,4835000,204000,2,3,2,0,0,1,5,60,1,3,3,0,0,0,0,1,1
200500013579,5,3,5,200,3,1,4,6,4860100,223300,3,2,2,0,1,3,0,80,7,0,1,0,2,0,0,1,1
200500013580,5,3,23,1815,1,1,1,4,4860600,221700,3,3,2,0,1,1,0,60,1,0,1,0,2,0,0,2,1
200500013581,5,3,4,1800,2,1,4,6,4869000,226000,4,2,0,0,1,1,0,45,5,0,1,0,0,0,1,1,1
200500013585,5,3,30,930,1,1,1,3,4910300,255000,2,2,3,0,3,1,0,90,1,0,1,0,0,0,0,2,1
200500013586,5,3,7,2315,5,1,8,6,4850000,279000,2,2,2,0,2,1,0,80,1,0,1,0,0,0,1,0,1
200500013588,5,3,10,1000,1,1,1,1,4861100,289100,2,2,0,0,1,1,0,0,1,0,1,0,1,0,0,1,1
200500013589,5,3,16,2030,3,1,1,5,4854000,295000,3,2,2,0,1,0,0,77,1,5,1,0,2,0,0,1,1
200500013590,5,3,21,615,2,2,1,3,4858000,296000,2,2,2,0,1,1,0,156,1,5,1,0,0,0,1,1,1
200500013591,5,3,17,800,1,1,1,6,4887000,290400,3,2,1,0,1,0,0,0,1,0,1,0,0,0,1,1,1
200500013592,5,3,20,1400,1,1,1,6,4889000,287000,4,2,0,0,1,4,0,43,1,0,1,0,0,1,0,0,1
200500013593,5,3,22,1030,1,1,1,6,4889000,284000,4,2,0,0,1,1,0,0,1,0,1,0,1,0,1,0,1
200500013594,5,3,23,2045,3,1,1,5,4890700,293600,3,2,2,0,4,1,0,66,0,0,1,0,2,1,0,0,1
200500013595,5,3,25,845,1,1,5,1,4888000,302000,4,2,0,0,1,1,0,0,2,0,1,0,1,0,0,1,1
200500013597,5,3,31,945,1,1,8,7,4881000,331000,3,2,0,0,2,1,0,48,2,0,3,0,0,0,0,1,1
200500013599,5,3,18,1800,1,1,1,3,4881700,284000,3,2,2,0,0,1,0,60,1,0,1,0,1,0,1,0,1
200500013600,5,3,19,1515,1,1,1,3,4880400,285200,3,2,2,0,1,1,0,65,1,0,1,0,0,0,2,1,1
200500013601,5,3,11,445,3,1,1,6,4891000,334600,3,2,2,0,1,1,0,0,1,0,0,0,0,0,0,1,1
200500013602,5,3,20,830,1,1,1,6,4872000,304000,3,2,1,0,1,1,0,60,1,0,3,0,0,0,2,0,1
200500013603,5,3,23,1900,1,1,1,6,4868700,296900,9,2,0,0,0,1,0,0,1,0,4,0,0,0,1,0,1
200500013604,5,3,27,1715,1,1,1,3,4873600,300600,3,2,2,0,1,1,0,90,1,0,1,0,5,0,0,1,1
200500013605,5,3,19,845,2,1,5,3,4826900,251600,3,2,0,0,1,1,60,60,1,0,1,0,1,0,1,0,1
200500013606,5,3,29,1015,1,1,1,6,4833700,259200,2,2,0,0,1,1,70,70,1,0,3,0,0,1,1,0,1
200500013607,5,3,26,30,3,1,1,6,4815200,270000,9,1,1,0,1,1,0,60,1,0,1,0,0,0,1,0,1
200500013608,5,3,9,1245,1,1,1,6,4829700,294400,3,2,2,0,1,1,0,70,1,0,1,3,1,0,0,1,1
200500013609,5,3,16,1930,3,1,1,1,4826000,302000,3,2,0,0,1,1,0,75,1,0,1,3,1,0,1,0,1
200500013610,5,3,26,1700,1,1,2,3,4825000,302000,3,2,0,0,0,1,0,35,2,0,1,0,1,0,0,1,1
200500013611,5,3,25,1745,1,1,1,3,4890900,288000,3,2,2,0,0,1,0,40,1,5,1,0,1,0,0,1,1
200500013613,5,3,20,1015,1,1,1,7,4899700,299600,3,2,2,0,1,2,0,60,1,0,1,0,1,0,1,0,1
200500013614,5,3,27,430,5,1,1,6,4908300,279600,9,2,2,0,1,1,0,60,2,0,1,0,0,0,1,0,1
200500013616,5,3,7,830,1,1,4,3,4841400,327800,3,2,2,0,1,3,0,60,5,0,1,0,1,0,1,0,1
200500013617,5,3,19,1330,1,1,1,3,4845000,316300,3,2,2,0,2,1,0,69,1,0,1,0,0,0,2,1,1
200500013620,5,3,20,1500,1,1,1,3,4787000,212000,4,2,2,0,1,2,0,40,1,0,1,0,1,0,0,1,1
200500013622,5,3,17,1630,1,1,1,2,4782100,168000,2,2,2,0,1,1,0,81,1,0,1,0,1,0,1,0,1
200500013623,5,3,25,45,3,1,5,1,4811200,217300,2,2,2,0,1,1,0,70,2,0,1,0,1,1,0,2,1
200500013625,5,3,11,1700,1,1,1,2,4772700,274000,2,3,0,0,1,1,15,75,1,0,1,0,1,0,0,1,1
200500013630,5,3,25,1930,3,1,1,6,4770900,233900,4,2,0,0,1,2,0,0,1,0,3,0,0,0,0,1,1
200500013631,5,3,28,1230,1,1,2,6,4776900,255500,3,2,2,0,1,2,0,63,2,0,1,0,0,0,1,0,1
200500013632,5,3,22,1000,1,1,2,1,4795700,306000,3,2,2,0,2,3,0,0,2,0,1,0,2,0,1,0,1
200500013634,5,3,27,15,3,1,2,6,4807000,263000,3,2,2,0,1,1,0,45,2,2,1,0,0,0,0,4,1
200500013636,5,3,14,1500,1,1,1,7,4727000,294900,3,2,0,0,1,2,0,43,1,0,3,0,0,1,0,0,1
200500013637,5,3,29,1315,1,1,2,6,4713100,292700,3,2,0,0,0,1,0,47,2,0,1,0,0,0,1,0,1
200500013641,5,3,20,300,3,1,1,7,4713600,183300,3,2,0,0,1,1,59,0,1,0,1,0,0,1,0,0,1
200500013642,5,3,1,1045,5,1,1,3,4730900,252300,3,2,2,0,1,1,0,50,1,0,1,0,1,0,0,1,1
200500013643,5,3,25,1630,1,1,1,3,4842800,152400,2,2,0,0,1,1,40,79,1,5,1,0,1,0,0,1,1
200500013646,5,3,7,745,1,1,4,1,4859900,160000,3,2,2,0,1,1,0,71,5,0,1,0,2,0,0,1,1
200500013647,5,3,8,930,1,1,9,6,4853700,157600,3,2,0,0,1,2,0,70,9,0,3,0,0,0,0,1,1
200500013648,5,3,19,800,2,1,5,1,4845100,163200,3,2,2,0,1,3,56,56,1,0,1,0,0,0,0,2,1
200500013649,5,3,19,1700,1,1,1,7,4852000,168000,3,2,2,0,1,0,0,60,1,0,1,0,0,0,1,0,1
200500013650,5,3,25,530,3,1,5,3,4850800,171800,2,2,3,0,4,2,0,112,2,0,1,0,1,0,1,0,1
200500013651,5,3,11,845,1,2,1,1,4872100,141300,3,2,2,0,1,1,0,67,1,0,1,0,1,0,0,1,1
200500013652,5,3,19,815,2,6,5,3,4876500,123600,2,1,2,0,0,2,30,80,2,5,1,0,1,0,1,1,1
200500013653,5,3,24,1900,5,1,1,1,4877100,120200,3,2,0,0,0,0,0,0,2,0,0,0,1,0,0,1,1
200500013654,5,3,23,1800,1,1,7,1,4885200,140500,3,2,0,0,1,1,0,62,1,0,1,0,1,1,0,0,1
200500013655,5,3,5,1245,1,1,8,3,4865100,99500,3,2,0,0,1,1,0,51,2,0,1,0,1,0,1,0,1
200500013656,5,3,28,1800,1,1,8,6,4865700,106800,3,2,0,0,0,2,0,40,1,0,3,0,0,1,0,1,1
200500013657,5,3,14,1345,1,1,1,3,4860300,121900,3,2,2,0,1,1,0,76,1,0,1,0,1,0,0,1,1
200500013658,5,3,5,1430,2,1,4,6,4703700,150900,3,2,2,0,2,2,0,60,5,0,3,0,0,0,0,1,1
200500013664,5,3,20,1200,1,3,1,3,4659000,151000,3,2,0,0,2,1,90,0,1,0,1,0,1,0,1,0,1
200500013666,5,3,11,1600,1,1,1,6,4681100,130100,3,2,1,0,1,1,0,60,1,0,0,0,0,0,0,1,1
200500013667,5,3,12,1530,1,1,1,3,4689400,142600,3,2,2,0,2,1,0,58,1,0,1,0,1,0,0,1,1
200500013668,5,3,4,1500,1,1,1,1,4714900,149900,3,2,2,0,1,1,0,95,1,0,1,0,0,0,1,1,1
200500013669,5,3,18,1200,1,1,1,1,4707700,177200,3,2,2,0,1,1,0,0,1,0,1,0,1,0,0,1,1
200500013670,5,3,20,1645,1,1,1,7,4707900,181100,4,2,2,0,1,0,0,50,1,0,1,0,1,0,0,1,1
200500013671,5,3,22,1300,1,1,1,6,4711100,158200,3,2,2,0,1,1,0,74,1,0,3,0,0,0,0,1,1
200500013672,5,3,27,900,1,1,3,6,4718000,152400,3,2,2,0,1,1,0,53,2,0,1,0,0,0,0,1,1
200500013673,5,3,29,715,2,1,2,6,4714000,148500,3,0,2,0,2,1,0,59,2,0,3,0,1,0,0,1,1
200500013674,5,3,5,1830,1,1,4,1,4674100,102500,3,2,2,0,3,3,0,56,5,0,1,0,0,1,1,4,1
200500013675,5,3,5,1845,1,1,4,6,4674100,100700,3,2,2,0,4,1,0,56,7,0,3,0,1,0,0,1,1
200500013676,5,3,12,530,2,1,1,6,4674200,101900,3,2,0,0,0,1,0,66,1,0,3,0,0,0,2,2,1
200500013678,5,3,21,800,1,2,1,1,4664200,106300,3,2,2,0,2,1,0,60,1,0,1,0,1,0,1,0,1
200500013681,5,3,20,1300,1,1,1,3,4660400,186900,3,2,2,0,2,1,0,66,1,5,1,0,1,0,1,0,1
200500013686,5,3,5,2000,3,1,2,7,4750800,61300,3,2,2,0,1,1,0,50,2,0,3,0,0,0,0,1,1
200500013687,5,3,9,1445,1,1,1,7,4769200,62200,3,2,2,0,1,2,0,50,1,0,1,0,0,0,1,0,1
200500013689,5,3,19,2100,5,6,1,6,4717400,30600,3,2,0,0,0,1,0,50,1,0,1,0,1,0,0,1,1