Num_Acc,an,mois,jour,hrmn,lum,int,atm,col,lat,long,catr,circ,nbv,vosp,prof,plan,lartpc,larrout,surf,infra,situ,env1,unscathed,killed,hospital,light,chance
200500013690,5,3,21,1745,1,1,2,6,4725800,31000,3,2,2,0,1,1,0,54,2,0,3,0,1,1,0,0,1
200500013691,5,3,27,2130,4,1,1,6,4735900,48300,2,2,2,0,1,3,0,62,1,0,3,0,1,0,1,0,1
200500013692,5,3,16,930,1,2,1,3,4716200,105900,3,2,2,0,0,1,0,67,1,0,0,0,0,0,0,2,1
200500013695,5,3,10,1830,1,1,1,2,4730400,72000,3,2,0,0,1,1,0,0,1,0,1,0,2,0,0,1,1
200500013696,5,3,23,800,1,2,1,3,4740900,120400,3,2,2,0,1,1,0,0,1,5,1,0,1,1,1,0,1
200500013700,5,3,4,1530,1,1,8,5,4772500,101900,2,2,2,0,1,1,0,80,1,0,1,0,3,0,2,0,1
200500013702,5,3,17,815,1,1,5,3,4776200,150400,3,2,0,0,1,3,0,63,2,0,1,0,1,0,0,1,1
200500013704,5,3,6,2030,5,2,1,3,4782000,-362600,4,2,0,0,1,1,0,71,1,0,1,0,1,0,1,1,1
200500013705,5,3,10,1315,1,1,1,7,4788700,-376000,4,2,0,0,1,0,0,46,1,0,3,0,0,0,1,0,1
200500013706,5,3,6,745,3,1,1,6,4803600,-394200,3,2,2,0,1,2,0,64,1,0,3,0,0,0,2,0,1
200500013707,5,3,6,1600,1,1,1,6,4798900,-374600,4,2,2,0,2,3,0,44,1,0,3,0,0,0,1,0,1
200500013709,5,3,18,1215,1,1,1,3,4915900,232800,9,2,2,0,0,3,0,0,1,0,0,0,1,0,0,1,1
200500013710,5,3,11,1415,3,1,1,6,4577100,130800,3,0,2,0,1,3,0,50,1,0,3,0,0,1,0,0,1
200500013711,5,3,2,1745,2,1,1,3,4870200,737300,4,2,2,0,1,4,0,50,1,0,1,0,1,0,0,1,1
200500013714,5,3,2,1600,1,1,1,5,4420000,32900,3,2,2,0,3,3,0,0,1,0,1,0,0,0,0,3,1
200500013715,5,3,11,1000,1,1,1,3,4414500,52200,3,2,2,0,2,1,0,71,1,0,1,0,0,0,2,0,1
200500013716,5,3,11,1030,1,1,1,3,4414100,33900,3,2,0,0,1,3,0,71,1,0,1,0,1,0,1,0,1
200500013717,5,3,25,1415,1,3,1,3,4411200,35400,3,2,0,0,1,0,0,80,1,0,1,0,1,0,0,1,1
200500013718,5,3,26,730,3,1,1,6,4404000,29000,3,2,0,0,1,2,0,46,1,0,0,0,0,1,0,0,1
200500013720,5,3,12,2045,5,1,1,6,4812400,-159700,4,2,0,0,0,0,0,0,0,0,0,0,0,0,0,1,1
200500013722,5,3,4,2230,3,1,8,6,4851000,190800,1,3,3,0,0,1,294,270,5,0,3,0,0,0,1,1,1
200500013724,5,3,27,1145,1,1,8,6,4862700,213300,1,3,4,0,4,3,24,340,1,0,1,0,1,0,0,3,1
200500013725,5,3,20,1430,1,1,1,6,4548400,477800,3,2,2,0,0,1,0,0,1,0,1,0,1,0,1,0,1
200500013726,5,3,26,1615,1,1,1,3,4556200,481100,2,2,2,0,1,1,0,0,1,0,1,0,1,0,0,1,1
200500013729,5,3,9,1430,1,1,1,3,4470600,-102400,4,2,0,0,1,1,0,39,1,0,1,0,1,0,0,1,1
200500013730,5,3,4,830,1,1,4,1,4911500,260300,3,2,2,0,2,3,0,60,7,0,1,0,1,0,0,2,1
200500013731,5,3,4,1930,3,1,4,3,4912300,256100,3,2,2,0,1,1,0,70,7,0,1,0,0,0,0,3,1
200500013732,5,3,23,1100,1,1,1,1,4909900,257500,3,2,2,0,2,3,0,60,1,0,1,0,1,0,0,1,1
200500013733,5,3,20,1915,2,1,1,3,4846500,251900,1,3,6,0,1,3,20,105,1,0,1,0,0,0,1,1,1
200500013734,5,3,28,1500,1,1,3,6,4829500,268100,1,3,6,0,1,1,30,270,4,0,2,0,2,0,1,0,1
200500013735,5,3,29,345,3,1,1,2,4844600,253400,1,1,3,0,1,1,35,105,1,0,2,0,1,0,0,1,1
200500013736,5,3,23,2315,5,1,1,6,5033700,292000,1,3,20,0,1,1,3,800,1,0,1,0,0,0,1,0,1
200500013750,5,3,19,830,1,1,1,7,4925200,231800,3,2,2,0,1,1,0,63,1,0,0,0,0,0,0,1,1
200500013754,5,3,4,415,3,1,1,4,4953500,272300,1,3,3,0,1,1,35,105,1,0,1,0,2,2,1,0,1
200500013755,5,3,6,730,1,1,4,6,4751500,473000,2,2,2,0,1,1,0,0,5,0,1,0,0,0,0,1,1
200500013756,5,3,12,1415,1,1,4,1,4739800,502800,3,2,0,0,1,0,0,560,2,5,5,0,1,0,1,0,1
200500013759,5,3,19,1400,1,1,7,6,4819300,-87200,3,2,2,0,1,2,0,60,1,0,3,0,0,0,1,0,1
200500013760,5,3,24,1530,1,1,1,1,4814500,-104100,3,2,2,0,1,1,0,57,1,0,1,0,0,1,0,1,1
200500013763,5,3,18,1845,1,1,1,3,4367000,141000,3,2,0,0,1,1,54,0,1,0,1,0,1,0,0,1,1
200500013771,5,3,26,600,3,1,1,6,4380100,438000,1,0,2,0,1,1,50,70,1,0,3,0,0,0,0,1,1
200500013776,5,3,17,345,5,9,1,6,4545600,697500,3,2,0,0,1,1,0,75,1,0,1,0,1,0,1,0,1
200500013777,5,3,5,1445,1,1,1,3,4354000,529300,3,2,0,0,1,1,0,40,1,0,1,3,0,0,0,2,1
200500013778,5,3,14,400,3,6,1,7,4885100,806700,3,1,0,0,1,2,270,0,1,5,1,0,0,0,1,0,1
200500013779,5,3,29,1300,1,1,1,3,4873400,790900,4,2,2,0,1,1,0,78,1,0,1,0,1,0,0,1,1
200500013784,5,3,19,1615,1,1,1,1,4746000,152700,3,2,2,0,2,1,0,71,1,5,1,0,0,0,3,1,1
200500013785,5,3,19,1630,1,1,1,3,4735300,148600,4,2,0,0,1,0,0,0,1,0,0,0,1,0,1,0,1
200500013793,5,3,16,1115,1,1,1,2,4527400,320400,1,3,2,3,2,1,0,110,1,0,1,0,1,1,0,0,1
200500013794,5,3,22,845,1,1,1,1,4355200,150300,3,1,3,0,1,1,0,85,1,0,1,0,0,0,0,2,1
200500013795,5,3,21,145,3,1,1,6,4570800,315000,1,3,2,0,1,1,30,100,1,0,3,0,0,0,1,0,1
200500013796,5,3,15,30,3,1,1,2,4347900,-145800,1,3,4,0,0,3,15,72,1,0,1,0,1,1,1,0,1
200500013799,5,3,23,1515,1,1,1,3,4518500,569400,3,3,0,0,0,1,50,150,1,0,0,0,1,0,0,1,1
200500013800,5,3,13,1700,1,1,1,6,4903700,445700,1,3,0,0,1,1,10,70,1,0,3,0,0,0,1,0,1
200500013805,5,3,26,645,2,1,1,2,4737300,71500,1,3,3,0,1,1,15,210,1,0,1,0,1,0,0,1,1
200500013812,5,3,10,500,3,1,1,4,5035500,278800,1,3,2,0,2,1,30,110,2,0,1,0,1,0,0,3,1
200500013813,5,3,26,730,1,1,5,5,5054700,250700,1,3,2,0,0,1,30,110,2,0,1,0,3,0,1,1,1
200500013814,5,3,23,545,2,1,5,5,4535900,596700,1,1,2,0,0,1,0,35,2,0,1,0,2,0,1,1,1
200500013820,5,3,15,1745,1,1,1,6,4333100,-33400,1,3,0,0,0,1,30,70,1,0,2,0,0,0,0,1,1
200500013821,5,3,1,1530,1,1,1,2,4868900,248800,2,2,4,0,1,1,0,0,1,5,1,0,1,0,0,1,1
200500013824,5,3,27,1015,1,1,8,1,4862000,250000,2,2,2,0,0,1,0,0,2,3,1,0,0,0,0,2,1
200500013825,5,3,20,415,3,1,1,3,4448600,-83200,1,3,0,0,1,1,300,70,1,0,1,0,1,0,1,0,1
200500013826,5,3,25,2200,3,1,1,6,4461500,-102000,1,3,2,0,1,1,10,72,2,0,1,0,0,0,0,1,1
200500013835,5,3,30,615,3,1,3,3,4396400,132800,1,1,2,0,1,1,20,70,2,0,1,0,1,0,1,0,1
200500013844,5,3,15,1600,1,1,1,1,4468600,-72300,2,2,2,0,1,1,0,62,1,0,1,0,0,2,0,0,1
200500013846,5,3,21,400,3,1,8,2,4512100,-48600,1,3,2,0,1,1,10,70,2,0,1,0,2,0,0,3,1
200500013847,5,3,4,815,1,1,1,6,4852600,-284600,3,2,2,0,2,1,0,60,1,0,1,0,1,1,0,0,1
200500013851,5,3,20,1945,3,1,1,3,4586800,513700,1,3,0,0,1,1,52,70,1,0,1,0,1,0,1,0,1
200500013852,5,3,25,730,2,1,5,2,4567700,505300,1,1,0,0,1,1,10,140,2,7,1,0,3,0,0,1,1
200500013853,5,3,27,800,2,1,1,6,4582600,499800,1,0,0,0,1,1,25,70,1,0,1,0,0,0,0,2,1
200500013854,5,3,4,2130,5,1,1,1,4551500,426800,3,2,2,0,1,3,0,0,1,0,1,0,2,0,1,0,1
200500013855,5,3,18,1545,1,1,1,1,4548100,426400,3,2,2,0,2,1,0,43,1,0,1,0,2,0,0,1,1
200500013857,5,3,25,830,1,1,1,1,4917100,419500,2,2,0,0,1,1,0,77,1,0,1,0,1,0,1,0,1
200500013859,5,3,18,2100,3,1,1,2,4797000,548000,1,3,2,0,2,1,0,0,1,0,1,0,1,0,1,2,1
200500013860,5,3,13,1830,2,1,1,3,4846800,-274300,9,2,2,0,2,2,0,31,1,0,1,0,1,0,1,0,1
200500013861,5,3,26,1845,1,1,2,6,4848800,-282000,4,2,0,0,1,3,0,73,2,0,1,0,0,0,1,0,1
200500013862,5,3,5,1945,5,3,2,5,4354900,134700,4,2,2,1,1,1,0,53,2,0,1,0,1,0,0,2,1
200500013863,5,3,11,1800,1,1,1,3,4354600,133500,3,2,2,0,1,1,0,53,1,0,1,0,1,0,0,1,1
200500013869,5,3,1,1830,2,1,1,1,4540100,478100,3,0,2,0,1,1,0,102,1,5,1,0,1,0,0,1,1
200500013870,5,3,9,700,1,1,1,3,4541800,478000,3,2,2,0,1,1,0,90,1,0,1,0,1,0,0,1,1
200500013875,5,3,24,1145,1,1,1,6,4992000,323600,1,3,2,0,2,1,15,70,1,0,1,0,0,0,0,2,1
200500013877,5,3,17,2015,2,1,1,1,4885900,202500,3,2,1,0,1,1,0,0,1,0,1,0,1,0,0,2,1
200500013878,5,3,10,900,1,9,1,2,4355000,518000,2,2,2,0,2,1,36,41,1,5,1,0,2,0,1,0,1
200500013879,5,3,10,1600,1,1,1,4,4907500,232600,2,3,2,0,2,1,10,140,1,0,1,0,2,0,1,0,1
200500013880,5,3,25,800,1,1,5,7,4971800,140100,1,3,2,0,1,1,20,105,1,0,3,0,1,0,1,0,1
200500013881,5,3,28,530,3,1,5,6,4987600,156300,1,3,2,0,2,1,25,98,1,0,3,0,0,0,0,1,1
200500013883,5,3,4,900,1,1,1,5,4765000,-271000,3,2,2,3,3,1,0,95,1,0,1,0,3,0,1,0,1
200500013892,5,3,10,900,1,6,1,3,4849700,-276200,3,1,0,0,1,3,0,90,1,0,1,0,2,0,0,1,1
200500013893,5,3,20,600,3,1,1,6,4848500,-267900,2,3,2,0,1,1,0,42,1,3,1,0,4,0,1,0,1
200500013897,5,3,17,1315,1,1,1,6,4933100,-56500,3,2,0,0,1,1,0,60,1,0,4,0,0,0,0,1,1
200500013898,5,3,9,615,2,1,1,1,4358800,514000,2,2,4,0,0,1,0,140,1,0,1,0,0,0,1,1,1
200500013899,5,3,10,1045,1,1,1,3,4363800,515900,3,2,0,0,2,1,0,55,1,0,0,0,1,0,1,0,1
200500013900,5,3,19,1100,1,1,1,6,4625700,308200,6,0,1,0,1,3,0,50,1,0,3,0,0,0,2,6,1
200500013903,5,3,13,1815,1,1,1,1,4401800,-102200,2,3,2,0,1,1,100,70,1,0,1,0,1,0,0,2,1
200500013904,5,3,27,530,3,1,1,7,4377200,-121800,2,3,0,0,1,3,100,100,1,0,3,0,1,0,1,2,1
200500013905,5,3,1,1500,1,1,1,1,4853600,758400,3,2,0,0,1,1,0,0,1,0,1,0,1,1,0,0,1
200500013906,5,3,24,1630,1,1,2,2,4853700,769200,3,2,2,0,1,2,0,74,2,0,1,0,1,0,0,2,1
200500013907,5,3,26,1100,1,1,2,4,4864500,772700,3,2,2,0,1,1,0,80,2,0,1,0,2,0,0,1,1
200500013909,5,3,4,715,2,1,8,1,4368300,703200,3,2,2,0,1,3,0,52,7,0,1,0,1,0,0,14,1
200500013911,5,3,28,15,3,1,1,2,4327700,-19100,1,1,0,0,2,1,40,190,2,0,1,0,2,0,0,1,1
200500013916,5,3,9,1745,1,1,1,2,4636200,279500,1,0,0,0,2,1,15,70,1,0,3,0,1,0,0,3,1
200500013917,5,3,26,1530,1,1,1,7,4652800,257100,1,3,0,0,1,1,15,90,1,0,3,0,3,0,0,1,1
200500013918,5,3,3,1815,2,1,4,7,4670100,246200,1,1,2,3,1,1,10,70,2,0,2,0,1,0,0,1,1
200500013919,5,3,28,1415,1,1,1,6,4704700,233900,1,3,2,0,0,2,0,40,1,3,3,0,0,0,0,2,1
200500013920,5,3,14,415,3,1,1,1,4768600,518100,1,3,0,0,1,1,8,70,1,0,1,0,2,0,0,1,1
200500013921,5,3,26,1300,1,1,1,3,4725000,509800,1,3,2,0,1,1,23,70,1,0,1,0,4,1,1,0,1
200500013927,5,3,17,900,1,1,1,7,4514300,533400,1,1,2,0,1,1,14,70,1,0,3,0,0,0,1,0,1
200500013932,5,3,30,1915,1,1,1,7,4858600,273800,1,1,3,0,1,1,30,135,1,0,3,0,0,0,1,0,1
200500013934,5,3,18,1800,1,1,1,1,4360300,534500,4,2,2,0,1,3,0,60,1,0,3,0,1,0,1,0,1
200500013935,5,3,22,1545,1,1,2,7,4615000,637000,3,2,2,0,1,3,0,68,2,0,3,0,0,1,0,0,1
200500013936,5,3,24,1215,1,1,9,5,4613000,638000,3,2,2,0,2,3,0,0,9,0,1,0,1,0,1,1,1
200500013937,5,3,31,2230,5,1,1,6,4614000,645000,3,2,2,0,0,1,0,68,1,0,1,0,1,0,1,0,1
200500013942,5,3,29,1600,1,1,3,6,4639200,145200,1,3,4,0,1,1,13,140,3,0,3,0,1,0,2,0,1
200500013944,5,3,18,1630,1,1,1,1,4874000,201000,3,2,0,0,4,3,0,70,1,0,1,0,1,0,0,1,1
200500013949,5,3,6,1645,1,1,1,1,4382000,149000,3,2,2,0,1,2,0,57,1,0,1,0,0,0,3,1,1
200500013952,5,3,7,1700,1,1,1,6,5006300,137200,3,1,1,0,2,1,0,0,1,0,1,0,1,0,1,0,1
200500013954,5,3,16,1615,1,1,1,3,4368200,136500,3,2,2,0,1,1,0,63,1,0,1,0,0,0,1,1,1
200500018265,5,3,17,1700,1,1,1,5,4386100,723200,3,2,0,0,1,1,0,0,1,0,1,0,4,0,1,0,1
200500022730,5,4,1,1630,1,1,1,1,5052200,290000,4,2,2,0,1,1,0,49,1,0,1,3,0,0,2,0,1
200500022731,5,4,2,2230,5,1,1,3,5051800,291500,4,2,0,0,1,0,0,60,1,0,1,0,2,0,0,2,1
200500022732,5,4,14,1245,1,1,8,6,5047000,314000,3,2,2,0,1,2,0,65,1,0,0,0,0,0,1,0,1
200500022733,5,4,19,1830,1,1,1,1,5049800,304700,3,2,2,0,1,1,0,54,1,0,1,0,1,0,1,0,1
200500022734,5,4,3,1715,1,1,1,2,5094700,238100,3,2,0,0,1,1,0,60,1,0,1,0,0,0,2,1,1
200500022736,5,4,1,700,2,1,5,6,5087900,253300,3,2,2,0,1,1,0,60,2,0,3,0,0,0,0,1,1
200500022739,5,4,9,2345,5,1,1,7,5064600,272300,3,2,2,0,2,3,0,60,1,2,1,0,0,0,0,1,1
200500022740,5,4,2,1800,1,1,1,6,5083300,235900,3,2,2,0,1,1,0,55,2,0,3,0,0,0,0,3,1
200500022741,5,4,13,1345,1,1,2,6,5082400,247300,3,2,2,0,0,2,0,75,2,0,1,0,0,0,1,0,1
200500022742,5,4,14,1315,1,1,1,6,5079500,250200,4,2,2,0,2,2,60,0,1,0,3,0,0,0,0,1,1
200500022743,5,4,5,1245,1,1,1,5,5058900,314100,3,2,0,0,2,2,0,80,1,0,1,0,1,1,1,1,1
200500022744,5,4,6,1830,1,1,2,1,5053500,321900,3,2,2,0,1,1,0,58,2,0,1,0,1,0,0,1,1
200500022745,5,4,7,845,1,1,1,1,5011600,395800,4,2,2,0,4,3,0,68,1,0,1,0,0,0,0,2,1
200500022750,5,4,27,1915,1,1,7,1,5019200,401600,4,2,2,0,3,3,0,41,1,0,1,0,1,0,1,0,1
200500022751,5,4,15,1730,1,1,1,1,5029500,275600,9,2,0,1,1,1,0,0,1,0,1,0,1,0,0,1,1
200500022752,5,4,1,545,3,1,5,6,5012000,293000,2,2,2,0,1,1,0,75,2,0,4,0,0,0,1,1,1
200500022753,5,4,18,1800,1,1,1,7,5039400,274500,9,2,2,0,2,1,0,0,1,0,1,0,1,0,1,0,1
200500022755,5,4,11,1945,1,1,1,3,5062400,277500,3,2,2,0,1,3,0,65,1,0,4,0,1,0,1,0,1
200500022756,5,4,17,1445,1,1,1,6,5057100,278500,3,2,2,0,1,1,0,0,1,0,1,0,0,0,0,1,1
200500022759,5,4,5,2300,3,1,8,1,5084400,168500,3,2,2,0,0,1,0,58,1,0,1,0,1,0,0,1,1
200500022760,5,4,25,1315,1,1,1,1,5067100,160100,4,2,0,0,1,3,0,58,1,0,1,0,1,0,1,0,1
200500022761,5,4,10,945,1,1,1,1,5091200,193700,2,2,2,0,1,1,0,70,1,0,1,0,1,0,2,0,1
200500022762,5,4,23,845,1,1,1,1,5079200,194600,3,2,2,0,1,1,0,56,1,0,1,0,1,0,0,1,1
200500022765,5,4,3,1400,1,1,1,1,5066600,232800,4,2,0,0,1,1,0,52,0,0,0,0,1,0,0,1,1
200500022766,5,4,30,330,3,1,1,6,5064600,241600,4,2,2,0,0,2,0,60,1,0,1,0,0,0,0,1,1
200500022767,5,4,17,1100,1,1,1,3,5085800,198600,2,0,2,0,1,1,77,70,1,5,1,0,1,0,0,1,1
200500022768,5,4,18,1215,1,1,1,5,5080900,210600,2,2,0,0,3,1,0,71,1,0,1,0,0,3,2,3,1
200500022770,5,4,1,845,1,2,5,4,5039000,225300,2,2,0,0,1,1,0,0,1,0,1,0,6,0,1,5,1
200500022771,5,4,2,1745,1,2,1,3,5042200,236900,3,2,2,0,1,1,0,69,1,0,1,0,0,0,2,1,1
200500022772,5,4,9,1215,1,1,1,1,5041200,243700,3,2,2,0,1,1,0,66,1,0,1,0,1,0,1,1,1
200500022774,5,4,22,830,1,1,1,1,5042300,236900,3,2,2,0,0,2,0,66,1,0,1,0,2,0,0,1,1
200500022777,5,4,30,1945,1,1,1,7,5028200,229300,3,2,2,0,2,2,0,56,1,0,1,0,0,0,0,2,1
200500022778,5,4,3,2030,5,1,1,6,5050000,233000,3,2,2,0,0,2,0,60,1,0,3,0,0,0,0,1,1
200500022784,5,4,2,1645,1,1,1,6,5007700,144700,4,2,2,0,1,1,0,60,1,0,1,0,0,0,1,0,1
200500022785,5,4,10,2115,3,1,1,3,5007800,152800,3,2,2,0,1,1,0,75,1,0,1,0,3,0,0,3,1
200500022787,5,4,20,1130,1,9,8,1,5009700,155800,3,2,0,0,1,1,0,81,1,0,1,0,1,0,0,1,1
200500022788,5,4,23,1600,1,1,1,1,5007900,160000,3,2,0,0,0,3,0,72,1,0,1,0,3,0,1,0,1
200500022790,5,4,13,1215,1,1,2,3,5017600,187700,4,2,0,0,1,1,0,51,2,0,1,0,2,0,0,1,1
200500022791,5,4,17,1830,1,1,1,6,5027600,166700,3,2,0,0,1,2,0,0,1,0,1,0,1,0,1,0,1
200500022792,5,4,22,1200,1,1,1,7,5020100,192200,3,2,0,0,1,1,0,50,1,0,3,0,0,0,1,0,1
200500022795,5,4,24,1615,1,1,3,6,4980800,252400,3,1,2,0,1,1,0,74,2,0,3,0,0,0,1,0,1
200500022800,5,4,6,1930,1,1,1,6,5000700,264900,4,2,0,0,1,3,0,0,1,0,1,0,0,0,0,1,1
200500022801,5,4,11,1000,1,1,1,3,4998900,267300,3,2,0,0,4,1,0,61,1,0,1,0,1,0,1,0,1
200500022806,5,4,5,1000,1,1,1,2,4969700,371200,2,2,2,0,1,1,0,74,1,0,1,0,1,0,0,1,1
200500022816,5,4,23,1245,1,1,2,1,4944000,367500,3,2,2,0,2,3,0,60,2,0,1,0,1,1,0,0,1
200500022817,5,4,5,1730,1,1,1,1,4986700,325300,4,2,0,0,1,1,0,48,1,0,1,0,0,0,0,2,1
200500022818,5,4,24,345,3,1,1,3,4987000,326000,3,2,2,0,1,1,0,61,1,0,1,0,1,0,1,0,1
200500022819,5,4,12,1500,1,1,1,6,4999000,345600,4,1,2,0,1,2,0,0,1,5,1,0,1,0,0,1,1
200500022820,5,4,13,2115,3,1,2,1,5000000,347500,3,2,2,0,3,1,0,59,2,0,1,0,3,0,0,1,1
200500022822,5,4,28,1700,1,1,1,6,4995200,344600,3,2,2,0,0,2,0,0,1,0,3,0,1,0,0,1,1
200500022825,5,4,23,1215,1,1,8,6,4926000,309000,2,2,2,0,1,3,16,92,2,0,2,0,0,0,1,0,1
200500022827,5,4,28,1200,1,1,1,3,4925700,309100,9,1,0,0,0,1,0,0,1,5,1,0,1,0,0,1,1
200500022828,5,4,29,1300,1,1,1,6,4925800,310300,3,2,1,0,0,1,0,61,1,0,3,0,0,0,1,0,1
200500022830,5,4,13,1815,1,1,1,2,4998100,391700,2,2,2,0,1,1,0,83,1,0,1,0,1,0,1,0,1
200500022834,5,4,10,2245,5,1,1,1,4990800,405300,3,2,0,0,1,1,10,70,1,1,1,0,0,0,1,1,1
200500022835,5,4,11,1100,1,1,1,5,4989100,402400,3,2,2,0,1,1,0,85,1,0,1,0,2,0,1,0,1
200500022838,5,4,19,1715,1,1,1,2,4935400,177500,3,2,2,0,2,1,0,69,1,0,1,0,1,0,0,1,1
200500022840,5,4,13,45,3,1,1,6,4923800,196600,3,2,2,0,1,1,0,70,1,0,3,0,0,0,0,1,1
200500022841,5,4,14,1115,1,1,1,3,4932400,185900,3,0,0,0,0,0,0,0,1,5,1,0,0,0,0,2,1
200500022842,5,4,1,930,1,1,5,7,4955600,194100,3,2,2,0,1,1,0,60,1,0,1,0,0,0,1,0,1
200500022843,5,4,2,1015,1,1,1,2,4975200,181500,3,2,0,0,1,1,0,65,1,5,1,0,1,0,0,1,1
200500022844,5,4,22,1845,1,1,1,6,4969000,185400,4,2,2,0,1,0,42,42,1,0,1,0,2,0,0,1,1
200500022847,5,4,28,1330,1,1,1,1,4926600,216000,4,2,2,0,1,1,0,0,1,0,1,0,1,0,1,0,1
200500022853,5,4,9,1900,1,3,1,3,4962100,222700,3,2,2,0,1,1,0,107,1,5,1,0,1,0,1,1,1
200500022854,5,4,17,1200,1,1,1,6,4968400,225000,2,2,2,0,2,3,0,0,1,0,1,0,0,0,0,1,1
200500022859,5,4,1,1215,1,1,1,6,4932100,232300,3,1,1,0,1,1,0,0,1,0,1,0,1,0,0,1,1
200500022860,5,4,7,1600,1,1,1,1,4931600,233000,4,2,0,0,1,1,0,70,9,0,1,0,1,0,1,0,1
200500022861,5,4,1,800,1,1,5,3,4950700,236900,3,2,0,0,3,2,0,60,9,0,1,0,0,0,1,2,1
200500022862,5,4,17,1400,1,1,1,1,4956300,258800,9,0,2,0,1,1,50,0,1,0,1,0,1,0,0,1,1
200500022863,5,4,28,1030,1,1,1,3,4955700,251600,3,2,2,0,1,1,0,61,1,0,1,0,1,0,0,1,1
200500022864,5,4,29,30,3,1,1,7,4946300,256600,4,0,0,0,0,0,0,0,0,0,0,0,0,0,0,1,1
200500022869,5,4,30,2330,5,1,1,6,4950900,290500,4,2,0,0,1,1,0,0,1,0,1,0,1,0,1,0,1
200500022871,5,4,24,545,5,1,8,1,4944100,271300,3,2,2,0,1,2,0,60,1,0,1,0,0,0,1,1,1
200500022873,5,4,2,1045,1,1,1,3,4941600,614500,3,2,0,0,1,1,0,70,1,0,1,0,1,0,0,1,1
200500022880,5,4,2,1745,1,1,1,3,4918700,245800,2,2,2,0,2,1,0,90,1,0,1,0,4,0,1,1,1
200500022884,5,4,26,1215,1,1,1,1,4928100,285600,4,2,2,0,2,4,0,55,1,0,1,0,1,0,0,1,1
200500022885,5,4,6,530,3,2,1,3,4994100,117000,3,2,3,0,1,1,0,136,1,0,1,0,0,0,1,3,1
200500022886,5,4,18,700,2,1,2,2,4978400,102800,3,2,2,0,1,1,0,60,2,0,1,0,1,0,0,1,1
200500022887,5,4,20,1800,1,1,1,2,4977900,105000,3,2,0,0,1,1,0,61,1,0,1,0,2,0,1,0,1
200500022888,5,4,5,1030,1,1,1,6,4969700,106000,3,2,2,0,1,1,0,60,1,0,3,0,0,0,0,1,1
200500022890,5,4,24,130,5,1,1,7,4940000,118500,2,2,1,0,1,1,100,70,1,0,1,0,0,0,0,1,1
200500022892,5,4,16,1600,1,1,1,6,4939400,89500,9,2,2,0,1,2,0,30,1,0,3,0,0,0,1,0,1
200500022893,5,4,21,1100,1,1,1,1,4951100,88100,3,2,2,0,1,2,0,52,1,0,1,0,1,1,0,0,1
200500022896,5,4,15,815,1,1,1,3,4956500,58300,3,2,0,0,1,1,0,60,0,0,1,0,1,0,0,1,1
200500022897,5,4,24,630,1,1,1,6,4951000,50300,3,2,0,0,1,1,0,62,1,0,3,0,0,0,1,0,1
200500022898,5,4,27,1445,1,6,1,3,4953500,59200,3,2,0,0,1,1,0,60,1,5,1,0,1,0,0,1,1
200500022899,5,4,5,1815,1,1,1,3,4975800,154800,2,2,0,0,2,3,0,74,1,0,1,0,1,1,0,0,1
200500022901,5,4,16,215,3,1,5,7,4946900,172500,3,2,0,0,1,1,0,72,1,0,3,0,0,0,0,1,1
200500022902,5,4,27,1045,1,1,1,6,4962100,75800,4,1,0,0,1,1,70,0,1,0,1,0,1,0,0,1,1
200500022903,5,4,9,1600,1,1,9,6,4957900,82200,3,2,2,0,1,2,0,60,1,0,3,0,0,0,0,1,1
200500022905,5,4,21,1730,1,1,1,3,4955100,95300,3,2,2,0,1,1,0,70,1,0,1,3,1,0,1,0,1
200500022906,5,4,1,1615,2,1,1,7,4974700,64400,3,2,2,0,1,1,0,62,1,0,3,0,0,0,1,0,1
200500022907,5,4,16,2030,2,1,1,6,4981600,69800,3,2,1,0,1,1,0,35,1,0,1,0,1,0,1,0,1
200500022910,5,4,4,2115,3,1,2,7,4962700,85200,3,2,2,0,0,3,0,65,2,0,3,0,0,1,0,0,1
200500022911,5,4,12,1345,1,1,1,6,4971600,62200,3,0,2,0,1,0,0,37,1,0,1,0,1,0,0,1,1
200500022912,5,4,8,1345,1,1,1,7,4901300,97600,3,2,2,0,1,3,0,52,1,0,1,0,0,0,0,1,1
200500022913,5,4,9,1245,1,1,1,3,4901900,119500,2,2,5,0,1,1,0,60,1,0,1,0,3,0,0,1,1
200500022914,5,4,12,1800,1,1,1,6,4896600,94200,4,2,0,0,1,0,0,71,1,0,1,0,1,0,0,1,1
200500022915,5,4,16,630,2,1,1,7,4900300,118200,2,3,2,0,1,3,11,74,1,0,3,0,0,0,1,2,1
200500022917,5,4,25,945,1,2,1,3,4895700,95100,3,2,2,0,1,1,0,54,1,5,1,0,2,0,0,1,1
200500022920,5,4,19,1715,1,1,7,7,4891200,128800,3,2,0,0,1,1,0,75,1,0,3,0,0,0,1,0,1
200500022921,5,4,26,1515,1,2,8,1,4883700,102300,3,0,2,0,1,1,0,62,1,0,3,0,1,0,1,1,1
200500022922,5,4,28,1630,1,1,1,3,4880000,128100,3,2,2,0,1,1,0,71,1,0,1,0,1,0,0,1,1
200500022926,5,4,16,1700,1,1,1,6,4892000,145300,9,0,0,0,0,1,0,20,2,0,0,0,0,0,0,1,1