Num_Acc,an,mois,jour,hrmn,lum,int,atm,col,lat,long,catr,circ,nbv,vosp,prof,plan,lartpc,larrout,surf,infra,situ,env1,unscathed,killed,hospital,light,chance
200500022928,5,4,18,1945,1,1,1,6,4922600,129300,3,2,2,0,1,4,0,0,1,0,1,0,1,0,0,1,1
200500022932,5,4,6,700,1,1,1,1,4932100,141800,2,0,0,0,1,1,0,84,1,0,1,0,1,0,0,1,1
200500022933,5,4,17,1230,1,1,1,2,4945300,137700,2,2,2,0,1,1,0,80,1,0,1,0,1,0,0,2,1
200500022934,5,4,7,1145,1,1,1,6,4922300,162700,2,2,0,0,1,1,0,0,1,0,1,0,0,1,0,0,1
200500022936,5,4,15,1830,1,1,1,6,4922100,164400,4,2,2,0,0,1,0,80,0,0,1,0,0,0,0,1,1
200500022937,5,4,1,1700,1,1,1,3,4908200,55100,3,2,2,0,1,1,0,78,1,0,1,0,1,0,0,1,1
200500022938,5,4,6,1700,1,1,1,3,4910900,58000,2,0,2,0,1,3,0,74,1,0,1,0,0,2,0,0,1
200500022941,5,4,14,1000,1,2,8,3,4904300,66300,3,2,2,0,1,1,0,54,2,5,1,0,1,0,0,1,1
200500022944,5,4,24,330,5,1,1,7,4918000,72000,3,2,0,0,1,2,0,50,1,0,3,0,2,0,0,2,1
200500022945,5,4,2,1600,1,1,1,3,4927700,121200,3,2,0,0,1,1,0,58,1,0,1,0,1,0,1,0,1
200500022946,5,4,30,1830,1,1,1,6,4915000,89000,3,2,2,0,1,1,0,83,1,0,1,0,1,0,1,0,1
200500022950,5,4,5,830,1,1,1,5,4936300,71500,2,2,2,0,1,1,0,64,1,0,1,0,3,0,0,2,1
200500022951,5,4,11,1630,1,1,1,2,4928900,67800,3,2,0,0,3,1,0,78,1,0,1,0,3,0,1,0,1
200500022953,5,4,7,845,1,3,8,2,4834800,-161300,3,2,1,0,1,1,0,38,2,0,1,0,2,0,0,1,1
200500022954,5,4,10,1745,1,1,1,1,4835800,-174500,3,2,0,0,1,4,0,57,1,0,1,0,2,0,0,1,1
200500022964,5,4,21,2315,3,1,8,7,4845900,-151800,4,2,2,0,1,1,0,43,2,0,3,0,0,0,1,0,1
200500022966,5,4,5,1900,1,1,1,3,4784900,-169300,4,0,0,0,2,3,0,50,1,0,1,0,1,0,0,1,1
200500022973,5,4,28,1630,1,1,1,1,4841400,-174900,3,2,2,0,3,0,60,0,1,0,1,0,2,0,0,1,1
200500022974,5,4,12,1245,1,1,1,1,4858400,-206100,4,2,0,0,1,1,0,48,1,5,1,0,1,0,0,1,1
200500022975,5,4,12,1345,1,1,1,1,4812800,-121100,9,2,2,0,0,1,0,70,1,0,1,0,1,0,0,1,1
200500022982,5,4,24,1400,1,1,1,3,4873700,-302900,3,2,3,0,0,1,0,110,1,0,1,0,4,0,1,0,1
200500022983,5,4,29,700,2,1,1,6,4853000,-258500,3,2,2,0,1,1,0,60,1,0,3,0,0,0,1,0,1
200500022984,5,4,29,1615,1,1,1,5,4853600,-253100,3,2,2,0,1,3,0,60,1,0,1,0,0,0,1,2,1
200500022985,5,4,15,30,3,9,8,6,4854000,-200000,3,2,2,0,2,3,0,45,2,0,1,0,0,0,1,0,1
200500022990,5,4,11,1645,1,1,1,2,4854000,-221000,3,2,0,0,2,1,0,62,1,0,1,0,2,0,1,0,1
200500022994,5,4,15,1445,1,1,4,6,4818700,-257800,4,2,1,0,1,1,0,50,5,0,3,0,0,1,0,0,1
200500022995,5,4,2,1430,1,1,1,4,4854600,-307600,2,1,2,0,0,0,0,72,1,0,1,0,0,2,0,1,1
200500022997,5,4,19,1745,1,1,8,6,4877300,-356000,3,2,0,0,2,1,0,65,1,0,1,0,1,0,1,0,1
200500022998,5,4,24,830,2,1,8,6,4868500,-363200,3,2,2,0,3,3,0,68,2,0,0,0,0,1,0,0,1
200500022999,5,4,18,1600,1,2,3,1,4879000,-349400,3,2,2,0,1,1,0,65,2,0,1,0,1,0,1,0,1
200500023001,5,4,16,2245,3,1,1,3,4792800,-407300,3,2,2,3,2,1,0,105,1,0,1,0,1,0,0,1,1
200500023002,5,4,2,1,5,6,1,7,4781700,-433600,3,2,1,0,1,2,0,45,1,5,1,0,0,0,0,1,1
200500023003,5,4,22,1900,1,1,8,3,4843700,-446700,3,3,0,0,1,1,5,191,2,3,1,0,0,0,3,2,1
200500023005,5,4,1,2145,5,1,1,3,4845600,-424800,3,2,0,0,1,1,0,0,1,0,1,0,1,0,1,0,1
200500023009,5,4,24,430,3,1,2,6,4852800,-466100,3,2,2,0,1,1,0,0,2,0,1,0,0,0,1,0,1
200500023010,5,4,20,915,1,1,1,2,4820500,-408300,3,2,0,0,1,1,0,0,1,0,1,0,1,0,0,1,1
200500023011,5,4,16,615,3,1,8,6,4824400,-359900,3,2,0,0,0,1,0,75,1,0,1,0,1,0,0,1,1
200500023013,5,4,26,1630,1,1,8,1,4832500,-362000,3,2,0,0,2,1,0,71,2,0,1,0,0,0,1,1,1
200500023014,5,4,8,1645,1,1,1,2,4810300,-400000,4,2,2,0,1,1,0,78,1,0,1,3,1,0,1,0,1
200500023017,5,4,25,1100,1,1,1,4,4826000,-438000,3,2,0,0,1,1,0,65,1,0,1,0,4,0,0,2,1
200500023019,5,4,7,1030,1,1,1,2,4867300,-405100,3,2,0,0,4,1,0,70,1,0,1,0,0,0,1,1,1
200500023020,5,4,20,1545,1,1,1,1,4866300,-413300,3,2,0,0,1,1,0,0,1,0,1,0,1,1,0,0,1
200500023021,5,4,3,1915,1,1,1,3,4754800,-213500,3,2,2,0,1,1,45,90,1,5,1,0,1,0,1,0,1
200500023023,5,4,23,1830,1,1,1,6,4756500,-222100,3,2,2,0,1,1,0,58,2,0,3,0,0,1,0,0,1
200500023025,5,4,27,1030,1,3,1,3,4753000,-230800,3,2,2,0,1,1,0,75,1,0,1,0,2,1,0,0,1
200500023026,5,4,4,745,1,1,1,6,4780400,-233300,3,2,2,0,1,1,0,58,1,0,1,0,1,0,0,1,1
200500023027,5,4,18,1430,1,1,1,3,4763500,-255900,3,2,2,0,1,1,0,58,1,5,1,0,1,0,0,2,1
200500023029,5,4,30,1515,1,1,1,6,4767300,-298800,4,1,1,0,1,1,0,40,1,0,0,0,1,0,1,0,1
200500023030,5,4,28,530,3,1,1,2,4761000,-306000,3,2,0,0,2,1,0,60,1,0,1,0,1,0,1,0,1
200500023032,5,4,5,1000,1,1,1,1,4807800,-227100,4,0,2,0,1,2,0,42,1,0,1,0,1,0,1,0,1
200500023033,5,4,2,2230,3,1,1,3,4798100,-237700,3,2,2,0,1,1,45,85,1,5,1,0,0,0,0,4,1
200500023034,5,4,19,1045,1,1,8,7,4780500,-224100,3,2,2,0,1,0,0,61,1,0,3,0,1,2,2,0,1
200500023035,5,4,22,1345,1,3,2,3,4798300,-267200,3,2,2,0,3,3,0,68,2,5,1,0,1,1,0,0,1
200500023036,5,4,12,800,1,1,7,6,4807000,-297000,3,2,2,0,2,1,0,80,1,0,1,0,1,0,1,0,1
200500023037,5,4,14,1300,1,1,1,6,4795600,-291100,4,0,1,0,1,3,0,0,6,0,1,0,0,0,0,1,1
200500023038,5,4,20,200,3,1,1,1,4796000,-339400,3,2,2,0,1,1,0,73,2,0,1,0,1,0,1,0,1
200500023039,5,4,9,500,3,1,1,6,4904100,-33100,3,2,2,0,1,1,54,0,1,0,0,0,1,0,1,0,1
200500023042,5,4,24,1200,1,1,2,6,4897200,-24100,3,2,2,0,1,1,0,63,2,0,1,3,0,0,0,1,1
200500023045,5,4,1,1430,1,1,1,3,4912700,-62900,3,2,2,0,1,3,0,70,1,0,1,0,0,0,2,1,1
200500023048,5,4,7,1115,1,6,1,6,4918000,-18000,3,2,0,0,1,1,0,70,1,0,1,0,1,1,0,0,1
200500023053,5,4,3,1600,1,1,1,1,4918800,-84800,3,2,0,0,4,1,0,68,1,5,1,0,1,1,0,0,1
200500023054,5,4,2,1545,1,1,1,1,4889000,-21000,2,2,2,0,0,2,0,67,1,0,1,0,2,0,1,0,1
200500023056,5,4,16,1500,1,1,1,1,4897000,-12200,3,2,0,0,1,4,0,51,1,0,1,0,3,0,0,1,1
200500023057,5,4,20,1100,1,1,1,1,4889500,-21800,2,2,0,0,1,2,0,94,1,0,1,0,2,0,0,1,1
200500023058,5,4,11,1830,1,1,1,6,4902400,5300,3,2,2,0,4,2,0,70,1,0,3,0,0,1,0,0,1
200500023059,5,4,29,1800,1,1,1,6,4929000,19000,3,2,2,0,1,1,0,100,1,0,1,0,1,0,1,0,1
200500023062,5,4,16,1945,1,1,1,3,4927700,2600,3,2,0,0,1,1,0,58,1,0,1,0,3,0,0,1,1
200500023070,5,4,25,1630,1,1,7,3,4867900,-135000,3,2,2,0,0,1,0,63,1,0,1,0,1,0,0,1,1
200500023073,5,4,20,1945,1,1,1,6,4850100,-141800,3,2,2,0,2,3,0,64,1,0,0,0,0,1,0,0,1
200500023077,5,4,18,1530,1,1,1,1,4954800,-138900,3,2,0,0,1,3,0,50,1,0,1,0,1,0,1,0,1
200500023079,5,4,28,2345,3,1,2,7,4945000,-122000,3,2,0,0,1,1,0,50,2,0,3,0,0,0,0,1,1
200500023082,5,4,1,1045,1,2,1,3,4907200,-157500,3,2,2,0,2,1,0,0,1,0,1,0,2,0,1,0,1
200500023083,5,4,14,1445,1,1,1,6,4911200,-159600,3,2,0,0,1,1,0,76,0,0,3,0,0,1,0,0,1
200500023084,5,4,29,1130,1,1,1,6,4915700,-144100,3,2,1,0,1,1,50,0,1,0,1,0,0,0,0,1,1
200500023087,5,4,27,1715,1,2,1,5,4885800,-153700,3,2,3,3,3,1,30,70,1,5,1,0,2,0,0,2,1
200500023088,5,4,16,1915,2,1,7,3,4918000,-135400,3,2,0,0,1,1,0,80,1,0,1,0,2,0,1,1,1
200500023098,5,4,15,1630,1,1,2,3,4880600,31100,2,2,2,0,3,3,0,70,2,0,1,0,1,0,0,1,1
200500023099,5,4,24,530,2,1,8,6,4877600,45900,3,2,2,0,1,1,0,50,1,0,3,0,1,0,2,0,1
200500023100,5,4,24,1330,1,1,2,6,4884000,61000,3,2,2,0,1,1,0,59,2,0,3,0,6,0,0,1,1
200500023104,5,4,24,845,2,1,2,6,4876100,-79900,3,2,2,0,1,4,0,66,2,0,1,0,1,0,0,1,1
200500023105,5,4,24,1230,1,1,2,1,4871100,62000,3,2,0,0,1,1,0,60,2,0,1,0,0,4,1,0,1
200500023107,5,4,15,1345,1,1,4,3,4709200,-132700,3,2,2,0,1,1,0,0,2,0,1,0,1,0,0,1,1
200500023108,5,4,2,1030,1,2,1,3,4716700,-120700,3,2,2,0,1,1,0,68,1,0,1,0,1,0,1,0,1
200500023109,5,4,16,1315,1,1,1,6,4763000,-189000,3,2,2,0,1,1,63,0,1,0,3,0,2,1,0,0,1
200500023110,5,4,27,1730,1,1,1,2,4763300,-183800,3,2,2,0,1,1,0,56,1,0,1,0,1,0,1,0,1
200500023111,5,4,29,100,3,1,1,6,4759700,-185200,3,2,2,0,1,1,54,0,1,0,1,0,0,0,1,0,1
200500023113,5,4,10,1200,1,1,1,6,4737700,-140700,4,2,2,0,4,3,0,50,1,0,3,0,0,1,0,0,1
200500023114,5,4,18,2145,2,1,8,7,4739300,-164300,2,3,0,0,0,1,0,0,2,0,2,0,0,0,0,3,1
200500023115,5,4,9,300,5,1,1,7,4718700,-166300,3,2,0,0,1,1,0,70,1,0,1,0,0,0,1,0,1
200500023116,5,4,17,1715,1,3,1,3,4719000,-167200,3,2,1,0,2,1,0,60,1,0,1,0,0,0,0,2,1
200500023117,5,4,25,2215,3,1,1,7,4720100,-173400,3,2,0,0,0,2,0,60,1,0,1,0,0,0,1,0,1
200500023119,5,4,26,2015,1,1,1,6,4711000,-195500,3,2,1,0,4,1,0,47,1,0,1,0,0,1,0,1,1
200500023122,5,4,27,930,1,1,1,3,4725000,-216200,3,2,0,0,1,1,0,60,1,0,1,0,0,0,1,1,1
200500023123,5,4,25,1745,1,1,1,1,4698300,-180300,3,2,0,0,1,1,0,52,1,0,1,0,0,0,1,1,1
200500023124,5,4,29,1630,1,1,1,2,4720300,-187800,3,2,2,0,1,1,0,62,1,0,1,0,0,0,0,2,1
200500023125,5,4,24,630,2,1,1,6,4730200,-241800,4,2,0,0,1,2,0,61,1,0,3,0,1,0,1,3,1
200500023132,5,4,22,1600,1,1,3,1,4733000,-169000,3,2,0,0,2,1,55,55,2,0,1,0,1,0,0,1,1
200500023133,5,4,30,845,1,1,1,2,4747200,-62400,3,1,2,0,1,1,0,75,8,0,1,0,1,0,1,0,1
200500023134,5,4,1,2345,3,1,1,3,4751000,-50000,2,3,2,0,2,1,10,60,1,5,1,0,1,0,1,0,1
200500023135,5,4,24,230,3,1,1,7,4741800,-34300,3,2,2,0,1,1,0,0,1,0,1,0,1,1,0,0,1
200500023138,5,4,5,1030,1,1,1,7,4743000,-81000,3,2,2,0,1,1,0,72,1,0,3,0,1,0,0,2,1
200500023139,5,4,15,1730,1,2,1,3,4741200,-93100,3,2,2,0,1,1,0,65,1,0,1,0,1,0,1,0,1
200500023140,5,4,23,1515,1,1,1,6,4716800,-106700,4,2,0,0,1,2,0,0,1,0,1,0,0,0,1,0,1
200500023141,5,4,27,1845,1,2,1,3,4723100,-89700,3,2,0,0,1,1,0,60,1,0,1,0,1,0,0,1,1
200500023143,5,4,16,1030,1,1,1,3,4718000,-24000,3,2,3,0,1,1,0,106,0,0,1,0,0,0,0,4,1
200500023146,5,4,15,1830,1,1,8,1,4723000,-6000,4,2,2,0,1,3,0,0,2,0,1,0,3,0,0,1,1
200500023148,5,4,30,1715,1,1,1,6,4770800,-95800,4,2,2,0,1,1,0,65,1,0,1,0,1,0,0,1,1
200500023149,5,4,6,1345,1,1,8,7,4766000,-76000,3,3,0,0,3,2,25,66,1,0,3,0,0,0,0,1,1
200500023150,5,4,11,1015,1,1,1,3,4749100,-74200,3,2,0,0,1,1,0,64,1,0,1,0,2,0,1,1,1
200500023151,5,4,25,1530,1,1,1,3,4753600,-74300,4,2,2,0,1,1,0,44,1,0,1,0,1,0,1,1,1
200500023152,5,4,30,2230,3,1,1,6,4760600,-82600,3,2,2,0,1,1,39,108,1,3,1,0,2,1,0,0,1
200500023153,5,4,2,700,2,3,1,3,4767000,-48000,3,2,2,0,1,3,0,54,1,5,0,0,1,1,0,0,1
200500023154,5,4,9,1700,1,1,1,1,4757000,-50000,3,2,2,3,1,1,0,113,1,5,1,0,5,0,0,1,1
200500023158,5,4,8,1400,1,1,8,6,4831600,-60300,2,2,0,0,0,3,0,0,2,0,1,0,0,0,1,1,1
200500023160,5,4,20,2100,2,3,1,3,4824600,-62000,3,2,2,0,1,0,0,0,1,0,1,0,1,0,1,0,1
200500023162,5,4,30,1,3,1,1,6,4842600,-32000,2,2,2,0,3,1,0,70,1,0,1,0,0,0,0,1,1
200500023163,5,4,2,2100,5,2,1,3,4799000,28000,3,2,2,0,1,1,0,60,1,5,1,0,2,0,0,1,1
200500023165,5,4,24,700,2,2,3,3,4794300,25900,3,2,2,0,1,1,0,60,2,0,1,0,0,0,1,1,1
200500023167,5,4,21,2100,1,1,1,7,4802300,56900,3,2,2,0,1,2,0,50,1,0,3,0,0,0,1,0,1
200500023168,5,4,22,1130,1,1,1,5,4794900,66100,2,2,2,0,1,1,0,75,1,0,1,0,2,0,2,2,1
200500023169,5,4,19,1630,1,1,1,5,4801300,31200,2,2,2,0,0,2,0,70,1,0,1,0,5,0,0,1,1
200500023170,5,4,28,115,5,1,1,2,4814600,17000,9,2,1,0,1,1,0,61,1,0,1,0,1,0,1,0,1
200500023172,5,4,29,415,5,1,1,6,4789900,3600,4,2,2,0,1,1,0,70,1,0,1,0,1,0,0,1,1
200500023175,5,4,30,1100,1,1,1,1,4777000,-18600,3,2,2,0,1,1,0,54,1,0,1,0,1,0,0,2,1
200500023180,5,4,12,1030,1,1,1,1,4817100,51600,3,2,26,0,2,1,64,64,1,0,1,0,1,0,1,0,1
200500023181,5,4,3,100,3,1,1,7,4649100,-118200,9,2,2,0,0,1,0,34,1,0,1,0,0,1,0,0,1
200500023182,5,4,19,1430,1,2,8,3,4651900,-115900,3,0,2,0,0,1,0,61,2,0,1,0,1,0,1,0,1
200500023184,5,4,14,1000,1,1,3,5,4687900,-93800,3,0,2,0,0,1,0,0,2,0,1,0,2,1,0,0,1
200500023189,5,4,2,1815,1,6,1,3,4672200,-144700,3,2,2,0,1,1,50,0,1,5,1,0,1,0,1,0,1
200500023190,5,4,5,900,1,1,1,3,4664800,-153900,2,2,0,0,1,1,0,100,1,5,1,0,0,0,1,1,1
200500023191,5,4,19,1430,1,1,1,6,4672000,-153800,3,3,2,0,1,1,20,160,1,3,3,0,1,0,0,1,1
200500023192,5,4,24,600,2,1,2,6,4676600,-149000,3,2,2,0,1,2,0,0,2,0,0,0,0,1,0,0,1
200500023193,5,4,30,1715,1,1,1,3,4656700,-107600,3,2,0,0,1,1,0,65,1,0,1,0,0,0,2,1,1
200500023194,5,4,11,515,3,1,1,1,4672100,-68200,3,2,2,0,0,3,0,66,1,0,1,0,1,1,0,0,1
200500023195,5,4,21,445,3,1,5,6,4665600,-67000,3,2,0,0,1,1,0,70,1,0,3,0,0,1,1,0,1
200500023196,5,4,22,800,1,2,1,3,4659800,-81100,3,2,2,0,1,1,0,60,1,5,1,0,0,0,0,2,1
200500023199,5,4,1,1000,1,1,1,3,4648200,-167700,3,2,2,0,1,1,0,70,1,0,1,0,1,0,2,0,1
200500023200,5,4,26,1815,1,1,1,3,4469500,-99500,3,2,2,0,1,1,0,61,1,0,1,0,2,0,1,0,1
200500023201,5,4,29,1600,1,1,1,3,4462500,-95200,3,2,2,0,1,1,0,75,1,0,1,0,1,0,1,1,1
200500023204,5,4,30,2115,5,1,1,6,4479900,-113700,3,2,2,0,1,1,0,66,1,5,1,0,2,0,0,2,1
200500023205,5,4,25,1700,1,1,1,2,4481800,-73400,3,2,2,0,1,1,73,73,1,0,1,0,1,0,0,1,1
200500023209,5,4,30,1100,1,1,1,3,4509400,-63800,3,2,0,0,0,1,0,0,1,0,1,0,1,0,1,0,1
200500023212,5,4,7,1545,1,1,2,6,4469900,-49100,2,2,0,0,1,0,0,0,2,0,1,0,1,0,0,1,1
200500023213,5,4,27,1730,1,1,1,3,4471500,-47800,3,2,2,0,2,1,0,56,1,0,1,0,1,0,0,1,1
200500023218,5,4,30,1530,1,1,1,1,4440200,-2700,3,2,2,0,2,2,0,66,1,0,1,0,2,1,0,0,1
200500023219,5,4,29,1030,1,1,1,7,4444900,-52700,3,2,2,0,1,2,0,63,9,0,1,0,0,0,1,0,1
200500023220,5,4,29,1730,1,1,1,6,4533100,-96300,3,2,2,0,1,1,0,60,1,0,1,0,1,0,0,1,1
200500023222,5,4,14,1415,1,9,2,3,4496900,-71700,3,0,0,0,0,0,0,0,0,0,0,0,1,0,0,1,1
200500023225,5,4,21,1215,1,1,1,1,4479400,-11800,3,2,2,0,2,1,0,74,1,0,1,0,1,0,1,0,1
200500023226,5,4,1,1330,1,1,1,6,4485900,-4600,4,1,1,0,1,2,0,40,1,0,4,3,1,0,1,0,1
200500023227,5,4,20,1400,1,1,1,6,4489200,-9600,3,0,0,0,2,1,0,45,0,0,3,0,0,0,0,2,1
200500023229,5,4,22,1845,1,1,2,1,4506500,-10100,3,2,2,0,1,1,0,60,2,0,1,0,0,0,1,2,1
200500023230,5,4,1,2015,1,1,1,6,4480300,17700,4,2,2,0,2,0,0,40,1,0,3,0,0,0,1,0,1
200500023233,5,4,8,1815,1,1,2,3,4507200,87100,3,2,0,0,2,2,0,69,2,0,1,0,1,0,0,1,1
200500023234,5,4,21,800,1,1,1,6,4507000,86000,3,2,1,0,2,3,0,72,1,0,1,0,0,0,1,0,1
200500023235,5,4,11,1345,1,1,1,6,4513200,98800,2,2,2,0,1,3,0,82,1,0,1,0,1,0,1,1,1
200500023236,5,4,23,1100,1,1,8,7,4514000,107000,9,0,0,0,2,1,0,0,1,0,0,0,0,0,0,2,1
200500023237,5,4,1,1845,1,3,1,3,4489500,75100,3,2,0,0,1,1,53,0,1,0,1,0,1,0,1,0,1
200500023238,5,4,8,915,1,1,1,6,4484800,20500,3,3,2,0,1,1,0,55,1,0,1,0,1,1,0,0,1
200500023239,5,4,22,845,1,1,1,3,4485900,10500,3,2,2,0,2,1,0,59,1,0,1,0,1,0,1,0,1
200500023240,5,4,28,1630,1,9,1,5,4484700,17300,3,2,2,0,0,1,0,102,1,0,1,0,2,0,1,0,1
200500023241,5,4,9,800,1,1,1,6,4525200,42000,3,0,0,0,1,1,0,0,1,0,1,0,0,0,1,0,1
200500023242,5,4,12,1630,1,3,1,3,4525600,38000,3,2,0,0,1,1,0,50,1,0,0,0,1,0,1,0,1
200500023243,5,4,11,1845,1,1,1,6,4528500,30300,4,2,2,0,1,4,0,41,1,0,3,0,0,0,1,1,1
200500023244,5,4,27,1545,1,2,8,3,4523500,26400,3,2,2,0,3,1,0,62,1,0,1,0,0,0,3,0,1
200500023245,5,4,1,1415,1,1,1,1,4520600,19200,3,2,0,0,1,1,64,0,1,0,1,0,1,0,1,0,1
200500023248,5,4,30,445,3,1,1,6,4492600,93200,4,2,2,0,2,1,0,35,1,0,1,0,0,1,1,2,1
200500023255,5,4,24,615,2,1,2,6,4364900,-103800,3,2,0,0,3,3,0,60,2,0,3,0,0,0,1,0,1
200500023256,5,4,30,1900,1,1,1,1,4371100,-101400,3,2,0,0,0,1,0,50,1,0,1,0,1,0,1,0,1
200500023259,5,4,17,715,1,1,1,6,4358500,-103900,4,2,0,0,1,1,0,40,2,0,3,0,0,0,1,0,1
200500023260,5,4,18,30,3,1,8,1,4359400,-91900,3,2,2,0,4,1,0,60,2,0,1,0,0,0,3,3,1
200500023269,5,4,14,1100,1,1,1,6,4424700,-119900,3,2,0,0,1,1,0,60,1,0,1,0,0,0,0,1,1
200500023278,5,4,30,1230,1,1,1,6,4435300,38700,3,2,0,0,1,2,0,68,1,0,3,0,0,0,1,0,1
200500023279,5,4,3,1530,1,1,1,1,4455400,9800,3,2,2,0,1,1,0,55,1,2,1,0,0,0,1,2,1
200500023280,5,4,3,45,3,1,1,6,4452500,22500,3,2,2,0,2,3,0,63,1,0,0,0,0,0,0,1,1
200500023281,5,4,7,1500,1,1,2,6,4452700,9100,3,2,2,0,1,1,0,62,2,0,3,0,0,0,2,0,1
200500023282,5,4,5,900,1,1,2,1,4462300,33600,3,2,0,0,1,1,0,58,2,0,1,0,0,0,0,3,1
200500023289,5,4,20,1945,1,1,1,6,4437000,63800,3,2,2,0,2,4,0,60,1,0,1,0,0,0,0,1,1
200500023294,5,4,23,2030,1,1,1,3,4326000,-30000,3,2,2,0,1,1,0,71,1,0,1,0,1,0,1,0,1
200500023297,5,4,20,1700,1,1,3,6,4326700,-132300,3,2,0,0,1,1,0,84,2,0,3,0,0,0,1,0,1
200500023298,5,4,28,245,1,1,1,1,4329500,-135100,3,2,2,0,1,3,0,70,1,0,1,0,0,1,0,1,1
200500023300,5,4,22,930,1,1,2,7,4323200,-130100,3,2,2,0,1,3,82,0,2,2,3,0,0,0,0,1,1
200500023303,5,4,19,2200,3,1,1,1,4334500,-76600,3,2,0,0,1,3,0,124,1,5,1,0,2,0,1,0,1
200500023305,5,4,2,45,5,1,1,6,4349200,-77400,9,1,1,0,2,1,0,0,1,6,1,0,0,0,0,1,1
200500023306,5,4,11,1645,1,9,1,1,4349400,-76900,3,2,2,0,2,1,0,0,1,0,1,0,1,0,0,1,1
200500023307,5,4,21,1830,1,1,2,1,4349100,-80800,2,2,1,0,1,2,0,74,2,0,1,0,0,1,0,3,1
200500023308,5,4,22,1800,1,1,1,6,4355100,-68000,3,2,2,0,1,2,0,60,1,0,3,0,0,0,0,1,1
200500023309,5,4,8,1515,1,1,3,6,4344000,-58000,3,2,0,0,1,2,0,75,2,0,3,0,0,0,0,1,1
200500023311,5,4,24,1530,1,9,1,3,4353000,-91000,2,2,3,0,1,1,27,47,1,5,1,0,1,0,1,0,1
200500023312,5,4,6,1900,1,1,1,7,4657000,16000,3,2,0,0,1,3,0,57,1,0,3,0,0,0,0,2,1
200500023315,5,4,28,1845,1,1,1,1,4648700,33500,3,0,0,0,1,3,0,49,1,0,1,0,0,0,0,5,1
200500023316,5,4,20,1100,1,9,1,1,4695800,60500,4,2,2,0,1,1,0,51,1,0,1,0,1,0,1,0,1
200500023318,5,4,24,1415,1,2,1,3,4703900,12300,3,2,2,0,1,1,0,55,1,0,1,0,0,3,2,0,1
200500023321,5,4,3,2015,3,1,1,7,4543900,14200,3,2,1,0,1,1,0,85,1,0,3,0,0,1,0,0,1
200500023324,5,4,15,1415,1,1,1,6,4539000,-20000,3,2,2,0,1,4,0,61,1,0,1,0,1,0,1,0,1
200500023325,5,4,16,1045,3,1,2,7,4547000,-6000,3,2,0,0,0,2,74,0,2,0,0,0,0,0,0,1,1
200500023326,5,4,29,1930,1,1,1,2,4546000,-23000,3,2,1,0,1,1,0,60,1,0,1,0,1,0,1,0,1
200500023327,5,4,3,1445,1,1,1,1,4605300,68600,3,2,2,0,1,1,0,60,1,0,1,0,1,0,1,0,1
200500023329,5,4,23,1100,1,1,8,2,4569300,19000,3,2,2,0,1,1,0,76,1,0,1,0,1,0,1,0,1
200500023332,5,4,5,1600,1,1,1,6,4560500,31200,3,2,2,0,2,2,0,52,2,0,3,0,0,1,0,0,1
200500023335,5,4,18,1530,1,1,1,1,4528900,-40400,3,2,2,0,1,1,0,71,1,0,1,0,1,0,1,0,1
200500023336,5,4,22,945,1,1,2,7,4521300,-18500,3,2,2,0,1,4,0,70,2,0,1,0,0,0,0,1,1
200500023337,5,4,13,1645,1,1,1,2,4587400,-121300,3,2,2,0,1,1,0,60,1,0,1,0,2,0,0,2,1
200500023339,5,4,29,900,1,2,1,1,4592100,-132900,4,0,0,0,0,0,0,30,1,0,1,0,1,0,0,1,1
200500023342,5,4,30,2145,5,6,1,6,4579000,-115700,3,2,0,0,0,3,0,0,1,5,3,0,0,0,1,0,1
200500023348,5,4,11,1445,1,1,2,6,4571100,-48000,3,2,2,0,2,1,0,61,2,1,3,0,0,1,0,0,1
200500023349,5,4,9,530,3,1,1,6,4575000,-70900,3,2,2,0,2,1,0,61,1,0,3,0,0,0,1,0,1
200500023350,5,4,11,1015,1,1,1,1,4573400,-52900,2,2,2,0,2,1,0,66,1,0,1,0,3,0,0,1,1
200500023351,5,4,12,1715,1,1,1,5,4582500,-78300,4,2,0,0,1,1,0,67,1,5,1,0,2,0,0,2,1
200500023352,5,4,21,1845,1,1,1,3,4566000,-66000,3,2,2,0,1,1,0,46,1,0,1,0,1,0,1,0,1
200500023354,5,4,28,800,1,1,1,6,4586100,-75900,3,2,2,0,1,1,0,61,1,0,3,0,1,1,0,0,1
200500023355,5,4,4,1730,1,1,1,5,4554500,-55800,2,2,2,0,1,1,0,70,1,0,1,0,1,0,1,1,1
200500023356,5,4,30,400,3,1,1,7,4554000,-55000,2,2,2,0,1,1,0,60,1,0,1,0,0,0,1,0,1
200500023361,5,4,21,15,3,1,1,6,4587900,-37700,3,2,0,0,1,1,0,50,0,2,1,0,0,0,1,0,1
200500023362,5,4,27,1630,1,1,1,6,4586700,-32800,4,0,2,0,1,0,0,56,1,0,1,0,1,0,0,1,1
200500023363,5,4,15,445,3,1,8,6,4624400,-31100,3,2,2,0,1,3,0,59,2,0,1,0,0,1,0,0,1
200500023364,5,4,18,1145,1,1,3,3,4626300,-34200,3,2,2,0,1,1,0,56,2,0,1,0,1,0,1,0,1
200500023365,5,4,19,1200,1,1,2,3,4622300,-46700,2,2,0,0,1,1,0,70,2,0,1,0,2,0,0,1,1
200500023373,5,4,16,600,5,1,8,6,4580100,114800,3,4,4,0,2,1,0,372,1,0,3,0,0,0,0,1,1
200500023374,5,4,16,245,5,1,2,6,4578500,119200,3,2,1,0,1,0,0,64,2,0,4,0,0,0,0,1,1
200500023375,5,4,2,1900,1,1,1,3,4596000,139000,9,2,0,0,2,1,0,67,0,0,1,0,1,0,0,1,1