Num_Acc,an,mois,jour,hrmn,lum,int,atm,col,lat,long,catr,circ,nbv,vosp,prof,plan,lartpc,larrout,surf,infra,situ,env1,unscathed,killed,hospital,light,chance
200500023376,5,4,1,1830,1,1,1,1,4551000,117000,3,2,2,0,1,1,56,0,1,0,1,0,0,1,0,4,1
200500023381,5,4,25,1715,1,1,8,5,4618000,94600,2,2,0,0,3,1,0,81,2,0,1,0,2,2,1,5,1
200500023382,5,4,9,815,1,1,4,3,4620700,134600,2,2,2,0,1,2,0,68,9,0,1,0,1,2,4,7,1
200500023383,5,4,27,2215,3,1,1,7,4619700,112200,3,2,0,0,1,3,0,55,1,0,3,0,0,0,0,1,1
200500023385,5,4,13,2145,3,1,1,6,4531000,185000,4,2,2,0,1,1,0,32,1,0,1,0,0,0,2,1,1
200500023387,5,4,12,1745,1,1,1,3,4540100,157400,3,2,2,0,1,1,0,70,1,5,1,0,1,0,0,1,1
200500023391,5,4,1,1845,1,1,1,6,4620500,211700,3,2,2,0,1,1,0,52,1,0,3,0,0,0,1,0,1
200500023392,5,4,30,2215,3,1,1,6,4622700,171600,3,2,2,0,1,1,0,60,1,0,3,0,0,0,1,0,1
200500023393,5,4,28,1400,1,1,1,6,4605200,239200,4,2,0,0,2,2,0,38,1,0,3,0,0,0,1,0,1
200500023394,5,4,2,945,1,1,1,1,4569700,225800,3,2,1,0,2,2,0,42,1,0,1,0,1,0,0,1,1
200500023395,5,4,14,1915,1,1,1,7,4618600,250600,3,2,0,0,2,2,0,70,1,0,1,0,0,0,1,0,1
200500023396,5,4,5,745,1,1,1,6,4379700,135300,3,2,2,0,2,2,0,63,2,0,3,0,0,0,0,1,1
200500023397,5,4,16,1145,1,1,1,7,4376000,150900,3,2,0,0,1,2,0,50,1,0,3,0,0,0,0,2,1
200500023398,5,4,30,1800,1,1,1,7,4374100,163500,3,2,2,0,2,3,0,60,1,0,3,0,0,1,0,0,1
200500023399,5,4,27,1130,1,1,1,1,4373200,130200,3,2,2,0,1,1,0,52,1,0,1,0,1,0,0,1,1
200500023400,5,4,1,715,5,1,1,3,4357100,129800,3,2,0,0,1,1,0,65,1,0,1,0,2,0,0,1,1
200500023402,5,4,7,2215,3,1,2,7,4364100,122900,3,2,2,0,1,1,0,64,2,0,3,0,0,0,1,1,1
200500023403,5,4,8,2015,5,2,2,3,4353000,140300,3,2,0,0,1,1,0,65,2,5,1,0,1,0,0,1,1
200500023404,5,4,30,1915,1,1,1,6,4349900,139700,2,0,2,0,1,1,0,65,1,0,3,0,0,0,0,5,1
200500023406,5,4,7,1245,1,1,1,6,4346600,126800,3,2,2,0,1,1,0,0,1,0,1,0,0,0,1,0,1
200500023407,5,4,24,1900,1,1,2,4,4347800,139800,3,2,0,0,1,1,0,60,2,0,1,0,0,0,0,4,1
200500023410,5,4,1,1630,1,1,1,2,4312300,66100,3,2,2,0,1,1,0,110,1,0,1,0,4,0,1,1,1
200500023411,5,4,9,1500,1,1,6,7,4333500,94800,3,2,2,0,1,1,0,51,1,0,3,0,1,0,1,0,1
200500023413,5,4,11,1215,1,1,1,1,4339000,168000,3,2,2,0,1,2,0,60,1,0,3,0,2,0,0,1,1
200500023414,5,4,17,1130,1,1,1,6,4336000,154000,3,2,2,0,2,1,0,35,1,0,1,0,0,0,1,0,1
200500023415,5,4,26,830,1,1,1,6,4335600,174200,3,2,2,0,1,1,0,61,1,0,3,0,0,0,0,1,1
200500023416,5,4,28,1645,1,1,1,7,4327400,163700,3,2,0,0,1,1,0,60,1,0,1,0,0,0,0,1,1
200500023417,5,4,30,645,2,1,1,6,4357600,181200,3,2,2,0,2,1,0,60,1,0,3,0,0,1,0,0,1
200500023418,5,4,5,1745,1,1,1,2,4351300,155800,3,2,1,0,0,1,0,60,1,0,1,0,2,0,1,0,1
200500023419,5,4,16,1715,1,1,2,1,4345200,188500,3,2,2,0,2,1,0,68,2,0,3,0,1,0,0,1,1
200500023421,5,4,18,1615,1,1,1,6,4345900,199600,3,2,2,0,1,1,0,68,1,0,3,0,0,0,1,0,1
200500023422,5,4,25,2130,5,1,1,3,4346700,200700,4,2,2,0,1,1,0,72,1,0,1,0,2,0,0,1,1
200500023423,5,4,16,1445,1,1,1,7,4299600,174300,3,0,2,0,1,3,0,40,1,0,1,0,1,0,1,0,1
200500023427,5,4,22,1800,1,1,1,1,4297100,109800,3,2,2,0,0,3,0,65,1,0,1,0,0,0,3,0,1
200500023428,5,4,24,45,3,1,1,6,4302300,110300,3,2,2,0,1,1,0,70,1,0,1,0,1,1,0,0,1
200500023429,5,4,1,830,1,1,5,5,4289200,121600,3,2,2,0,1,1,0,66,2,0,1,0,3,0,0,1,1
200500023430,5,4,3,1145,1,1,1,2,4429000,251900,3,2,0,0,1,1,37,97,1,5,1,0,1,0,1,0,1
200500023432,5,4,11,830,1,1,1,7,4439300,270400,2,2,2,0,1,2,0,70,1,0,3,0,0,0,1,0,1
200500023433,5,4,16,1500,1,1,2,3,4449200,239400,2,2,2,0,3,1,0,79,2,0,1,0,0,0,2,1,1
200500023434,5,4,2,215,3,1,1,1,4448800,223000,3,2,2,0,4,1,0,65,1,0,3,0,4,0,4,0,1
200500023436,5,4,30,1645,1,1,1,7,4477700,289000,3,2,0,0,2,3,0,76,1,0,3,0,0,0,0,1,1
200500023437,5,4,13,1845,1,1,1,6,4430700,307300,3,2,2,0,1,3,0,86,1,0,3,0,0,0,1,0,1
200500023438,5,4,6,1800,1,1,1,1,4398500,293000,3,2,2,0,1,1,0,68,1,0,1,0,0,0,1,1,1
200500023439,5,4,19,1345,1,1,1,3,4397900,290700,3,2,2,0,2,2,0,62,1,0,1,0,1,0,1,0,1
200500023441,5,4,22,1400,1,1,1,5,4396000,285800,3,2,0,0,1,1,0,62,1,0,1,0,2,1,0,1,1
200500023445,5,4,14,1230,1,1,1,3,4369900,45500,3,2,0,0,1,1,0,56,1,0,1,0,1,0,0,1,1
200500023449,5,4,16,1400,1,1,9,6,4391800,34300,3,2,0,0,2,1,0,56,2,0,3,0,0,0,1,1,1
200500023450,5,4,16,2200,5,9,1,1,4396100,37000,3,2,2,0,1,1,0,67,1,2,1,0,1,0,1,0,1
200500023451,5,4,15,1700,1,1,2,7,4375300,-20100,3,2,2,0,4,3,0,55,2,0,3,0,0,0,0,1,1
200500023453,5,4,1,1815,1,6,1,7,4394000,62500,9,2,2,0,1,3,0,55,9,0,1,0,0,0,0,1,1
200500023456,5,4,25,630,2,1,1,6,4397100,66900,2,2,0,0,0,1,0,70,1,0,3,0,0,0,1,0,1
200500023457,5,4,25,845,1,1,1,6,4395400,68400,3,2,2,0,1,2,0,51,1,0,1,0,0,0,1,0,1
200500023458,5,4,25,1830,1,2,1,3,4398700,80500,3,2,2,0,1,1,0,60,1,0,1,0,1,0,1,0,1
200500023459,5,4,27,1745,1,3,1,3,4392900,62500,2,2,0,0,2,1,70,75,1,5,1,0,0,0,2,3,1
200500023460,5,4,16,1900,1,1,8,3,4347900,58100,9,2,0,0,1,0,0,35,2,0,1,0,1,0,1,0,1
200500023461,5,4,16,1230,1,1,1,1,4347500,33000,2,2,0,0,1,1,0,80,1,0,1,0,1,0,0,1,1
200500023463,5,4,17,1200,1,1,1,2,4357500,32200,3,2,2,0,1,1,0,60,1,0,1,0,1,0,0,1,1
200500023464,5,4,4,1730,1,4,1,3,4364000,-10000,3,2,2,0,1,1,0,50,1,0,1,0,2,0,0,1,1
200500023465,5,4,30,530,2,1,1,1,4369500,-17900,3,2,2,0,1,1,0,67,1,0,1,0,1,0,1,0,1
200500023466,5,4,6,1800,1,1,1,3,4428500,136100,3,2,1,0,1,1,0,56,1,0,1,0,1,0,1,1,1
200500023468,5,4,2,1500,1,1,1,3,4428900,120200,3,2,0,0,1,0,0,55,1,0,1,0,2,0,1,0,1
200500023469,5,4,10,2100,3,1,1,7,4450000,110000,3,2,0,0,1,0,0,58,1,0,0,0,0,1,0,0,1
200500023471,5,4,29,1700,1,1,1,2,4473600,137700,3,2,2,0,0,1,0,82,1,0,1,3,2,0,1,0,1
200500023474,5,4,17,1700,1,1,1,5,4491200,163200,2,2,0,0,1,1,0,72,1,0,1,0,2,0,1,0,1
200500023475,5,4,22,915,1,1,1,3,4478900,172100,2,2,2,0,1,1,65,0,1,0,1,0,1,0,1,0,1
200500023476,5,4,24,1345,1,1,3,3,4496500,170300,3,2,2,0,2,3,60,0,2,0,1,0,1,0,1,0,1
200500023478,5,4,22,1130,1,1,2,6,4333000,-10000,3,2,0,0,1,3,0,47,2,0,3,0,0,0,0,1,1
200500023480,5,4,4,1615,1,1,1,3,4311700,33000,3,2,2,0,0,1,0,48,0,0,1,0,1,1,0,0,1
200500023481,5,4,8,1400,1,2,1,3,4391400,220500,3,2,2,0,1,3,0,90,1,0,1,0,1,0,1,0,1
200500023483,5,4,10,1715,2,1,8,7,4370600,284700,3,2,0,0,1,3,0,40,1,0,3,0,0,1,0,0,1
200500023484,5,4,25,1130,1,1,6,7,4369400,177000,3,2,2,0,0,3,0,40,1,0,3,0,0,0,1,1,1
200500023485,5,4,27,2345,3,1,1,6,4365000,201200,3,2,2,0,1,2,0,63,1,0,1,0,0,2,0,0,1
200500023486,5,4,30,1845,1,9,1,6,4376500,171100,1,1,2,0,2,3,0,84,1,3,1,0,0,1,0,0,1
200500023487,5,4,2,1400,1,1,1,1,4367000,229300,3,2,2,0,1,3,0,60,1,0,1,0,4,0,1,0,1
200500023488,5,4,6,1115,1,1,1,3,4391700,190200,3,2,0,0,1,1,0,60,1,0,1,0,1,1,0,0,1
200500023490,5,4,20,1430,1,1,1,3,4389900,188400,4,2,0,1,1,1,0,60,1,0,1,0,1,0,0,1,1
200500023491,5,4,4,1615,1,1,1,3,4392100,159200,3,2,2,0,1,1,0,70,1,5,1,0,1,1,1,0,1
200500023492,5,4,6,615,3,1,8,6,4384900,187000,3,2,2,0,1,1,0,68,1,0,3,0,0,1,0,0,1
200500023493,5,4,11,645,2,1,1,6,4345700,204900,3,2,2,0,1,2,0,72,1,0,3,0,0,0,0,1,1
200500023494,5,4,19,1715,1,1,2,5,4357400,213500,2,2,2,0,1,1,0,72,2,0,1,0,1,1,4,3,1
200500023495,5,4,23,1645,1,1,1,1,4356200,218000,3,2,2,0,1,3,0,56,1,0,1,0,1,0,0,1,1
200500023496,5,4,30,630,2,1,1,7,4345600,206200,3,2,2,0,0,2,0,58,1,0,3,0,0,0,0,1,1
200500023497,5,4,18,1000,1,1,3,3,4422900,159400,3,2,2,0,2,2,0,62,2,0,1,0,2,0,1,0,1
200500023498,5,4,3,630,2,1,1,7,4426800,186300,4,2,2,0,0,1,0,70,1,0,0,0,0,0,1,0,1
200500023499,5,4,11,2030,3,1,1,7,4390200,102900,3,2,2,0,1,1,0,66,1,0,3,0,0,0,1,0,1
200500023500,5,4,12,1000,1,1,1,3,4385400,93700,3,2,2,0,1,3,0,67,1,0,1,0,1,0,0,1,1
200500023501,5,4,25,1745,1,1,1,1,4387400,96400,3,2,0,0,1,4,0,68,1,0,1,0,1,1,0,0,1
200500023503,5,4,19,1245,1,1,1,1,4395300,145400,3,2,2,0,2,1,0,62,1,0,1,0,1,1,0,1,1
200500023504,5,4,29,1745,1,2,1,3,4435000,93900,3,2,2,0,1,1,0,60,1,5,1,0,3,0,0,1,1
200500023510,5,4,29,830,1,1,1,1,4590700,487300,3,2,0,0,1,1,0,60,1,5,1,0,1,1,0,0,1
200500023517,5,4,1,815,1,1,1,3,4563400,441500,3,0,2,0,3,2,60,65,1,0,1,0,1,0,0,1,1
200500023519,5,4,3,1830,1,1,1,3,4574400,469200,3,2,0,0,0,1,0,70,1,5,1,0,1,0,1,0,1
200500023520,5,4,24,715,1,1,2,1,4568400,465300,3,3,2,0,1,1,0,0,2,0,1,0,1,0,0,1,1
200500023524,5,4,26,1545,1,1,1,3,4619300,471000,3,2,2,0,2,1,0,60,1,0,1,0,1,0,0,1,1
200500023525,5,4,3,1730,1,1,1,7,4609100,465800,3,2,0,0,1,1,0,0,1,0,1,0,0,0,0,1,1
200500023526,5,4,5,1130,2,1,1,6,4614800,476400,3,0,0,0,1,1,0,0,1,0,1,0,0,0,0,2,1
200500023527,5,4,5,1630,1,1,1,6,4615800,471800,3,2,0,0,1,1,0,0,1,0,1,0,0,0,1,0,1
200500023530,5,4,3,1200,1,1,1,6,4602400,450100,3,2,2,0,1,0,0,0,1,0,1,0,2,0,0,1,1
200500023531,5,4,16,1830,1,1,3,6,4597000,431900,3,2,2,0,0,3,0,55,2,0,3,0,0,0,1,0,1
200500023534,5,4,3,1800,1,1,1,3,4605200,533000,3,3,2,3,1,4,10,0,1,5,1,0,1,0,0,2,1
200500023538,5,4,30,2015,1,1,1,1,4635200,493300,3,2,2,0,2,4,0,58,1,0,1,0,1,0,1,0,1
200500023540,5,4,12,2145,3,1,1,3,4592700,534700,3,2,0,0,1,2,0,0,1,0,1,0,2,0,1,0,1
200500023542,5,4,25,1915,5,1,1,3,4585900,540800,3,2,2,0,1,1,0,0,1,0,1,0,0,0,0,2,1
200500023543,5,4,2,1830,1,1,3,5,4617600,557400,3,3,3,0,1,1,10,83,2,5,1,0,2,0,0,1,1
200500023544,5,4,27,1900,1,1,1,1,4620000,566000,3,2,2,0,0,1,0,58,1,0,1,0,0,0,0,2,1
200500023545,5,4,30,1500,1,1,1,7,4612900,552100,2,2,0,0,2,3,0,117,1,0,1,0,0,0,1,0,1
200500023548,5,4,1,1545,1,1,1,1,4634000,607000,3,2,2,0,1,1,0,73,1,0,1,0,0,1,0,1,1
200500023552,5,4,22,1430,1,1,1,6,4596700,483800,3,2,1,0,1,2,0,45,1,0,3,0,0,0,0,1,1
200500023554,5,4,2,100,5,1,1,6,4583600,494200,3,2,2,0,1,1,0,0,1,5,1,0,0,0,1,0,1
200500023555,5,4,29,900,1,1,1,4,4584100,500500,2,2,2,0,1,1,0,85,1,0,1,0,3,0,0,2,1
200500023558,5,4,12,930,1,1,1,6,4617100,481900,3,2,0,0,1,1,61,0,1,0,1,0,0,0,0,1,1
200500023559,5,4,22,515,3,1,1,6,4445900,468700,2,2,2,0,1,1,0,70,1,0,3,0,0,1,0,0,1
200500023560,5,4,6,1900,1,1,1,2,4471300,466200,4,2,2,0,1,1,0,0,1,0,1,0,1,0,1,1,1
200500023561,5,4,29,1815,1,1,1,3,4475700,469500,3,2,2,0,1,1,0,65,1,0,1,0,1,0,0,1,1
200500023562,5,4,10,1630,1,1,1,6,4471000,401000,2,2,0,0,1,2,0,60,1,0,3,0,0,0,0,1,1
200500023563,5,4,17,45,3,1,2,6,4469600,426200,3,2,2,0,1,1,0,60,2,0,3,0,1,0,1,0,1
200500023564,5,4,15,1745,1,1,3,1,4433200,415500,3,2,2,0,1,3,0,51,2,0,1,0,1,0,0,1,1
200500023568,5,4,25,2015,2,1,1,6,4489600,463100,3,2,2,0,2,3,0,30,1,0,1,0,0,1,0,0,1
200500023569,5,4,3,530,3,1,1,6,4493000,505000,3,2,2,0,1,2,0,50,1,0,1,0,0,0,0,1,1
200500023570,5,4,5,1500,1,6,1,3,4491800,502000,3,4,0,0,1,3,0,0,1,5,1,0,1,0,1,0,1
200500023572,5,4,7,2015,1,6,1,6,4474300,500400,3,2,0,0,1,0,0,70,1,5,1,0,0,0,1,0,1
200500023574,5,4,21,2245,3,1,1,7,4480600,495100,3,2,2,0,1,3,0,52,1,0,3,0,0,0,1,1,1
200500023575,5,4,12,2200,3,9,1,6,4456700,554400,3,2,2,0,0,2,0,60,1,0,3,0,0,0,0,1,1
200500023576,5,4,6,815,1,1,1,5,4443700,472700,3,2,2,0,1,2,0,58,1,0,1,0,1,1,0,2,1
200500023578,5,4,13,1715,1,1,1,6,4433300,482000,3,2,0,0,1,2,0,61,1,0,3,0,0,0,1,0,1
200500023579,5,4,26,1345,1,1,1,2,4429100,482100,3,2,0,0,1,2,0,76,1,0,1,0,1,0,0,1,1
200500023583,5,4,26,1645,1,1,1,1,4510200,504600,3,2,2,0,1,1,0,68,1,0,1,0,2,0,0,3,1
200500023584,5,4,19,1200,1,2,1,3,4534400,498100,4,2,2,0,1,1,0,33,1,0,1,0,0,0,1,1,1
200500023586,5,4,10,1830,1,1,1,1,4506800,524400,2,2,2,0,1,4,0,64,1,0,1,0,0,0,1,1,1
200500023587,5,4,2,1730,1,9,1,1,4530700,481400,4,2,0,0,1,2,0,57,1,2,1,0,3,0,1,1,1
200500023588,5,4,3,800,1,1,1,6,4518900,486700,4,1,1,0,1,1,0,60,1,0,1,0,1,0,1,0,1
200500023589,5,4,22,1115,1,2,7,3,4527000,486000,3,2,3,0,0,1,0,107,1,5,1,0,0,0,1,1,1
200500023590,5,4,15,1015,1,1,2,1,4507500,487000,3,2,0,0,0,3,60,0,2,0,1,0,0,0,1,1,1
200500023596,5,4,16,215,3,1,4,6,4527900,598800,3,2,2,0,2,3,0,0,5,0,1,0,0,0,0,1,1
200500023597,5,4,5,2245,5,1,1,7,4509100,555500,3,2,2,0,1,1,20,75,1,0,3,0,0,0,1,0,1
200500023598,5,4,22,1915,1,1,1,1,4500800,570200,3,2,2,0,2,3,0,90,1,0,1,0,1,0,1,0,1
200500023600,5,4,30,1815,1,2,1,3,4508700,576500,2,3,2,0,1,2,0,35,1,5,1,0,1,0,1,0,1
200500023601,5,4,4,2115,3,1,1,7,4527700,548000,3,2,2,0,1,4,0,61,1,0,1,0,1,0,1,0,1
200500023602,5,4,7,630,3,1,8,6,4558900,530900,2,3,2,0,1,1,5,0,1,0,1,0,1,0,1,0,1
200500023603,5,4,30,1300,1,1,1,3,4562500,535300,3,2,2,0,1,1,0,0,1,0,1,0,1,0,0,1,1
200500023604,5,4,3,1945,2,1,1,1,4578000,527200,3,2,0,0,2,2,0,0,1,0,1,0,1,0,1,2,1
200500023605,5,4,15,2315,5,2,3,3,4575700,521600,3,2,2,0,1,1,0,70,2,5,1,0,0,0,0,1,1
200500023606,5,4,2,1530,1,1,1,6,4545700,534000,3,2,2,0,0,2,0,50,1,0,1,0,0,0,1,2,1
200500023607,5,4,21,1515,1,1,1,1,4540200,542500,3,2,2,0,0,1,0,50,1,0,0,0,1,0,1,0,1
200500023608,5,4,15,500,3,1,1,6,4541200,553400,3,0,0,0,1,1,0,60,1,0,3,0,0,0,0,2,1
200500023609,5,4,7,2030,3,1,2,3,4576800,540400,2,2,0,0,1,1,0,70,2,0,1,0,0,0,1,1,1
200500023610,5,4,12,1330,1,1,1,1,4582500,538900,3,2,2,0,1,1,0,70,1,0,3,0,1,0,0,1,1
200500023612,5,4,7,1100,1,1,2,3,4560400,553400,2,2,2,0,1,2,0,0,2,0,1,0,0,0,0,2,1
200500023613,5,4,11,715,1,1,1,1,4566500,546000,3,2,0,0,1,1,0,0,1,5,1,0,3,0,1,0,1
200500023614,5,4,15,1415,1,1,3,1,4566100,548200,2,2,0,0,1,1,0,0,2,0,1,0,1,0,0,3,1
200500023615,5,4,3,1930,2,1,7,3,4554100,557900,2,2,0,0,1,1,20,100,1,5,1,0,1,0,0,1,1
200500023618,5,4,20,1200,1,1,1,3,4557200,544900,3,2,2,0,1,0,0,0,1,0,1,3,1,0,0,1,1
200500023621,5,4,2,2330,5,1,1,1,4533900,504600,4,2,1,0,1,1,0,47,1,0,1,0,1,0,1,0,1
200500023623,5,4,27,1445,1,1,1,3,4532900,508500,3,2,2,1,1,0,0,0,1,0,1,0,0,0,0,3,1
200500023624,5,4,6,145,3,1,1,7,4554100,500900,3,2,0,0,1,4,0,0,1,0,0,0,2,0,1,0,1
200500023625,5,4,21,845,1,1,1,1,4568500,507000,3,2,0,0,2,4,0,82,1,5,1,0,1,0,2,1,1
200500023628,5,4,9,1600,1,1,6,1,4534200,481600,3,3,2,0,1,0,20,0,1,0,1,0,2,0,0,1,1
200500023629,5,4,24,45,4,1,1,3,4540300,480900,2,2,3,0,1,1,0,0,1,5,1,0,0,0,1,2,1
200500023632,5,4,24,515,3,1,1,7,4573500,401900,3,2,0,0,1,1,0,76,1,0,3,0,0,0,1,0,1
200500023635,5,4,9,1130,1,1,4,1,4542000,403000,3,2,0,0,4,1,0,64,2,0,1,0,0,0,1,1,1
200500023638,5,4,11,1030,1,1,1,2,4563800,419200,3,0,0,0,1,0,0,90,1,0,1,0,1,0,0,2,1
200500023641,5,4,25,1800,1,1,1,6,4564000,422000,3,2,2,0,1,1,0,0,1,0,1,0,1,0,0,1,1
200500023643,5,4,2,1445,1,1,1,1,4610800,390000,4,2,2,0,2,1,60,0,1,0,1,0,1,0,0,1,1
200500023645,5,4,26,830,1,1,1,1,4566800,590400,9,2,2,0,2,0,0,65,2,5,1,0,1,0,0,1,1
200500023647,5,4,26,1515,1,1,1,2,4549400,615000,3,2,0,2,0,1,43,103,1,5,5,0,1,0,0,2,1
200500023649,5,4,5,1700,1,1,1,1,4561300,586000,3,2,2,0,2,1,0,62,1,0,1,0,1,0,0,1,1
200500023660,5,4,14,1845,1,1,1,1,4588900,631900,3,2,3,0,1,1,0,0,1,2,1,0,1,0,0,1,1
200500023663,5,4,3,1115,1,1,1,1,4607300,658700,3,2,2,0,2,1,0,77,1,0,1,0,1,0,1,0,1
200500023664,5,4,16,1245,1,1,3,2,4605500,659100,2,3,2,0,0,1,63,95,2,0,1,0,0,0,1,2,1
200500023665,5,4,30,2245,5,9,1,1,4606000,658000,4,2,3,0,1,3,0,97,1,0,1,0,4,0,5,0,1
200500023666,5,4,20,1830,2,1,8,1,4604400,624600,2,2,2,0,2,3,0,76,1,0,1,0,0,1,1,0,1
200500023667,5,4,25,1330,1,2,3,3,4611000,610000,3,1,0,0,1,1,0,80,2,0,1,0,1,0,0,1,1
200500023672,5,4,7,1515,1,1,2,1,4611000,592000,2,2,2,0,1,1,0,71,2,0,1,0,1,1,0,0,1
200500023673,5,4,12,1930,1,1,1,1,4611000,604000,3,0,2,0,2,1,0,0,1,0,0,0,1,0,0,1,1
200500023677,5,4,19,815,1,1,8,1,4631600,631900,2,2,2,0,1,1,0,74,2,0,1,0,1,0,0,1,1
200500023679,5,4,14,1445,1,1,1,1,4629900,678600,3,2,0,0,0,1,62,0,1,0,1,0,1,0,0,1,1
200500023680,5,4,19,1030,1,2,8,1,4623800,644900,3,2,2,0,2,2,0,63,2,0,1,0,1,0,0,1,1
200500023681,5,4,8,1800,1,1,2,7,4637200,653300,4,2,2,0,1,2,0,50,2,0,1,0,0,0,0,1,1
200500023682,5,4,30,1515,1,1,1,1,4640200,666100,4,2,1,0,3,4,0,40,1,0,1,0,2,0,1,0,1
200500023684,5,4,14,2230,3,1,1,6,4574600,296000,3,0,2,0,2,1,0,49,1,0,1,0,1,0,0,1,1
200500023685,5,4,28,1730,1,9,1,6,4573500,310100,4,2,2,0,1,1,0,43,1,6,1,0,1,0,1,0,1
200500023689,5,4,12,1745,1,1,1,2,4579000,326000,3,0,1,0,1,1,0,74,1,0,1,0,1,0,0,2,1
200500023691,5,4,11,715,2,1,1,3,4568400,319300,3,2,0,0,2,1,0,144,1,0,1,0,1,0,0,1,1
200500023692,5,4,11,1900,1,1,1,3,4569900,299700,2,2,2,0,1,1,0,100,1,5,1,0,1,0,0,1,1
200500023693,5,4,22,1645,1,1,1,1,4567400,300600,3,2,0,0,2,2,0,70,1,0,1,0,1,0,0,1,1
200500023695,5,4,30,1515,1,1,1,7,4555900,388800,3,2,2,0,2,2,0,47,1,0,3,0,1,0,0,1,1
200500023696,5,4,13,2115,5,1,1,1,4554400,324800,9,2,2,0,1,1,0,83,1,0,1,0,1,0,0,1,1
200500023697,5,4,29,1030,1,1,1,6,4554900,325300,4,2,2,0,0,1,0,80,1,0,1,0,1,0,1,1,1
200500023698,5,4,30,1900,1,1,1,5,4555900,303600,3,2,3,0,1,3,0,108,1,0,1,0,1,1,0,2,1
200500023699,5,4,22,1545,1,1,1,1,4599900,309200,2,2,2,0,1,1,0,68,1,0,1,0,0,0,2,5,1
200500023700,5,4,29,1845,1,1,1,3,4598000,310000,3,2,2,0,2,1,0,60,1,0,1,0,1,0,1,0,1
200500023703,5,4,8,1400,1,1,1,3,4585500,269900,3,2,2,0,3,1,35,70,1,0,1,0,1,0,0,1,1
200500023706,5,4,29,1900,1,1,1,5,4585600,269700,3,2,2,0,3,1,35,70,1,0,1,0,5,0,0,1,1
200500023708,5,4,20,1730,1,1,1,3,4587200,347400,3,2,0,0,1,1,0,0,1,0,0,0,0,0,2,0,1
200500023709,5,4,26,445,3,1,1,6,4583300,343200,2,2,0,0,1,1,0,65,1,0,3,0,0,0,1,0,1
200500023712,5,4,14,1030,1,1,1,6,4592800,346400,3,2,2,0,1,1,0,50,1,0,3,0,0,0,0,1,1
200500023714,5,4,6,815,1,1,1,7,4652700,368100,2,2,2,0,1,1,0,0,1,0,1,0,0,1,0,0,1
200500023717,5,4,26,930,1,1,1,1,4633800,328200,3,2,1,0,1,3,0,51,1,0,1,0,1,0,0,1,1
200500023718,5,4,4,2200,5,1,1,3,4629600,266500,2,2,0,0,0,1,0,0,0,0,0,0,1,0,0,1,1
200500023720,5,4,2,1545,1,1,1,6,4639700,282000,3,2,2,0,1,1,0,60,1,0,0,0,0,1,0,1,1
200500023722,5,4,11,1715,1,1,1,6,4614000,321200,2,2,2,0,1,1,0,0,1,0,1,0,0,0,0,1,1
200500023724,5,4,8,2345,3,1,1,6,4627500,343100,2,2,2,0,1,1,0,76,1,0,3,0,2,0,1,2,1
200500023726,5,4,30,2015,1,1,1,3,4493800,238200,2,2,2,0,1,1,80,0,1,5,1,0,1,0,0,2,1
200500023727,5,4,30,1700,1,2,1,1,4525200,226600,4,0,0,0,1,1,0,41,1,5,1,0,1,0,1,0,1
200500023728,5,4,2,1045,1,5,1,3,4503800,308900,3,2,0,0,3,0,0,53,1,5,1,0,1,0,0,1,1
200500023729,5,4,1,1815,1,1,1,2,4504000,307000,9,2,2,0,2,1,0,61,1,0,1,0,1,0,0,1,1
200500023730,5,4,14,1830,1,1,1,2,4504000,310100,3,2,2,0,1,1,0,75,1,0,4,0,1,0,0,1,1
200500023731,5,4,3,1615,1,1,1,3,4505700,293100,3,2,0,0,0,1,0,0,1,0,1,0,1,0,1,0,1
200500023732,5,4,18,1415,1,1,2,1,4503000,377000,3,2,2,0,1,1,0,0,2,0,1,0,1,0,0,1,1
200500023733,5,4,9,1030,1,1,6,1,4483400,386400,2,2,0,0,1,1,0,71,5,0,1,0,5,0,1,1,1
200500023734,5,4,15,2000,3,1,4,6,4525400,389300,3,2,2,0,2,2,0,71,2,0,3,0,0,1,0,0,1
200500023736,5,4,27,1730,1,1,1,7,4521300,381800,3,2,2,0,1,1,0,76,1,0,0,0,0,0,1,0,1
200500023737,5,4,15,915,1,6,2,2,4532000,337000,2,2,2,0,1,1,0,0,2,0,1,0,2,0,0,1,1
200500023738,5,4,3,230,5,1,1,6,4514700,411800,4,2,0,0,2,3,70,0,1,0,1,0,1,0,0,1,1
200500023740,5,4,5,1645,1,1,1,1,4531100,411600,9,0,0,0,1,2,0,52,1,0,1,0,1,0,1,0,1
200500023751,5,4,22,1445,1,1,1,5,4916500,648400,3,2,2,0,1,2,0,95,1,0,1,0,10,1,1,0,1
200500023754,5,4,4,1100,1,1,1,7,4881200,640300,4,2,1,0,1,2,35,0,1,0,3,0,0,0,0,1,1
200500023755,5,4,30,1630,1,1,7,6,4885400,645300,3,3,2,0,1,1,0,92,1,0,1,0,1,0,0,2,1
200500023757,5,4,30,2030,1,1,1,1,4892900,664200,3,1,1,0,1,1,0,60,1,0,1,0,1,0,0,1,1
200500023759,5,4,15,1000,1,1,1,7,4877900,715300,3,2,2,0,2,1,0,70,1,2,3,0,0,0,0,1,1