Num_Acc,an,mois,jour,hrmn,lum,int,atm,col,lat,long,catr,circ,nbv,vosp,prof,plan,lartpc,larrout,surf,infra,situ,env1,unscathed,killed,hospital,light,chance
200500023762,5,4,3,1645,1,1,1,7,4909200,744700,3,2,2,0,2,2,0,60,1,0,3,0,0,0,0,1,1
200500023763,5,4,22,1345,1,1,1,2,4915400,740200,3,2,2,0,1,1,0,82,1,0,1,0,0,0,0,3,1
200500023769,5,4,30,415,5,1,1,6,4946600,637500,4,2,2,0,1,1,0,60,1,0,4,0,0,0,0,2,1
200500023789,5,4,23,1330,1,1,1,7,4871800,509700,2,2,2,0,1,2,0,70,2,0,4,0,0,0,0,1,1
200500023790,5,4,26,1600,1,1,1,3,4894000,561000,3,2,2,0,4,1,0,0,1,5,1,0,1,0,0,2,1
200500023794,5,4,8,2045,5,1,3,3,4908000,546000,3,2,2,0,1,2,0,62,2,0,1,0,0,0,1,3,1
200500023795,5,4,17,1515,1,1,8,1,4902400,544000,4,2,2,0,0,2,0,55,1,0,1,0,3,0,0,1,1
200500023800,5,4,2,1845,1,1,1,7,4822200,661900,3,2,2,0,0,3,0,70,1,0,3,0,0,0,1,0,1
200500023801,5,4,14,2300,5,1,1,3,4837600,629400,3,2,2,0,1,1,0,50,1,0,1,0,2,0,0,1,1
200500023802,5,4,27,130,3,1,2,2,4797100,581000,3,2,0,0,1,1,0,62,2,0,1,0,1,1,0,0,1
200500023806,5,4,15,1530,1,1,8,6,4819800,609700,3,2,2,0,0,1,0,70,1,0,0,0,0,0,0,1,1
200500023807,5,4,25,1600,1,1,2,6,4809000,661000,3,2,2,0,1,1,0,60,2,0,4,0,0,1,1,1,1
200500023808,5,4,28,1815,1,1,1,7,4798000,664000,4,2,1,0,2,1,0,43,1,0,1,0,1,0,1,0,1
200500023809,5,4,7,645,2,1,2,1,4790400,672800,2,2,2,0,1,3,0,80,2,0,1,0,1,0,1,0,1
200500023810,5,4,1,1415,1,1,1,5,4838900,694600,3,2,2,0,0,3,70,70,1,0,1,0,2,0,1,1,1
200500023817,5,4,27,1200,1,1,1,1,4878200,784700,5,2,2,1,1,1,0,60,1,5,1,3,1,0,1,0,1
200500023818,5,4,30,1215,1,3,1,3,4877300,786100,4,2,0,0,1,1,0,0,1,0,1,3,1,0,0,1,1
200500023821,5,4,15,1200,1,1,1,6,4863500,733600,3,2,2,0,0,2,70,0,1,0,3,0,0,0,1,0,1
200500023822,5,4,18,1645,1,1,1,2,4863900,743000,3,2,1,0,1,1,0,79,1,0,1,0,1,0,0,1,1
200500023823,5,4,19,1830,1,9,1,6,4884500,741200,3,2,2,0,2,2,0,51,1,0,1,0,0,0,0,1,1
200500023824,5,4,1,745,1,1,1,6,4874000,736000,2,2,0,0,0,1,60,0,1,0,1,0,1,0,0,2,1
200500023825,5,4,1,1845,1,1,1,1,4879000,739000,3,2,0,0,0,1,0,57,1,0,1,0,1,0,0,1,1
200500023826,5,4,11,1430,1,1,1,1,4894900,708100,2,2,2,0,2,1,0,75,1,0,1,0,1,0,0,1,1
200500023827,5,4,12,1745,1,1,1,2,4866400,774000,2,2,2,0,1,1,0,55,1,0,1,0,1,0,1,0,1
200500023829,5,4,1,1930,2,1,1,1,4865000,752100,3,2,2,0,2,1,0,61,1,0,1,0,0,0,1,3,1
200500023830,5,4,10,2100,5,1,1,2,4864600,761000,3,2,2,0,0,1,0,0,1,0,1,3,2,0,0,1,1
200500023832,5,4,21,1030,1,1,1,6,4863900,759400,3,2,2,0,1,1,0,68,1,0,3,0,0,1,0,0,1
200500023833,5,4,4,1115,1,1,1,2,4869700,789200,3,2,2,0,1,0,0,0,1,0,1,0,1,0,1,0,1
200500023834,5,4,26,2115,3,8,1,6,4871100,789300,3,2,2,0,0,3,0,135,1,4,1,0,0,0,1,0,1
200500023835,5,4,24,1215,1,1,2,3,4860700,759700,3,4,4,0,1,0,0,80,2,5,1,0,4,0,0,2,1
200500023837,5,4,16,1600,1,1,1,5,4891100,794300,3,2,2,0,0,1,0,67,1,0,1,0,1,0,0,2,1
200500023838,5,4,29,1945,1,1,1,3,4891100,785900,3,2,2,0,1,1,0,60,1,0,1,0,2,0,0,1,1
200500023841,5,4,4,2145,5,1,1,3,4804300,712700,3,2,0,0,1,1,0,81,1,0,1,0,1,0,0,1,1
200500023842,5,4,15,45,3,1,1,6,4808800,753600,4,0,0,0,3,1,0,35,1,0,3,0,0,0,1,1,1
200500023843,5,4,4,1100,1,1,1,4,4820800,726900,3,2,2,0,2,3,0,58,1,0,1,0,1,0,0,2,1
200500023844,5,4,11,1745,1,1,1,3,4827000,728000,4,0,2,0,1,4,0,60,1,0,1,0,2,0,0,1,1
200500023845,5,4,7,1145,1,1,1,3,4809400,732000,3,2,2,2,1,1,0,89,1,0,1,0,1,0,0,1,1
200500023846,5,4,3,445,5,1,1,7,4765900,726600,3,2,2,0,1,1,110,0,1,0,1,0,0,0,1,0,1
200500023847,5,4,29,1045,1,1,1,1,4765400,726500,3,2,2,0,1,1,0,85,1,0,1,0,1,1,0,0,1
200500023848,5,4,3,1545,1,1,1,6,4744500,732800,3,2,2,0,1,2,0,70,1,0,1,0,0,0,1,0,1
200500023849,5,4,4,1700,1,1,1,5,4788300,752900,3,2,2,1,1,1,0,62,1,0,1,0,1,0,1,1,1
200500023850,5,4,25,1445,2,1,1,3,4791600,736100,3,2,2,0,0,3,0,75,1,5,1,0,0,0,0,2,1
200500023851,5,4,21,815,1,1,1,2,4798000,737700,3,2,2,0,1,1,0,70,1,0,1,0,1,0,1,0,1
200500023852,5,4,30,1230,1,1,1,3,4787000,735100,9,2,0,0,1,1,0,60,1,0,1,0,1,0,0,1,1
200500023853,5,4,3,1600,1,1,1,7,4785300,723800,2,3,4,0,1,1,20,74,1,0,3,0,0,0,0,2,1
200500023854,5,4,5,1645,1,1,1,2,4793800,727700,2,3,2,0,1,1,10,42,1,0,1,0,4,0,0,1,1
200500023855,5,4,7,1445,1,1,2,3,4797800,719900,4,2,2,0,1,1,0,56,2,0,1,0,1,0,0,1,1
200500023857,5,4,24,1245,1,1,2,7,4786200,724400,2,3,2,0,1,1,0,42,2,0,1,0,1,0,1,0,1
200500023858,5,4,27,1630,1,1,1,7,4796200,725800,4,2,0,0,1,3,0,0,1,0,1,0,0,0,1,0,1
200500023859,5,4,19,1015,1,1,1,1,4782400,735800,3,2,0,0,1,2,0,0,1,0,1,0,1,0,0,1,1
200500023860,5,4,4,1500,1,1,7,3,4761000,757200,3,2,3,0,1,1,0,0,1,5,1,0,3,0,0,1,1
200500023861,5,4,8,1600,1,1,1,2,4759100,745500,3,2,2,0,4,1,0,0,1,0,1,0,1,0,0,1,1
200500023862,5,4,11,1545,1,1,1,7,4758800,744100,3,2,2,0,2,1,0,0,1,0,1,0,0,0,0,1,1
200500023863,5,4,20,1500,1,1,2,6,4761400,756300,4,2,0,0,1,1,0,73,2,0,1,3,1,0,1,0,1
200500023864,5,4,28,700,1,1,1,7,4781300,719400,2,3,2,0,1,1,28,71,1,0,0,0,0,1,1,0,1
200500023865,5,4,17,1845,1,1,1,6,4890600,437900,3,2,2,0,2,1,0,65,1,0,1,0,1,0,0,1,1
200500023867,5,4,1,1900,1,1,1,7,4899800,393800,3,2,0,0,2,3,0,70,1,0,1,0,2,0,1,0,1
200500023868,5,4,20,500,3,1,1,1,4886400,355700,3,2,0,0,2,4,0,73,1,0,1,0,0,1,0,1,1
200500023869,5,4,11,1715,1,9,1,3,4854400,375200,3,2,2,0,1,2,0,67,1,0,1,0,1,0,0,1,1
200500023870,5,4,14,2215,5,1,2,6,4872800,372200,9,2,0,0,2,2,0,35,2,0,1,0,1,0,0,1,1
200500023871,5,4,7,15,3,1,9,6,4928200,389100,4,2,0,0,2,1,0,45,2,2,1,0,3,0,1,0,1
200500023872,5,4,26,1945,1,1,1,6,4867500,473400,4,2,0,0,1,1,0,55,1,0,3,0,1,0,1,0,1
200500023874,5,4,25,815,1,1,2,1,4912800,485700,3,2,0,0,1,1,60,60,2,0,1,0,0,0,1,1,1
200500023876,5,4,17,1830,1,1,1,1,4987500,485000,3,2,2,0,0,3,0,57,1,0,3,0,0,0,0,4,1
200500023877,5,4,26,1100,1,1,1,6,4984800,476300,3,2,2,0,2,2,0,70,1,0,1,0,0,0,0,1,1
200500023878,5,4,30,745,1,1,1,1,4992900,486000,3,2,2,0,1,2,0,0,1,0,1,0,1,0,0,1,1
200500023879,5,4,1,2000,2,1,1,7,4974600,459600,3,2,2,0,1,1,0,52,1,0,3,0,0,0,1,0,1
200500023880,5,4,15,1745,1,1,8,7,4985600,464100,3,2,0,0,1,1,0,50,2,0,1,0,0,0,0,1,1
200500023882,5,4,23,2130,3,1,1,7,4987600,439500,2,2,2,0,1,1,0,68,2,0,3,0,1,0,0,4,1
200500023883,5,4,24,1600,1,1,1,1,4950200,460000,3,2,2,0,1,1,0,42,1,0,1,0,1,0,1,0,1
200500023884,5,4,29,1715,1,1,1,6,4948700,474200,3,1,2,0,0,2,0,70,0,0,0,0,0,0,0,1,1
200500023885,5,4,30,1830,1,1,1,7,4934800,483100,3,0,2,0,3,1,63,0,1,0,1,0,0,0,0,1,1
200500023887,5,4,4,1615,1,1,1,7,4948600,415900,3,2,2,0,1,2,0,0,1,0,1,0,0,0,0,2,1
200500023890,5,4,15,2115,3,1,2,5,4809000,392000,3,2,0,0,0,1,0,60,2,0,1,0,2,0,1,0,1
200500023891,5,4,11,1330,1,1,1,3,4796000,401800,3,2,2,0,0,2,0,67,1,0,1,0,1,0,1,0,1
200500023893,5,4,13,1130,1,2,1,3,4840200,437100,3,2,2,0,2,1,0,70,1,0,1,0,3,1,0,1,1
200500023894,5,4,12,2045,5,1,1,3,4823000,471000,2,0,2,0,1,1,75,0,1,0,1,0,1,0,1,0,1
200500023896,5,4,15,2200,3,1,1,6,4847200,454600,3,2,0,0,1,1,0,56,1,2,1,0,0,0,1,0,1
200500023897,5,4,2,2130,3,1,1,7,4855700,402000,3,2,2,0,1,2,0,56,1,0,3,0,0,1,0,0,1
200500023898,5,4,19,1615,1,1,1,2,4851800,372600,3,1,1,0,1,1,0,38,1,0,1,0,3,0,2,0,1
200500023899,5,4,28,1745,1,1,1,1,4851000,372000,2,4,0,1,1,1,15,120,1,5,1,0,1,0,1,0,1
200500023900,5,4,30,1700,1,1,1,7,4857300,394600,3,2,2,0,1,1,0,60,1,0,1,0,0,0,0,1,1
200500023903,5,4,16,1130,1,1,2,5,4826400,512100,2,2,2,0,1,3,0,73,2,0,1,0,2,2,3,0,1
200500023904,5,4,2,1045,1,1,1,3,4779700,557400,2,2,0,0,4,1,0,77,1,0,1,0,2,0,0,1,1
200500023905,5,4,28,1845,1,1,1,6,4780800,544900,4,2,2,0,1,1,0,70,1,0,1,0,1,0,0,1,1
200500023906,5,4,15,1500,1,9,8,1,4777000,531000,3,2,2,0,0,3,0,60,1,0,1,0,1,0,0,1,1
200500023907,5,4,8,1645,1,1,1,1,4855600,506300,2,2,2,0,1,1,0,77,1,0,1,0,0,0,1,1,1
200500023910,5,4,21,930,3,1,1,1,4733500,448100,1,2,2,0,1,3,20,70,1,0,1,0,1,0,0,3,1
200500023912,5,4,16,415,3,8,2,1,4737200,507700,3,2,2,0,1,1,0,54,2,4,1,0,1,0,0,1,1
200500023913,5,4,19,1000,1,8,1,1,4737200,507700,3,2,2,0,0,1,0,65,1,0,1,0,1,1,0,0,1
200500023914,5,4,29,1645,1,1,7,1,4740600,514900,4,2,2,0,1,2,0,0,1,0,0,0,1,0,0,1,1
200500023915,5,4,7,645,1,1,2,3,4719000,538000,4,2,2,0,1,1,0,84,2,0,1,0,1,0,0,1,1
200500023916,5,4,26,1630,1,2,1,3,4723000,498000,2,2,0,0,1,1,0,45,1,5,1,0,1,0,0,1,1
200500023918,5,4,28,1845,1,1,1,7,4743300,575000,3,2,0,0,2,1,0,0,1,0,1,0,0,0,1,0,1
200500023919,5,4,24,1845,1,1,8,2,4756500,521100,2,2,0,0,4,1,0,91,2,0,1,0,1,0,1,0,1
200500023920,5,4,2,815,1,1,1,7,4730000,482000,1,0,0,0,1,1,0,0,1,0,2,0,0,0,0,1,1
200500023921,5,4,8,700,1,1,1,1,4700600,478200,4,2,2,0,2,3,0,30,1,0,1,0,1,0,1,0,1
200500023922,5,4,14,1215,1,1,1,6,4698900,486100,3,2,0,0,1,1,0,0,1,0,1,0,1,0,0,1,1
200500023923,5,4,16,1200,1,1,8,1,4699000,477000,4,2,0,0,2,0,0,0,2,0,1,0,4,0,0,2,1
200500023924,5,4,19,1800,1,1,1,6,4696100,472300,4,2,2,0,1,1,0,55,1,0,1,0,1,0,1,0,1
200500023925,5,4,22,1445,1,1,1,7,4785600,466900,3,2,2,0,2,2,0,75,1,0,1,0,0,0,0,1,1
200500023926,5,4,27,1600,1,6,1,6,4786100,457100,2,0,0,0,0,3,0,30,1,5,1,0,0,1,0,1,1
200500023927,5,4,26,1845,1,1,1,5,4755800,445500,3,2,2,0,0,3,0,60,1,0,1,0,3,0,2,0,1
200500023929,5,4,29,1830,1,1,1,7,4244300,457800,3,2,0,0,1,1,0,0,1,0,0,0,0,0,1,0,1
200500023930,5,4,9,1630,1,1,1,1,4704600,308000,4,2,2,0,1,1,0,75,1,0,1,0,1,0,0,1,1
200500023931,5,4,23,30,5,1,1,6,4694900,312000,3,2,2,0,1,1,0,75,1,0,1,0,1,1,0,0,1
200500023935,5,4,14,1745,1,1,1,6,4718900,302000,9,2,1,0,1,3,61,0,1,0,4,0,0,0,0,1,1
200500023937,5,4,30,1315,1,1,1,2,4747900,321900,3,2,2,0,1,0,0,65,1,0,1,0,1,0,0,1,1
200500023938,5,4,23,1615,1,1,1,2,4624200,478600,2,2,2,0,1,1,0,0,1,0,1,0,1,0,0,1,1
200500023941,5,4,18,1330,1,6,1,7,4645300,488700,2,3,2,0,1,3,46,93,1,5,1,0,0,1,0,0,1
200500023943,5,4,8,830,1,1,1,5,4691100,418800,3,2,2,0,1,1,0,70,1,0,1,0,7,0,0,1,1
200500023944,5,4,19,1500,1,3,1,1,4672400,426800,3,2,2,0,2,1,0,73,1,0,1,0,2,0,0,2,1
200500023945,5,4,24,1100,1,1,3,7,4672600,389100,3,2,2,0,1,1,0,49,8,0,1,0,0,0,0,1,1
200500023949,5,4,15,1715,1,1,1,7,4676900,473900,3,2,2,0,0,2,0,75,1,0,1,0,1,0,1,0,1
200500023952,5,4,29,1830,1,3,1,3,4660800,436200,3,2,0,0,0,1,0,56,1,0,1,0,0,0,1,1,1
200500023953,5,4,4,1030,1,1,1,2,4625600,440600,3,2,2,0,1,1,0,100,1,5,1,0,3,0,1,0,1
200500023954,5,4,15,500,5,1,8,6,4629300,433600,3,2,2,0,1,1,0,65,2,0,3,0,0,1,0,0,1
200500023955,5,4,7,1815,1,1,2,1,4649600,415500,2,2,2,0,1,1,0,70,2,0,1,0,0,1,0,1,1
200500023956,5,4,1,1930,2,1,1,1,4689600,468200,3,2,2,0,0,2,0,0,1,2,1,0,1,0,1,0,1
200500023957,5,4,5,1915,1,1,1,7,4687300,456700,3,2,2,0,0,3,0,0,8,0,1,0,0,0,1,1,1
200500023958,5,4,13,1800,1,1,1,7,4689800,468600,3,2,2,0,1,3,0,64,1,0,1,0,0,0,0,1,1
200500023960,5,4,15,745,1,1,3,1,4663000,374900,6,2,2,0,1,1,0,0,2,0,0,0,1,0,0,1,1
200500023961,5,4,13,715,1,1,1,6,4654100,533500,3,2,2,0,1,1,0,70,1,0,4,0,0,0,0,1,1
200500023964,5,4,17,45,5,1,3,6,4654000,504000,3,2,2,0,1,1,0,72,4,0,3,0,0,0,1,0,1
200500023965,5,4,24,2330,3,1,3,6,4660500,507600,3,2,2,0,1,1,0,65,2,0,1,0,0,0,0,1,1
200500023970,5,4,2,1515,1,1,1,3,4763800,332800,3,2,2,0,1,1,0,61,1,0,1,0,2,0,1,2,1
200500023971,5,4,3,900,1,1,1,6,4763100,366500,3,2,0,0,1,3,0,60,1,0,3,0,1,0,2,0,1
200500023972,5,4,11,2215,3,1,1,6,4799400,379300,3,2,2,0,1,1,0,76,1,5,3,0,0,0,2,0,1
200500023974,5,4,22,1845,1,1,1,2,4801000,374100,2,2,2,0,0,2,0,0,1,0,1,0,1,0,0,1,1
200500023976,5,4,15,1145,1,2,1,3,4789800,374700,3,2,2,0,2,1,0,50,1,0,1,0,1,0,1,2,1
200500023978,5,4,24,1515,1,2,1,3,4762400,319400,3,2,2,0,1,1,0,65,1,0,1,0,1,0,1,0,1
200500023979,5,4,24,1100,1,1,1,3,4749600,394500,3,2,2,0,0,0,0,0,0,0,0,0,0,0,1,1,1
200500023984,5,4,28,1945,1,1,1,5,4828800,320800,3,2,2,0,1,1,0,0,1,0,1,0,2,0,0,1,1
200500023986,5,4,26,1430,1,1,1,1,4720600,599600,3,2,2,0,4,1,0,66,1,0,1,0,1,0,1,0,1
200500023987,5,4,2,1415,1,1,1,7,4713600,611700,3,2,0,0,2,2,0,0,1,0,1,0,0,0,0,1,1
200500023991,5,4,18,745,1,1,1,1,4750500,693500,3,2,0,0,4,4,0,40,2,0,3,0,0,0,1,2,1
200500023992,5,4,30,1630,1,1,1,7,4722100,667900,3,2,2,0,1,2,60,0,1,0,3,0,1,0,1,0,1
200500023994,5,4,22,1330,1,1,1,3,4735200,635800,4,2,2,0,1,1,0,65,1,0,1,0,0,0,1,1,1
200500023997,5,4,30,1100,1,1,1,3,4746200,659500,2,2,1,3,1,1,20,25,1,5,1,0,5,0,1,1,1
200500023998,5,4,9,1700,1,1,4,7,4714600,655100,3,3,4,0,0,3,0,0,5,0,3,0,0,0,1,0,1
200500023999,5,4,30,1845,1,1,1,3,4715800,635400,4,2,2,0,1,1,0,60,1,0,1,0,1,0,1,0,1
200500024002,5,4,8,1115,1,9,2,1,4664700,594100,2,2,2,0,1,1,0,78,2,0,1,0,0,0,2,0,1
200500024003,5,4,12,2030,2,9,1,7,4676400,602500,3,2,2,0,2,3,0,60,1,0,3,0,0,1,0,1,1
200500024004,5,4,4,1045,1,1,1,1,4698700,581600,2,2,2,0,1,1,71,0,1,0,1,0,1,0,1,0,1
200500024005,5,4,16,1145,1,1,2,1,4696000,585000,3,2,0,0,1,2,0,73,2,0,1,0,1,0,1,1,1
200500024007,5,4,22,1400,1,1,1,3,4715900,574400,2,2,0,0,1,1,0,63,1,0,1,0,2,0,0,1,1
200500024008,5,4,1,1630,1,1,1,3,4660400,596200,2,2,2,0,1,1,0,74,1,0,1,0,0,0,1,2,1
200500024009,5,4,29,1600,1,1,1,6,4646400,593000,3,2,2,0,2,1,0,55,1,0,3,0,0,1,0,0,1
200500024010,5,4,29,1200,1,1,1,7,4771000,589000,4,0,0,0,1,1,0,0,1,0,1,3,0,0,2,0,1
200500024012,5,4,15,915,1,1,8,6,4744700,626500,4,2,2,0,1,1,0,33,9,0,3,0,1,0,1,0,1
200500024013,5,4,19,1145,1,1,1,7,4751400,635100,3,2,2,0,0,0,0,60,1,0,0,0,0,1,0,0,1
200500024015,5,4,3,1600,1,1,1,7,4762700,666600,3,2,2,0,1,2,0,136,1,0,1,0,0,0,1,0,1
200500024016,5,4,3,1500,1,1,1,7,4748200,568300,3,2,0,0,1,3,0,52,1,0,3,0,1,0,1,0,1
200500024018,5,4,22,1930,1,1,1,1,4745900,566300,3,2,2,0,1,2,0,76,1,0,1,0,1,0,1,0,1
200500024019,5,4,26,1330,1,1,1,3,4740800,547300,3,2,2,0,1,1,0,78,1,0,1,0,1,0,0,1,1
200500024020,5,4,30,100,3,1,1,1,4751700,564100,3,2,2,0,1,1,0,78,1,0,1,0,0,1,2,2,1
200500024021,5,4,27,1400,1,1,1,1,4741000,582000,3,2,0,0,1,1,0,0,1,0,1,0,1,0,1,0,1
200500024022,5,4,8,1500,1,1,1,1,4771900,684400,3,2,2,0,1,2,0,70,1,0,1,0,1,0,1,0,1
200500024023,5,4,2,1800,1,1,1,1,4776100,681800,3,2,2,0,1,3,0,66,1,0,1,0,2,0,0,1,1
200500024024,5,4,25,130,3,1,3,6,4771800,702100,2,2,2,0,0,1,0,109,2,0,3,0,0,0,1,1,1
200500024025,5,4,22,1145,1,1,1,1,4753100,691300,3,4,0,0,1,1,0,72,1,0,1,0,1,0,2,2,1
200500024031,5,4,30,1830,1,1,1,3,4343300,542800,4,2,2,0,4,0,0,65,9,5,1,0,1,0,0,1,1
200500024032,5,4,15,1600,1,1,1,3,4344900,537700,3,2,2,0,1,1,0,40,2,5,1,0,1,0,0,1,1
200500024033,5,4,30,1845,1,1,1,6,4342000,536000,3,3,4,0,1,1,20,100,1,0,1,0,1,0,0,1,1
200500024035,5,4,5,1500,1,1,1,1,4346000,562000,3,3,0,1,1,2,0,71,1,0,1,0,0,0,2,0,1
200500024036,5,4,26,1615,1,1,1,6,4349000,565000,2,2,2,0,0,1,0,100,1,0,1,0,0,0,0,2,1
200500024040,5,4,22,930,1,1,1,1,4350800,440100,3,2,2,2,1,1,100,66,1,0,1,0,1,0,0,1,1
200500024041,5,4,7,1445,1,1,1,7,4363400,481300,2,3,2,0,1,1,10,0,1,3,3,0,0,1,0,1,1
200500024043,5,4,19,1930,1,1,1,6,4341000,472000,4,2,2,0,1,1,0,0,1,0,1,0,0,0,1,1,1
200500024046,5,4,2,2245,3,1,1,1,4325000,566300,3,2,0,0,2,1,0,51,1,0,1,0,0,0,0,3,1
200500024047,5,4,9,400,5,1,1,6,4326400,557300,3,2,0,0,1,1,0,69,1,0,1,0,0,0,1,0,1
200500024049,5,4,22,730,1,1,1,1,4405100,613900,2,2,2,0,1,1,34,143,1,0,1,0,1,0,1,0,1
200500024050,5,4,8,1945,5,1,1,3,4389500,603100,4,2,2,0,2,3,0,69,1,0,1,0,1,0,0,1,1
200500024051,5,4,27,915,1,1,1,1,4405300,602800,9,2,0,0,0,2,0,63,1,0,1,0,2,0,0,1,1
200500024056,5,4,17,1430,1,1,1,3,4386900,568100,2,2,2,0,1,1,0,0,1,5,1,0,2,0,1,2,1
200500024060,5,4,1,2300,5,1,8,7,4436000,572500,3,2,0,0,1,1,0,53,2,0,3,0,0,0,0,1,1
200500024061,5,4,9,245,3,6,1,6,4444000,603000,2,1,2,0,1,2,0,72,1,5,1,0,0,0,0,1,1
200500024062,5,4,14,1615,1,1,1,2,4448300,609600,3,2,2,0,1,1,0,80,1,0,1,0,2,0,0,3,1
200500024063,5,4,26,1345,1,1,1,1,4448400,608600,3,2,2,0,1,1,0,70,1,0,1,0,0,0,0,2,1
200500024069,5,4,17,1015,1,1,1,3,4385900,723500,3,2,2,0,1,1,0,55,1,0,1,0,1,0,0,1,1
200500024071,5,4,12,1200,1,1,1,7,4391900,724900,3,2,0,0,2,2,0,45,1,0,1,0,0,0,0,1,1
200500024072,5,4,25,630,2,1,2,6,4390700,725400,3,2,2,0,2,3,0,64,2,0,1,0,0,0,0,1,1
200500024079,5,4,8,1800,1,9,2,7,4396100,715900,3,2,2,0,1,1,0,70,2,0,1,0,0,0,1,1,1
200500024080,5,4,10,1600,1,1,1,3,4396000,715000,3,2,0,0,1,1,0,53,1,0,1,0,1,0,0,1,1
200500024081,5,4,23,1400,1,1,8,3,4392000,715000,2,2,2,0,1,1,0,72,2,0,1,0,0,1,0,3,1
200500024084,5,4,6,700,1,1,1,6,4349000,636800,3,2,2,0,2,1,5,65,1,0,1,0,0,0,1,0,1
200500024090,5,4,17,1145,1,1,1,6,4357200,607200,3,2,2,0,1,1,0,50,1,0,3,0,0,2,0,0,1
200500024091,5,4,21,1845,1,1,1,1,4326500,610800,2,2,1,0,1,1,0,82,1,0,1,0,1,0,0,1,1
200500024097,5,4,14,1400,1,1,1,1,4333000,599000,3,2,2,0,1,3,6,86,1,0,1,0,0,2,0,2,1
200500024105,5,4,26,2000,2,1,1,6,4331100,646900,3,2,0,0,1,1,0,40,1,0,1,0,0,0,0,1,1
200500024109,5,4,2,1815,1,1,1,7,4323000,611000,3,2,2,0,1,1,0,66,1,0,1,0,0,0,0,4,1
200500024110,5,4,8,1045,1,1,1,1,4324000,607000,2,2,0,0,0,0,0,74,1,0,0,0,1,0,0,1,1
200500024111,5,4,11,1615,1,1,1,1,4329000,621000,3,2,0,0,2,4,0,55,1,0,1,0,1,0,0,1,1
200500024112,5,4,25,1100,1,1,1,7,4324100,628700,3,2,0,0,1,3,0,0,1,0,3,0,0,0,0,1,1
200500024114,5,4,8,1015,1,1,1,6,4315400,630100,3,2,2,0,1,1,0,0,1,0,1,0,0,0,0,1,1
200500024115,5,4,24,1115,1,1,1,5,4319700,633600,3,2,2,0,2,3,0,40,1,0,1,0,2,0,1,0,1
200500024116,5,4,9,1000,1,1,1,6,4318100,569600,9,2,1,0,2,4,0,68,1,0,1,0,1,0,1,0,1
200500024118,5,4,1,1830,1,1,1,6,4317800,604800,2,2,0,0,0,1,0,70,1,0,1,0,0,0,0,2,1
200500024119,5,4,12,2045,5,1,1,6,4317400,604600,2,2,2,0,1,1,0,62,1,0,1,0,1,0,1,0,1
200500024122,5,4,26,1945,1,1,1,3,4394200,491500,2,2,2,0,4,1,0,60,1,5,1,0,1,0,0,1,1
200500024123,5,4,27,800,1,1,1,3,4393200,495200,2,2,0,0,1,1,0,60,1,0,1,0,1,0,0,1,1
200500024125,5,4,27,1700,1,1,1,6,4390100,511900,3,2,0,0,2,3,0,78,1,0,3,0,0,0,0,1,1
200500024126,5,4,15,1615,1,1,2,1,4388100,539100,2,2,0,0,2,1,0,70,2,0,1,0,1,0,1,0,1
200500024127,5,4,17,1100,1,1,1,2,4388500,542100,3,2,2,0,1,2,0,60,1,0,1,0,1,0,1,1,1
200500024131,5,4,5,2230,3,1,1,7,4397700,532900,3,2,2,0,2,2,0,35,1,2,3,0,0,0,0,1,1
200500024132,5,4,23,1700,1,1,1,6,4378900,534700,3,2,2,0,2,4,0,63,1,0,3,0,0,1,0,0,1
200500024136,5,4,22,2315,5,1,1,1,4416900,487300,4,2,1,0,1,1,0,62,1,0,1,0,0,0,2,0,1
200500024138,5,4,12,815,1,1,1,6,4428200,475200,9,2,2,0,2,2,0,0,1,0,1,0,1,0,0,1,1
200500024143,5,4,6,1745,1,1,1,2,4371500,400600,3,2,2,0,1,1,0,54,1,0,1,0,1,1,0,0,1
200500024144,5,4,25,1400,1,1,1,1,4366500,397600,4,2,2,0,1,1,0,55,1,0,1,0,1,0,1,0,1
200500024145,5,4,28,915,1,6,1,1,4367300,397500,2,4,0,0,0,2,0,86,1,5,1,0,1,0,1,0,1
200500024152,5,4,10,1630,1,9,6,6,4361000,400000,9,1,0,0,1,2,0,0,1,0,4,0,0,0,1,0,1
200500024155,5,4,3,1545,1,1,2,6,4361300,307800,3,2,0,0,2,3,0,46,2,0,1,0,0,0,0,2,1
200500024156,5,4,5,430,3,1,5,1,4368700,296600,3,2,2,0,2,1,60,0,1,0,1,0,1,0,0,1,1
200500024158,5,4,22,1530,1,1,1,3,4358200,305200,3,2,0,0,1,1,0,56,1,0,1,0,0,0,0,2,1
200500024159,5,4,28,1830,1,9,1,3,4364200,316200,3,2,0,0,1,3,0,63,1,0,1,0,1,0,1,0,1
200500024160,5,4,8,630,3,1,9,7,4332500,318600,2,2,3,0,1,1,0,110,2,0,3,0,1,0,1,0,1
200500024161,5,4,30,1715,1,1,1,7,4334400,301800,3,2,0,0,2,1,50,0,1,0,1,0,0,0,0,1,1
200500024164,5,4,7,1830,1,1,1,6,4342000,336100,2,2,0,0,1,1,0,72,1,0,1,0,0,0,0,1,1
200500024165,5,4,16,600,3,1,1,7,4339300,343500,3,2,2,0,2,1,0,0,1,0,1,0,0,0,1,1,1
200500024166,5,4,23,1615,1,1,2,5,4347300,337900,3,2,2,0,1,3,0,60,2,0,1,0,2,0,1,0,1