Num_Acc,an,mois,jour,hrmn,lum,int,atm,col,lat,long,catr,circ,nbv,vosp,prof,plan,lartpc,larrout,surf,infra,situ,env1,unscathed,killed,hospital,light,chance
200500024167,5,4,3,2115,3,1,1,7,4346000,320800,3,2,0,0,1,1,0,75,1,0,1,0,0,0,1,0,1
200500024168,5,4,9,345,3,1,1,6,4343400,325400,3,2,2,0,3,1,0,71,1,0,3,0,0,0,1,0,1
200500024169,5,4,21,1600,1,1,1,3,4345500,321000,3,2,2,0,1,1,0,72,1,0,1,0,2,0,2,0,1
200500024170,5,4,29,2315,3,1,1,2,4342000,322000,3,0,2,0,1,1,0,70,1,0,1,0,2,0,0,1,1
200500024171,5,4,6,1600,1,1,1,1,4328000,336000,3,3,0,0,1,1,41,101,1,0,1,0,1,0,1,0,1
200500024172,5,4,4,1330,1,9,1,5,4359700,352200,3,2,2,0,1,1,0,58,1,0,1,0,3,0,0,1,1
200500024173,5,4,9,1845,1,1,1,1,4365000,345000,3,2,2,0,1,2,0,70,1,0,1,0,1,0,0,5,1
200500024174,5,4,17,200,3,1,1,6,4353300,351500,3,2,0,0,1,1,0,70,1,0,4,0,0,0,1,1,1
200500024175,5,4,20,1745,1,1,1,3,4365000,349000,3,2,2,0,1,1,0,60,1,0,1,0,2,0,0,1,1
200500024176,5,4,21,715,1,1,1,2,4354000,344000,4,2,1,0,1,1,0,45,1,0,1,0,1,0,0,1,1
200500024177,5,4,29,1230,1,1,1,2,4361000,327000,3,2,2,0,1,1,0,72,1,0,1,0,2,0,0,1,1
200500024178,5,4,10,1700,1,1,6,7,4367900,361400,3,2,0,0,1,1,0,57,1,0,1,0,0,0,0,1,1
200500024183,5,4,29,1730,1,2,1,1,4339000,346000,3,2,0,0,1,1,0,58,1,0,1,0,1,0,0,1,1
200500024185,5,4,25,1515,1,3,1,3,4356400,372900,3,2,0,0,1,1,15,48,1,5,1,0,1,0,1,0,1
200500024187,5,4,29,745,1,1,1,2,4353900,375600,2,2,2,0,1,1,20,46,1,5,1,0,1,1,0,0,1
200500024188,5,4,3,1830,1,1,1,3,4345000,364000,2,2,2,0,1,1,21,144,1,5,1,0,1,0,0,2,1
200500024189,5,4,8,2215,3,1,1,6,4348600,359400,3,2,0,0,3,2,0,57,1,0,3,0,1,0,0,1,1
200500024190,5,4,1,1645,1,1,1,6,4326700,224500,3,2,2,0,1,1,0,60,1,0,0,0,0,0,1,0,1
200500024191,5,4,24,1600,1,1,8,6,4331000,213000,3,2,1,0,1,2,0,60,1,0,1,0,0,0,0,2,1
200500024193,5,4,28,1400,1,3,1,1,4336600,227000,4,2,0,0,2,1,0,31,1,0,1,0,1,0,1,0,1
200500024194,5,4,3,1915,1,1,8,6,4323400,264200,3,2,0,0,1,2,0,60,1,0,3,0,0,0,0,1,1
200500024195,5,4,3,645,3,1,3,6,4304300,221600,3,2,2,0,1,1,0,51,2,2,1,0,0,0,1,0,1
200500024198,5,4,22,1030,2,8,1,3,4304400,225400,4,2,2,0,3,1,0,50,1,4,0,0,1,0,1,0,1
200500024199,5,4,23,2015,2,1,1,1,4305300,216900,3,2,0,0,1,3,0,56,1,0,1,0,0,0,2,1,1
200500024200,5,4,16,1130,1,1,1,1,4297200,226400,3,2,2,0,1,2,0,64,1,0,1,0,0,1,0,2,1
200500024201,5,4,25,1530,1,1,1,1,4293900,221500,4,2,2,0,1,1,0,33,9,0,1,0,1,0,0,1,1
200500024202,5,4,23,1015,1,1,2,6,4332000,297700,3,2,2,0,1,2,0,70,2,0,3,0,0,1,1,0,1
200500024203,5,4,4,715,2,6,8,3,4303000,299000,2,1,2,0,1,2,600,86,2,5,1,0,1,2,0,0,1
200500024205,5,4,18,1600,1,1,1,1,4352000,414000,4,3,2,0,1,1,20,70,1,6,1,0,1,0,0,1,1
200500024206,5,4,26,1315,1,1,1,6,4357000,419000,6,0,0,0,0,0,0,40,1,7,0,0,1,0,0,1,1
200500024210,5,4,17,1500,1,1,1,7,4383000,409500,2,2,0,0,0,1,0,100,1,0,0,0,1,0,0,1,1
200500024214,5,4,1,1545,1,1,1,3,4378600,429800,2,2,1,0,1,2,15,0,1,5,1,0,1,0,0,1,1
200500024215,5,4,4,1515,1,1,1,6,4378900,430000,2,2,0,0,0,0,60,0,1,0,1,0,0,0,0,1,1
200500024216,5,4,12,2000,1,1,1,5,4357300,431000,3,2,0,0,1,1,0,70,1,0,1,0,2,0,0,3,1
200500024217,5,4,16,1230,1,1,1,1,4404300,399200,3,2,2,0,0,1,0,59,1,0,1,0,1,1,0,0,1
200500024219,5,4,3,2000,2,1,1,7,4416100,413100,3,2,1,0,1,3,0,52,1,0,3,0,0,0,1,0,1
200500024220,5,4,2,1000,1,1,1,7,4403800,413700,3,2,0,0,1,1,0,60,1,2,1,0,0,0,0,1,1
200500024221,5,4,5,1600,1,1,1,7,4400700,420200,3,2,2,0,1,1,0,65,1,0,3,0,1,0,0,1,1
200500024222,5,4,27,1345,1,1,1,3,4402500,413500,4,2,2,0,1,2,0,39,1,0,1,0,3,0,0,1,1
200500024223,5,4,29,700,1,1,1,7,4407000,424300,3,2,0,0,0,1,0,80,1,0,0,0,0,0,1,0,1
200500024230,5,4,5,745,1,1,1,2,4426100,464800,4,2,0,0,1,1,60,0,1,0,1,0,1,0,0,1,1
200500024231,5,4,11,1130,1,1,1,1,4395000,461000,2,3,2,0,1,0,0,70,0,0,0,0,1,0,1,0,1
200500024232,5,4,15,1630,1,1,3,5,4394800,462400,2,2,3,0,2,1,0,110,2,0,1,0,1,1,0,1,1
200500024233,5,4,1,1445,5,9,1,5,4409500,470500,2,2,1,0,0,1,0,61,1,0,1,0,1,0,1,1,1
200500024239,5,4,3,1545,1,1,1,6,4404000,358300,3,2,2,0,2,3,0,48,1,0,1,0,0,0,0,1,1
200500024240,5,4,28,1200,1,1,1,7,4404900,368300,3,2,0,0,1,1,0,70,1,0,3,0,0,0,0,1,1
200500024244,5,4,17,730,1,1,1,1,4395000,391300,3,2,2,0,1,1,62,0,1,0,3,0,1,0,1,0,1
200500024245,5,4,20,1345,1,6,1,6,4387600,394700,3,2,2,0,1,3,25,90,1,0,3,0,0,0,1,0,1
200500024249,5,4,3,515,3,1,1,7,4417800,343000,3,2,2,0,2,2,0,60,1,0,1,0,0,0,0,1,1
200500024250,5,4,1,1430,1,3,1,3,4456000,329200,2,2,2,0,2,3,0,130,1,0,1,0,1,0,1,0,1
200500024253,5,4,7,1415,1,1,1,3,4264400,298200,4,2,2,0,0,1,0,54,1,0,1,0,1,0,1,0,1
200500024254,5,4,15,1200,1,1,1,3,4264000,298000,4,2,2,0,0,1,0,0,1,5,1,0,1,0,0,1,1
200500024255,5,4,1,1830,1,1,1,6,4274000,294000,3,2,2,0,1,1,0,52,1,0,1,0,1,0,0,1,1
200500024256,5,4,29,1230,1,1,1,1,4262900,282500,3,2,2,0,0,0,0,64,1,0,1,0,1,0,1,0,1
200500024261,5,4,17,2230,3,1,1,6,4250400,197700,3,2,2,0,1,2,0,80,1,0,3,0,1,0,1,0,1
200500024262,5,4,8,1745,1,1,1,6,4266200,265400,3,2,2,0,1,1,53,0,1,0,1,0,1,0,0,1,1
200500024263,5,4,26,1930,1,1,1,3,4194400,890500,3,2,2,0,1,3,0,52,1,0,1,0,1,0,0,1,1
200500024267,5,4,20,45,5,1,1,7,4179100,897900,2,2,2,0,2,2,70,0,1,0,3,0,0,0,1,0,1
200500024268,5,4,14,1830,1,1,7,3,4170500,891200,2,2,2,0,2,3,0,75,1,0,1,0,2,0,1,0,1
200500024269,5,4,18,1530,1,1,1,7,4253000,941200,3,2,1,0,1,2,0,67,1,0,1,0,0,0,1,1,1
200500024272,5,4,28,915,1,1,1,1,4288000,934000,3,2,2,0,1,3,0,39,1,0,1,0,2,0,1,0,1
200500024278,5,4,8,530,3,1,1,7,4259600,892600,3,2,2,0,2,1,0,35,1,0,3,0,0,0,1,1,1
200500024279,5,4,18,1800,1,9,1,3,4204600,939000,3,2,2,0,1,1,0,63,1,0,1,0,1,0,1,0,1
200500024285,5,4,6,1930,1,1,2,7,4894900,164400,3,2,2,0,1,1,0,80,2,0,1,0,0,0,1,0,1
200500024286,5,4,17,315,3,1,1,6,4901000,176000,4,2,2,0,1,2,10,60,1,0,1,0,0,0,1,1,1
200500024287,5,4,12,1130,1,3,1,5,4897300,190600,3,2,0,0,2,1,0,70,1,0,1,0,2,0,1,0,1
200500024289,5,4,10,915,1,1,8,6,4869700,177100,3,2,0,0,1,1,0,43,1,0,1,0,0,0,0,1,1
200500024296,5,4,3,1800,1,1,1,1,4869700,196300,3,2,2,0,2,3,0,57,1,0,1,0,0,0,2,1,1
200500024299,5,4,1,1500,1,1,1,3,4880500,190700,2,2,2,0,1,1,0,0,1,0,1,0,1,0,0,1,1
200500024300,5,4,24,1830,1,1,1,3,4885000,189000,3,2,2,0,2,1,25,110,0,5,1,0,1,0,0,1,1
200500024307,5,4,28,1915,1,1,2,6,4858000,244400,3,2,0,0,1,3,0,60,2,0,1,0,0,0,0,2,1
200500024311,5,4,24,15,4,6,1,6,4853000,228800,3,1,0,0,1,2,0,0,1,0,1,0,0,0,1,0,1
200500024313,5,4,23,1630,1,3,1,3,4851000,234000,3,2,2,0,1,1,0,56,1,0,1,0,1,0,1,0,1
200500024314,5,4,27,745,1,1,9,1,4841000,231000,3,2,1,0,2,2,0,68,2,0,1,0,0,0,1,1,1
200500024315,5,4,17,645,2,1,1,7,4835000,201000,3,2,2,0,3,1,0,59,1,0,3,0,0,1,0,0,1
200500024316,5,4,21,100,4,2,1,3,4836100,215300,3,2,2,0,2,1,0,60,1,5,1,0,0,1,1,1,1
200500024322,5,4,18,830,1,1,1,3,4858300,223600,2,3,0,0,2,1,10,200,1,0,1,0,1,0,0,1,1
200500024325,5,4,20,2015,1,1,1,1,4908800,220500,3,2,0,0,1,3,0,60,1,0,1,0,1,0,0,1,1
200500024327,5,4,7,1900,1,1,1,3,4903800,234700,2,3,2,0,1,1,10,141,1,3,1,0,1,0,0,1,1
200500024328,5,4,30,1230,1,1,1,1,4855100,290100,4,2,2,0,1,4,0,45,1,0,1,0,1,0,1,0,1
200500024329,5,4,25,45,3,1,2,6,4857000,288100,3,2,2,0,2,1,0,60,2,0,1,0,4,0,1,0,1
200500024330,5,4,30,1,3,1,1,7,4860400,286700,3,2,1,0,1,2,0,60,1,0,3,0,0,0,1,0,1
200500024331,5,4,4,45,3,1,1,6,4843400,256000,3,2,2,0,1,3,0,47,1,0,3,0,0,0,1,0,1
200500024332,5,4,28,2000,2,1,2,7,4887400,296400,3,2,2,0,3,2,0,0,2,0,1,0,0,0,1,0,1
200500024338,5,4,12,1930,1,1,1,4,4869700,308300,3,2,0,0,1,1,0,80,1,5,1,0,2,0,0,1,1
200500024339,5,4,9,1315,1,1,1,1,4828300,258500,3,2,0,0,1,1,0,0,1,5,1,0,1,0,1,0,1
200500024340,5,4,3,2045,5,1,1,6,4815100,269700,4,2,2,0,1,1,0,60,1,0,3,0,0,0,0,2,1
200500024341,5,4,6,1145,1,1,1,3,4815700,269300,3,2,2,0,1,1,0,62,1,5,1,0,1,1,1,1,1
200500024342,5,4,1,1200,1,2,1,5,4824000,280000,3,2,2,0,1,1,0,68,1,5,1,0,1,0,0,2,1
200500024343,5,4,2,1500,1,4,1,3,4826700,288500,3,2,2,0,2,1,0,67,1,0,1,0,1,0,0,2,1
200500024344,5,4,5,1800,1,1,1,6,4836800,308000,4,2,2,0,1,1,0,70,9,0,3,0,1,0,0,3,1
200500024345,5,4,8,1800,1,1,2,2,4835200,302800,2,0,2,0,1,1,0,80,2,0,1,0,2,0,0,1,1
200500024346,5,4,30,1815,1,1,1,2,4891300,280400,4,2,2,0,2,1,0,67,1,0,1,0,1,0,0,2,1
200500024348,5,4,23,2015,2,2,1,5,4902400,282400,3,2,2,0,1,1,0,50,1,0,1,0,2,0,0,1,1
200500024349,5,4,25,1345,1,1,1,6,4901700,283700,9,2,1,0,1,1,0,45,1,0,3,0,0,0,1,0,1
200500024350,5,4,17,2145,3,1,1,3,4869300,313000,2,2,2,0,1,1,0,72,1,0,1,0,2,0,0,3,1
200500024351,5,4,10,300,3,1,1,6,4841800,336200,3,2,2,0,1,1,0,60,1,0,4,0,0,0,1,0,1
200500024352,5,4,27,245,4,1,8,6,4793200,213900,4,2,2,0,1,1,0,60,2,0,4,0,0,0,1,0,1
200500024355,5,4,2,2045,5,1,1,2,4787000,179000,2,2,0,0,1,1,0,76,1,0,1,0,2,0,0,1,1
200500024356,5,4,1,1300,1,9,1,6,4770400,263300,9,2,2,0,1,1,0,71,1,0,1,3,0,0,0,2,1
200500024358,5,4,11,1900,1,9,1,3,4769000,262000,4,2,2,0,1,1,0,0,1,0,1,0,1,0,1,0,1
200500024363,5,4,8,1800,1,1,2,3,4770800,231600,3,2,0,0,1,1,0,70,2,0,3,0,1,0,0,1,1
200500024364,5,4,10,515,5,1,1,6,4793700,292500,3,2,0,0,1,1,0,75,1,0,1,0,0,0,0,1,1
200500024365,5,4,18,1415,1,1,1,3,4818200,226200,3,2,2,0,1,3,0,60,1,5,1,0,1,0,0,1,1
200500024366,5,4,28,2200,5,1,1,1,4830700,240700,3,2,2,0,3,1,0,0,1,0,1,0,1,0,0,2,1
200500024368,5,4,22,1645,1,1,1,6,4673600,250400,9,2,2,0,0,1,0,61,1,0,1,0,1,0,1,0,1
200500024371,5,4,27,1300,1,1,1,6,4701400,258300,3,2,2,0,1,1,0,59,1,0,1,0,2,0,1,0,1
200500024372,5,4,16,1815,1,3,2,3,4697100,296600,3,2,0,0,1,2,0,50,2,0,1,0,4,0,0,1,1
200500024376,5,4,9,1100,1,1,1,6,4719900,256600,3,2,2,0,2,1,0,70,1,0,1,0,1,1,0,0,1
200500024377,5,4,20,1900,1,1,1,7,4851700,147200,3,2,2,0,1,2,0,60,1,0,3,0,0,0,1,0,1
200500024378,5,4,10,1315,1,1,1,7,4844000,117000,2,2,2,0,1,1,0,0,1,0,3,0,1,0,1,0,1
200500024381,5,4,30,715,2,1,1,7,4848500,165300,2,2,2,0,1,1,0,109,1,0,3,0,0,0,2,0,1
200500024382,5,4,24,1630,1,1,1,7,4870200,134300,3,2,0,0,4,4,0,77,2,0,3,0,1,0,0,1,1
200500024383,5,4,25,1045,1,1,1,6,4874700,122700,3,2,2,0,1,1,0,45,1,0,1,0,0,0,0,1,1
200500024384,5,4,15,815,1,1,1,3,4885000,151000,3,2,2,0,2,1,0,67,2,0,1,0,2,0,1,0,1
200500024385,5,4,22,1830,1,1,1,3,4870400,117400,3,2,1,0,1,1,45,0,1,0,1,0,1,0,1,0,1
200500024386,5,4,11,730,1,1,5,6,4857800,143500,2,3,2,0,1,1,30,147,1,0,2,0,0,0,0,1,1
200500024387,5,4,1,2315,3,1,1,7,4830900,80700,2,3,2,0,2,3,0,110,1,0,3,0,0,1,1,0,1
200500024388,5,4,6,500,3,1,1,1,4830600,80200,2,3,3,0,4,2,5,110,1,0,1,0,1,1,1,0,1
200500024389,5,4,14,1900,1,1,2,1,4825000,99500,3,2,0,0,1,3,0,43,2,0,1,0,0,0,0,3,1
200500024390,5,4,5,2000,2,1,1,6,4847600,97000,3,2,2,0,1,1,0,0,1,0,1,0,0,0,1,0,1
200500024391,5,4,10,500,3,1,1,6,4686800,177100,3,2,0,0,0,1,0,0,1,0,3,0,2,0,1,1,1
200500024393,5,4,29,1145,1,1,1,2,4697700,161500,3,2,2,0,2,1,0,100,1,0,1,0,1,0,2,0,1
200500024396,5,4,18,1800,1,2,4,3,4718500,139800,3,2,2,0,2,1,0,53,2,0,1,0,1,0,1,0,1
200500024397,5,4,5,1800,1,1,1,7,4663500,105800,2,2,2,0,2,3,0,150,1,0,1,0,0,0,1,0,1
200500024398,5,4,22,1730,1,1,1,7,4653400,192000,3,2,0,0,2,0,0,30,1,0,0,0,0,0,0,1,1
200500024400,5,4,12,1900,1,1,1,3,4690600,206000,3,2,2,0,1,1,0,57,1,0,1,0,3,0,1,0,1
200500024405,5,4,4,1330,1,1,1,2,4759600,50100,3,2,2,0,3,1,0,51,1,0,1,0,1,0,1,0,1
200500024406,5,4,29,1700,1,1,1,3,4755500,68900,3,2,2,0,1,1,0,50,1,0,1,0,0,0,2,1,1
200500024410,5,4,30,1815,1,6,1,3,4726600,46700,3,2,2,0,1,1,0,47,1,5,1,0,1,0,0,1,1
200500024412,5,4,29,915,1,1,1,2,4702000,55400,3,2,2,0,1,1,0,56,1,0,1,0,0,0,1,1,1
200500024413,5,4,16,1800,1,1,1,7,4731800,78100,2,3,0,0,1,1,0,150,1,0,3,0,2,0,1,0,1
200500024418,5,4,14,700,3,1,1,7,4736500,178200,3,2,0,1,0,1,0,60,1,0,0,0,0,1,0,0,1
200500024419,5,4,26,2100,3,1,2,7,4777900,89000,3,2,0,0,4,1,0,55,2,0,3,0,1,0,0,1,1
200500024421,5,4,8,1515,1,1,4,6,4783100,-360300,3,2,2,0,1,1,0,60,2,0,3,0,0,0,0,3,1
200500024422,5,4,3,15,3,1,1,1,4910000,241900,2,2,3,0,1,0,0,112,1,0,1,0,0,0,1,1,1
200500024423,5,4,4,1530,1,7,1,7,4911500,242300,4,2,0,0,1,4,0,0,1,0,1,3,1,0,1,0,1
200500024424,5,4,12,1400,1,9,1,1,4913900,235100,3,2,2,0,1,2,0,80,1,0,1,0,1,0,0,1,1
200500024425,5,4,14,1430,1,1,1,4,4914100,237500,3,2,2,0,1,1,0,75,1,0,1,0,1,0,1,1,1
200500024429,5,4,8,1915,1,1,1,3,4710400,311900,4,2,0,0,1,1,0,0,1,0,1,0,1,0,0,1,1
200500024430,5,4,8,1745,1,1,1,6,4483000,302800,3,2,2,0,1,2,0,65,1,0,3,0,0,0,1,0,1
200500024431,5,4,30,1030,1,1,7,6,4484700,299900,3,2,0,0,2,3,0,101,1,0,0,0,0,0,2,0,1
200500024433,5,4,23,1045,1,1,2,1,4349000,563000,3,2,2,0,1,1,0,52,2,0,1,0,1,0,0,1,1
200500024434,5,4,5,1745,1,1,1,6,4413000,35000,3,2,2,0,1,1,0,72,1,0,1,0,0,0,1,0,1
200500024435,5,4,9,1100,1,1,1,3,4417000,31000,3,2,0,0,1,1,0,50,1,0,1,0,1,0,0,1,1
200500024436,5,4,29,1630,1,3,1,2,4406000,24900,3,2,2,0,1,1,0,60,1,0,1,0,2,0,1,0,1
200500024441,5,4,24,2145,3,1,1,1,4860800,211100,1,3,0,0,1,1,0,0,1,0,0,0,2,0,0,1,1
200500024442,5,4,28,1600,1,1,1,1,4827400,185300,1,3,0,0,1,1,6,270,1,0,0,0,1,0,1,0,1
200500024444,5,4,11,1900,1,1,1,6,4853000,250000,1,3,4,3,1,1,30,210,1,0,3,0,1,0,1,0,1
200500024462,5,4,14,1400,1,2,1,1,4927800,235700,3,2,2,0,0,1,0,96,1,5,1,0,2,0,0,1,1
200500024463,5,4,10,1045,1,1,8,1,4934300,106900,1,3,1,0,1,2,0,68,2,3,1,0,2,0,0,1,1
200500024474,5,4,14,1830,1,1,1,3,4813300,-73400,3,2,2,0,2,0,0,61,1,0,1,0,1,0,1,0,1
200500024475,5,4,17,1215,1,9,1,1,4813500,-100700,4,2,2,0,2,2,0,0,1,0,1,0,1,0,1,0,1
200500024476,5,4,8,1800,1,1,1,6,4909900,250800,3,2,2,0,1,1,0,60,1,5,1,0,0,0,0,1,1
200500024477,5,4,10,1615,1,1,1,6,4909800,250700,4,2,0,0,1,1,0,40,1,0,1,0,1,0,1,0,1
200500024479,5,4,8,800,1,1,1,6,4372000,149000,3,2,0,0,1,1,0,65,2,0,1,0,1,0,0,1,1
200500024486,5,4,6,2045,3,1,1,5,4368100,408300,1,3,3,0,0,1,30,105,1,0,1,0,2,1,0,0,1
200500024493,5,4,22,1500,1,1,1,1,4734200,88800,2,2,0,0,0,1,68,0,1,0,1,0,2,0,0,3,1
200500024497,5,4,21,415,3,1,1,6,4781500,185400,1,3,4,0,1,1,0,120,1,0,3,0,0,1,0,0,1
200500024498,5,4,27,645,1,1,1,6,4809500,185200,1,0,3,0,1,1,0,0,1,0,1,0,4,0,0,2,1
200500024499,5,4,1,2030,5,2,1,3,4352900,526000,4,2,0,0,1,1,0,60,1,0,1,0,0,0,0,3,1
200500024500,5,4,3,730,1,1,1,6,4358200,533400,3,2,0,0,1,1,0,51,1,0,1,0,0,0,0,1,1
200500024501,5,4,21,2200,3,1,1,1,4351200,524100,3,2,2,0,1,3,0,73,1,0,1,0,1,1,0,0,1
200500024502,5,4,1,1700,1,1,1,2,4876400,795200,3,2,2,0,1,1,0,62,1,5,1,0,1,0,1,0,1
200500024507,5,4,27,1300,1,1,1,2,4529000,562200,1,4,8,3,1,1,0,0,1,7,1,0,1,0,1,1,1
200500024513,5,4,14,1845,1,1,1,1,4569300,474300,4,2,0,0,1,1,0,26,1,0,1,0,1,1,0,0,1
200500024517,5,4,9,1800,1,1,8,6,4557900,324100,1,3,2,3,1,2,25,70,1,0,1,0,2,0,1,0,1
200500024518,5,4,16,1130,2,1,3,3,4550400,325900,1,3,3,3,0,2,30,70,2,0,1,0,1,1,0,0,1
200500024519,5,4,2,1715,1,1,1,2,4906500,427900,1,3,0,0,1,1,20,108,1,0,1,0,1,0,1,0,1
200500024520,5,4,3,1200,1,1,1,1,4857500,216600,3,3,2,0,1,1,6,50,1,0,1,0,1,0,1,0,1
200500024521,5,4,30,2100,2,1,1,6,4903200,453100,1,3,2,0,1,1,15,70,1,0,3,0,2,0,1,0,1
200500024534,5,4,17,400,3,1,1,6,4247700,286300,1,1,3,0,2,1,30,105,1,2,1,0,0,0,0,1,1
200500024537,5,4,28,730,1,1,1,3,4524100,584100,1,0,2,0,1,1,55,115,1,0,1,0,1,0,0,1,1
200500024539,5,4,26,2030,1,1,1,2,4351700,546700,1,3,2,0,0,1,0,0,1,3,1,0,1,0,0,1,1
200500024545,5,4,23,2000,1,1,1,1,4863900,249800,3,3,0,1,0,4,36,95,0,0,0,0,1,0,0,1,1
200500024546,5,4,12,430,3,1,1,6,4465400,-83600,1,3,2,0,1,1,200,70,1,0,0,0,0,0,0,1,1
200500024551,5,4,23,200,3,1,1,6,4218400,861600,3,2,0,0,1,1,0,62,1,0,3,0,0,0,1,0,1
200500024552,5,4,6,630,1,1,1,3,4522700,579400,2,2,2,1,2,1,0,70,1,0,1,0,1,0,0,1,1
200500024557,5,4,15,1200,1,1,4,5,4853300,-290200,2,3,4,0,1,1,35,70,2,0,1,0,0,0,3,4,1
200500024558,5,4,11,1515,1,1,2,7,4172700,940500,2,2,2,0,2,2,0,72,8,0,1,0,0,0,1,0,1
200500024559,5,4,18,845,1,1,1,3,4177600,940100,2,2,2,0,0,3,0,68,1,2,1,0,0,0,0,4,1
200500024563,5,4,26,1130,1,1,1,6,4591200,523800,1,0,2,0,1,1,20,70,1,0,1,0,0,0,0,2,1
200500024564,5,4,30,2030,2,1,1,2,4582500,499500,1,0,0,0,1,0,25,70,1,0,0,0,4,0,0,1,1
200500024565,5,4,1,930,3,1,8,1,4549900,428400,3,0,2,0,2,1,0,74,2,0,1,0,0,0,0,2,1
200500024566,5,4,15,30,5,1,1,3,4550200,416700,3,2,2,0,1,1,0,85,1,0,1,0,1,0,0,1,1
200500024570,5,4,3,2100,2,1,1,7,4920000,417000,3,2,2,0,1,2,0,59,1,0,1,0,0,0,1,0,1
200500024571,5,4,8,1900,1,1,2,1,4912900,424000,2,2,0,0,1,1,0,72,2,0,1,0,2,0,0,1,1
200500024572,5,4,29,1845,1,1,1,1,4919900,405300,3,2,2,0,1,1,0,65,1,0,1,0,0,0,1,2,1
200500024573,5,4,30,1230,1,2,1,3,4907900,417700,3,2,2,0,1,1,0,120,1,5,1,0,1,0,0,1,1
200500024574,5,4,13,1900,1,1,8,6,4840800,-291200,9,2,1,0,0,1,0,70,2,0,0,0,1,1,0,0,1
200500024577,5,4,19,2330,5,1,1,2,5072500,217000,1,3,0,0,0,1,10,31,1,7,1,0,2,0,2,5,1
200500024578,5,4,15,1615,1,1,1,1,4354000,135000,4,2,0,1,1,1,0,65,1,0,1,3,1,0,1,0,1
200500024582,5,4,18,1215,1,1,1,3,4538900,478300,4,2,2,0,1,2,0,0,1,5,1,0,1,0,1,0,1
200500024584,5,4,24,1415,1,1,1,7,4277000,173000,2,2,2,0,2,0,0,72,1,0,3,0,1,0,1,0,1
200500024585,5,4,6,1600,1,1,1,7,4752600,-277200,3,2,4,0,1,1,0,145,1,0,1,0,0,0,0,1,1
200500024586,5,4,17,1800,1,1,2,1,4752700,-273600,3,2,0,0,1,1,0,72,2,0,1,0,1,0,1,2,1
200500024592,5,4,9,515,3,1,1,7,4849000,-263700,3,0,2,0,1,3,0,70,1,0,4,0,0,0,3,0,1
200500024596,5,4,4,1530,1,1,1,3,4361600,505000,3,2,2,0,0,1,0,70,1,0,1,0,1,1,0,0,1
200500024604,5,4,14,1700,1,6,1,2,4854100,768400,3,2,2,0,1,1,40,84,1,0,1,0,1,0,0,1,1
200500024605,5,4,1,1600,1,1,1,1,4865200,774900,9,0,0,0,1,1,0,50,1,0,1,0,1,0,0,1,1
200500024606,5,4,27,1115,1,1,1,6,4864900,772500,3,3,2,0,1,1,0,0,1,0,3,0,1,0,0,1,1
200500024608,5,4,22,1330,1,1,1,6,4311800,32100,1,1,2,0,2,1,20,92,1,0,1,0,2,0,1,0,1
200500024612,5,4,23,1330,1,1,1,6,4640000,271000,1,0,0,0,1,1,0,0,1,0,1,0,0,0,1,0,1
200500024615,5,4,8,1030,1,1,2,3,4361100,549600,2,2,2,0,2,2,0,70,2,3,1,0,2,0,0,1,1
200500024616,5,4,28,1600,1,2,1,1,4367000,544500,3,2,2,2,1,1,0,70,1,0,1,0,1,0,0,1,1
200500024617,5,4,30,1530,1,1,1,7,4362100,546500,3,2,2,0,2,3,0,0,1,0,3,0,0,0,0,1,1
200500024618,5,4,20,915,1,1,1,7,4808400,-163400,3,3,4,0,1,1,10,250,2,0,1,0,0,0,1,0,1
200500024622,5,4,29,1615,3,1,2,7,4897100,428300,1,3,0,0,1,1,0,30,2,2,1,0,0,0,1,0,1
200500024623,5,4,18,900,1,1,1,7,4854100,280100,1,3,0,0,1,1,10,135,1,0,3,0,0,0,1,0,1
200500024626,5,4,20,1745,1,1,1,6,4366800,525200,2,2,0,0,1,1,0,0,1,0,1,0,0,0,0,1,1
200500024630,5,4,2,2300,3,1,1,6,4607000,650000,2,2,2,0,1,1,75,72,1,0,3,0,0,0,1,0,1
200500024631,5,4,4,430,3,1,1,6,4616000,647000,3,2,2,0,2,4,0,65,1,0,3,0,0,0,0,1,1
200500024635,5,4,30,1715,1,1,1,3,4672400,159800,1,3,4,0,1,1,13,140,1,3,1,0,3,0,2,1,1
200500024638,5,4,2,945,1,1,1,5,4874000,201000,3,2,2,0,2,1,0,74,1,5,1,0,2,0,0,1,1
200500024639,5,4,5,1115,1,1,1,1,4873000,210000,3,2,0,0,0,3,0,90,1,0,1,0,1,0,0,1,1
200500024640,5,4,1,145,3,1,1,2,4469600,158700,1,3,2,0,1,1,12,72,1,0,1,0,1,0,1,0,1
200500024641,5,4,25,415,3,1,1,6,4449300,146800,1,3,0,0,0,1,0,72,2,0,3,0,0,0,1,2,1
200500024642,5,4,12,1915,1,3,1,3,4780200,724200,3,2,2,0,1,1,0,70,1,0,1,0,3,0,0,1,1
200500024644,5,4,7,1530,1,1,2,4,4887500,768600,2,2,1,0,1,1,0,81,2,0,1,0,3,0,0,1,1
200500024651,5,4,9,1715,1,1,1,6,4995000,135000,3,2,2,0,1,1,0,52,1,0,3,0,0,1,1,0,1