Num_Acc,an,mois,jour,hrmn,lum,int,atm,col,lat,long,catr,circ,nbv,vosp,prof,plan,lartpc,larrout,surf,infra,situ,env1,unscathed,killed,hospital,light,chance
200500024654,5,4,22,1900,1,1,1,6,4730500,185700,1,3,2,0,1,1,10,65,1,0,3,0,0,0,1,0,1
200500024661,5,5,27,1,5,1,1,1,5050800,289400,4,2,0,0,1,3,0,50,1,0,1,0,0,0,0,2,1
200500024663,5,5,9,900,5,1,1,6,5058000,311000,3,2,0,0,1,1,0,105,1,0,3,0,1,0,2,2,1
200500024664,5,5,19,800,1,1,1,7,5049100,301900,3,2,2,0,1,1,0,0,1,0,1,0,0,0,0,1,1
200500024665,5,5,4,1900,1,2,3,3,5097300,257200,3,2,2,0,1,1,0,63,2,0,1,0,1,0,1,0,1
200500024666,5,5,21,1415,1,2,1,3,5085100,233400,3,2,2,0,2,1,0,60,1,0,1,0,1,0,0,1,1
200500024667,5,5,31,1915,1,1,1,7,5088000,247500,3,2,2,0,1,1,0,65,1,0,3,0,0,0,0,1,1
200500024670,5,5,2,1715,1,1,1,3,5070300,277800,4,2,2,0,1,1,0,40,1,0,1,0,1,0,0,1,1
200500024671,5,5,12,1730,1,1,1,3,5082300,248600,3,2,2,0,0,3,0,0,1,0,1,0,1,0,0,1,1
200500024672,5,5,19,1945,1,2,1,5,5080900,259200,3,2,2,0,1,1,0,75,1,0,1,0,2,0,0,1,1
200500024673,5,5,21,100,5,1,2,1,5061200,325400,3,0,0,0,1,3,0,70,2,0,0,0,0,1,0,4,1
200500024674,5,5,15,1900,1,1,1,1,5031900,326300,3,2,0,0,1,1,0,55,1,0,1,0,0,0,0,2,1
200500024675,5,5,26,1230,1,1,1,6,5028600,332100,3,2,0,0,1,1,0,0,1,0,1,0,0,0,1,1,1
200500024678,5,5,22,1815,1,1,1,6,5012700,341200,3,2,0,0,1,0,0,0,1,0,1,0,1,0,0,1,1
200500024685,5,5,27,1645,1,1,1,6,5024000,272000,3,2,2,0,1,1,0,58,1,0,1,0,1,0,1,0,1
200500024687,5,5,27,1230,1,1,1,6,5061900,267600,3,2,2,0,1,1,0,60,1,0,1,0,0,0,0,1,1
200500024689,5,5,28,1700,1,1,1,2,5068800,163100,2,3,2,0,1,1,0,0,1,0,1,0,1,0,1,0,1
200500024690,5,5,4,1800,1,2,2,1,5080000,193600,3,2,0,0,2,3,0,75,2,0,3,0,0,0,1,1,1
200500024693,5,5,25,1815,1,1,1,3,5041200,164700,3,4,0,0,1,0,0,0,1,5,1,0,1,0,1,1,1
200500024694,5,5,31,645,1,2,1,3,5036900,170500,3,2,2,0,2,1,0,55,1,0,1,0,0,0,2,1,1
200500024696,5,5,27,2330,5,9,1,3,5051800,163600,3,2,3,0,1,1,0,125,1,0,1,0,4,0,2,0,1
200500024697,5,5,28,845,2,1,1,7,5052700,217000,3,2,0,0,2,2,0,62,1,0,4,0,0,0,1,0,1
200500024698,5,5,10,1945,1,1,1,6,5056000,203000,3,2,2,0,1,2,0,60,1,0,1,0,0,0,1,0,1
200500024699,5,5,19,1100,1,2,1,1,5050500,162700,9,2,0,0,0,1,0,60,1,5,1,3,1,0,0,1,1
200500024700,5,5,16,430,3,1,1,3,5080100,212900,2,2,2,0,1,1,0,70,1,5,1,0,2,0,0,2,1
200500024701,5,5,1,1700,1,1,1,1,5087000,215000,4,2,1,0,1,1,0,36,1,0,1,0,1,0,1,0,1
200500024702,5,5,21,2015,1,1,1,6,5085000,207000,4,2,2,0,1,2,0,50,1,0,4,0,0,0,1,0,1
200500024704,5,5,1,100,3,1,1,6,5041000,244200,3,2,0,0,1,2,0,57,1,0,1,0,0,0,0,1,1
200500024706,5,5,19,1615,1,1,2,3,5030900,206400,3,2,2,0,2,3,0,60,2,0,1,0,2,0,0,1,1
200500024707,5,5,22,1,3,1,1,7,5023100,211800,3,2,2,0,1,3,0,66,1,0,1,0,0,1,0,2,1
200500024709,5,5,9,1230,1,1,1,3,5022200,257900,2,2,2,0,1,1,0,120,1,5,1,0,0,0,0,2,1
200500024710,5,5,15,1445,1,1,1,6,5030000,233900,3,2,2,0,1,1,0,45,1,0,3,0,0,0,0,1,1
200500024711,5,5,7,1915,1,1,1,1,5036400,207000,3,2,0,0,1,3,0,70,1,0,1,0,0,0,0,2,1
200500024712,5,5,12,730,1,9,1,3,5046800,214200,3,2,2,0,1,1,0,55,1,0,1,0,0,0,1,3,1
200500024713,5,5,23,1645,1,1,1,3,5040100,210600,3,2,2,0,1,1,0,62,1,0,1,0,1,0,0,1,1
200500024714,5,5,25,1530,1,1,1,1,4999700,252100,4,2,2,0,1,1,0,50,1,0,1,0,0,0,1,1,1
200500024715,5,5,27,1415,1,1,1,6,4991800,249000,4,2,2,0,1,1,0,89,1,0,1,0,1,0,1,0,1
200500024716,5,5,31,2200,2,1,1,3,4996400,250300,3,2,0,0,1,1,0,0,1,5,1,0,1,0,0,1,1
200500024717,5,5,7,1645,1,1,1,2,4981900,178800,3,2,2,0,1,1,0,60,1,0,1,0,3,0,0,2,1
200500024718,5,5,27,2245,5,1,1,6,4997000,180200,9,0,0,0,1,1,0,68,1,0,0,0,0,0,0,1,1
200500024720,5,5,23,1445,1,1,1,7,4979000,221000,5,0,1,0,1,1,0,25,6,0,0,0,0,0,1,0,1
200500024721,5,5,29,1800,1,2,2,5,4999000,236000,3,2,2,0,4,1,0,70,2,5,1,0,1,0,1,1,1
200500024723,5,5,7,2100,2,1,1,3,5007700,187100,3,2,2,0,1,1,0,69,1,0,1,0,1,0,1,0,1
200500024724,5,5,16,1800,1,1,1,3,5001800,199600,3,2,0,0,1,1,0,66,1,0,1,0,4,0,1,0,1
200500024725,5,5,25,1830,1,9,1,3,5006000,171000,3,2,0,0,2,3,0,61,1,0,1,0,1,0,2,0,1
200500024726,5,5,5,2245,5,1,1,6,5009200,147400,4,2,0,0,1,1,0,61,1,0,4,0,0,1,0,0,1
200500024727,5,5,7,300,5,1,1,6,5006600,159500,3,2,0,0,1,1,0,72,1,0,4,0,1,0,1,0,1
200500024728,5,5,10,1830,1,1,1,3,5009200,155200,3,2,2,0,1,1,0,0,1,0,1,0,3,0,1,0,1
200500024730,5,5,15,1530,1,1,7,3,5008000,143500,3,2,0,0,1,2,0,68,1,0,1,0,1,0,1,0,1
200500024731,5,5,15,1345,1,1,7,3,4999000,155500,3,2,0,0,2,1,0,58,1,0,1,0,1,0,0,1,1
200500024733,5,5,18,815,1,1,7,3,5027000,166000,4,2,2,0,1,1,50,0,1,0,1,0,1,0,0,1,1
200500024734,5,5,22,315,5,1,1,6,5022000,162000,3,1,1,0,1,1,0,75,1,0,1,0,0,0,1,1,1
200500024739,5,5,15,1730,1,1,1,6,5004000,245700,3,2,2,0,1,2,0,102,1,0,1,0,1,0,0,1,1
200500024740,5,5,20,630,2,1,8,6,5016600,235600,2,2,2,0,4,2,0,0,2,0,1,0,4,0,0,1,1
200500024741,5,5,15,930,1,1,1,3,5001600,209200,3,2,2,0,2,1,65,0,1,0,1,0,1,0,0,1,1
200500024743,5,5,2,1830,1,1,1,3,4978000,247000,3,2,0,0,1,1,0,60,1,5,1,0,2,0,1,0,1
200500024744,5,5,14,1430,1,1,3,1,4977500,233100,3,2,2,0,3,0,0,62,2,0,1,0,0,2,2,0,1
200500024745,5,5,17,1900,1,1,1,6,4971900,224900,2,2,2,0,3,1,0,75,1,0,3,0,0,1,0,0,1
200500024747,5,5,18,1245,1,1,1,3,4990600,300700,3,2,0,0,4,1,0,71,1,0,1,0,0,0,0,2,1
200500024749,5,5,2,1500,1,1,1,6,5004500,272500,3,2,0,0,0,2,0,65,1,0,3,0,0,0,1,0,1
200500024750,5,5,10,1530,1,1,1,6,5000700,264600,4,2,2,0,1,1,0,57,1,0,1,0,1,0,0,1,1
200500024751,5,5,14,1100,1,1,2,1,5001000,265200,9,2,0,0,1,1,0,55,2,5,1,0,1,0,0,1,1
200500024753,5,5,9,1800,1,1,1,2,4953100,366200,4,2,2,0,1,1,0,50,1,0,1,0,1,0,0,1,1
200500024759,5,5,16,1730,1,9,1,1,4951600,352500,3,2,2,0,0,1,0,54,1,0,1,0,1,0,1,0,1
200500024761,5,5,22,1830,1,1,1,7,4956200,373000,3,2,0,0,1,1,0,65,1,0,1,0,0,0,1,0,1
200500024762,5,5,13,2345,3,1,2,6,4912000,358000,3,2,1,0,2,1,0,60,2,0,3,0,0,0,2,0,1
200500024766,5,5,21,1,4,1,1,6,4989400,316200,3,2,2,0,1,1,0,40,0,0,3,0,1,0,1,0,1
200500024768,5,5,14,2330,3,1,2,6,4976000,331000,3,2,2,0,1,1,0,46,2,0,3,0,0,0,1,0,1
200500024769,5,5,21,2020,1,1,1,3,4937000,339000,4,2,0,0,1,1,0,54,1,0,1,0,1,0,1,0,1
200500024770,5,5,25,1945,1,1,1,7,4944000,332000,3,2,0,0,0,1,60,0,1,0,1,0,1,0,0,1,1
200500024771,5,5,5,1715,1,1,1,6,4925700,308900,9,2,2,0,1,2,0,50,1,0,4,0,0,0,1,0,1
200500024773,5,5,24,1215,1,1,1,7,4937000,310000,3,2,0,0,0,1,0,58,1,0,1,0,0,1,0,1,1
200500024776,5,5,28,1500,1,1,1,6,4998700,374900,3,2,0,0,0,0,0,0,0,0,0,0,1,0,0,1,1
200500024778,5,5,22,2145,1,1,1,6,4988000,401000,3,2,2,0,1,1,0,71,1,0,3,0,0,0,1,1,1
200500024779,5,5,28,1915,1,1,1,3,4990300,405600,3,2,0,0,1,1,0,78,1,0,1,0,1,0,0,1,1
200500024780,5,5,16,1500,1,1,1,1,4945700,218300,3,2,2,0,2,3,0,61,1,0,1,0,0,2,1,0,1
200500024781,5,5,25,1230,1,1,1,1,4943400,220300,3,2,2,0,1,1,0,54,1,0,1,0,1,0,1,2,1
200500024782,5,5,27,1815,1,1,1,1,4940500,203700,3,2,2,0,2,3,0,75,1,0,1,0,0,0,2,0,1
200500024783,5,5,6,1730,1,1,1,2,4944000,190200,2,0,0,0,1,1,0,96,1,5,1,0,1,0,1,0,1
200500024785,5,5,13,800,1,1,8,3,4927800,208300,3,2,2,0,1,1,0,70,1,0,1,0,1,0,0,1,1
200500024788,5,5,25,1800,1,1,1,1,4958700,180200,3,2,0,0,4,3,0,36,1,0,1,0,1,0,1,0,1
200500024789,5,5,26,1500,1,1,1,6,4958300,195400,3,2,2,0,2,1,0,72,1,0,1,0,1,0,1,0,1
200500024791,5,5,12,1730,1,1,1,6,4924400,213600,4,2,0,0,1,1,0,0,1,0,1,0,1,0,0,1,1
200500024792,5,5,30,800,1,1,2,1,4920100,220600,4,2,2,0,1,1,0,50,2,0,1,0,1,0,0,1,1
200500024795,5,5,1,2030,1,1,1,6,4958500,233700,3,2,2,0,1,1,0,68,1,0,3,0,0,0,2,0,1
200500024796,5,5,19,1115,2,1,2,1,4958400,224500,2,2,3,0,2,1,0,70,2,0,1,0,0,0,2,0,1
200500024797,5,5,21,1800,1,1,1,1,4967800,224100,9,2,2,0,0,0,0,0,1,0,0,0,1,1,0,0,1
200500024798,5,5,20,1315,1,1,1,6,4956200,210300,3,2,2,0,1,2,0,75,1,0,3,0,0,0,0,1,1
200500024799,5,5,29,1700,1,1,1,1,4935600,263500,3,2,2,0,1,0,0,0,1,5,1,0,2,0,0,1,1
200500024801,5,5,26,900,1,1,1,5,4949000,295900,3,2,0,0,1,1,0,59,0,0,1,0,0,0,1,2,1
200500024802,5,5,31,2230,5,1,1,6,4950900,289800,4,2,2,0,2,3,0,0,1,0,1,3,0,0,1,0,1
200500024804,5,5,15,1400,1,1,1,6,4934800,264200,4,2,0,0,1,1,0,40,1,0,1,0,0,1,0,0,1
200500024805,5,5,6,1545,1,1,1,7,4958000,311000,3,2,2,0,1,3,0,0,1,0,1,0,0,1,1,0,1
200500024811,5,5,2,1300,1,1,1,1,4919800,247100,2,2,2,0,1,1,0,70,1,0,1,0,1,0,0,1,1
200500024812,5,5,9,1230,1,1,1,1,4921000,244000,3,2,2,0,2,1,0,70,1,0,1,0,1,0,0,1,1
200500024813,5,5,20,1545,1,1,1,7,4915200,243300,9,2,0,0,1,1,0,60,1,0,1,0,0,0,1,0,1
200500024814,5,5,27,830,1,1,1,6,4919800,247800,3,2,2,0,0,1,0,100,1,0,1,0,1,0,0,1,1
200500024815,5,5,31,830,1,1,1,3,4921400,244400,3,2,0,0,1,1,0,75,1,0,1,0,1,0,0,1,1
200500024820,5,5,17,2000,1,1,1,1,4922500,271200,2,2,2,0,1,1,0,0,1,5,1,0,2,0,0,1,1
200500024821,5,5,25,830,1,1,1,3,4922600,272300,2,2,0,0,1,1,0,138,1,5,1,0,1,0,1,1,1
200500024824,5,5,1,30,3,1,1,7,4987400,101800,3,2,2,0,2,3,0,47,1,0,3,0,0,0,1,1,1
200500024825,5,5,25,1945,1,2,1,3,4987600,92500,3,2,2,0,1,1,0,68,1,0,1,0,2,1,0,0,1
200500024826,5,5,1,330,3,1,1,6,4936500,113100,2,2,3,0,1,1,0,100,1,0,1,0,0,0,0,1,1
200500024827,5,5,18,1145,1,1,1,5,4939100,123100,2,2,2,0,1,1,0,71,1,0,1,0,5,1,3,1,1
200500024828,5,5,27,1445,1,1,7,1,4940300,117300,3,2,0,0,1,1,0,70,1,0,1,0,1,0,1,0,1
200500024830,5,5,12,745,1,1,1,3,4952800,75000,3,3,2,0,2,1,20,100,1,0,1,0,1,0,0,1,1
200500024836,5,5,2,745,1,3,2,1,4960300,51500,9,2,0,0,1,1,0,44,2,5,1,0,1,0,0,1,1
200500024839,5,5,4,1600,1,1,2,3,4952600,26300,3,0,2,0,1,1,0,0,2,5,1,0,1,0,0,2,1
200500024840,5,5,9,1415,1,1,1,1,4955600,35100,3,2,2,0,3,1,0,56,1,0,1,0,2,0,1,0,1
200500024842,5,5,13,1200,1,2,2,3,4976400,157700,3,2,0,0,1,0,0,65,2,0,0,0,5,0,1,0,1
200500024844,5,5,16,1230,1,1,1,3,4976000,174000,3,2,0,0,1,1,0,60,1,0,1,0,1,0,0,1,1
200500024847,5,5,4,1015,1,1,1,6,4948400,173300,3,2,2,0,1,1,0,72,1,0,1,0,1,1,0,0,1
200500024849,5,5,30,915,1,2,1,1,4961800,76200,9,2,2,0,4,1,0,88,1,0,1,0,1,0,0,1,1
200500024850,5,5,7,1400,1,1,1,1,4954300,92800,3,2,0,0,1,0,0,60,1,0,1,0,1,0,0,1,1
200500024851,5,5,26,330,3,1,1,7,4984800,72800,3,3,0,0,1,1,0,60,1,0,1,0,0,0,0,1,1
200500024853,5,5,4,1900,1,1,1,2,4964000,81600,2,2,2,0,1,1,0,77,1,0,1,0,1,0,0,1,1
200500024854,5,5,21,1800,1,1,1,1,4961900,85100,3,2,2,0,1,2,0,64,1,0,1,0,3,0,0,1,1
200500024859,5,5,9,1245,1,1,1,1,4891400,128200,3,2,0,0,1,3,0,42,1,0,1,0,2,0,1,0,1
200500024860,5,5,4,1830,1,1,1,5,4896300,140900,3,2,0,0,1,1,0,64,1,0,1,0,2,0,0,1,1
200500024862,5,5,22,2330,3,1,1,6,4884400,136600,3,2,2,0,1,3,0,62,2,0,1,0,1,0,1,0,1
200500024864,5,5,23,1800,1,1,1,3,4886000,92000,4,2,1,0,1,3,0,49,1,0,1,0,2,0,1,0,1
200500024865,5,5,19,1700,1,1,2,3,4934100,130100,3,2,2,0,1,2,0,70,8,0,1,0,1,0,0,1,1
200500024867,5,5,22,1200,1,1,1,3,4910000,62000,3,2,2,0,0,2,0,0,1,0,1,0,1,0,0,1,1
200500024869,5,5,31,30,3,1,1,7,4920100,113000,3,2,0,0,0,3,7,7,1,0,1,0,0,0,2,1,1
200500024870,5,5,31,1830,1,1,1,6,4918500,112100,3,2,2,0,2,2,0,44,1,0,3,0,0,0,1,3,1
200500024880,5,5,27,1615,1,1,1,3,4828600,-179900,2,1,2,0,1,1,0,0,1,0,1,0,1,0,1,0,1
200500024881,5,5,22,1300,1,1,2,6,4827500,-169100,3,2,2,0,2,3,80,0,2,0,1,0,0,1,1,0,1
200500024882,5,5,12,1930,1,2,2,3,4822000,-170100,3,2,0,0,1,1,0,50,2,5,1,0,1,1,0,0,1
200500024886,5,5,27,1900,1,1,1,1,4816100,-221300,3,2,2,0,1,1,0,70,1,0,1,0,1,1,0,0,1
200500024890,5,5,29,1230,1,1,2,7,4805400,-192100,2,3,2,0,2,1,50,70,2,0,1,0,0,0,5,0,1
200500024895,5,5,19,1630,1,1,1,1,4840700,-132900,3,2,0,0,2,0,0,0,1,0,1,0,1,0,0,1,1
200500024899,5,5,8,1515,1,1,1,2,4780900,-159100,3,2,2,0,2,1,60,0,1,0,1,0,1,0,0,1,1
200500024900,5,5,11,1800,1,1,1,7,4788000,-168000,3,2,1,0,2,1,0,0,1,0,1,0,0,0,0,2,1
200500024901,5,5,19,1200,1,1,2,1,4786800,-174800,3,2,0,0,1,0,0,55,1,0,1,0,1,0,0,1,1
200500024903,5,5,2,800,1,1,1,6,4795400,-197700,3,2,0,0,1,1,0,48,1,0,1,0,1,0,1,0,1
200500024904,5,5,6,1430,1,1,1,3,4785700,-184700,4,2,1,0,1,0,0,0,1,0,1,0,0,1,0,1,1
200500024906,5,5,31,1345,1,1,1,1,4802300,-179100,3,2,0,0,1,1,0,73,1,0,1,0,0,1,2,1,1
200500024911,5,5,16,2300,3,1,1,3,4841200,-172000,4,2,2,0,3,1,0,50,1,0,1,0,1,0,0,1,1
200500024912,5,5,27,1945,1,1,1,7,4841000,-177200,3,0,0,0,0,0,0,0,0,0,0,0,0,0,0,1,1
200500024913,5,5,6,1745,1,1,1,6,4862900,-214300,3,2,0,0,0,0,0,50,1,0,1,0,1,0,0,1,1
200500024914,5,5,15,1000,1,7,1,6,4862400,-213800,9,2,2,0,1,0,0,45,1,0,1,0,1,0,0,1,1
200500024926,5,5,10,1800,1,6,1,3,4818100,-275600,4,1,0,0,0,2,0,0,1,0,1,0,1,0,1,0,1
200500024929,5,5,7,1230,1,1,1,3,4863600,-225800,3,2,2,0,2,1,0,50,1,5,1,0,1,0,1,0,1
200500024930,5,5,19,1430,1,1,1,6,4852600,-223100,3,0,0,0,2,1,0,60,1,0,1,0,1,0,1,0,1
200500024931,5,5,29,1200,1,1,2,6,4856700,-206100,3,2,2,0,1,1,0,60,2,0,1,0,0,0,2,0,1
200500024932,5,5,25,1530,1,1,1,2,4872400,-321100,3,2,0,0,1,1,0,0,1,0,1,0,2,0,1,0,1
200500024935,5,5,15,1700,1,1,1,3,4877100,-327700,3,2,2,0,1,1,0,70,1,0,1,0,2,1,0,2,1
200500024936,5,5,3,1845,1,9,1,1,4803900,-424500,3,2,2,0,1,1,0,106,1,5,1,0,2,0,0,2,1
200500024938,5,5,27,930,1,1,1,3,4802900,-422600,3,2,2,0,1,1,0,43,1,0,1,0,1,1,0,0,1
200500024939,5,5,30,1415,1,1,1,6,4801900,-453800,3,2,2,0,2,3,0,60,1,0,1,0,0,0,2,1,1
200500024941,5,5,13,1345,1,1,1,6,4809600,-432700,9,2,0,0,3,1,0,0,1,5,1,0,1,0,1,0,1
200500024942,5,5,24,1230,1,1,1,3,4804500,-425500,3,2,2,0,1,1,0,75,1,0,1,0,1,0,0,1,1
200500024944,5,5,20,2330,3,1,1,2,4845300,-438900,2,3,4,0,1,1,20,195,2,0,1,0,2,0,0,1,1
200500024946,5,5,20,430,3,1,3,1,4850400,-464700,3,2,0,0,1,2,0,70,2,0,1,0,0,0,1,1,1
200500024947,5,5,26,1300,1,1,1,1,4846000,-462500,3,2,2,0,1,2,0,65,1,0,1,0,0,1,0,1,1
200500024948,5,5,17,1915,1,1,1,7,4817000,-401200,3,2,0,0,1,3,0,68,1,0,1,0,0,0,1,0,1
200500024949,5,5,24,1400,1,6,1,1,4810600,-400300,9,2,0,0,1,0,0,80,1,5,1,0,1,0,1,0,1
200500024956,5,5,20,1845,1,1,1,3,4868900,-398400,9,2,0,0,1,1,0,0,1,0,1,0,1,0,1,0,1
200500024957,5,5,29,2245,5,2,1,3,4865700,-417200,3,2,2,0,1,1,0,70,1,0,0,0,1,0,1,0,1
200500024959,5,5,9,1600,1,1,1,1,4761800,-291600,3,2,2,0,1,3,50,50,1,0,1,0,1,0,1,0,1
200500024961,5,5,19,1015,1,1,2,3,4777700,-337100,2,3,2,0,0,0,0,0,0,0,0,0,2,0,0,1,1
200500024963,5,5,19,1730,1,1,2,5,4778200,-345500,4,2,2,0,1,1,0,65,2,0,1,0,1,0,1,1,1
200500024966,5,5,7,2145,5,1,1,1,4773700,-331500,3,3,0,0,1,1,5,150,1,0,1,0,0,2,1,0,1
200500024967,5,5,28,1830,1,1,1,3,4774100,-322700,3,2,2,0,1,1,0,64,1,0,1,0,0,0,0,3,1
200500024968,5,5,29,1930,1,2,1,3,4768800,-323100,4,2,0,0,1,1,0,46,1,5,0,0,1,0,0,3,1
200500024971,5,5,18,2230,5,1,1,5,4807300,-335900,3,2,0,0,0,1,0,0,1,0,1,0,1,0,2,0,1
200500024972,5,5,20,1700,1,1,1,6,4806700,-320700,9,0,0,0,1,0,0,0,0,0,0,0,1,0,1,0,1
200500024973,5,5,22,1630,1,1,1,3,4807400,-319600,3,2,2,0,1,2,0,88,1,5,1,0,1,0,0,2,1
200500024974,5,5,25,1845,1,3,1,3,4788100,-300600,3,2,2,0,1,1,0,71,1,0,1,0,1,0,0,1,1
200500024976,5,5,26,1015,1,1,1,6,4930200,-37900,3,2,0,0,2,3,0,50,1,0,1,0,0,0,1,0,1
200500024977,5,5,13,2215,5,1,1,3,4924200,-45000,3,2,2,0,0,2,0,55,1,0,1,0,1,0,0,1,1
200500024978,5,5,19,1800,1,1,1,1,4913800,-53300,3,2,0,0,1,1,0,102,1,0,1,0,0,0,0,3,1
200500024979,5,5,2,1900,1,1,1,3,4912700,-21200,3,2,2,0,2,3,0,61,1,2,1,0,1,0,1,0,1
200500024982,5,5,21,1345,1,1,1,2,4925800,-37400,9,2,2,0,1,1,0,45,1,0,1,0,1,0,0,1,1
200500024983,5,5,25,1730,1,6,1,2,4923000,-37000,3,0,2,0,1,2,20,60,1,5,1,0,1,0,1,0,1
200500024984,5,5,2,615,2,1,8,1,4921200,-27600,3,2,2,0,1,3,11,75,2,0,1,0,1,0,0,1,1
200500024985,5,5,3,1100,1,1,1,7,4929000,-14100,3,2,0,0,1,1,0,60,1,0,1,0,0,0,1,0,1
200500024986,5,5,28,1145,1,9,1,2,4918300,-18900,2,2,2,0,1,1,0,100,1,0,1,0,5,0,0,1,1
200500024987,5,5,8,945,1,1,1,6,4920800,-79300,3,2,0,0,4,4,0,49,1,0,0,0,1,1,0,0,1
200500024988,5,5,14,30,3,1,1,6,4923400,-83100,4,2,2,0,1,1,0,31,1,0,0,0,0,1,0,0,1
200500024989,5,5,29,15,5,1,1,7,4923100,-77300,3,2,2,0,0,3,0,70,1,0,0,0,3,0,1,0,1
200500024991,5,5,1,1200,1,1,1,1,4898800,-55600,3,2,2,0,2,3,0,60,1,0,1,0,1,1,0,0,1
200500024993,5,5,7,945,1,1,1,1,4908600,1700,3,2,2,0,1,1,0,0,1,0,1,0,2,0,0,2,1
200500024995,5,5,25,2215,4,1,1,3,4902600,-4700,3,2,2,0,0,1,0,65,1,0,1,0,1,0,2,0,1
200500024997,5,5,21,1600,1,2,1,3,4914800,37300,2,4,3,0,0,1,0,114,1,0,1,0,1,0,1,1,1
200500025006,5,5,2,1845,1,1,1,3,4869500,-136400,3,2,2,0,2,1,0,0,1,0,1,0,1,0,1,0,1
200500025007,5,5,6,1115,1,1,1,6,4869800,-137400,3,2,0,0,1,1,0,75,1,0,1,0,1,0,0,1,1
200500025008,5,5,31,1300,1,1,1,6,4868400,-130300,3,2,2,0,1,1,0,60,1,0,3,0,0,0,1,0,1
200500025009,5,5,8,145,4,1,1,3,4880700,-139500,3,2,2,0,1,1,0,70,1,0,1,0,7,0,0,2,1
200500025010,5,5,26,315,3,1,1,6,4884100,-149700,3,2,2,0,1,1,0,47,1,2,3,0,0,0,1,0,1
200500025013,5,5,5,1500,1,1,1,3,4952200,-181700,3,2,0,0,2,4,0,60,1,0,1,0,1,0,2,0,1
200500025021,5,5,28,1415,1,2,1,3,4904000,-129800,3,2,0,0,1,1,0,66,1,0,1,0,1,0,0,1,1
200500025022,5,5,1,1830,1,2,1,3,4892400,-152000,3,2,25,0,1,1,0,57,1,1,1,0,2,0,2,0,1
200500025024,5,5,5,2030,1,1,7,1,4899800,-141800,3,2,2,0,2,1,70,70,1,0,1,0,1,0,1,1,1
200500025026,5,5,8,1145,1,2,1,3,4858500,-77900,3,2,2,0,1,1,0,50,1,0,1,0,2,0,1,1,1
200500025027,5,5,8,1500,1,1,1,2,4859000,-112900,2,2,0,0,2,1,0,77,1,0,1,0,4,0,0,1,1
200500025028,5,5,14,1245,1,2,1,3,4861800,-113000,3,2,2,0,1,1,0,68,1,5,1,0,1,0,1,0,1
200500025033,5,5,22,500,3,1,1,2,4854700,36500,4,2,0,0,1,1,0,62,1,0,1,0,2,0,0,1,1
200500025036,5,5,29,1400,1,1,3,3,4880100,800,3,0,2,0,0,1,0,80,2,0,1,0,1,0,1,2,1
200500025037,5,5,14,330,3,1,2,7,4871500,-15000,3,2,0,0,3,2,0,0,2,0,3,0,0,0,0,4,1
200500025038,5,5,20,1100,1,1,1,1,4886400,45700,3,2,2,0,1,1,0,60,1,0,1,0,2,0,0,1,1
200500025039,5,5,6,2015,1,1,1,1,4859000,-62800,3,0,0,0,0,0,0,0,1,0,1,0,4,0,0,1,1
200500025040,5,5,15,145,5,1,1,6,4850000,-62500,3,2,0,0,1,1,0,65,1,0,1,0,0,0,1,1,1
200500025041,5,5,6,1530,1,1,1,1,4841300,65700,3,2,2,0,1,1,0,80,1,0,1,0,1,0,1,0,1
200500025042,5,5,26,2300,3,1,1,4,4878800,54400,3,2,0,0,1,1,0,0,1,0,1,0,2,0,0,1,1
200500025051,5,5,29,1245,1,3,8,3,4752400,-146100,4,2,0,0,1,1,49,0,1,0,1,0,1,0,1,0,1
200500025052,5,5,2,1900,2,6,7,6,4771500,-137200,3,2,2,0,1,1,30,60,1,2,1,0,1,1,0,0,1
200500025054,5,5,11,1115,1,1,1,6,4771800,-137800,9,2,1,1,1,1,0,91,1,0,1,0,1,0,0,1,1
200500025056,5,5,23,1830,1,1,1,1,4760400,-176100,4,2,2,0,2,3,0,43,1,0,1,0,9,0,1,1,1
200500025057,5,5,28,2145,1,1,1,6,4747400,-174600,4,2,0,0,1,1,0,55,1,0,3,0,0,1,0,0,1
200500025058,5,5,8,1130,1,9,1,3,4745400,-164300,4,0,1,0,0,0,0,0,1,0,1,0,0,0,0,2,1
200500025059,5,5,23,1445,1,2,1,3,4759700,-158900,2,2,2,0,1,1,0,105,1,5,1,0,0,1,1,2,1
200500025060,5,5,18,430,3,1,1,6,4746200,-151400,3,2,2,0,1,3,0,60,9,0,1,0,0,0,0,1,1
200500025061,5,5,7,730,1,1,8,6,4714800,-166900,4,2,2,0,1,2,0,0,1,0,3,0,0,0,0,1,1
200500025062,5,5,21,1930,1,2,1,3,4719300,-171200,4,2,1,0,1,1,0,46,1,0,1,0,1,1,1,5,1
200500025063,5,5,24,1500,1,1,1,1,4712800,-159900,3,2,0,0,1,1,0,63,1,0,1,0,1,0,1,0,1
200500025064,5,5,28,1515,1,2,1,3,4717000,-167200,4,2,2,0,1,1,0,65,1,0,1,0,1,0,0,1,1
200500025065,5,5,5,1915,1,4,1,3,4705000,-195400,3,2,2,0,4,1,0,60,1,4,1,0,1,0,0,1,1
200500025067,5,5,23,1030,1,1,1,1,4706200,-193700,3,2,0,0,1,3,0,70,2,0,1,0,1,3,0,0,1
200500025073,5,5,29,945,1,1,1,5,4708300,-179900,3,2,2,0,1,2,70,0,2,0,1,0,7,0,0,1,1