Num_Acc,an,mois,jour,hrmn,lum,int,atm,col,lat,long,catr,circ,nbv,vosp,prof,plan,lartpc,larrout,surf,infra,situ,env1,unscathed,killed,hospital,light,chance
200500025074,5,5,31,1930,1,1,1,1,4705600,-176700,3,2,2,0,1,1,0,56,1,0,1,0,0,0,1,1,1
200500025080,5,5,14,2130,5,9,1,7,4735700,-218000,4,2,0,0,1,2,0,0,1,0,1,0,0,0,1,0,1
200500025081,5,5,12,1715,1,1,3,3,4744600,-210800,3,2,0,0,1,2,86,60,2,5,1,0,1,1,0,0,1
200500025085,5,5,1,130,3,1,1,6,4728800,-180500,3,2,2,0,1,2,0,62,1,0,3,0,0,1,0,1,1
200500025086,5,5,21,2115,1,1,1,2,4728400,-172400,3,3,2,0,1,1,0,70,1,0,1,0,1,0,0,1,1
200500025090,5,5,26,830,1,1,1,6,4753400,-60400,9,2,0,0,1,1,5,55,1,6,1,0,1,0,1,0,1
200500025091,5,5,4,1900,1,1,1,4,4747500,-30600,2,2,2,0,0,1,0,70,1,0,0,0,2,0,2,0,1
200500025092,5,5,16,1515,1,1,1,1,4738200,-44100,3,2,2,0,1,0,0,42,9,0,1,0,0,1,1,1,1
200500025093,5,5,29,1545,1,1,3,6,4734900,-43800,4,2,2,0,1,1,0,50,2,0,1,0,1,0,1,0,1
200500025095,5,5,20,915,1,1,1,5,4741800,-91500,2,3,4,0,3,1,20,100,1,5,1,0,2,0,0,2,1
200500025097,5,5,24,1830,1,1,1,3,4742800,-69800,4,2,0,0,1,1,0,51,1,0,1,0,1,0,1,0,1
200500025098,5,5,29,1245,1,3,1,1,4742800,-76300,3,2,2,2,2,1,0,60,1,5,3,0,1,0,0,2,1
200500025099,5,5,2,1730,1,1,1,6,4758300,-34400,3,2,0,0,1,1,0,0,1,0,1,0,4,0,1,0,1
200500025100,5,5,14,1200,1,1,1,7,4767500,-24400,4,2,2,0,1,1,40,0,1,0,1,0,0,0,0,1,1
200500025102,5,5,28,1915,1,1,1,7,4753700,-21900,3,0,2,0,1,2,0,54,1,0,0,0,0,0,0,1,1
200500025103,5,5,24,1915,1,1,1,2,4721000,-95000,3,2,0,0,3,3,15,137,1,5,1,0,1,0,1,0,1
200500025104,5,5,24,1945,1,1,1,1,4718000,-100000,3,2,0,0,1,1,0,64,0,0,1,0,1,1,0,0,1
200500025107,5,5,22,1730,1,1,1,2,4714200,-91700,3,2,2,0,1,1,0,60,1,0,1,0,1,0,0,1,1
200500025108,5,5,19,1830,1,1,1,6,4726500,-104500,4,2,0,0,1,1,0,56,1,0,1,0,1,0,0,1,1
200500025110,5,5,17,1745,1,1,1,2,4746900,4100,3,2,2,0,1,1,0,56,1,0,1,0,1,0,0,2,1
200500025111,5,5,22,1130,1,1,1,1,4747200,1600,3,2,0,0,1,0,0,0,1,0,1,0,1,0,0,1,1
200500025112,5,5,24,1800,1,1,1,5,4757500,-14400,3,2,2,0,1,1,0,55,1,0,1,0,2,0,1,0,1
200500025113,5,5,22,1800,1,1,1,6,4722300,-27700,3,2,2,0,1,1,0,82,1,0,1,0,0,0,0,1,1
200500025114,5,5,23,1100,1,1,1,3,4715600,-52600,3,2,0,0,1,2,0,76,1,0,1,0,1,0,0,1,1
200500025115,5,5,1,2015,1,1,1,7,4737000,-2000,4,2,0,0,1,2,37,0,1,0,3,0,0,1,0,0,1
200500025116,5,5,3,1845,1,1,1,1,4732500,-1500,3,2,3,0,1,1,0,121,1,5,1,0,1,0,0,1,1
200500025117,5,5,6,2045,1,1,1,2,4715200,-15100,2,2,2,0,1,1,0,70,1,0,1,0,2,0,1,0,1
200500025118,5,5,25,1600,1,9,1,5,4713400,-15600,4,2,2,0,2,2,0,0,1,0,1,0,1,0,0,3,1
200500025119,5,5,27,1700,1,1,1,1,4771000,-99000,3,2,0,0,1,1,0,0,1,0,1,0,1,0,0,1,1
200500025120,5,5,28,2245,3,1,1,6,4769900,-90600,3,2,0,0,1,1,0,66,1,0,1,0,1,0,0,1,1
200500025121,5,5,3,815,1,1,1,1,4751600,-94400,3,2,2,0,1,1,0,47,1,0,1,0,1,0,1,0,1
200500025122,5,5,9,2000,1,1,7,7,4747000,-89000,3,2,0,0,1,3,0,45,1,0,0,0,0,0,0,1,1
200500025124,5,5,16,1215,1,1,1,7,4764300,-41600,3,2,0,0,1,1,0,0,1,0,1,0,0,0,0,1,1
200500025125,5,5,19,1800,1,1,1,3,4763700,-58000,3,2,2,0,2,1,0,78,1,0,1,0,1,1,0,0,1
200500025128,5,5,7,1800,1,1,1,1,4815500,-37500,3,2,2,0,1,3,0,55,1,0,1,0,1,0,1,0,1
200500025129,5,5,28,1030,1,1,1,3,4816300,-39900,9,2,0,0,1,1,0,0,0,0,1,0,1,0,0,1,1
200500025130,5,5,17,1015,1,1,1,7,4791400,-106600,4,2,2,0,0,3,0,34,1,0,0,0,0,1,0,0,1
200500025131,5,5,6,1715,1,1,1,3,4840900,-8000,3,2,2,0,1,1,0,64,0,0,1,0,0,1,0,2,1
200500025135,5,5,25,1200,1,1,1,1,4792100,21100,4,0,2,0,1,1,0,0,9,0,1,0,1,0,1,0,1
200500025141,5,5,26,745,1,2,1,3,4815400,38800,3,2,2,0,1,1,0,68,1,0,1,0,1,0,0,1,1
200500025143,5,5,1,1030,1,1,1,1,4769000,-7000,4,1,1,0,1,1,0,79,1,0,1,0,1,0,1,0,1
200500025147,5,5,27,800,2,1,1,1,4772300,28300,4,2,2,0,1,2,42,71,1,0,1,0,8,0,1,0,1
200500025154,5,5,10,1615,1,2,1,1,4812200,70700,3,2,2,0,1,3,0,53,1,0,0,0,1,1,0,0,1
200500025157,5,5,21,1815,1,7,1,6,4820200,67000,6,0,0,0,1,0,0,0,1,0,0,0,1,0,1,0,1
200500025159,5,5,12,915,1,1,1,1,4660500,-140300,3,2,2,0,1,2,0,0,1,0,1,0,0,1,0,1,1
200500025163,5,5,14,1300,1,1,1,3,4691700,-124200,2,2,2,0,1,1,0,126,1,5,1,0,1,0,0,4,1
200500025166,5,5,31,1545,1,1,1,1,4701100,-128200,3,2,2,0,0,1,68,0,1,0,3,0,1,0,1,0,1
200500025167,5,5,23,1200,1,1,1,3,4672700,-143100,3,3,0,0,1,3,0,0,1,0,3,0,1,0,0,2,1
200500025168,5,5,16,130,3,1,1,1,4639000,-94900,3,2,2,0,1,1,0,60,1,0,1,0,0,1,3,1,1
200500025169,5,5,8,115,3,1,1,1,4649100,-104500,3,2,2,0,1,2,0,45,1,0,0,0,4,0,0,2,1
200500025173,5,5,23,745,2,1,1,6,4659900,-150500,3,0,1,0,0,3,28,58,2,0,1,0,0,0,0,1,1
200500025180,5,5,1,530,3,1,5,6,4689000,-210000,3,2,2,0,1,1,0,60,2,0,1,0,0,0,1,0,1
200500025185,5,5,12,1915,1,1,1,3,4647000,-161000,9,2,0,0,2,3,0,50,1,0,1,0,1,0,0,1,1
200500025186,5,5,19,2315,4,1,1,6,4644000,-162000,3,2,0,0,1,2,0,63,1,0,1,0,0,0,1,0,1
200500025187,5,5,29,1830,1,2,2,3,4654000,-140000,3,2,2,0,0,1,0,50,2,0,1,0,3,0,0,3,1
200500025188,5,5,28,1715,1,1,1,1,4458500,-88400,3,2,2,0,1,1,76,76,1,0,1,0,0,0,2,0,1
200500025190,5,5,9,415,5,1,1,6,4470300,-122900,3,2,0,0,2,2,0,66,1,0,3,0,0,1,0,0,1
200500025191,5,5,20,1200,1,1,1,7,4484300,-78200,4,0,2,0,0,0,0,30,0,0,0,0,0,0,0,1,1
200500025193,5,5,2,15,3,1,1,1,4511700,-55800,2,2,2,0,2,1,0,75,1,0,1,0,0,1,0,1,1
200500025194,5,5,6,1815,1,1,1,7,4531900,-58200,2,2,0,0,0,1,0,78,1,0,1,0,0,0,1,0,1
200500025195,5,5,22,1530,1,1,1,5,4529900,-57000,2,2,0,0,1,1,0,70,1,0,1,0,1,0,2,0,1
200500025196,5,5,22,430,3,1,1,7,4496400,-46300,2,2,0,0,1,1,0,60,1,2,1,0,0,0,0,2,1
200500025200,5,5,17,1130,1,1,1,3,4487500,-46800,3,2,2,0,1,1,0,55,1,0,1,0,2,0,1,0,1
200500025202,5,5,1,1645,1,1,1,1,4471100,-45700,3,2,0,0,1,0,0,60,1,0,1,0,1,0,1,0,1
200500025203,5,5,20,2015,1,1,7,1,4485500,-43500,3,2,2,0,1,1,0,62,1,0,1,0,1,0,0,1,1
200500025204,5,5,23,1330,1,1,1,6,4469200,-41600,2,2,2,0,1,1,0,75,1,0,3,0,0,0,1,0,1
200500025207,5,5,29,1845,1,2,1,3,4437800,-18000,3,2,1,0,1,1,0,65,1,0,0,0,0,1,1,1,1
200500025208,5,5,4,2015,1,1,1,1,4463400,8000,3,2,2,0,1,2,0,45,1,0,1,0,0,0,1,3,1
200500025209,5,5,29,1900,1,1,1,6,4463800,3800,4,0,0,0,2,3,62,0,1,0,1,0,1,0,0,2,1
200500025213,5,5,1,300,3,1,1,7,4525300,-107900,3,2,2,0,1,1,0,57,1,0,3,0,0,1,0,0,1
200500025214,5,5,17,715,1,1,1,2,4529700,-92700,2,2,2,0,1,3,0,70,1,5,1,0,2,0,1,0,1
200500025215,5,5,13,2315,3,1,1,6,4526900,-86600,4,2,0,0,0,0,0,43,0,0,0,0,0,0,1,1,1
200500025217,5,5,20,445,3,1,1,6,4551100,-109700,3,2,2,0,1,1,0,65,1,0,1,0,1,0,1,0,1
200500025219,5,5,24,2015,1,1,1,1,4492900,-38500,4,2,0,0,0,1,0,50,1,0,1,0,1,0,1,0,1
200500025222,5,5,18,1630,1,1,1,6,4477000,-11000,3,2,2,0,1,3,0,70,1,0,0,0,0,0,2,0,1
200500025223,5,5,29,2000,2,1,2,7,4505200,-12800,3,2,2,0,1,2,0,58,2,0,1,0,0,0,1,0,1
200500025224,5,5,6,1345,1,1,1,6,4499700,-20400,4,1,0,0,0,0,0,51,1,0,1,0,0,0,2,0,1
200500025225,5,5,17,230,3,1,1,6,4481000,7500,9,2,0,0,2,1,0,27,1,0,3,0,0,0,0,2,1
200500025226,5,5,23,1500,1,1,1,3,4484600,24000,3,2,0,0,1,1,0,76,1,0,1,0,1,0,0,2,1
200500025232,5,5,1,1,3,1,1,6,4499900,81800,3,2,0,0,1,4,0,61,1,0,3,0,0,0,1,0,1
200500025233,5,5,7,1415,1,1,1,6,4514700,82700,4,2,1,0,2,4,0,0,1,0,3,0,0,0,0,3,1
200500025237,5,5,13,1730,1,1,8,3,4505300,65400,2,2,2,0,2,1,0,100,2,0,1,0,3,0,1,0,1
200500025243,5,5,4,2245,3,1,1,1,4530500,87200,2,2,3,0,1,1,0,114,1,0,1,0,1,0,1,0,1
200500025244,5,5,20,1545,1,1,1,7,4564300,71700,3,2,2,0,2,2,0,62,1,0,1,0,0,0,0,1,1
200500025245,5,5,13,1915,1,1,2,3,4524900,44000,3,2,1,0,3,3,0,46,2,0,1,0,2,0,1,0,1
200500025246,5,5,21,630,2,1,1,6,4535100,36800,3,2,2,0,1,1,0,0,1,0,1,0,0,0,3,0,1
200500025247,5,5,10,1215,1,1,1,3,4501400,15900,6,2,0,0,1,1,0,70,1,0,1,0,1,0,0,1,1
200500025248,5,5,6,2130,2,1,1,3,4516000,900,3,2,0,0,0,1,0,101,1,0,1,0,1,0,0,1,1
200500025250,5,5,25,1645,1,1,1,1,4486800,104100,3,2,2,0,1,3,0,0,1,5,1,0,1,0,1,0,1
200500025252,5,5,12,1745,1,1,1,2,4383400,-46500,2,2,2,0,1,1,0,76,1,0,1,0,0,0,0,2,1
200500025253,5,5,18,1615,1,1,1,1,4377100,-42300,3,2,2,0,1,1,0,64,1,0,1,0,1,0,0,1,1
200500025259,5,5,12,1430,1,1,1,1,4354400,-130900,4,2,0,0,1,1,0,0,1,0,1,0,2,0,0,1,1
200500025260,5,5,14,745,1,9,8,5,4357300,-145400,3,2,2,0,1,1,0,82,1,0,0,0,2,1,0,0,1
200500025277,5,5,29,1715,1,1,8,6,4408000,69000,3,2,2,0,2,2,0,53,1,0,0,0,0,0,2,0,1
200500025279,5,5,21,1700,1,1,1,1,4434900,47800,3,2,2,0,0,0,0,47,1,0,1,0,1,0,0,1,1
200500025280,5,5,31,2200,5,1,1,6,4429500,34000,4,2,2,0,1,1,0,70,1,0,1,0,1,1,0,0,1
200500025282,5,5,3,2100,5,1,1,6,4438600,13300,4,2,0,0,1,1,0,52,1,0,1,0,0,0,0,1,1
200500025283,5,5,13,1730,1,1,1,3,4453200,11000,3,2,2,0,1,1,0,60,1,0,1,0,1,0,0,2,1
200500025284,5,5,18,830,1,1,1,6,4435600,15300,3,2,2,0,1,3,0,60,9,0,3,0,0,0,0,1,1
200500025285,5,5,27,1915,1,1,1,3,4436200,15800,4,2,0,0,1,0,0,50,1,0,1,0,1,0,1,0,1
200500025286,5,5,28,1845,1,3,1,1,4450100,6100,4,0,2,0,0,1,0,60,1,0,1,0,1,0,0,1,1
200500025287,5,5,31,1630,1,1,1,6,4450500,28000,4,2,2,0,1,3,0,50,1,0,3,0,0,0,0,1,1
200500025291,5,5,30,2115,3,1,1,6,4438200,18000,3,2,0,0,1,1,0,50,9,0,1,0,0,0,0,1,1
200500025292,5,5,31,1900,1,1,1,7,4436300,36000,4,2,0,0,2,1,0,40,1,0,1,0,0,0,0,2,1
200500025293,5,5,31,1615,2,1,1,6,4437700,31900,2,2,2,0,0,1,0,70,1,0,3,0,0,0,0,1,1
200500025300,5,5,6,1645,1,1,1,2,4440000,64000,3,2,2,0,1,1,0,70,1,0,1,0,1,0,1,0,1
200500025301,5,5,30,1500,1,9,1,3,4444600,62200,3,0,2,0,2,1,0,53,1,0,1,0,2,0,0,1,1
200500025302,5,5,1,645,1,1,1,6,4327000,-21000,2,2,0,0,0,1,0,0,1,0,3,0,0,0,1,0,1
200500025303,5,5,17,1400,1,3,3,3,4324000,-28000,3,2,2,0,1,1,0,69,2,0,1,0,1,0,0,1,1
200500025304,5,5,26,1930,1,1,1,3,4333700,-114300,3,3,2,0,1,3,0,61,1,0,1,0,1,0,0,1,1
200500025305,5,5,27,1215,1,1,1,3,4338600,-133300,3,2,2,0,1,1,0,80,1,5,1,3,1,0,1,0,1
200500025306,5,5,4,1415,1,1,8,1,4337200,-152500,3,2,2,0,2,2,0,52,2,0,1,0,1,0,1,0,1
200500025307,5,5,14,200,5,1,1,6,4341100,-156800,3,2,2,0,1,1,0,70,1,0,3,0,0,0,0,1,1
200500025310,5,5,24,2330,3,1,1,1,4324500,-87200,3,2,2,0,2,2,0,75,1,0,1,0,1,0,0,1,1
200500025311,5,5,15,2245,3,1,1,7,4307400,-141500,4,0,0,0,2,0,0,34,9,0,3,0,0,1,0,0,1
200500025312,5,5,14,2000,1,1,1,7,4331200,-100800,3,2,2,0,1,4,0,0,1,2,1,0,0,1,0,0,1
200500025313,5,5,26,1300,1,2,1,3,4335200,-97700,3,2,3,0,1,1,0,108,1,5,1,0,1,0,1,0,1
200500025314,5,5,8,2015,1,1,1,6,4319800,-60500,2,2,2,0,0,1,0,81,1,6,4,0,1,0,0,1,1
200500025316,5,5,17,1700,1,1,1,1,4349300,-77000,4,2,2,0,1,0,0,157,1,5,1,0,1,0,0,1,1
200500025317,5,5,28,1930,1,1,1,7,4352100,-78000,3,2,1,0,1,1,0,0,1,0,1,0,0,0,1,0,1
200500025326,5,5,6,1145,1,2,1,3,4705800,24500,3,2,2,0,1,1,0,49,1,0,1,0,1,0,1,0,1
200500025327,5,5,11,30,5,1,1,6,4700900,8200,3,2,0,0,1,2,80,60,1,0,4,0,0,0,1,0,1
200500025332,5,5,5,1845,1,1,1,6,4653300,64800,3,2,0,0,2,3,64,0,1,0,3,0,0,1,0,0,1
200500025333,5,5,25,1700,1,1,1,6,4653100,68800,3,2,2,0,1,2,0,42,1,0,0,0,0,0,0,1,1
200500025334,5,5,29,130,3,1,1,7,4657300,66600,2,2,2,0,4,2,0,78,1,0,3,0,1,0,0,1,1
200500025336,5,5,27,1845,1,1,1,3,4667800,82200,3,2,0,0,0,1,0,0,1,0,1,0,1,0,1,0,1
200500025339,5,5,1,100,5,1,1,7,4532800,7500,3,2,2,0,2,1,0,70,1,0,1,0,0,0,1,0,1
200500025341,5,5,27,1830,1,2,1,3,4548900,-20000,3,2,0,0,1,1,120,0,1,0,1,0,1,1,1,0,1
200500025345,5,5,31,1000,1,1,1,1,4602900,24200,3,2,2,0,1,1,0,61,1,0,1,0,1,1,0,0,1
200500025346,5,5,5,1830,1,1,1,3,4566100,8300,3,2,2,0,2,1,0,56,1,0,1,0,1,0,0,1,1
200500025347,5,5,7,2145,3,1,1,6,4566600,4900,4,2,0,0,2,1,0,42,1,0,3,0,0,0,0,1,1
200500025351,5,5,11,1545,1,1,1,1,4568400,50500,3,2,0,0,2,2,0,60,1,0,1,0,1,0,1,0,1
200500025354,5,5,12,745,1,1,2,3,4620000,-116600,3,2,2,0,1,1,0,52,2,0,1,0,1,0,1,0,1
200500025356,5,5,31,1730,1,2,1,3,4623300,-101900,2,2,2,0,1,1,0,70,1,0,1,0,1,0,1,0,1
200500025358,5,5,10,745,1,1,1,2,4543300,-46700,3,2,2,0,1,3,0,66,1,0,1,0,1,0,0,1,1
200500025361,5,5,18,1430,1,2,1,3,4525000,-40000,3,2,2,0,2,3,0,70,1,0,1,0,1,0,1,0,1
200500025362,5,5,25,2100,2,1,1,3,4532300,-47300,3,2,2,0,2,1,0,67,1,0,1,0,1,1,0,0,1
200500025363,5,5,9,1245,1,1,1,7,4510000,-15000,3,2,2,0,1,1,0,65,1,0,1,0,0,0,0,1,1
200500025364,5,5,30,930,1,1,1,6,4521100,-15800,3,2,2,0,4,1,0,0,1,5,1,0,0,0,0,2,1
200500025367,5,5,5,545,4,1,1,3,4596700,-124200,3,2,2,0,1,2,0,51,1,2,1,0,4,0,0,1,1
200500025368,5,5,8,600,2,1,1,6,4594700,-131500,3,2,2,0,1,1,0,0,1,0,1,0,0,1,0,0,1
200500025370,5,5,9,1500,1,1,1,7,4598300,-108200,4,3,2,0,1,1,0,0,9,0,1,0,0,0,1,0,1
200500025371,5,5,20,915,1,1,1,1,4593900,-86600,2,2,0,0,3,1,50,35,1,0,1,0,1,0,1,0,1
200500025374,5,5,3,2115,3,1,1,6,4577000,-68000,2,2,2,0,2,1,0,77,1,0,3,0,0,1,0,0,1
200500025375,5,5,4,930,1,1,2,6,4577200,-48100,3,2,0,0,1,1,25,60,2,0,0,0,1,0,0,1,1
200500025376,5,5,12,830,1,1,3,7,4577200,-47300,3,1,0,0,1,3,0,0,2,0,3,0,0,0,0,1,1
200500025377,5,5,15,1745,1,1,1,3,4583900,-69300,3,2,0,0,1,1,0,46,1,0,1,0,0,0,1,0,1
200500025378,5,5,20,2345,3,2,1,3,4573500,-71700,2,2,2,0,1,2,30,70,1,5,1,0,1,0,1,0,1
200500025379,5,5,21,1100,1,1,1,7,4577200,-71600,3,2,2,0,1,2,0,50,1,0,3,0,0,0,0,1,1
200500025380,5,5,3,200,1,1,1,1,4561000,-49000,3,2,2,0,1,3,0,66,1,0,1,0,1,0,0,1,1
200500025381,5,5,14,1800,1,1,1,3,4557500,-64700,3,0,2,0,0,1,0,66,1,0,1,0,2,0,0,1,1
200500025386,5,5,30,1530,1,1,1,6,4412400,504100,3,2,2,0,1,4,0,0,1,0,1,0,1,0,1,0,1
200500025387,5,5,2,100,3,1,1,1,4619200,-67700,2,2,0,0,1,1,0,120,1,0,1,0,1,0,1,1,1
200500025389,5,5,16,1330,1,1,1,3,4629200,-51000,2,2,2,0,1,1,0,74,1,0,1,0,1,0,1,0,1
200500025390,5,5,28,315,3,1,1,2,4628000,-45100,3,2,0,0,1,0,0,62,1,0,1,0,1,0,1,0,1
200500025391,5,5,29,600,2,1,1,7,4677500,-37300,3,2,0,0,1,3,0,54,1,0,3,0,0,0,0,1,1
200500025392,5,5,30,1515,1,1,1,2,4679600,-34400,2,2,2,0,2,1,0,72,1,0,1,0,0,1,0,1,1
200500025393,5,5,11,1015,1,1,1,1,4704900,-20000,3,2,2,0,1,0,0,60,1,0,1,0,1,0,1,0,1
200500025396,5,5,2,915,1,1,1,3,4624800,-23700,4,2,2,0,1,1,0,58,1,0,1,0,1,0,1,0,1
200500025397,5,5,11,1245,1,1,1,3,4658700,-23900,3,2,2,0,4,3,0,51,1,0,1,0,1,0,1,0,1
200500025399,5,5,22,1130,1,1,1,3,4669000,-47600,3,0,2,0,2,1,0,50,1,0,1,0,1,0,0,1,1
200500025400,5,5,10,1100,1,1,1,1,4586700,112600,2,2,2,0,1,4,0,75,1,0,1,0,0,0,0,2,1
200500025401,5,5,14,1815,1,2,1,3,4581200,109500,3,2,2,0,1,1,0,65,1,0,1,0,1,0,1,1,1
200500025403,5,5,30,1030,1,1,1,6,4586900,112400,2,2,2,0,1,1,0,74,1,0,3,0,0,0,1,0,1
200500025404,5,5,16,1930,1,2,1,1,4585200,144800,3,2,0,0,1,1,0,72,1,0,1,0,1,0,1,0,1
200500025405,5,5,8,1530,1,1,1,3,4566000,98300,2,2,0,0,1,1,0,78,1,0,1,0,2,0,0,1,1
200500025407,5,5,9,2130,3,1,1,6,4612900,137200,3,3,0,0,2,1,0,0,1,0,1,0,0,0,1,0,1
200500025409,5,5,10,1630,1,9,1,1,4574800,101400,3,2,2,0,1,1,0,68,1,0,1,0,1,2,2,0,1
200500025410,5,5,27,2015,2,1,1,6,4525600,178600,3,2,2,0,2,1,0,75,1,0,1,0,0,0,0,1,1
200500025411,5,5,20,30,3,1,1,6,4506300,199000,2,2,2,0,1,3,0,72,1,0,4,0,0,0,1,0,1
200500025412,5,5,28,515,3,1,1,6,4515800,161500,3,2,2,0,2,3,0,0,1,0,1,0,0,0,2,2,1
200500025413,5,5,20,1745,1,1,1,2,4524800,146500,3,2,1,0,1,3,0,68,1,0,1,0,2,0,0,1,1
200500025415,5,5,8,1200,1,1,1,3,4559400,198600,3,2,2,0,2,1,0,73,1,0,1,0,4,1,0,0,1
200500025416,5,5,14,1615,2,1,1,6,4623800,191100,3,2,2,0,2,2,0,74,1,0,3,0,0,0,1,0,1
200500025417,5,5,7,2130,3,1,1,6,4636300,183500,3,2,2,0,1,3,50,0,1,0,0,0,0,0,1,0,1
200500025418,5,5,20,1315,1,1,1,6,4640700,215400,3,2,2,0,3,0,0,42,9,0,1,0,0,0,1,0,1
200500025420,5,5,28,1700,1,1,1,6,4597400,259300,4,0,0,0,2,1,0,28,1,0,3,0,1,0,1,0,1
200500025422,5,5,6,2100,2,1,1,6,4616600,160700,3,2,0,0,1,4,0,50,1,0,3,0,2,0,1,0,1
200500025423,5,5,22,45,5,1,1,1,4350500,150900,3,2,2,0,2,2,0,70,1,0,1,0,3,0,1,0,1
200500025424,5,5,3,2000,1,1,1,1,4374900,160600,2,2,0,0,2,2,0,70,1,0,1,0,0,0,2,1,1
200500025425,5,5,29,700,1,1,1,1,4377200,140700,3,2,0,0,4,1,0,67,1,0,1,0,0,0,1,1,1
200500025430,5,5,10,1815,1,2,1,1,4352500,140700,4,2,2,0,0,1,0,60,1,5,1,0,1,0,1,0,1
200500025431,5,5,19,1745,1,1,1,4,4351900,136700,3,2,0,0,2,1,0,60,1,0,1,0,2,0,0,1,1
200500025432,5,5,28,1815,1,1,1,3,4353600,140400,3,1,0,0,0,1,0,35,1,0,1,0,1,0,0,1,1
200500025441,5,5,13,1700,1,1,1,7,4354000,112000,3,2,2,0,1,1,0,50,1,0,3,0,0,0,0,1,1
200500025443,5,5,29,1730,1,1,1,3,4317200,68100,3,2,2,0,1,1,0,40,0,0,1,0,1,0,0,1,1
200500025445,5,5,29,500,5,1,1,6,4280700,59700,3,2,0,0,0,2,0,69,1,0,3,0,0,0,1,0,1
200500025446,5,5,18,830,1,1,1,3,4329100,64900,3,2,2,0,2,1,0,100,1,0,1,0,1,0,1,0,1
200500025447,5,5,22,730,1,1,1,6,4323300,59000,3,2,2,0,1,1,0,60,2,0,3,0,0,0,1,0,1
200500025448,5,5,15,1445,1,1,1,1,4340100,170500,3,3,2,3,1,1,0,35,1,5,1,0,1,0,0,1,1
200500025449,5,5,17,1500,1,1,1,7,4355900,156900,4,2,0,0,1,2,0,44,1,0,3,0,0,0,1,0,1
200500025451,5,5,28,1815,1,9,1,6,4353400,176000,4,2,1,0,1,1,0,0,1,0,1,0,1,0,0,1,1
200500025456,5,5,10,930,1,1,1,6,4305100,163200,3,1,0,3,1,1,0,35,1,0,0,0,1,0,1,0,1
200500025458,5,5,14,315,5,1,3,6,4325000,167000,3,2,2,0,1,1,0,60,2,0,1,0,0,0,1,0,1
200500025460,5,5,22,2230,3,1,1,6,4309000,172000,3,2,1,0,1,2,0,65,1,0,1,0,0,0,1,0,1
200500025462,5,5,19,1215,1,1,1,1,4305600,188800,3,2,2,0,0,2,0,72,1,0,1,0,1,1,0,0,1
200500025463,5,5,24,1445,1,6,1,6,4299100,114400,3,1,1,0,1,0,0,60,1,0,1,0,1,0,1,0,1
200500025464,5,5,1,1730,1,9,1,3,4313100,117400,3,2,2,0,1,1,0,53,1,0,1,0,1,0,0,1,1
200500025467,5,5,10,1745,1,1,1,7,4455500,246700,3,2,2,0,2,1,0,75,1,0,0,0,0,0,1,0,1
200500025468,5,5,1,1500,1,1,1,7,4455200,270700,3,2,2,0,1,2,0,74,1,0,3,0,0,1,3,0,1
200500025469,5,5,1,1545,1,1,1,7,4459400,262800,3,2,2,0,1,4,0,61,1,0,3,0,1,0,1,0,1
200500025470,5,5,7,1630,1,1,1,6,4455300,267100,3,0,2,0,1,2,0,78,1,0,1,0,0,0,1,0,1
200500025471,5,5,18,1530,1,1,1,3,4420700,301700,3,2,2,0,4,1,20,40,0,0,1,0,1,0,2,0,1
200500025472,5,5,9,215,3,1,1,7,4388100,278200,3,2,2,0,1,1,0,78,1,0,1,0,0,0,1,0,1
200500025473,5,5,15,1415,1,1,1,2,4389900,319000,4,2,2,0,1,1,0,43,1,0,1,0,2,0,1,0,1
200500025476,5,5,13,1930,1,1,1,1,4427400,205300,3,2,0,0,2,3,0,60,1,0,1,0,1,0,1,0,1
200500025478,5,5,27,1700,1,1,1,7,4365400,88500,3,2,2,0,1,4,0,50,9,0,1,0,0,0,0,2,1
200500025479,5,5,28,1315,1,1,1,7,4378200,72300,3,2,2,0,0,4,0,50,1,0,0,0,0,0,0,1,1
200500025486,5,5,16,715,1,1,1,6,4399700,42800,3,2,2,0,2,2,0,60,2,0,3,0,0,0,0,1,1
200500025487,5,5,4,1315,1,1,1,7,4376900,-3100,2,2,2,0,1,1,0,66,1,0,4,0,0,0,0,1,1
200500025488,5,5,7,1445,1,2,1,5,4373800,-15800,3,2,2,0,4,1,0,67,1,0,1,0,3,0,1,1,1
200500025491,5,5,24,2000,1,1,1,2,4379400,25700,3,2,0,0,1,3,0,70,1,0,1,0,2,1,0,0,1
200500025495,5,5,1,1700,1,1,1,6,4334300,46700,3,2,2,0,1,1,0,60,1,0,3,0,0,0,2,0,1
200500025496,5,5,7,415,5,1,1,6,4351700,40700,2,2,2,0,1,1,0,0,1,0,3,0,0,0,0,1,1
200500025497,5,5,5,1230,1,1,8,7,4351300,20400,3,2,0,0,1,1,61,0,1,0,1,0,0,0,0,2,1
200500025498,5,5,28,2200,5,1,1,2,4340300,19000,2,2,2,0,1,1,0,74,1,0,1,0,1,0,0,1,1
200500025499,5,5,6,230,5,1,1,6,4366200,-8500,4,1,0,0,2,1,0,57,1,0,1,0,1,0,1,0,1
200500025500,5,5,7,1030,1,1,1,7,4364300,-10700,3,2,2,0,1,2,0,50,1,0,1,0,0,0,0,1,1
200500025501,5,5,11,845,1,1,1,3,4366000,-9200,4,2,2,0,1,1,0,50,1,0,1,3,2,0,1,0,1
200500025502,5,5,23,1845,1,1,1,1,4370700,-23600,2,1,1,0,1,1,0,65,1,0,1,0,1,0,0,1,1
200500025503,5,5,30,1830,1,1,1,6,4359500,7900,3,2,2,0,1,1,0,65,1,0,3,0,0,0,1,0,1