Num_Acc,an,mois,jour,hrmn,lum,int,atm,col,lat,long,catr,circ,nbv,vosp,prof,plan,lartpc,larrout,surf,infra,situ,env1,unscathed,killed,hospital,light,chance
200500025504,5,5,31,1400,1,1,1,1,4365300,13200,3,2,2,0,1,1,0,53,1,0,1,0,0,0,2,0,1
200500025507,5,5,27,745,1,1,1,6,4459900,111200,3,2,2,0,1,1,0,43,1,0,1,0,1,1,0,0,1
200500025508,5,5,27,1700,1,1,1,6,4450900,113900,3,2,2,0,1,1,0,57,1,0,1,0,1,1,1,0,1
200500025511,5,5,20,1300,1,1,1,2,4329700,11600,2,2,2,0,1,1,0,72,1,0,1,0,1,0,0,1,1
200500025514,5,5,20,1330,1,1,1,2,4297000,-8200,3,3,2,0,1,1,0,87,1,0,1,0,1,0,2,0,1
200500025519,5,5,8,1600,1,1,1,5,4411700,216800,3,2,2,0,1,1,0,63,1,0,1,0,1,1,1,0,1
200500025522,5,5,25,2215,3,1,1,1,4374400,216600,3,2,2,0,3,2,0,62,1,0,1,0,0,0,0,2,1
200500025523,5,5,29,530,4,1,1,2,4377900,207700,3,2,0,0,1,1,0,60,1,0,1,0,1,0,0,1,1
200500025524,5,5,26,845,1,1,1,1,4371400,270000,3,2,2,0,2,3,0,60,1,0,1,0,1,0,1,0,1
200500025525,5,5,15,845,1,1,1,6,4370400,181700,3,2,2,0,1,1,0,50,1,0,1,0,1,0,0,1,1
200500025526,5,5,27,1645,1,1,1,6,4376500,170700,3,2,2,0,1,1,0,68,1,0,3,0,0,0,1,0,1
200500025527,5,5,7,1515,1,1,1,1,4371100,225500,3,2,2,0,1,1,0,51,1,0,1,0,2,0,1,1,1
200500025529,5,5,2,1645,1,1,1,1,4405600,201800,3,2,2,0,2,3,0,60,1,0,1,0,1,0,1,0,1
200500025530,5,5,8,1745,1,1,1,1,4400300,169700,3,2,2,0,1,3,0,63,1,0,1,0,2,0,1,0,1
200500025531,5,5,2,1000,1,1,1,6,4387600,179300,3,2,2,0,0,1,0,50,1,0,3,0,0,1,0,0,1
200500025532,5,5,5,915,1,1,2,1,4349300,245900,2,2,0,0,1,1,0,75,2,0,1,0,0,0,1,3,1
200500025534,5,5,28,315,3,1,1,6,4411500,125200,3,2,2,0,1,1,0,62,1,0,3,0,0,1,0,0,1
200500025537,5,5,14,800,1,1,8,3,4424400,178400,3,2,1,0,2,2,0,99,2,0,1,0,2,0,1,1,1
200500025538,5,5,22,1200,1,2,2,3,4385300,95600,4,2,2,0,2,1,0,41,2,0,3,0,4,0,1,2,1
200500025539,5,5,9,1830,1,3,1,3,4384200,129200,2,2,0,0,1,1,0,107,1,5,1,0,0,0,0,2,1
200500025547,5,5,23,2330,3,1,1,6,4394400,124000,3,2,2,0,1,2,0,57,1,0,3,0,0,1,0,0,1
200500025548,5,5,29,1745,1,1,1,7,4419400,97000,3,2,0,0,1,2,54,0,1,0,3,0,0,0,1,0,1
200500025550,5,5,20,2100,5,1,1,1,4584900,482800,9,2,0,0,1,0,0,0,1,0,1,0,1,0,1,0,1
200500025554,5,5,15,1445,1,1,1,1,4565400,498500,3,2,2,0,1,1,0,0,1,0,1,0,1,0,0,1,1
200500025559,5,5,15,2315,3,1,1,1,4575200,456700,3,2,2,0,2,1,0,50,1,0,1,0,2,0,0,1,1
200500025563,5,5,28,1245,1,1,1,1,4565700,454200,4,0,2,0,1,1,0,48,1,0,1,0,1,0,0,1,1
200500025566,5,5,7,2000,2,1,2,6,4602700,466900,3,2,0,0,1,1,0,60,2,0,1,0,1,0,1,0,1
200500025571,5,5,11,1300,1,1,1,3,4620100,454600,3,2,2,0,2,3,0,62,1,0,1,0,1,0,0,1,1
200500025572,5,5,13,945,1,1,1,7,4622800,442700,3,2,0,0,1,1,0,0,1,0,2,0,0,0,1,0,1
200500025573,5,5,20,1815,1,1,1,1,4624700,467800,3,2,1,0,2,3,0,52,1,0,1,0,1,0,1,1,1
200500025574,5,5,30,1545,1,1,1,1,4626800,455300,4,2,1,0,1,3,0,36,1,0,1,0,1,0,0,3,1
200500025575,5,5,11,830,1,1,1,1,4605100,472200,2,2,0,0,1,1,130,110,1,0,1,0,0,0,0,2,1
200500025579,5,5,24,1645,1,1,1,3,4612300,467900,3,2,0,0,1,1,0,63,1,0,1,0,3,0,0,1,1
200500025583,5,5,5,1530,1,1,8,6,4592000,449100,3,3,2,0,1,3,0,77,1,0,3,0,0,1,0,0,1
200500025585,5,5,31,1245,1,9,1,1,4620000,517000,3,2,2,3,1,1,0,105,1,0,1,0,0,0,2,0,1
200500025588,5,5,8,2245,5,1,1,6,4629100,516100,3,2,2,0,1,1,6,60,1,5,1,0,0,0,0,1,1
200500025589,5,5,14,345,3,1,3,7,4634000,507000,3,2,2,0,1,2,0,65,2,0,3,0,0,1,0,0,1
200500025590,5,5,13,1100,1,1,1,7,4646000,510000,4,2,1,0,1,1,0,30,1,0,1,0,0,1,0,0,1
200500025591,5,5,18,1900,1,1,1,3,4638100,518000,3,2,0,0,1,1,0,64,1,5,1,0,1,0,1,0,1
200500025593,5,5,20,900,1,1,1,2,4631200,523800,3,2,0,0,3,1,0,0,1,0,0,0,1,0,0,1,1
200500025595,5,5,26,300,3,1,1,1,4605600,538400,2,2,2,0,1,1,0,76,1,0,1,0,0,1,0,1,1
200500025601,5,5,8,1745,1,1,1,6,4593000,527900,4,2,2,0,1,1,70,0,1,0,1,0,0,0,0,1,1
200500025602,5,5,13,2200,5,1,1,1,4578000,520700,3,2,2,0,1,1,0,72,1,0,1,0,2,0,0,1,1
200500025603,5,5,17,1645,1,6,1,6,4585500,525400,3,2,2,0,1,1,30,90,8,0,1,0,0,0,0,1,1
200500025604,5,5,18,2000,2,1,7,1,4589400,526700,3,2,2,0,1,3,0,56,1,0,1,0,0,0,0,2,1
200500025605,5,5,5,1515,1,1,2,1,4615900,565700,3,2,2,0,2,4,0,59,2,0,1,0,0,0,0,2,1
200500025606,5,5,8,1600,1,1,1,6,4615700,560600,2,1,1,0,1,1,64,0,1,0,1,0,1,0,0,1,1
200500025607,5,5,10,1715,1,1,1,6,4617200,557500,2,2,3,0,1,1,0,0,1,0,1,0,1,0,0,1,1
200500025613,5,5,10,1015,1,1,1,3,4629000,608600,2,2,0,0,1,2,0,0,1,5,1,0,1,0,0,1,1
200500025617,5,5,18,1300,1,1,1,2,4583300,500400,9,2,2,0,1,3,0,120,1,0,1,0,1,0,0,2,1
200500025620,5,5,7,845,1,1,1,7,4614000,480000,3,2,1,0,1,1,0,0,1,0,0,0,0,0,1,0,1
200500025621,5,5,25,1515,1,1,1,3,4615000,482000,3,0,2,0,1,3,0,46,1,0,1,0,1,0,0,1,1
200500025622,5,5,27,1730,1,1,1,3,4611400,490300,3,2,0,0,2,1,0,80,1,0,1,0,1,0,0,2,1
200500025623,5,5,2,1615,1,1,1,2,4464200,442600,2,2,2,0,1,1,0,78,1,0,1,0,1,0,0,3,1
200500025624,5,5,20,715,1,9,1,3,4462000,434000,3,2,2,0,2,3,0,46,1,0,1,0,2,1,0,0,1
200500025628,5,5,12,830,1,1,1,7,4459300,470600,2,2,2,0,1,4,0,71,1,0,1,3,0,1,0,0,1
200500025629,5,5,19,1215,1,9,1,3,4458300,470700,3,2,0,0,2,1,0,72,1,0,1,0,1,0,0,1,1
200500025631,5,5,11,715,2,1,1,7,4484100,481500,3,2,0,0,1,1,6,80,1,5,1,0,0,0,1,0,1
200500025632,5,5,12,330,5,1,1,6,4448200,424300,3,2,0,0,1,1,0,0,1,0,3,0,0,0,1,0,1
200500025633,5,5,15,1600,1,7,1,1,4448500,424000,6,2,2,0,1,0,0,0,1,5,1,0,1,0,1,0,1
200500025634,5,5,26,1730,1,1,1,3,4457500,426700,3,2,2,0,2,3,0,53,1,0,1,0,1,0,1,0,1
200500025636,5,5,21,1715,1,1,1,1,4432800,416100,3,2,2,0,1,4,57,0,1,0,1,0,0,1,0,1,1
200500025638,5,5,1,315,3,9,1,6,4527400,467900,2,2,0,0,2,2,0,81,1,0,1,0,0,1,0,0,1
200500025639,5,5,27,2345,3,1,1,6,4523900,460400,3,2,2,0,1,2,0,55,1,0,1,0,0,0,3,1,1
200500025640,5,5,30,1300,1,9,8,1,4514900,471000,3,2,2,0,0,0,0,58,0,0,0,0,1,0,0,2,1
200500025645,5,5,2,1130,1,1,1,3,4486500,485400,2,2,3,0,1,2,0,133,1,0,1,0,1,1,0,0,1
200500025646,5,5,17,1200,1,1,1,3,4470000,515000,3,2,2,2,1,1,0,73,1,0,1,0,1,0,1,0,1
200500025648,5,5,13,530,2,1,1,6,4441400,471200,2,2,2,0,1,3,0,0,1,0,3,0,0,0,0,1,1
200500025649,5,5,2,45,3,1,1,6,4438700,509900,3,2,2,0,2,1,0,68,1,0,1,0,0,1,0,0,1
200500025651,5,5,25,800,1,1,1,2,4444300,494400,3,2,2,0,1,1,0,58,1,0,1,0,2,0,1,0,1
200500025655,5,5,19,1845,1,1,1,2,4502900,528800,3,2,2,0,2,2,0,0,1,0,1,0,1,0,0,1,1
200500025656,5,5,1,1215,1,3,1,3,4526400,482400,2,2,2,0,1,1,0,0,1,5,1,0,0,0,1,3,1
200500025657,5,5,26,1615,1,1,1,5,4530200,482100,2,2,2,0,1,1,0,65,1,0,1,0,0,2,3,0,1
200500025660,5,5,9,1215,1,1,1,2,4543700,601400,3,0,1,0,1,1,0,0,1,0,1,0,1,0,0,2,1
200500025668,5,5,17,1100,1,1,1,2,4495300,577900,2,2,1,0,0,1,0,0,1,0,1,0,1,0,0,1,1
200500025669,5,5,29,30,3,1,1,7,4490900,581300,4,2,0,0,1,1,0,50,1,0,0,0,0,0,1,0,1
200500025670,5,5,19,1400,1,1,1,1,4478300,564600,2,2,2,0,2,3,0,77,8,0,1,0,1,0,0,2,1
200500025671,5,5,6,2245,3,1,1,6,4511000,573000,4,0,2,0,2,1,0,0,1,0,0,0,4,0,0,1,1
200500025672,5,5,8,900,1,1,1,6,4511000,580000,3,2,2,0,1,1,0,65,1,5,1,0,0,2,0,1,1
200500025674,5,5,15,1500,1,1,1,1,4508800,589900,2,2,0,0,1,1,0,70,1,0,1,0,1,0,1,0,1
200500025676,5,5,22,1145,1,1,1,1,4522400,543600,2,2,2,0,2,1,0,0,1,0,1,0,1,0,1,0,1
200500025677,5,5,20,915,1,1,1,3,4562500,535300,3,2,2,0,1,1,0,40,1,0,1,0,1,0,0,1,1
200500025678,5,5,23,815,1,1,2,6,4565300,535400,3,2,2,0,1,2,0,0,2,0,3,0,0,0,1,0,1
200500025679,5,5,26,1645,1,1,1,6,4558900,532700,3,3,1,0,1,1,13,63,1,0,1,0,1,0,1,0,1
200500025681,5,5,22,1530,1,1,1,3,4564000,521100,3,2,0,0,1,1,0,55,1,0,1,0,0,1,1,3,1
200500025682,5,5,13,2230,2,1,1,6,4539900,542300,4,0,0,0,1,1,50,0,1,0,1,0,0,0,1,2,1
200500025683,5,5,10,2015,2,1,1,3,4585700,540600,2,2,0,0,1,1,50,112,1,5,1,0,0,0,0,2,1
200500025684,5,5,16,1745,3,1,1,6,4587600,536500,3,2,2,0,0,0,0,50,1,0,1,0,0,0,0,1,1
200500025685,5,5,22,630,2,1,2,1,4576900,540500,2,2,2,0,1,3,0,0,2,0,0,0,0,0,0,2,1
200500025686,5,5,23,745,1,1,2,1,4584300,541500,2,2,2,0,2,3,0,73,2,0,1,0,46,0,0,1,1
200500025687,5,5,27,2345,3,1,1,6,4583400,531900,3,2,0,0,0,1,0,70,1,0,3,0,0,0,0,1,1
200500025688,5,5,28,1915,1,1,1,6,4582500,539300,3,2,2,0,0,1,0,65,1,0,1,0,0,0,0,2,1
200500025689,5,5,28,2100,3,1,1,7,4583700,533300,3,2,2,0,0,2,0,70,1,0,1,0,0,0,0,2,1
200500025690,5,5,31,1630,1,1,1,1,4579300,543000,3,2,0,0,0,1,70,0,1,0,1,0,0,0,0,2,1
200500025691,5,5,6,2100,1,1,1,6,4565800,546100,3,0,0,0,1,2,0,0,1,0,1,0,0,0,0,1,1
200500025700,5,5,21,1030,1,1,1,3,4533800,494900,3,3,2,0,1,1,5,206,1,5,1,0,0,0,0,2,1
200500025701,5,5,29,845,1,2,1,3,4541900,515000,3,2,2,0,0,1,0,60,1,0,1,0,1,0,0,1,1
200500025702,5,5,7,2045,2,1,1,7,4532300,482500,4,2,2,0,1,4,0,0,1,0,1,0,0,0,1,0,1
200500025703,5,5,27,1815,1,1,1,6,4534500,487400,3,2,0,0,1,1,0,0,1,0,1,0,2,0,0,1,1
200500025705,5,5,20,2215,3,1,1,6,4550300,445600,3,2,2,0,1,3,0,56,1,0,0,0,0,0,1,0,1
200500025708,5,5,28,2000,1,1,1,7,4555900,430300,9,2,0,0,1,2,0,66,1,0,3,0,0,0,0,1,1
200500025715,5,5,19,1900,1,1,1,3,4555200,461500,3,2,2,0,2,2,0,76,0,0,1,0,1,0,1,0,1
200500025717,5,5,19,1715,1,1,1,7,4543700,474300,2,2,2,0,1,1,0,58,1,0,1,0,0,0,1,0,1
200500025718,5,5,24,1600,1,1,1,1,4538900,472600,3,2,0,0,1,1,41,0,1,0,1,0,1,0,0,1,1
200500025724,5,5,4,1245,1,1,1,7,4609700,391200,3,2,0,0,2,1,0,58,1,0,1,0,0,0,0,1,1
200500025725,5,5,7,1700,1,1,1,6,4617700,397300,3,2,2,0,0,3,0,58,1,0,3,0,1,0,1,1,1
200500025726,5,5,17,1415,1,1,1,3,4609900,394100,3,2,2,0,0,1,0,64,1,0,1,0,1,0,1,0,1
200500025727,5,5,21,915,1,1,8,7,4613400,389600,3,2,2,0,1,3,0,60,2,4,0,0,0,0,0,1,1
200500025728,5,5,26,1615,1,1,1,1,4614100,389700,2,2,0,0,1,3,0,85,1,0,1,0,0,1,0,1,1
200500025729,5,5,24,915,1,1,1,1,4596800,374500,3,2,2,0,1,2,0,0,1,0,1,0,1,0,0,1,1
200500025730,5,5,20,1700,1,1,1,7,4564600,599200,3,2,2,0,2,2,0,62,1,0,1,0,0,0,1,0,1
200500025733,5,5,20,1730,1,1,1,3,4558000,598700,3,2,2,0,2,1,0,57,1,0,1,0,1,0,0,1,1
200500025735,5,5,28,1815,1,1,1,1,4550800,610500,3,2,0,0,1,1,0,0,1,0,1,0,1,0,0,1,1
200500025736,5,5,21,745,1,3,1,3,4573600,611000,3,2,2,0,1,1,0,63,1,0,1,0,0,0,0,3,1
200500025737,5,5,29,2000,1,1,1,3,4581500,583400,3,2,0,2,3,3,0,92,1,2,1,0,2,1,0,0,1
200500025740,5,5,7,1600,1,1,1,7,4553000,596800,4,0,2,0,1,1,0,31,1,0,1,0,0,0,1,0,1
200500025741,5,5,14,1915,1,1,1,3,4550900,607300,2,2,0,0,1,1,0,130,1,0,1,0,1,0,0,3,1
200500025742,5,5,9,800,1,1,1,2,4570900,577500,2,2,2,0,1,1,0,75,1,0,1,0,10,0,0,2,1
200500025743,5,5,13,1430,1,1,1,3,4560300,588800,4,2,2,0,1,3,0,70,1,0,1,0,1,1,0,0,1
200500025744,5,5,27,1130,1,1,1,3,4570800,576300,3,2,2,0,1,1,0,72,1,0,1,0,1,0,1,0,1
200500025745,5,5,30,200,5,1,1,6,4552900,573800,3,2,2,0,1,1,0,65,1,0,3,0,0,0,0,1,1
200500025746,5,5,9,815,1,1,1,3,4558200,579900,3,2,3,3,1,1,0,100,1,0,1,0,1,0,0,1,1
200500025747,5,5,14,1445,1,1,1,6,4546000,580000,2,2,2,0,2,2,0,0,2,0,3,0,0,0,0,1,1
200500025748,5,5,28,1900,1,1,1,3,4554000,567400,2,2,2,0,1,1,0,60,9,0,1,0,1,0,1,0,1
200500025752,5,5,15,1045,1,1,1,5,4571300,643500,3,2,2,0,1,1,66,0,1,0,1,0,2,0,1,0,1
200500025768,5,5,3,1715,1,1,3,3,4586300,661900,2,2,2,0,1,1,0,88,2,0,1,0,1,0,1,0,1
200500025769,5,5,9,1500,1,6,1,5,4586400,662100,2,2,2,0,1,2,0,80,1,0,1,0,1,0,1,2,1
200500025771,5,5,1,1300,1,3,1,3,4611200,633100,3,2,2,0,1,1,60,0,1,0,1,0,1,0,0,1,1
200500025775,5,5,1,830,1,1,1,2,4613000,605000,3,2,2,0,1,3,0,80,1,0,1,0,1,0,0,1,1
200500025776,5,5,2,1545,1,1,1,7,4611000,610000,3,2,2,0,2,1,0,80,1,0,0,0,0,0,1,1,1
200500025777,5,5,20,1530,1,1,1,2,4616000,616700,2,2,2,0,1,1,0,72,1,0,1,0,1,0,0,1,1
200500025783,5,5,8,1645,1,1,1,3,4637300,633000,4,2,2,0,2,1,0,0,1,0,1,0,1,0,0,1,1
200500025784,5,5,9,900,1,1,1,6,4631000,630500,2,2,2,0,1,1,0,64,1,0,1,0,0,0,1,0,1
200500025785,5,5,13,1615,1,1,1,3,4626200,634200,3,2,0,0,1,3,0,71,1,0,1,0,1,0,0,1,1
200500025786,5,5,14,1800,1,1,1,6,4635400,634500,4,2,2,0,1,1,0,50,1,0,3,0,0,0,4,0,1
200500025787,5,5,25,1400,1,1,1,3,4634400,646000,3,3,2,0,1,1,45,380,1,5,1,0,1,0,1,0,1
200500025788,5,5,1,2115,5,1,1,6,4633500,666100,3,2,2,0,0,3,0,0,1,0,3,0,0,0,1,0,1
200500025789,5,5,15,2000,1,1,1,6,4629800,676100,3,2,2,0,2,3,0,63,1,0,3,0,0,0,1,0,1
200500025790,5,5,15,1500,1,1,1,6,4634500,661500,4,2,2,0,2,1,0,58,1,0,1,0,1,0,0,1,1
200500025791,5,5,3,1915,1,1,1,1,4638500,651400,3,2,2,0,0,2,0,64,8,0,1,0,0,0,1,1,1
200500025792,5,5,24,2015,2,1,1,1,4638500,661700,4,2,2,0,1,0,0,35,1,0,1,0,1,0,0,1,1
200500025795,5,5,8,1845,1,1,1,3,4583300,308200,4,2,2,0,1,1,0,50,1,0,1,0,2,0,0,1,1
200500025798,5,5,1,1715,1,1,1,2,4571600,307500,2,2,2,0,2,3,0,77,1,0,1,0,1,0,1,0,1
200500025802,5,5,11,1345,1,1,1,1,4568900,280700,3,0,2,0,1,3,0,57,1,2,1,0,1,0,2,0,1
200500025803,5,5,27,1745,1,1,1,1,4568200,279800,2,2,3,0,4,2,0,106,1,0,1,0,0,0,4,0,1
200500025804,5,5,8,415,5,9,1,3,4570600,316200,3,2,2,0,3,1,0,66,1,5,1,0,1,0,0,2,1
200500025806,5,5,27,1745,1,1,1,6,4555300,374100,3,2,2,0,1,1,0,60,1,0,1,0,2,0,0,1,1
200500025807,5,5,15,1630,1,1,1,1,4568400,362200,3,2,2,0,2,2,0,72,1,0,1,0,1,0,0,4,1
200500025808,5,5,27,745,1,1,1,1,4560200,356000,3,2,2,0,1,4,0,46,1,0,1,0,1,0,0,1,1
200500025809,5,5,4,1415,1,1,1,3,4554400,325000,3,2,0,0,1,0,0,50,1,5,1,0,1,0,0,1,1
200500025810,5,5,9,1900,1,1,1,7,4555000,323900,4,2,0,0,1,1,0,0,1,0,1,0,0,0,1,1,1
200500025811,5,5,27,1915,1,1,1,7,4556200,284900,3,2,0,0,2,2,0,0,1,0,1,0,0,0,2,0,1
200500025813,5,5,1,1200,1,1,1,1,4539300,299200,3,2,1,0,0,0,0,0,1,0,1,0,1,0,0,1,1
200500025814,5,5,31,1345,1,1,1,1,4560000,268200,3,2,2,0,4,3,0,75,1,0,1,0,0,1,2,0,1
200500025815,5,5,26,1415,1,1,1,1,4587400,299600,3,2,0,0,0,1,0,50,1,0,1,0,1,0,0,1,1
200500025816,5,5,5,445,3,1,1,6,4598000,313000,3,2,2,0,2,1,0,56,1,0,3,0,0,0,1,0,1
200500025817,5,5,31,1900,1,9,1,7,4589100,298500,3,2,2,0,1,0,0,56,1,0,0,3,0,0,1,0,1
200500025818,5,5,28,1900,1,1,1,7,4600300,335900,3,2,2,0,2,2,0,60,1,0,1,0,0,1,0,0,1
200500025819,5,5,30,1200,1,1,1,7,4590100,321300,3,2,0,0,1,1,0,76,1,0,3,0,0,1,0,0,1
200500025820,5,5,25,1330,1,1,1,6,4595800,289500,3,2,2,0,1,1,0,63,1,0,1,0,5,0,0,5,1
200500025821,5,5,22,1630,1,1,2,6,4583200,284400,3,2,2,0,1,3,0,64,2,0,3,0,1,0,0,1,1
200500025822,5,5,22,100,3,1,1,6,4618500,288300,3,2,2,0,2,2,0,70,1,0,1,0,0,2,1,0,1
200500025823,5,5,26,800,1,1,1,4,4584600,351300,2,2,0,0,1,1,80,40,1,0,1,0,2,0,0,1,1
200500025824,5,5,5,600,3,1,1,7,4576500,354200,3,2,0,0,1,1,0,71,1,0,3,0,0,0,0,2,1
200500025825,5,5,17,1930,1,1,1,3,4586600,333600,3,2,0,0,1,1,0,75,1,0,1,0,1,0,1,0,1
200500025826,5,5,28,1900,1,1,1,1,4590500,353600,4,0,0,0,1,0,0,0,9,0,1,0,1,0,1,0,1
200500025827,5,5,29,315,5,1,1,6,4651400,336100,2,3,0,0,1,1,45,80,1,0,1,0,0,1,0,1,1
200500025830,5,5,1,1845,1,1,1,5,4637000,329000,2,2,2,0,2,3,0,80,1,0,1,0,2,0,2,2,1
200500025831,5,5,9,2315,3,1,1,7,4629900,256200,3,2,0,0,1,2,0,0,1,0,3,0,0,0,1,0,1
200500025834,5,5,24,1830,1,1,1,3,4654100,261200,3,2,0,0,1,1,0,70,1,0,1,0,1,0,1,0,1
200500025835,5,5,27,1800,1,1,1,3,4646500,271500,3,3,1,0,0,0,0,0,1,0,1,0,1,0,1,0,1
200500025836,5,5,3,1030,1,1,1,1,4621200,328100,2,2,1,0,1,2,0,0,2,0,1,0,1,0,0,1,1
200500025838,5,5,12,930,1,1,1,6,4625100,363600,4,2,2,0,2,3,0,66,1,0,1,0,1,0,1,0,1
200500025841,5,5,9,1430,1,1,1,6,4633600,337700,4,2,0,0,1,1,40,0,1,0,1,0,1,0,1,0,1
200500025842,5,5,24,1730,1,1,1,7,4623300,343400,2,2,2,0,1,1,0,73,1,0,1,0,0,0,1,0,1
200500025843,5,5,30,1030,1,1,2,1,4488700,233800,3,2,0,0,2,3,0,71,2,0,1,0,0,0,5,0,1
200500025846,5,5,14,515,3,1,2,6,4524200,238800,3,2,0,0,1,2,0,60,2,0,3,0,0,1,1,1,1
200500025847,5,5,22,1815,1,1,2,3,4531000,241000,3,2,0,0,1,2,0,0,2,0,1,0,1,0,0,2,1
200500025848,5,5,4,1615,1,1,1,3,4504300,308800,4,2,0,0,0,1,0,74,1,0,0,0,1,0,0,1,1
200500025849,5,5,12,1400,1,1,1,1,4502500,305700,3,2,2,0,1,2,0,70,1,0,1,0,0,0,0,3,1
200500025850,5,5,13,1530,1,1,1,6,4503800,308800,4,2,2,0,1,1,0,0,1,0,1,0,1,0,1,0,1
200500025851,5,5,10,1600,1,1,1,1,4507000,371700,3,2,2,0,2,3,0,0,1,0,1,0,1,0,0,1,1
200500025852,5,5,28,1600,1,1,1,7,4502500,378800,3,2,2,0,1,1,0,76,1,0,3,0,2,0,0,1,1
200500025853,5,5,5,1500,1,1,1,6,4483200,387100,2,2,2,0,2,3,0,76,1,0,0,0,0,0,0,1,1
200500025855,5,5,21,1200,1,1,1,7,4493700,401800,3,2,2,0,2,2,0,68,1,0,3,0,0,0,0,1,1
200500025856,5,5,2,830,1,3,1,3,4501200,399600,3,2,0,0,2,1,0,60,1,5,0,0,2,0,1,0,1
200500025858,5,5,14,1415,1,1,1,7,4508200,367100,3,2,0,0,2,3,0,0,1,0,1,0,0,0,0,1,1
200500025859,5,5,29,1815,1,3,1,1,4523400,347600,2,2,2,0,0,1,0,76,1,0,1,0,1,0,0,1,1
200500025860,5,5,5,1215,1,3,8,3,4534000,326700,3,2,1,0,2,1,0,48,2,5,1,0,2,0,0,1,1
200500025861,5,5,11,1315,1,1,1,7,4523000,405500,3,2,2,0,1,3,0,65,1,0,3,0,0,0,1,0,1
200500025863,5,5,1,1345,1,1,1,7,4533900,414400,3,0,0,0,1,2,0,70,1,0,3,0,0,0,0,1,1
200500025864,5,5,24,1315,1,1,1,1,4525700,422900,3,2,2,0,1,1,0,70,1,0,1,0,3,0,1,0,1
200500025865,5,5,23,1215,1,1,1,1,4503000,424000,3,0,2,0,2,1,0,63,9,0,1,0,0,2,0,1,1
200500025866,5,5,28,945,1,1,1,3,4523200,434000,4,2,0,0,1,1,0,48,1,0,1,0,1,0,0,1,1
200500025872,5,5,16,1915,1,2,1,5,4911900,628900,2,2,2,0,0,1,0,74,1,0,1,0,1,1,0,3,1
200500025873,5,5,30,730,1,1,8,1,4923000,660300,3,2,1,0,1,1,0,60,2,0,1,0,0,0,0,2,1
200500025874,5,5,4,1730,1,1,1,7,4912000,661400,2,2,0,0,2,2,0,0,1,0,1,0,0,0,1,1,1
200500025875,5,5,7,900,1,1,8,6,4904200,660100,3,2,2,0,1,1,0,74,2,2,3,0,0,0,0,1,1
200500025876,5,5,29,1930,1,1,1,7,4887600,644800,3,2,2,0,1,3,0,71,0,0,3,0,0,0,0,1,1
200500025877,5,5,16,1615,1,1,1,6,4916200,696400,3,2,0,0,1,1,0,60,1,0,1,0,1,0,1,0,1
200500025878,5,5,22,1730,1,1,2,1,4914300,684100,3,2,0,0,3,1,0,74,2,0,1,0,0,0,1,1,1
200500025879,5,5,28,1900,1,1,1,6,4906900,684800,3,2,2,0,1,2,0,63,1,0,3,0,0,0,1,1,1
200500025881,5,5,4,1700,1,1,1,3,4903400,682200,3,2,0,0,2,1,0,55,1,0,1,0,1,0,1,0,1
200500025882,5,5,22,1730,1,1,1,5,4901800,691800,3,2,2,0,1,1,0,63,1,0,1,0,2,0,0,1,1
200500025884,5,5,4,1930,2,1,2,6,4866900,683800,3,2,0,0,1,1,60,0,2,0,1,0,1,0,1,0,1
200500025887,5,5,14,1345,1,1,3,5,4909900,718800,2,2,2,0,0,1,0,0,2,0,1,0,1,0,0,2,1
200500025888,5,5,18,1715,1,1,1,1,4905800,733800,2,3,0,0,1,2,100,50,1,5,1,0,1,0,1,0,1
200500025889,5,5,17,1230,1,1,1,7,4898900,736800,3,2,2,0,1,3,0,50,1,0,3,0,0,1,0,0,1
200500025893,5,5,18,2200,1,1,1,1,4926800,615700,3,2,2,0,1,3,0,123,1,0,1,0,1,0,1,0,1
200500025900,5,5,14,2345,5,1,1,6,4857800,618600,3,2,0,0,0,3,0,0,1,0,4,0,2,0,0,1,1
200500025909,5,5,27,1645,1,1,7,3,4930600,586600,3,2,2,0,1,1,0,60,1,0,1,0,1,0,1,0,1
200500025913,5,5,21,830,1,1,2,3,4844000,633500,3,2,0,0,2,0,60,40,2,5,1,0,0,0,0,2,1
200500025915,5,5,2,1700,1,1,1,1,4855500,673900,2,2,2,0,1,1,0,86,1,0,1,0,0,1,2,0,1
200500025918,5,5,27,1900,1,1,1,6,4867600,504700,4,2,1,0,1,2,0,31,1,0,1,0,1,0,0,1,1
200500025919,5,5,23,1215,1,1,1,2,4897500,580700,3,2,2,0,1,1,0,74,1,0,1,0,0,1,1,0,1
200500025922,5,5,15,1345,1,1,1,1,4933800,524600,3,2,2,0,4,1,0,60,1,5,1,0,1,1,0,0,1
200500025924,5,5,14,1715,1,1,1,3,4907300,564700,3,4,3,3,1,1,0,108,1,5,1,0,0,0,0,4,1
200500025925,5,5,28,2200,2,1,1,1,4924900,552800,3,2,2,0,1,3,0,46,1,0,1,0,0,0,1,1,1
200500025926,5,5,29,1945,1,1,1,3,4941800,565900,4,2,2,0,1,1,0,70,1,5,1,0,1,0,0,1,1
200500025927,5,5,20,1700,1,1,1,6,4821500,672100,3,2,0,0,1,1,0,75,1,6,1,3,1,0,0,1,1