Num_Acc,an,mois,jour,hrmn,lum,int,atm,col,lat,long,catr,circ,nbv,vosp,prof,plan,lartpc,larrout,surf,infra,situ,env1,unscathed,killed,hospital,light,chance
200500025928,5,5,29,1845,1,1,1,7,4817500,668000,9,2,2,0,3,2,0,60,1,0,1,0,0,0,1,0,1
200500025929,5,5,20,1700,1,1,1,3,4834800,633400,4,2,0,0,1,1,20,30,1,0,1,0,1,0,0,1,1
200500025931,5,5,1,930,1,1,7,6,4830800,641000,3,2,1,0,1,3,60,60,1,0,3,0,0,0,0,2,1
200500025936,5,5,27,1830,1,1,1,1,4798700,663500,3,2,2,0,1,1,0,60,1,0,1,0,1,0,0,1,1
200500025940,5,5,5,1145,1,1,1,1,4789200,675300,2,2,0,0,1,1,0,74,1,0,1,0,1,0,3,0,1
200500025941,5,5,6,1900,2,1,8,1,4788100,676600,3,2,0,0,2,1,0,75,2,0,1,0,1,0,0,1,1
200500025942,5,5,16,1000,1,1,2,6,4788600,676300,2,2,2,0,1,1,0,68,2,0,1,0,1,0,1,0,1
200500025944,5,5,31,2115,2,1,1,6,4812500,703900,3,2,2,0,0,2,0,58,1,0,3,0,0,0,0,1,1
200500025945,5,5,14,645,1,9,1,1,4817300,687700,3,2,0,0,2,3,0,60,1,0,1,0,0,0,0,3,1
200500025946,5,5,26,1430,1,1,1,6,4850900,707800,3,2,2,0,2,2,0,55,1,0,1,0,0,1,0,0,1
200500025947,5,5,30,800,1,1,2,2,4838400,691300,4,2,0,0,2,1,0,50,2,0,1,0,1,0,0,1,1
200500025948,5,5,29,1930,1,9,1,6,4838100,759600,2,3,0,3,1,3,0,0,1,3,1,0,3,0,1,1,1
200500025950,5,5,14,1645,1,1,1,7,4847600,772800,3,2,2,0,1,1,0,0,1,0,1,0,1,0,1,0,1
200500025951,5,5,27,730,1,1,1,1,4849400,767800,3,2,1,0,1,2,0,0,1,0,1,0,1,0,0,1,1
200500025952,5,5,4,2345,5,1,2,3,4842700,766200,4,2,2,0,1,1,0,63,2,0,1,0,2,0,0,1,1
200500025953,5,5,14,630,1,1,1,7,4842600,764000,2,3,4,0,1,1,10,140,1,0,3,0,0,1,0,0,1
200500025954,5,5,19,2000,2,3,7,3,4840700,763000,3,2,0,0,3,1,0,0,1,0,1,0,1,1,2,0,1
200500025955,5,5,2,1330,1,1,1,1,4854200,749200,3,2,0,0,0,1,0,77,1,0,1,0,1,0,1,0,1
200500025956,5,5,20,1500,2,1,1,1,4854300,745800,2,2,0,0,2,2,80,80,1,3,1,0,1,0,1,0,1
200500025957,5,5,20,945,1,1,1,3,4857200,752900,3,2,0,1,1,1,80,80,1,0,1,0,0,0,0,2,1
200500025958,5,5,6,1200,1,1,1,3,4849300,749600,3,2,2,0,1,2,60,0,1,0,1,0,2,0,0,1,1
200500025959,5,5,19,1800,1,3,1,3,4849800,747000,9,2,0,0,1,1,0,81,1,0,1,0,1,0,1,0,1
200500025960,5,5,3,1815,1,1,1,2,4860600,753000,3,2,2,0,1,1,0,55,1,0,1,0,1,0,0,1,1
200500025961,5,5,7,1615,5,2,1,3,4861900,750000,3,2,2,0,1,1,0,62,1,0,1,0,1,0,1,0,1
200500025962,5,5,25,1200,1,1,1,7,4858900,753300,3,2,0,0,1,1,0,0,1,0,1,0,0,0,1,1,1
200500025963,5,5,17,1515,1,1,1,3,4883300,748900,3,2,0,0,1,1,0,0,1,0,1,0,1,0,0,1,1
200500025964,5,5,27,800,1,1,1,6,4884800,760700,3,1,0,0,1,3,0,55,1,0,1,0,1,0,0,1,1
200500025965,5,5,16,1830,2,9,2,3,4875300,746600,3,2,0,0,1,0,0,80,2,5,1,0,1,0,0,2,1
200500025967,5,5,3,1615,1,1,1,2,4887300,717400,2,2,2,0,0,1,0,72,1,0,1,0,2,0,0,1,1
200500025969,5,5,1,1800,1,3,1,1,4900000,706000,3,2,0,0,1,2,0,0,1,5,0,0,1,0,0,2,1
200500025970,5,5,4,1915,1,1,1,6,4895000,702200,4,2,0,0,0,1,0,55,1,0,3,0,1,0,0,1,1
200500025972,5,5,16,1000,1,1,1,6,4890500,711100,3,2,2,0,2,2,0,65,1,0,1,0,0,0,1,0,1
200500025973,5,5,16,1145,1,1,1,6,4890300,725200,3,2,2,0,0,3,0,60,1,0,0,0,0,0,1,0,1
200500025978,5,5,21,1715,1,1,1,6,4876400,756500,3,2,0,0,2,1,0,60,1,0,4,0,0,0,0,2,1
200500025980,5,5,10,1230,1,9,1,6,4861400,756000,2,2,2,0,1,1,0,70,1,5,1,0,1,0,1,0,1
200500025981,5,5,29,930,1,1,1,1,4860900,764500,2,2,3,3,3,2,0,110,1,5,1,0,0,1,1,0,1
200500025982,5,5,8,1900,1,3,1,3,4832200,758800,3,2,2,0,1,1,0,60,0,5,1,0,1,0,0,2,1
200500025984,5,5,26,1430,1,1,1,1,4904000,790000,3,2,0,0,2,1,0,60,1,0,1,0,1,0,1,0,1
200500025985,5,5,5,1430,1,1,1,1,4892100,812700,3,2,2,0,1,2,0,0,1,0,1,0,3,0,2,0,1
200500025986,5,5,29,1500,1,7,1,3,4897900,818100,3,2,2,0,2,1,0,0,1,0,1,0,2,0,0,1,1
200500025989,5,5,17,1200,1,1,1,6,4894000,774000,3,1,1,0,1,1,0,60,1,0,1,0,1,0,0,1,1
200500025990,5,5,27,1115,1,1,1,7,4889000,778000,4,2,1,0,0,0,0,35,1,0,1,3,0,1,0,0,1
200500025994,5,5,4,1530,1,1,1,3,4822500,740500,2,1,1,0,1,1,0,38,1,5,1,0,2,0,2,0,1
200500025995,5,5,11,1315,1,1,1,1,4819500,734600,3,2,2,0,1,3,0,70,1,0,1,0,1,0,1,0,1
200500025996,5,5,18,830,1,1,1,3,4822400,740600,2,1,1,0,1,1,0,30,1,0,1,0,1,0,0,1,1
200500025997,5,5,8,1445,1,1,1,3,4824800,721900,3,2,0,0,0,2,0,52,1,0,1,0,1,0,0,1,1
200500025998,5,5,26,1830,1,1,7,7,4753200,741600,3,2,2,0,1,1,0,63,1,0,1,0,0,1,0,0,1
200500026000,5,5,24,1630,1,1,1,3,4793100,718600,4,2,2,0,1,2,0,50,1,0,1,0,1,0,0,1,1
200500026001,5,5,19,1500,1,1,1,3,4785500,752400,9,2,2,0,1,1,0,60,1,0,1,3,1,0,0,1,1
200500026002,5,5,22,1530,1,1,2,6,4788800,755300,3,2,2,0,1,1,0,70,2,0,1,0,1,0,0,1,1
200500026003,5,5,18,1815,1,1,1,7,4786200,724400,2,3,2,0,1,1,0,42,1,0,1,0,0,0,1,0,1
200500026004,5,5,20,2345,5,1,2,6,4788100,731600,3,2,2,0,1,1,0,65,2,0,1,0,0,0,0,1,1
200500026005,5,5,31,1415,1,1,1,6,4796300,730100,4,2,2,0,1,1,0,55,1,0,1,0,0,0,1,0,1
200500026008,5,5,18,1315,1,1,1,3,4778400,734600,3,2,2,0,1,1,0,90,1,0,1,0,1,0,0,1,1
200500026009,5,5,24,1900,1,1,1,1,4776800,729200,3,2,0,0,1,1,0,76,1,0,1,0,2,0,1,0,1
200500026012,5,5,22,1800,1,1,1,1,4757500,741100,3,2,0,0,3,2,0,62,1,0,1,0,3,0,0,3,1
200500026013,5,5,27,1500,1,1,1,1,4761700,749300,3,2,2,0,0,4,73,0,0,0,0,0,0,0,0,1,1
200500026015,5,5,6,1345,1,1,1,1,4782200,706000,3,2,2,0,2,3,0,71,1,0,1,0,1,0,0,1,1
200500026018,5,5,5,1315,1,1,1,3,4790300,698200,3,2,0,0,1,0,45,0,1,0,1,0,1,0,0,1,1
200500026019,5,5,28,130,5,1,1,6,4790000,698900,3,2,2,0,1,3,0,70,0,0,1,0,0,0,1,1,1
200500026020,5,5,8,1630,1,1,1,7,4889100,422300,3,2,0,0,1,1,0,77,1,0,0,0,1,0,1,1,1
200500026021,5,5,9,715,2,1,1,1,4897900,445300,2,2,2,0,2,1,0,78,1,0,1,0,1,0,0,1,1
200500026022,5,5,10,800,1,9,1,3,4897100,469100,3,2,0,0,1,1,0,60,1,0,1,0,1,0,0,1,1
200500026023,5,5,16,815,1,1,1,7,4886900,427500,2,2,2,0,3,1,0,80,1,0,3,0,0,0,0,1,1
200500026027,5,5,1,1430,1,1,1,7,4891800,399200,3,2,2,0,1,1,70,0,1,0,1,0,0,0,1,0,1
200500026028,5,5,29,1445,1,1,1,2,4888400,400600,3,2,2,0,1,2,70,0,1,0,1,0,1,0,0,1,1
200500026029,5,5,13,1000,1,1,2,3,4873600,421500,2,2,0,0,1,1,0,73,2,0,1,0,1,0,1,0,1
200500026030,5,5,27,530,1,1,1,1,4873700,421500,2,2,2,0,1,1,0,74,1,0,1,0,1,0,1,0,1
200500026031,5,5,1,115,3,1,1,6,4867900,382400,3,2,2,0,1,1,0,63,1,0,1,0,2,0,1,0,1
200500026032,5,5,5,2000,2,1,1,6,4876600,340500,3,2,2,0,1,1,0,30,1,0,3,0,0,0,0,1,1
200500026033,5,5,6,1545,1,1,1,7,4874400,351300,3,2,2,0,3,2,0,61,1,0,1,0,0,0,0,2,1
200500026034,5,5,9,700,1,2,1,3,4873300,357300,2,3,2,0,1,1,59,61,1,5,1,0,2,1,0,0,1
200500026035,5,5,14,1945,1,3,1,3,4874400,351200,3,2,2,0,1,1,0,60,1,0,1,0,3,0,0,1,1
200500026036,5,5,22,2030,1,1,1,3,4856700,370500,3,2,0,0,2,1,0,64,1,0,1,0,5,0,0,1,1
200500026037,5,5,1,700,1,1,1,6,4931700,367500,3,2,2,0,1,1,0,0,1,0,1,0,0,0,2,0,1
200500026038,5,5,11,1930,1,6,1,6,4926200,396000,2,2,0,0,1,2,0,0,1,5,1,0,1,0,0,1,1
200500026039,5,5,29,1015,1,1,1,1,4927200,392000,2,3,4,0,1,1,5,217,1,0,1,0,0,0,1,3,1
200500026040,5,5,31,815,1,1,1,1,4922600,397300,3,2,0,0,1,1,0,60,1,0,1,0,1,0,0,1,1
200500026041,5,5,6,2100,2,1,1,1,4905400,403700,3,2,0,0,1,3,0,47,1,0,1,0,1,1,0,0,1
200500026043,5,5,28,1630,1,1,1,2,4878000,487900,3,2,2,0,3,1,0,56,1,0,1,0,2,0,1,0,1
200500026044,5,5,30,1600,1,1,1,1,4917100,479400,3,2,0,0,1,1,0,62,1,0,1,0,1,0,0,3,1
200500026046,5,5,27,1715,1,1,1,6,4985400,476700,3,2,2,0,1,1,0,0,1,0,1,0,1,0,0,1,1
200500026047,5,5,18,900,1,1,1,6,4994400,463700,3,2,2,0,1,3,0,70,1,0,1,0,1,0,0,1,1
200500026051,5,5,5,2030,1,1,1,7,4956800,486800,3,2,2,0,1,1,0,60,1,0,1,0,0,0,1,0,1
200500026052,5,5,2,1730,1,1,1,6,4943100,416300,4,0,1,0,1,2,0,0,2,0,4,0,1,0,1,0,1
200500026053,5,5,1,1845,1,1,1,7,4972100,449400,3,2,2,0,3,1,0,56,1,0,1,0,0,0,0,1,1
200500026054,5,5,21,2315,3,1,1,7,4969000,439000,3,2,2,0,1,1,0,53,1,0,0,0,0,0,0,2,1
200500026058,5,5,23,1215,1,2,1,3,4805000,413000,3,2,0,0,1,1,0,55,1,5,1,0,2,0,0,5,1
200500026060,5,5,12,1715,1,9,1,7,4834200,435400,3,2,2,0,1,2,0,0,1,0,3,0,5,0,2,0,1
200500026061,5,5,17,1600,1,1,1,3,4834000,419000,3,3,2,0,2,1,0,76,1,0,1,0,2,0,1,0,1
200500026062,5,5,8,1915,1,1,1,7,4807600,447200,3,0,1,0,1,0,0,0,1,0,1,0,0,0,0,1,1
200500026067,5,5,19,330,3,1,1,7,4851200,369100,2,2,0,0,0,2,0,65,1,0,3,0,0,0,0,1,1
200500026068,5,5,19,1800,1,1,1,3,4849100,367400,3,2,2,0,1,1,80,0,1,5,1,0,1,0,1,0,1
200500026070,5,5,23,1330,1,1,1,7,4809800,478600,3,2,2,0,1,1,0,60,1,0,3,0,0,0,2,0,1
200500026071,5,5,26,845,1,1,1,7,4797700,488800,3,2,2,0,1,1,0,76,1,0,3,0,0,0,0,3,1
200500026072,5,5,29,1345,1,2,1,3,4808300,498300,3,2,2,0,1,1,0,76,1,0,1,0,0,0,1,1,1
200500026074,5,5,16,1630,1,1,1,6,4824800,530200,2,2,2,0,0,1,0,66,2,0,1,0,1,0,1,0,1
200500026075,5,5,16,1730,1,1,3,6,4830900,539500,3,2,2,0,2,1,0,42,2,0,1,0,0,0,0,1,1
200500026076,5,5,27,2145,1,1,1,7,4804800,525500,5,0,0,0,2,3,0,0,0,0,0,0,0,0,0,1,1
200500026077,5,5,15,1800,1,1,1,6,4828000,510000,3,2,2,0,1,2,0,54,1,0,4,0,0,0,0,1,1
200500026078,5,5,4,745,1,1,2,1,4783400,528900,3,2,0,0,1,2,0,48,2,0,1,0,0,0,1,2,1
200500026081,5,5,1,1530,1,1,1,7,4785900,574200,3,2,0,0,1,0,0,50,1,2,1,0,0,0,0,1,1
200500026082,5,5,22,1530,1,1,3,1,4780300,542900,9,2,1,0,2,1,0,61,2,0,1,0,1,0,0,1,1
200500026083,5,5,30,700,1,2,1,3,4783400,563100,3,2,0,0,1,3,60,0,1,0,1,0,2,0,0,1,1
200500026090,5,5,20,800,1,1,1,2,4734900,521500,3,2,2,0,1,1,0,70,1,0,1,0,1,1,1,1,1
200500026092,5,5,20,1930,1,2,1,1,4724500,521900,3,0,2,0,1,1,0,65,0,0,1,0,0,0,0,2,1
200500026095,5,5,7,2215,3,1,1,6,4748100,509900,3,2,0,0,1,1,0,43,1,0,1,0,0,0,0,1,1
200500026096,5,5,22,1345,1,1,2,7,4727700,466500,3,2,0,0,1,1,0,60,2,0,0,0,0,0,0,1,1
200500026097,5,5,12,1030,1,1,1,3,4696400,468900,3,2,2,0,4,3,0,76,8,0,1,0,1,1,0,1,1
200500026098,5,5,15,1930,1,1,1,7,4729200,439100,3,2,0,0,1,1,0,50,1,0,1,0,0,0,1,0,1
200500026099,5,5,22,600,2,1,1,6,4713700,494800,2,2,3,0,1,1,0,102,1,0,1,0,2,0,1,0,1
200500026100,5,5,8,1030,1,6,1,6,4786800,455600,3,2,2,0,1,1,0,45,1,5,1,0,0,0,0,1,1
200500026101,5,5,24,715,2,4,7,3,4786100,459700,3,2,0,0,1,2,0,61,1,5,1,0,1,0,0,1,1
200500026102,5,5,27,1500,1,9,7,7,4787500,457100,2,2,0,0,4,3,0,70,1,0,3,0,0,0,0,1,1
200500026103,5,5,12,2315,3,1,2,6,4763000,434900,3,2,0,0,1,2,0,80,1,0,4,0,0,1,1,0,1
200500026104,5,5,31,1800,1,1,1,1,4762600,432400,3,2,0,0,0,2,0,0,1,0,1,0,1,0,0,2,1
200500026105,5,5,4,800,1,1,8,7,4738600,456000,3,2,0,0,1,3,0,70,2,0,1,0,0,0,1,0,1
200500026109,5,5,2,1615,1,1,1,6,4699800,309100,3,2,2,0,0,1,0,55,1,0,1,0,2,0,0,1,1
200500026110,5,5,14,1200,1,1,2,6,4700200,327800,3,2,2,0,1,2,0,85,2,0,3,0,0,0,1,0,1
200500026111,5,5,5,1830,1,1,1,6,4690700,320300,3,2,2,0,1,1,0,66,1,0,3,0,0,1,0,0,1
200500026112,5,5,7,1945,1,1,1,1,4706200,367700,3,2,2,0,1,1,0,70,1,0,1,0,0,0,0,3,1
200500026113,5,5,25,1830,1,1,1,6,4702100,351400,3,2,2,0,2,1,0,70,1,0,3,0,0,0,0,1,1
200500026114,5,5,27,2130,2,9,1,1,4726000,352700,3,2,2,0,1,3,0,53,1,0,1,0,1,0,1,0,1
200500026115,5,5,11,945,1,1,1,6,4743000,347300,2,2,2,0,1,1,0,64,1,0,3,0,0,1,1,0,1
200500026117,5,5,19,1145,1,1,1,5,4633600,473200,2,3,2,0,0,1,0,0,1,0,1,0,2,0,0,1,1
200500026118,5,5,20,815,1,1,1,3,4640200,487500,3,2,2,0,1,1,0,0,1,5,0,0,1,1,0,0,1
200500026119,5,5,21,1045,1,1,1,6,4624800,478700,3,2,2,0,4,1,0,120,1,5,1,0,1,0,1,0,1
200500026121,5,5,17,800,1,1,1,2,4656900,490800,2,2,0,0,1,1,0,90,1,0,3,0,1,0,0,1,1
200500026124,5,5,14,1200,1,1,2,1,4702500,414300,3,2,2,0,0,3,0,76,2,0,1,0,1,1,1,0,1
200500026130,5,5,15,2145,5,4,2,3,4665000,487200,2,2,0,0,1,2,0,91,2,5,1,0,0,0,1,1,1
200500026131,5,5,15,830,1,1,1,7,4684700,494100,3,2,0,0,1,1,0,55,1,0,3,0,0,0,0,1,1
200500026133,5,5,11,1830,1,1,1,6,4619800,430700,4,2,0,0,2,1,0,29,1,0,1,0,1,1,0,0,1
200500026135,5,5,22,1945,1,1,3,6,4649000,406400,3,2,2,0,1,3,0,49,2,0,1,0,0,0,2,0,1
200500026136,5,5,24,1000,1,1,1,7,4650300,401400,3,2,2,0,1,1,112,42,1,0,1,0,0,0,0,1,1
200500026137,5,5,15,1745,1,1,1,1,4631400,408500,3,2,0,0,2,4,0,0,1,0,1,0,2,0,0,1,1
200500026138,5,5,26,2115,2,2,1,3,4623200,405600,4,2,2,0,1,1,0,55,1,5,1,0,0,0,0,2,1
200500026146,5,5,20,1645,1,1,1,3,4659600,524700,3,2,2,0,1,1,0,80,1,0,1,0,1,0,0,1,1
200500026148,5,5,7,900,1,1,1,6,4656300,498300,3,2,0,0,1,1,0,65,1,0,3,0,0,0,0,1,1
200500026150,5,5,31,1445,1,1,1,3,4656800,502800,3,2,2,0,1,1,0,0,1,0,1,0,1,0,0,1,1
200500026156,5,5,13,1815,1,1,1,7,4774000,346400,3,2,2,0,0,2,0,52,1,0,3,0,0,0,0,1,1
200500026157,5,5,5,945,1,1,2,3,4755700,379800,2,2,2,0,1,3,0,0,2,0,0,0,2,0,1,0,1
200500026158,5,5,20,1745,1,1,1,7,4795800,345600,2,2,2,0,1,1,0,63,1,0,1,0,0,0,0,1,1
200500026159,5,5,22,1415,1,1,1,6,4798500,362900,3,2,0,0,1,3,0,48,1,0,1,0,1,0,1,0,1
200500026161,5,5,20,1615,1,1,1,1,4821800,326400,3,4,0,0,1,1,0,70,1,5,1,0,1,0,0,1,1
200500026162,5,5,13,745,1,1,1,7,4819000,317600,3,2,2,0,1,1,0,0,1,0,3,0,1,0,1,2,1
200500026164,5,5,29,400,3,1,1,6,4812900,305300,3,2,2,0,1,1,50,0,1,0,3,0,0,0,0,1,1
200500026165,5,5,13,1600,1,1,1,1,4806100,323800,3,2,2,0,0,0,0,0,0,0,0,0,0,0,0,2,1
200500026166,5,5,19,1530,1,1,1,1,4812400,353100,3,2,1,0,2,1,0,80,1,0,1,0,0,1,2,0,1
200500026169,5,5,24,1415,1,1,1,3,4718300,599600,3,3,0,0,1,1,25,122,1,5,1,0,1,1,0,0,1
200500026170,5,5,8,1830,1,1,1,7,4714100,611400,3,2,2,0,2,2,0,69,1,0,1,0,0,0,0,1,1
200500026171,5,5,16,1815,1,1,1,5,4710000,624700,3,2,2,0,1,1,44,44,1,0,1,0,4,0,0,1,1
200500026174,5,5,24,1300,1,1,1,6,4744900,682300,2,2,2,0,1,1,71,0,1,0,1,0,0,0,1,0,1
200500026176,5,5,28,500,2,1,1,7,4714400,671500,3,2,0,0,1,1,0,64,1,0,3,0,0,0,1,1,1
200500026177,5,5,27,2345,5,1,1,6,4744100,678700,3,2,0,0,1,2,0,53,1,0,3,0,0,0,2,1,1
200500026179,5,5,2,1730,1,1,1,7,4741400,658800,3,2,2,0,1,2,0,60,9,0,3,0,1,0,0,1,1
200500026180,5,5,12,2030,2,1,1,1,4745800,664900,9,2,2,0,1,0,0,0,1,0,1,0,0,0,1,1,1
200500026181,5,5,2,730,1,1,1,6,4725400,639100,3,0,2,0,0,2,0,80,1,0,1,0,0,0,0,1,1
200500026183,5,5,26,2000,1,1,1,6,4712700,659300,3,2,2,0,3,1,0,70,1,0,1,0,0,0,1,0,1
200500026185,5,5,28,2315,3,1,1,7,4714300,640200,4,0,1,0,0,0,0,0,1,0,0,0,0,0,2,0,1
200500026189,5,5,27,1830,1,1,1,2,4684000,634600,4,2,0,0,4,1,0,60,1,0,1,0,1,0,0,1,1
200500026190,5,5,18,1530,1,1,2,6,4707000,664500,4,2,0,0,2,2,0,0,2,0,1,0,2,0,1,0,1
200500026194,5,5,15,1500,1,1,1,1,4698300,580600,9,2,0,0,2,4,0,50,1,0,1,0,1,0,0,2,1
200500026195,5,5,13,1830,1,1,1,1,4697600,579700,3,2,2,0,0,0,0,65,1,0,1,3,1,0,1,0,1
200500026196,5,5,24,1015,1,1,1,6,4694400,587800,3,2,0,0,1,1,0,65,1,0,1,0,1,0,1,0,1
200500026197,5,5,30,630,2,1,1,7,4695400,586800,3,2,2,0,2,3,60,0,1,0,3,0,0,0,1,0,1
200500026199,5,5,17,1415,1,1,1,3,4715900,574400,2,2,0,0,1,1,0,63,1,0,1,0,2,0,0,1,1
200500026200,5,5,13,2130,5,1,8,6,4715200,565800,2,2,1,0,0,1,0,0,1,0,4,0,0,0,0,1,1
200500026201,5,5,30,1815,1,1,1,3,4720000,571900,3,2,2,0,1,2,0,45,1,5,1,0,1,0,0,1,1
200500026205,5,5,20,2015,1,1,1,7,4649200,604600,4,0,2,0,2,0,0,45,9,0,0,0,0,0,1,0,1
200500026207,5,5,2,1345,1,1,1,7,4781000,585500,3,2,2,0,1,2,0,65,1,0,3,0,0,0,1,0,1
200500026208,5,5,22,1930,1,3,1,3,4749200,610500,2,2,2,0,0,1,0,72,1,0,1,0,0,0,1,2,1
200500026209,5,5,11,1415,1,1,1,3,4772200,655600,3,2,2,0,1,1,0,68,1,0,1,3,5,0,1,1,1
200500026210,5,5,24,715,1,1,1,3,4767500,654200,3,0,2,0,1,1,0,0,1,0,1,0,1,0,1,0,1
200500026211,5,5,8,1445,1,1,1,5,4762000,678000,3,2,2,0,1,1,0,51,1,0,1,0,3,0,0,1,1
200500026212,5,5,14,2000,2,1,1,6,4761000,673000,3,2,0,0,1,0,0,50,2,5,4,0,0,0,1,0,1
200500026215,5,5,19,1045,3,1,1,7,4786000,638000,2,3,0,0,2,3,10,106,1,0,3,0,0,0,1,0,1
200500026216,5,5,20,2000,1,1,1,6,4784300,644400,3,2,2,0,1,1,0,60,1,0,1,0,0,0,1,0,1
200500026217,5,5,22,1630,1,1,2,6,4739800,557700,3,2,2,0,1,3,0,71,2,0,1,0,0,1,0,0,1
200500026218,5,5,14,1445,1,1,2,1,4768400,585700,3,2,2,0,1,1,0,78,2,0,1,0,1,0,1,1,1
200500026219,5,5,18,1815,1,1,1,3,4729000,566000,4,2,2,0,1,1,0,0,1,0,1,0,1,0,1,0,1
200500026220,5,5,4,2115,5,1,2,6,4760700,692900,3,2,0,0,1,2,0,58,2,0,3,0,0,0,1,0,1
200500026221,5,5,10,1615,1,1,1,1,4758900,686000,2,2,0,0,1,1,20,72,1,5,1,0,1,0,1,0,1
200500026222,5,5,25,215,5,1,1,6,4768800,681800,3,2,0,0,1,1,0,60,1,0,3,0,0,0,0,1,1
200500026226,5,5,23,2100,1,6,1,7,4342700,548000,3,2,2,0,0,1,0,70,1,5,1,0,0,0,0,1,1
200500026227,5,5,25,1815,1,1,1,5,4342000,549000,3,2,0,0,2,4,0,71,1,0,1,0,3,0,0,1,1
200500026228,5,5,2,1630,1,1,1,5,4342900,544300,4,2,2,0,2,2,0,50,1,0,1,0,2,0,1,2,1
200500026229,5,5,11,1345,1,1,1,6,4343500,540500,3,1,0,0,1,3,70,0,1,6,1,0,1,0,1,0,1
200500026231,5,5,15,1330,1,1,1,2,4345000,537800,3,2,2,0,1,1,0,35,1,0,1,0,1,0,0,1,1
200500026232,5,5,17,1330,1,1,2,7,4346200,532100,3,3,2,0,2,1,5,80,2,0,1,0,0,0,0,1,1
200500026234,5,5,5,1415,1,3,1,3,4344900,568900,4,1,0,0,3,1,0,0,1,0,1,0,1,0,0,1,1
200500026235,5,5,9,1000,1,1,1,3,4342200,561100,3,2,0,2,1,1,0,70,1,0,1,0,0,0,0,3,1
200500026236,5,5,12,1045,1,1,1,3,4389100,490700,3,2,1,0,1,1,0,110,1,0,1,0,0,0,1,1,1
200500026238,5,5,22,2030,2,1,1,6,4345400,442400,3,2,2,0,1,1,0,0,1,0,4,0,0,0,1,0,1
200500026239,5,5,25,1230,1,1,1,1,4349400,440400,3,2,2,0,1,1,0,70,1,0,1,0,1,0,0,1,1
200500026242,5,5,2,1600,1,1,1,6,4347000,470000,3,2,2,0,1,3,0,61,1,0,3,0,0,0,1,1,1
200500026243,5,5,22,1500,1,1,1,7,4357400,455900,3,2,0,0,1,1,0,60,1,0,1,0,0,0,1,0,1
200500026244,5,5,23,1500,1,1,1,6,4345800,472500,3,2,2,0,1,1,60,0,1,0,3,0,0,0,0,2,1
200500026245,5,5,6,2200,3,1,1,6,4330000,563400,3,2,2,0,0,3,0,55,1,0,1,0,0,0,1,0,1
200500026246,5,5,14,1630,1,1,1,1,4327300,564800,2,2,2,0,1,1,0,68,1,0,1,0,0,1,0,1,1
200500026249,5,5,8,1800,1,1,1,7,4323000,559000,3,2,0,2,0,1,0,107,1,0,1,0,0,0,1,0,1
200500026251,5,5,6,1730,1,1,1,3,4325000,556000,3,2,2,0,1,1,0,70,1,0,1,0,1,0,2,0,1
200500026252,5,5,18,1830,1,1,1,7,4325100,558000,3,2,0,0,2,1,0,73,1,0,1,0,1,0,0,1,1
200500026253,5,5,8,1845,1,1,1,1,4337300,563200,3,2,0,0,0,1,0,0,1,0,1,0,2,0,0,1,1
200500026257,5,5,25,1400,1,1,1,5,4406900,617000,2,2,2,0,1,1,0,80,1,0,1,0,3,1,0,0,1
200500026258,5,5,29,1700,1,1,1,7,4383900,595600,3,2,2,0,1,3,0,59,1,0,1,0,0,1,0,0,1
200500026263,5,5,16,1300,1,1,1,1,4389100,586800,2,2,2,0,1,1,0,74,1,5,1,0,1,0,0,1,1
200500026264,5,5,19,730,1,1,1,1,4389000,577900,3,2,2,0,2,3,0,48,1,0,1,0,2,0,1,0,1
200500026265,5,5,17,1800,1,1,2,1,4409000,601000,2,2,2,0,1,2,0,75,2,0,1,0,0,0,1,1,1
200500026267,5,5,1,2130,3,1,1,6,4429000,582000,3,2,2,0,1,4,0,61,1,0,3,0,0,0,1,0,1
200500026268,5,5,1,1530,1,1,1,6,4468300,633500,4,2,0,0,2,1,0,40,0,0,0,0,0,0,1,0,1
200500026269,5,5,20,1745,1,1,1,1,4441400,572600,2,2,2,0,1,4,0,75,1,4,1,0,1,0,1,0,1
200500026270,5,5,14,1830,1,1,1,3,4480000,656300,2,2,0,0,1,1,0,115,1,0,1,0,2,0,0,1,1
200500026271,5,5,18,700,1,1,1,3,4476100,657600,2,2,0,0,0,0,0,0,0,0,0,0,0,0,1,1,1
200500026272,5,5,27,1000,1,1,1,1,4486800,659700,2,2,0,0,2,1,0,0,1,5,1,0,1,0,0,1,1
200500026274,5,5,29,1630,1,1,1,7,4504400,625400,2,2,0,0,1,2,0,64,1,1,1,0,0,0,1,0,1
200500026275,5,5,29,945,1,1,1,7,4470300,686400,3,2,0,0,2,1,0,68,1,0,1,0,0,0,0,1,1
200500026276,5,5,23,700,1,2,1,3,4456600,619800,2,2,2,0,1,2,0,73,1,5,1,0,0,0,1,1,1
200500026277,5,5,29,915,1,1,1,1,4454900,628000,2,2,2,0,1,1,0,77,1,0,1,0,1,0,1,0,1
200500026280,5,5,3,1700,1,1,2,1,4378800,727300,3,2,2,0,1,4,0,0,2,0,1,0,1,0,1,1,1
200500026283,5,5,25,1400,1,1,1,1,4396300,730300,3,2,2,0,1,3,0,70,1,0,1,0,0,1,0,1,1
200500026289,5,5,19,515,2,1,1,7,4364300,685700,3,2,2,0,0,2,0,72,1,0,3,0,0,0,0,1,1