Num_Acc,an,mois,jour,hrmn,lum,int,atm,col,lat,long,catr,circ,nbv,vosp,prof,plan,lartpc,larrout,surf,infra,situ,env1,unscathed,killed,hospital,light,chance
200500026689,5,5,26,2015,1,1,1,3,4699200,117900,3,2,2,0,1,1,17,73,1,0,1,0,2,0,1,0,1
200500026690,5,5,29,515,3,1,1,6,4719800,171200,4,2,0,0,1,1,0,28,1,0,1,0,0,0,4,1,1
200500026693,5,5,14,1730,1,1,1,6,4656000,186600,3,2,0,0,2,3,0,54,1,0,3,0,1,0,0,1,1
200500026695,5,5,1,1830,1,1,1,3,4693800,206000,3,2,2,0,1,1,0,55,1,0,1,0,0,0,2,1,1
200500026696,5,5,2,1215,1,1,1,5,4694600,200100,9,2,4,0,1,1,0,120,1,0,1,0,2,0,1,0,1
200500026699,5,5,15,1500,1,1,1,5,4741500,107900,3,2,0,0,1,2,0,50,1,0,1,0,1,0,1,1,1
200500026700,5,5,22,200,5,1,1,6,4744100,105900,3,2,0,0,1,1,0,48,1,0,1,0,0,0,1,0,1
200500026705,5,5,1,2145,3,1,1,2,4746400,74000,2,2,2,0,1,1,0,70,1,0,1,0,4,0,0,5,1
200500026707,5,5,4,1915,1,1,1,1,4719000,29000,3,2,0,0,2,1,0,136,1,0,1,0,1,1,1,2,1
200500026709,5,5,4,1345,1,1,2,3,4725500,45200,3,4,0,0,3,3,0,120,2,5,1,0,0,0,2,1,1
200500026710,5,5,15,1915,1,1,8,1,4729100,32500,2,2,2,0,1,1,0,64,2,0,1,0,4,0,1,1,1
200500026712,5,5,16,1900,1,1,8,1,4700200,32000,3,2,2,0,1,1,0,70,2,0,1,0,0,0,1,1,1
200500026714,5,5,19,815,1,1,1,2,4712900,43000,3,2,0,0,1,1,0,0,1,0,1,0,1,0,0,1,1
200500026715,5,5,21,1115,1,1,1,3,4711600,25200,3,2,0,0,1,1,0,50,1,5,1,0,1,0,0,1,1
200500026716,5,5,22,1415,1,1,1,1,4720800,63200,4,2,1,0,1,0,0,0,1,0,1,0,1,0,0,1,1
200500026718,5,5,10,730,1,1,1,3,4726000,124000,4,2,0,0,1,1,0,40,1,5,1,0,1,0,1,0,1
200500026719,5,5,17,1245,1,1,1,6,4720000,92000,2,2,2,0,1,2,0,74,1,0,1,0,0,0,1,0,1
200500026724,5,5,5,230,3,6,1,7,4726200,70200,2,2,2,0,0,1,0,100,1,5,0,0,0,0,1,0,1
200500026725,5,5,11,1645,1,1,1,3,4729800,71900,2,1,0,0,0,3,0,0,1,0,0,0,2,0,0,1,1
200500026726,5,5,19,845,1,2,1,3,4726000,72100,3,2,2,0,1,1,0,40,1,0,1,0,0,0,0,2,1
200500026727,5,5,19,2115,2,1,1,6,4729100,73700,3,2,2,0,1,1,0,66,1,0,3,0,0,0,0,2,1
200500026728,5,5,30,1215,1,1,1,1,4727700,74300,3,2,0,0,0,1,0,55,1,0,1,0,0,1,1,0,1
200500026731,5,5,7,2100,2,1,1,6,4725400,188100,3,2,0,0,0,3,60,0,1,0,3,0,0,0,0,1,1
200500026734,5,5,19,30,3,1,1,6,4489400,-109800,4,2,1,0,0,3,0,0,0,0,3,0,1,0,1,1,1
200500026737,5,5,28,1030,1,1,1,6,4793600,-369900,3,2,2,0,1,1,0,70,1,0,1,0,1,0,1,0,1
200500026740,5,5,11,1800,1,1,1,7,4909400,236800,3,2,2,0,2,1,0,0,1,0,1,0,0,0,1,0,1
200500026741,5,5,19,2015,1,1,1,3,4462700,-106800,4,2,2,1,1,1,0,60,1,0,1,0,2,0,0,1,1
200500026742,5,5,1,115,3,1,1,1,4702100,320800,3,2,2,0,1,1,0,0,1,0,1,0,0,1,0,1,1
200500026743,5,5,3,1845,1,1,3,3,4731900,511900,4,2,2,0,1,1,0,50,2,0,1,0,1,0,0,1,1
200500026744,5,5,12,1130,1,1,1,3,4729700,510200,3,2,0,0,0,0,0,0,1,5,1,0,1,0,0,1,1
200500026745,5,5,13,1215,2,9,1,1,4731700,509800,3,3,4,2,1,1,0,250,2,5,1,0,2,1,0,0,1
200500026746,5,5,20,1745,1,6,1,3,4731000,511800,3,1,1,0,1,2,0,50,1,5,1,0,0,0,0,2,1
200500026747,5,5,10,1000,1,1,1,1,4345600,554200,4,2,11,0,2,4,0,40,1,0,1,0,0,0,0,3,1
200500026748,5,5,17,1245,1,1,1,6,4349100,560600,2,2,0,0,0,3,0,60,1,0,3,0,1,0,1,2,1
200500026749,5,5,31,1315,1,1,1,5,4348000,553200,3,2,0,0,1,2,0,68,1,0,1,0,1,0,0,2,1
200500026750,5,5,2,1400,1,1,1,3,4418900,29900,3,2,2,0,1,1,0,61,1,0,1,0,0,1,0,1,1
200500026751,5,5,14,1000,1,1,1,1,4407000,51300,3,2,2,0,1,1,0,0,1,0,1,0,1,1,0,0,1
200500026752,5,5,14,800,1,1,1,6,4409900,53100,3,2,0,0,1,1,0,65,1,0,3,0,0,0,0,3,1
200500026753,5,5,24,1215,1,3,1,3,4423200,32300,3,2,2,0,0,1,25,53,1,5,1,0,1,0,0,5,1
200500026761,5,5,24,2145,3,1,1,3,4320800,241500,2,3,0,0,1,2,0,68,1,0,1,0,1,0,1,0,1
200500026763,5,5,9,1930,1,1,1,6,4844200,190500,1,1,3,0,1,1,24,270,1,0,1,0,0,0,0,1,1
200500026767,5,5,21,2000,2,1,1,1,4549400,480900,2,3,0,0,0,0,10,40,1,0,1,0,0,0,0,1,1
200500026768,5,5,28,730,1,1,1,1,4552500,485700,2,2,2,0,1,1,0,75,1,0,1,0,0,0,0,3,1
200500026769,5,5,27,2000,1,1,7,2,4553500,484800,3,2,2,0,1,3,0,60,1,0,1,0,1,0,0,2,1
200500026770,5,5,5,1845,1,1,1,7,4835800,-437000,4,2,2,0,1,2,0,60,1,0,1,0,0,0,2,0,1
200500026771,5,5,21,1330,1,1,1,1,4838000,-427200,2,3,4,0,3,2,0,60,1,0,1,0,0,0,0,2,1
200500026772,5,5,21,1015,1,1,1,6,4836400,-425600,4,2,2,0,2,0,0,30,1,0,1,0,1,0,0,1,1
200500026774,5,5,5,1600,1,1,1,3,4912600,253300,2,2,3,0,1,1,0,120,1,5,1,0,3,1,0,0,1
200500026779,5,5,16,615,2,1,1,2,5006000,287400,1,3,3,0,1,1,10,130,1,0,1,0,1,0,1,1,1
200500026780,5,5,18,1700,1,1,1,6,5007800,287100,1,3,3,0,0,1,0,0,1,0,1,0,0,0,0,1,1
200500026781,5,5,30,2100,1,1,1,6,5007900,288300,1,3,3,0,1,1,0,0,1,0,1,0,0,0,0,1,1
200500026792,5,5,15,830,1,1,1,6,4347600,656700,1,3,0,0,0,1,25,105,1,0,1,0,0,0,1,0,1
200500026798,5,5,25,2100,1,1,1,6,4934100,36600,1,1,1,0,1,4,0,0,1,3,3,0,1,0,0,1,1
200500026804,5,5,15,1530,1,1,1,1,4740800,487600,3,2,2,0,0,2,0,61,1,2,3,0,1,0,0,1,1
200500026806,5,5,31,1200,1,1,1,3,4737000,479700,3,2,2,0,1,1,0,0,1,0,1,0,0,0,0,2,1
200500026809,5,5,26,630,1,9,1,6,5011900,307800,1,1,0,0,1,1,30,90,1,0,1,0,0,0,1,1,1
200500026813,5,5,31,830,1,1,1,3,4810100,-88500,3,2,0,0,1,1,0,67,1,0,1,0,1,0,1,0,1
200500026814,5,5,29,2130,3,1,3,2,4955500,125000,1,3,2,0,1,1,20,70,2,0,1,0,1,0,0,1,1
200500026825,5,5,21,800,1,1,1,1,4736500,104000,3,2,2,0,1,1,0,52,1,0,1,0,0,1,0,1,1
200500026828,5,5,14,2015,2,1,2,6,4550300,692800,4,2,2,0,1,2,0,60,2,0,0,0,0,0,2,0,1
200500026829,5,5,28,115,3,1,1,2,4355100,518500,2,2,2,0,1,1,0,80,1,0,1,0,1,0,0,1,1
200500026838,5,5,28,1500,1,1,1,2,4536000,551000,1,3,2,0,4,1,10,100,1,0,1,0,2,0,0,1,1
200500026839,5,5,28,1615,1,1,1,7,4554000,539000,1,3,2,3,2,2,15,114,1,0,0,0,0,0,0,1,1
200500026843,5,5,23,730,1,3,1,1,4759800,137100,3,2,2,0,1,1,0,60,1,5,1,0,1,0,0,1,1
200500026844,5,5,27,2245,3,1,1,1,4761900,138800,3,2,2,0,1,1,0,60,1,0,1,0,1,0,1,0,1
200500026847,5,5,25,1645,1,9,1,1,4840700,-473500,4,2,2,0,1,1,0,0,1,0,1,0,1,0,0,1,1
200500026852,5,5,24,1115,1,1,1,1,4363600,-139100,1,2,2,0,1,1,30,70,1,0,2,0,1,0,1,1,1
200500026853,5,5,30,130,3,1,2,5,4345600,-153400,1,3,2,0,2,3,10,72,2,0,1,0,6,0,1,2,1
200500026855,5,5,30,1115,1,1,1,7,4920000,412300,1,3,0,0,1,1,25,72,1,0,1,0,0,0,1,1,1
200500026856,5,5,13,1145,1,1,1,2,4856100,222500,2,3,0,0,1,1,75,0,1,0,1,0,1,0,0,1,1
200500026860,5,5,24,1400,1,1,1,3,4503400,597500,3,0,2,0,2,1,0,0,1,0,1,0,0,0,0,1,1
200500026863,5,5,7,800,1,1,1,3,4717000,63000,1,3,2,0,1,1,28,200,1,0,0,0,1,0,2,0,1
200500026877,5,5,4,30,3,1,1,6,4328600,-20400,1,0,2,3,1,1,0,0,1,0,2,0,2,1,0,0,1
200500026887,5,5,6,1145,1,1,1,5,4461700,-102700,1,1,2,0,1,1,10,105,1,0,1,0,2,0,0,1,1
200500026888,5,5,23,1315,1,1,1,7,4593000,675000,2,1,2,0,0,2,0,60,2,1,0,0,2,0,0,1,1
200500026889,5,5,30,130,3,1,1,6,4592500,673100,2,1,2,0,2,2,75,0,0,0,3,0,0,0,2,1,1
200500026904,5,5,17,1230,1,1,2,1,4385700,132000,1,1,3,0,0,1,30,105,2,0,1,0,2,0,1,0,1
200500026909,5,5,11,1730,1,1,1,1,4521300,577600,4,2,2,1,1,0,0,65,1,0,1,0,1,0,0,1,1
200500026917,5,5,14,300,1,1,1,2,4512300,-48500,1,3,2,0,1,1,30,70,1,0,1,0,2,0,0,1,1
200500026919,5,5,14,100,3,1,1,1,4854500,-298200,3,2,1,1,1,1,0,67,2,0,1,0,1,1,0,0,1
200500026922,5,5,5,100,3,1,1,3,4584000,503500,1,1,2,0,4,1,111,81,1,0,1,0,1,0,1,0,1
200500026924,5,5,31,600,1,1,1,6,4590700,523000,1,3,2,0,1,1,25,70,1,2,3,0,0,0,1,0,1
200500026925,5,5,3,1100,1,1,1,6,4919600,401400,2,2,2,0,1,1,0,77,1,0,0,0,0,0,1,0,1
200500026926,5,5,10,845,1,6,1,2,4921400,414600,2,0,2,0,0,0,0,0,1,5,1,0,1,0,0,1,1
200500026927,5,5,24,1745,1,1,1,7,4915900,415500,3,2,2,0,2,2,0,60,1,0,1,0,0,0,1,0,1
200500026928,5,5,27,1930,1,1,1,3,4923200,410100,2,3,2,0,1,1,20,70,1,0,1,0,1,0,0,1,1
200500026929,5,5,20,1030,1,1,1,6,4797800,514000,1,3,2,0,1,1,15,95,1,0,2,0,0,0,0,2,1
200500026930,5,5,31,1600,1,1,1,7,4794400,519800,1,3,0,0,0,1,0,105,0,0,1,0,0,0,0,1,1
200500026931,5,5,3,1745,1,1,1,3,4850400,-285100,3,2,0,0,3,1,0,0,1,0,1,0,1,1,0,0,1
200500026932,5,5,28,1400,1,1,1,3,5064600,227200,1,3,0,0,1,1,15,160,1,0,1,0,1,0,0,3,1
200500026933,5,5,20,730,1,9,1,1,4355800,133500,3,2,0,1,1,1,0,61,1,0,1,0,1,0,1,0,1
200500026936,5,5,22,1600,1,1,1,3,4545500,477300,3,2,0,0,1,0,0,60,1,0,1,0,1,0,0,1,1
200500026938,5,5,27,615,2,1,1,2,4604600,624900,2,2,2,0,3,2,0,72,1,2,1,0,0,1,2,0,1
200500026941,5,5,14,930,1,1,3,6,4355600,524400,3,2,0,0,0,1,0,0,2,5,3,0,0,0,0,1,1
200500026945,5,5,13,1430,5,1,2,6,4908600,231400,2,3,4,0,1,1,2,150,2,0,1,0,1,1,0,0,1
200500026946,5,5,16,1030,1,1,1,6,4988000,156600,1,3,2,0,2,1,20,70,1,2,3,0,0,0,2,0,1
200500026947,5,5,1,1830,1,1,1,3,4764000,-268300,3,2,2,0,0,1,0,66,1,0,1,0,1,0,0,1,1
200500026948,5,5,16,1400,1,1,1,2,4765400,-271600,3,2,2,0,1,1,0,66,1,0,1,0,1,0,1,0,1
200500026949,5,5,28,2030,1,1,1,7,4754800,-272500,4,0,1,0,1,1,0,35,1,0,1,0,0,0,1,0,1
200500026950,5,5,28,1500,1,1,1,3,4754300,-273800,3,3,0,0,1,1,0,0,0,0,1,0,1,0,1,0,1
200500026957,5,5,18,1800,1,2,1,1,4848500,-274900,3,2,0,0,1,1,0,0,0,5,1,0,1,0,1,0,1
200500026958,5,5,3,800,1,1,1,2,4934600,-52700,3,2,0,0,0,1,0,60,1,0,1,0,2,0,0,1,1
200500026959,5,5,12,2015,2,1,1,7,4362000,502700,3,2,0,0,0,3,0,70,1,0,1,0,1,0,1,1,1
200500026961,5,5,16,1215,1,1,1,6,4795400,-1100,1,3,2,3,1,1,15,70,1,0,1,0,0,0,0,1,1
200500026962,5,5,28,1700,1,9,1,2,4853000,759700,2,2,2,0,1,1,0,0,1,5,1,0,1,0,0,1,1
200500026963,5,5,30,830,1,9,2,6,4852600,768600,3,2,2,0,4,1,0,0,2,1,1,0,0,0,0,1,1
200500026964,5,5,18,830,1,1,8,6,4863800,775400,3,0,3,0,1,1,0,58,2,0,1,0,1,0,0,1,1
200500026965,5,5,9,615,1,1,1,6,4323600,-1900,1,1,0,0,4,3,10,190,1,0,1,0,3,0,0,1,1
200500026968,5,5,19,1645,1,1,1,6,4563600,529100,9,2,0,0,2,2,0,50,1,0,3,0,0,0,0,1,1
200500026969,5,5,15,300,3,1,1,7,4723600,527500,1,3,0,0,1,1,35,70,1,0,3,0,0,0,0,1,1
200500026971,5,5,4,915,1,2,1,3,4366000,544000,3,2,2,0,1,1,0,63,1,0,1,0,2,0,0,1,1
200500026972,5,5,12,1215,1,1,8,1,4360000,548000,2,2,0,0,1,1,0,70,1,0,1,0,1,0,0,1,1
200500026975,5,5,21,800,1,1,3,7,4872500,788100,1,3,2,0,1,0,0,0,2,0,1,0,0,0,1,0,1
200500026976,5,5,21,700,2,1,8,7,4880400,427900,1,1,0,0,1,1,0,0,2,0,1,0,2,0,0,2,1
200500026977,5,5,6,1800,1,1,1,6,5092100,171900,3,2,2,0,1,3,59,0,1,0,1,0,2,0,0,1,1
200500026983,5,5,1,1615,1,1,1,6,4823900,338500,1,3,0,0,2,1,30,70,1,0,3,0,4,0,0,1,1
200500026984,5,5,1,2100,3,1,1,7,4824200,337500,1,3,2,0,1,1,10,68,1,0,0,0,2,0,0,2,1
200500026985,5,5,5,1030,1,1,1,7,4825200,352400,1,3,2,0,0,1,30,70,1,0,2,0,0,0,0,1,1
200500026988,5,5,5,1415,1,1,2,7,4337600,127600,1,3,3,3,1,1,20,90,2,0,1,0,1,0,0,1,1
200500026989,5,5,23,1115,1,1,1,5,4352000,137000,1,1,0,0,2,3,0,90,1,3,1,0,3,0,0,1,1
200500026990,5,5,24,715,1,1,1,6,4350000,134000,1,3,0,3,1,1,20,90,1,0,1,0,0,0,0,1,1
200500026991,5,5,16,1445,1,1,1,6,4948200,26700,1,3,2,0,1,3,10,147,1,3,1,0,0,0,0,1,1
200500026993,5,5,28,1330,1,1,1,7,4607500,649700,3,2,0,0,1,1,0,70,1,2,3,0,0,0,1,0,1
200500026995,5,5,15,1545,1,1,1,7,5004000,202700,1,3,2,0,1,1,0,72,1,2,1,0,0,0,2,0,1
200500027001,5,5,6,1215,1,1,1,6,4481000,150000,1,3,0,0,1,1,15,90,1,0,3,0,0,0,1,0,1
200500027003,5,5,30,2245,3,1,1,7,4362700,363100,2,3,0,0,1,1,30,70,1,0,1,0,0,0,0,1,1
200500027004,5,5,9,1100,1,1,1,1,4872000,209000,3,2,2,0,2,3,62,0,0,0,1,0,1,0,0,1,1
200500027005,5,5,29,945,1,1,1,7,4874400,204300,3,2,0,0,1,2,0,71,1,0,1,0,0,0,0,1,1
200500027007,5,5,25,745,1,1,1,1,4809900,-7000,4,2,1,0,1,0,0,30,1,0,1,0,1,0,1,0,1
200500027008,5,5,28,1815,1,1,1,3,4816600,2700,4,2,1,0,4,4,0,44,1,0,1,0,1,0,1,0,1
200500027010,5,5,14,1230,1,3,2,3,4889400,768000,4,2,0,0,1,1,0,50,2,0,1,0,1,0,1,0,1
200500027012,5,5,25,1145,1,1,1,6,4891000,765600,3,0,2,0,1,1,0,70,1,0,1,0,1,0,1,0,1
200500027014,5,5,23,1730,1,1,1,3,4377500,447400,2,2,2,3,0,2,0,110,1,5,1,0,0,0,2,1,1
200500027018,5,5,5,630,1,2,1,3,4385800,476900,3,2,2,0,1,1,0,80,1,5,1,0,0,0,1,2,1
200500027019,5,5,7,2115,5,1,1,1,4390500,476400,3,2,2,0,1,1,0,63,1,0,1,0,1,0,0,1,1
200500027020,5,5,11,1415,1,1,1,3,4391600,480800,2,1,0,0,1,2,0,67,1,0,1,0,1,0,1,0,1
200500027025,5,5,17,1300,1,2,1,3,4955100,126700,3,2,2,0,1,1,0,50,1,0,1,0,2,0,0,2,1
200500027026,5,5,22,2100,2,1,1,6,4948000,140400,3,2,2,0,1,2,0,25,2,0,3,0,0,0,1,0,1
200500027028,5,5,19,815,1,3,1,3,4337800,-59800,3,2,2,2,1,2,0,120,1,5,1,0,1,1,1,1,1
200500027031,5,5,19,2045,1,3,1,3,4727600,582500,3,2,3,0,1,2,0,112,1,5,1,0,1,1,0,0,1
200500027035,5,5,1,1815,1,9,1,3,4910000,220400,3,2,2,0,1,3,60,60,1,0,1,0,1,0,0,1,1
200500027036,5,5,27,1845,1,1,7,6,4913100,217500,3,2,2,0,4,2,0,0,1,0,0,0,1,0,0,1,1
200500037581,5,6,16,1515,1,1,1,3,5053500,293900,3,2,2,0,1,1,0,62,1,0,1,0,1,1,0,0,1
200500037582,5,6,4,1015,1,1,2,6,5053500,280300,2,1,2,0,1,1,0,50,2,0,1,0,1,0,1,0,1
200500037583,5,6,13,1300,1,8,1,3,5055100,287700,4,2,2,0,1,1,0,64,1,4,1,0,1,1,0,0,1
200500037584,5,6,18,1030,1,1,1,1,5053500,281900,3,2,0,0,1,1,0,60,1,5,1,0,2,0,0,1,1
200500037585,5,6,20,1945,1,1,1,1,5059100,289000,3,2,0,0,1,1,0,85,1,0,1,0,1,0,1,0,1
200500037586,5,6,21,930,1,1,1,2,5060500,284400,3,2,2,0,1,1,0,65,1,0,1,0,1,0,0,1,1
200500037587,5,6,24,2045,1,1,1,7,5058200,290400,3,2,2,0,1,2,0,74,1,0,1,0,0,1,0,0,1
200500037591,5,6,2,1300,1,1,1,6,5055900,314000,9,1,1,0,1,0,0,0,1,0,1,0,0,0,1,0,1
200500037596,5,6,28,1715,1,3,1,3,5048900,304700,3,0,3,0,1,1,0,0,1,0,1,0,1,1,0,0,1
200500037597,5,6,4,2045,1,1,1,7,5090900,222100,3,2,2,0,1,1,0,60,1,0,3,0,0,0,2,0,1
200500037599,5,6,8,1930,1,1,1,3,5091000,245000,3,2,0,0,1,1,0,70,1,0,1,0,0,0,1,1,1
200500037600,5,6,10,1300,1,1,1,3,5087000,247000,3,2,2,0,1,1,120,0,1,0,1,0,2,0,0,2,1
200500037601,5,6,8,1200,1,1,1,6,5086000,235000,4,2,0,0,1,1,0,54,1,0,1,0,0,0,0,1,1
200500037602,5,6,17,1630,1,1,1,5,5087000,242000,3,2,0,0,1,1,0,68,1,0,1,0,1,0,0,3,1
200500037604,5,6,13,2030,1,3,1,3,5080300,269400,3,2,2,0,1,0,0,0,1,5,1,0,2,0,0,1,1
200500037605,5,6,4,1845,1,1,1,6,5065000,272000,3,0,2,0,0,0,0,0,0,0,0,0,2,0,0,1,1
200500037606,5,6,27,1400,1,1,1,3,5069400,271400,3,2,0,0,1,1,0,83,1,0,1,0,1,0,0,1,1
200500037608,5,6,25,815,1,1,1,7,5078900,256400,3,0,2,0,1,1,0,75,1,0,3,0,0,0,1,0,1
200500037609,5,6,15,1715,1,1,1,1,5061800,324600,3,2,2,0,1,1,0,0,1,0,1,0,0,0,4,2,1
200500037610,5,6,20,1715,1,1,1,3,5068200,299500,2,2,2,0,1,1,0,63,1,0,1,0,1,0,1,0,1
200500037613,5,6,9,1745,1,1,7,1,5013000,369000,3,2,0,0,1,1,0,0,1,0,1,0,1,0,1,0,1
200500037614,5,6,12,2345,3,1,1,7,5002700,409600,3,2,2,0,1,2,0,65,1,0,1,0,0,1,0,0,1
200500037617,5,6,19,1745,1,1,1,6,5017600,346100,3,0,1,0,1,2,0,0,1,0,1,0,0,0,1,0,1
200500037622,5,6,24,1330,1,1,1,1,5031800,371400,3,2,0,0,1,1,50,0,1,0,1,0,1,0,1,0,1
200500037623,5,6,12,1145,1,1,1,3,5016900,402800,3,2,0,0,1,1,0,70,1,0,1,0,1,0,1,0,1
200500037624,5,6,18,2000,1,1,1,1,5011400,279600,3,2,2,0,1,2,0,52,1,0,1,0,1,0,1,0,1
200500037625,5,6,10,1015,1,4,1,3,5019000,274000,3,2,0,0,1,1,0,65,1,0,1,0,0,0,1,1,1
200500037626,5,6,17,2330,3,1,1,6,5031200,263700,3,2,2,0,1,3,0,70,1,0,3,0,0,0,1,0,1
200500037627,5,6,4,1215,1,1,1,3,5021300,309400,3,4,2,0,1,1,0,30,1,5,1,0,1,0,2,0,1
200500037628,5,6,7,1445,1,1,1,6,5018500,246500,2,2,0,0,1,1,0,0,1,0,3,0,0,0,2,0,1
200500037629,5,6,12,2245,3,1,1,1,5026400,302100,3,2,2,0,1,3,0,66,1,0,1,0,0,0,3,0,1
200500037631,5,6,12,1445,1,1,1,3,5063400,280000,3,2,0,0,1,4,0,60,1,0,1,0,1,0,1,0,1
200500037635,5,6,12,400,5,1,1,6,5067200,184800,3,2,0,0,1,1,0,70,1,0,1,0,0,0,0,1,1
200500037639,5,6,7,845,1,1,1,3,5063300,162300,3,0,0,0,1,1,0,50,1,0,1,0,1,0,0,1,1
200500037640,5,6,4,2200,2,1,1,3,5046400,172100,3,2,0,0,0,1,0,55,1,0,1,0,2,0,1,0,1
200500037641,5,6,13,900,1,9,1,1,5050500,169200,2,2,0,0,0,1,70,70,1,0,0,0,1,0,1,0,1
200500037642,5,6,11,2000,1,1,1,1,5044800,162000,4,2,2,0,1,3,0,43,1,0,1,0,1,0,1,0,1
200500037643,5,6,2,1815,1,1,1,6,5054700,166200,3,2,0,0,0,1,0,59,1,0,1,0,1,0,1,0,1
200500037644,5,6,24,1125,1,1,1,2,5038000,200700,3,2,0,0,1,1,0,70,1,0,1,0,1,0,1,0,1
200500037646,5,6,7,2315,3,1,1,3,5077400,197100,3,2,2,0,3,2,0,60,1,0,1,0,1,0,0,1,1
200500037647,5,6,11,1415,1,1,1,3,5088400,208700,3,2,0,0,1,1,0,67,1,0,1,0,1,0,1,0,1
200500037650,5,6,7,1730,1,1,1,6,5035600,260300,3,2,2,0,1,1,50,0,1,0,1,0,1,0,0,1,1
200500037652,5,6,24,2145,3,1,1,7,5042000,205200,3,2,0,0,1,2,0,78,1,0,3,0,2,0,1,0,1
200500037653,5,6,2,930,1,1,1,3,4986000,258000,3,2,2,0,1,1,0,0,1,0,1,0,1,0,1,0,1
200500037654,5,6,6,1015,1,1,1,1,4990600,199100,3,2,2,0,3,1,71,0,1,0,1,0,0,0,0,2,1
200500037655,5,6,19,1730,1,1,1,6,4992500,167600,3,2,0,0,1,1,0,57,1,0,0,0,2,0,0,1,1
200500037660,5,6,24,1330,1,2,1,3,4996400,227500,3,2,0,0,1,1,0,65,1,0,1,0,3,1,0,0,1
200500037662,5,6,9,1730,1,1,1,6,5001000,190000,3,2,1,0,1,1,0,60,1,0,1,0,0,0,1,0,1
200500037664,5,6,12,1830,1,1,1,3,5005000,205000,2,0,2,0,2,1,35,115,0,0,1,0,1,0,0,2,1
200500037665,5,6,15,2145,1,1,8,6,5014000,198000,3,2,2,0,1,2,0,62,2,0,3,0,1,0,0,1,1
200500037667,5,6,11,1145,1,1,1,3,5009000,155000,3,2,0,0,1,1,0,66,1,0,1,0,1,0,1,0,1
200500037668,5,6,18,1645,1,1,1,6,5008400,165800,3,2,2,0,1,2,0,70,1,0,3,0,0,0,0,1,1
200500037669,5,6,19,1645,1,1,1,2,5032500,161800,3,2,0,0,1,1,0,70,1,0,1,0,0,0,0,2,1
200500037671,5,6,23,945,1,3,1,3,5020500,175500,3,2,0,0,1,1,0,64,1,0,1,0,1,0,0,1,1
200500037672,5,6,26,1630,1,2,1,1,5014400,152000,3,2,2,0,1,1,0,68,1,0,1,0,2,0,0,1,1
200500037673,5,6,10,1645,1,1,1,3,5008800,239400,3,2,2,0,0,1,0,0,1,0,1,0,0,0,0,2,1
200500037677,5,6,7,2315,5,1,1,6,4975300,255300,3,2,0,0,1,3,0,60,1,0,4,0,0,0,0,1,1
200500037678,5,6,17,1830,1,1,1,7,4969900,237300,3,2,2,0,1,2,0,50,1,0,3,0,0,0,1,0,1
200500037681,5,6,30,745,1,1,1,2,4977900,260400,3,3,0,0,1,1,50,75,1,0,3,0,1,0,0,1,1
200500037684,5,6,12,1000,1,1,1,2,4999900,291100,2,2,0,0,0,1,70,0,1,0,1,0,1,0,0,1,1
200500037685,5,6,18,1445,1,9,1,3,4993500,293400,2,2,0,0,1,1,0,0,1,0,1,0,1,0,0,2,1
200500037688,5,6,1,1530,1,1,1,1,4998400,262300,3,2,2,0,1,1,0,67,1,5,1,0,2,0,0,1,1
200500037689,5,6,7,1315,1,1,1,1,5003000,261600,4,2,0,0,1,2,0,50,1,0,1,0,1,0,0,1,1
200500037692,5,6,24,1745,1,1,1,2,4975600,289300,3,2,2,0,0,1,0,70,2,0,1,0,1,0,0,1,1
200500037693,5,6,18,115,3,1,1,6,4958800,356600,2,2,2,0,1,1,0,82,1,0,1,0,1,1,0,0,1
200500037696,5,6,28,1830,1,1,1,6,4955700,316900,3,2,2,0,1,1,0,60,1,0,3,0,0,0,0,1,1
200500037697,5,6,27,1615,1,1,1,6,4942000,380600,3,2,2,0,0,2,0,0,1,0,3,0,0,0,1,0,1
200500037698,5,6,13,2115,2,1,1,7,4951400,385700,3,2,2,0,1,1,0,60,1,0,3,0,0,0,1,0,1
200500037699,5,6,24,1700,1,1,1,3,4959700,390100,4,2,0,0,1,3,0,51,1,0,1,0,1,0,0,1,1
200500037702,5,6,17,1330,1,1,8,2,4895600,355100,3,2,2,0,4,1,0,58,1,5,1,0,1,0,0,1,1
200500037708,5,6,10,1745,1,1,1,2,4988000,326900,2,2,2,0,1,1,0,72,1,0,1,0,4,0,0,1,1
200500037709,5,6,13,1915,2,1,1,3,4992700,336600,3,2,2,0,1,1,0,0,1,5,1,0,1,0,0,1,1
200500037710,5,6,23,1400,1,1,7,3,5003200,336800,9,2,0,0,1,1,0,65,1,0,1,0,1,1,0,0,1
200500037711,5,6,19,145,3,1,1,7,4972300,327700,3,3,4,0,1,1,0,80,1,0,1,0,0,0,1,1,1
200500037714,5,6,6,1615,1,1,1,3,4938000,367000,3,2,2,0,1,1,0,52,1,5,1,0,1,1,1,0,1
200500037717,5,6,18,1830,1,1,1,3,4975400,390400,3,2,2,0,4,0,0,57,8,0,1,3,2,0,0,1,1
200500037718,5,6,17,1930,1,2,1,1,4990000,388000,3,2,2,0,1,3,0,70,1,5,1,0,3,1,1,0,1
200500037719,5,6,22,415,2,1,1,1,4996900,383800,2,2,2,0,1,1,0,76,1,0,1,0,1,1,0,0,1