Num_Acc,an,mois,jour,hrmn,lum,int,atm,col,lat,long,catr,circ,nbv,vosp,prof,plan,lartpc,larrout,surf,infra,situ,env1,unscathed,killed,hospital,light,chance
200500038628,5,6,13,1645,1,1,2,3,4604100,449100,3,2,2,2,1,1,0,66,2,0,1,0,1,0,0,2,1
200500038629,5,6,22,1900,1,1,1,1,4609700,432200,4,2,1,0,1,2,0,43,1,0,1,0,1,0,1,0,1
200500038632,5,6,15,2200,2,1,1,1,4624800,530900,3,2,0,0,0,3,0,57,1,0,1,0,1,1,0,1,1
200500038635,5,6,16,2000,1,1,1,1,4641200,491900,4,2,0,0,1,2,0,37,1,0,1,0,0,0,1,1,1
200500038637,5,6,15,645,2,2,9,3,4639300,501900,3,2,0,0,1,1,0,65,1,0,1,0,1,0,1,0,1
200500038638,5,6,3,1545,1,1,1,4,4605000,533700,2,2,2,0,1,1,0,70,1,2,1,0,2,0,0,2,1
200500038639,5,6,3,1000,1,1,1,1,4612000,545200,9,2,2,0,1,2,0,46,1,0,1,0,0,0,0,2,1
200500038645,5,6,27,1015,1,1,1,5,4633700,488700,3,2,2,0,1,1,60,0,1,0,1,0,1,0,1,2,1
200500038646,5,6,27,1830,1,1,1,3,4630100,491900,3,2,0,0,2,1,60,0,1,5,1,0,1,0,0,1,1
200500038650,5,6,10,815,3,1,1,7,4586500,579100,3,0,2,0,2,2,0,65,1,0,0,0,0,0,0,1,1
200500038651,5,6,19,1745,1,1,1,3,4582600,564000,3,4,3,0,1,1,0,202,1,5,1,0,4,0,2,0,1
200500038658,5,6,6,1915,1,1,1,1,4602000,532600,4,2,1,0,0,3,0,38,1,0,1,0,0,0,0,2,1
200500038661,5,6,13,2045,1,1,1,7,4585900,543400,3,2,0,0,2,2,0,0,1,0,1,0,1,0,1,0,1
200500038666,5,6,17,2345,5,1,1,1,4614500,563300,2,2,2,0,2,1,0,58,1,0,1,0,3,0,0,1,1
200500038669,5,6,25,45,3,1,5,7,4632500,595600,3,2,0,0,1,0,0,40,6,0,3,0,0,0,0,1,1
200500038672,5,6,22,1000,1,1,7,3,4592200,481600,3,2,2,0,1,1,0,70,1,0,1,0,1,0,0,1,1
200500038676,5,6,5,600,2,1,1,6,4618000,506500,3,0,2,0,1,1,0,0,1,0,1,0,0,1,0,1,1
200500038678,5,6,19,1645,1,1,1,3,4593100,504200,3,2,2,0,2,1,0,0,1,0,1,0,3,0,1,0,1
200500038684,5,6,21,1000,1,2,1,3,4609200,476900,3,2,2,0,3,1,0,80,1,5,1,0,1,0,1,0,1
200500038688,5,6,4,2330,3,1,1,1,4447700,468800,2,2,1,0,1,1,0,60,1,0,1,0,1,0,0,1,1
200500038690,5,6,22,945,1,1,1,1,4482900,479800,3,2,0,0,1,1,0,0,1,0,1,0,0,0,2,1,1
200500038691,5,6,21,1415,1,1,1,1,4450900,430700,3,2,0,0,1,1,0,104,1,0,0,0,0,0,1,1,1
200500038693,5,6,28,145,3,1,1,7,4452500,433600,3,2,2,0,1,2,0,75,1,0,1,0,0,1,0,0,1
200500038694,5,6,10,1645,1,1,1,3,4467800,409700,2,2,3,0,2,3,0,117,1,0,1,0,3,0,1,0,1
200500038695,5,6,18,1300,1,1,1,7,4485600,419000,4,2,0,0,0,1,0,0,9,0,1,0,0,0,1,0,1
200500038696,5,6,19,1730,1,1,1,1,4476000,397300,2,2,2,0,0,1,0,70,1,0,1,0,1,0,1,0,1
200500038697,5,6,12,1530,1,1,1,6,4466000,431000,2,2,2,0,1,1,0,71,1,0,1,0,1,0,0,3,1
200500038698,5,6,13,415,3,1,2,6,4469000,428000,3,2,2,0,1,3,0,53,2,0,1,0,0,0,1,0,1
200500038699,5,6,17,1500,1,1,1,2,4474000,416000,3,2,2,0,2,2,0,40,1,0,1,0,0,0,2,0,1
200500038700,5,6,19,1600,1,1,7,6,4465000,430000,2,2,2,0,1,4,0,70,1,0,3,0,1,0,1,0,1
200500038702,5,6,25,1815,1,1,7,6,4467000,421000,2,2,0,0,1,1,0,70,1,0,3,0,0,0,0,2,1
200500038703,5,6,10,1530,1,1,1,7,4436600,437100,3,2,2,0,0,2,0,60,1,0,3,0,0,0,2,1,1
200500038705,5,6,3,1700,1,1,1,7,4486500,427400,3,2,0,0,2,2,0,60,1,0,3,0,1,0,1,0,1
200500038707,5,6,19,1045,1,1,1,7,4517200,476400,3,2,0,0,4,1,0,0,1,0,1,0,0,0,1,0,1
200500038708,5,6,19,1300,1,1,1,7,4511300,447000,4,2,0,0,0,2,0,0,9,0,3,0,0,0,1,1,1
200500038709,5,6,25,1300,1,1,1,1,4518900,465600,4,2,2,0,2,3,0,31,1,0,1,0,1,0,1,0,1
200500038716,5,6,8,745,2,1,1,1,4487100,495700,3,2,2,0,1,1,0,45,1,0,1,0,1,0,1,0,1
200500038718,5,6,14,1415,1,1,1,7,4464000,542700,3,2,2,0,1,1,0,73,1,0,1,0,1,0,0,1,1
200500038720,5,6,30,1645,1,1,1,1,4462700,476300,2,2,3,0,1,1,0,102,1,0,1,0,0,0,2,0,1
200500038733,5,6,20,745,1,1,1,1,4527200,591100,3,2,2,0,1,1,0,73,1,0,1,0,0,1,0,1,1
200500038736,5,6,3,1030,1,1,1,3,4543500,600400,3,2,2,0,1,1,0,70,1,5,1,0,1,0,1,0,1
200500038737,5,6,8,1930,1,1,1,3,4543600,600400,3,2,2,0,1,1,0,70,1,5,1,0,4,0,1,0,1
200500038742,5,6,4,1730,1,1,1,3,4484100,587900,2,2,0,0,1,3,60,80,1,5,1,0,1,0,0,2,1
200500038743,5,6,13,1500,1,1,1,6,4490300,590300,3,2,0,0,1,1,0,54,1,0,1,0,0,1,0,1,1
200500038747,5,6,11,1745,1,9,1,6,4505300,570700,3,2,2,0,1,4,0,70,1,5,1,0,0,1,0,0,1
200500038751,5,6,22,1115,1,1,1,3,4514000,529400,2,2,2,0,1,1,0,85,1,5,1,0,1,0,1,0,1
200500038752,5,6,30,1000,1,1,1,3,4512300,528500,4,2,2,0,4,1,0,0,1,0,1,0,1,0,0,1,1
200500038753,5,6,30,1830,1,1,9,6,4508100,527700,4,2,0,0,0,3,0,33,1,0,1,0,0,0,1,1,1
200500038755,5,6,5,1815,1,3,1,1,4534300,518300,3,2,2,0,1,1,0,60,1,0,1,0,1,0,1,0,1
200500038756,5,6,2,1900,1,1,1,1,4522400,534700,3,2,2,0,1,1,0,65,1,0,1,0,1,0,0,1,1
200500038757,5,6,14,1630,1,2,2,3,4518700,540800,4,2,2,0,1,1,0,40,2,0,1,0,1,0,0,1,1
200500038758,5,6,22,930,1,1,1,2,4564600,538600,3,2,2,0,1,3,0,65,1,0,1,0,1,0,0,1,1
200500038759,5,6,8,1330,1,2,1,3,4572300,522800,3,2,0,0,1,3,0,0,1,0,1,0,0,0,4,0,1
200500038760,5,6,1,2330,5,1,1,6,4582100,541100,3,2,0,0,0,3,0,50,0,0,0,0,1,0,0,1,1
200500038761,5,6,12,115,3,1,1,6,4571900,540000,3,2,2,0,0,3,0,70,1,0,3,0,0,0,1,0,1
200500038762,5,6,23,1400,1,1,1,7,4582000,539700,3,0,0,0,1,3,80,0,0,0,3,0,0,0,0,1,1
200500038763,5,6,29,1830,1,1,2,6,4576800,540400,2,2,2,0,1,3,0,0,2,0,3,0,0,0,0,1,1
200500038764,5,6,10,2000,1,1,1,1,4564000,556100,9,0,0,0,2,2,0,47,1,0,1,0,1,0,1,0,1
200500038765,5,6,12,1915,1,1,1,1,4559200,561100,3,2,2,0,1,1,0,60,1,0,1,0,1,0,0,1,1
200500038766,5,6,14,845,1,1,2,7,4572200,542300,2,2,0,0,1,4,0,0,2,0,3,0,0,0,1,0,1
200500038767,5,6,11,1230,1,1,1,3,4550400,559400,2,2,2,0,4,1,0,70,0,0,1,0,1,1,0,0,1
200500038768,5,6,28,700,1,1,1,3,4558000,560400,3,0,2,0,1,1,0,0,1,0,1,0,1,0,0,1,1
200500038771,5,6,2,1700,1,1,1,5,4549700,482900,3,2,2,0,1,1,0,70,0,0,1,0,3,0,1,0,1
200500038775,5,6,13,1400,1,1,1,2,4539800,526100,3,2,2,0,2,2,10,40,1,0,1,0,1,0,1,0,1
200500038777,5,6,18,230,3,2,1,3,4540400,521200,3,2,2,0,0,1,0,63,1,0,1,0,1,0,1,0,1
200500038779,5,6,12,1600,1,1,1,6,4542200,514700,4,1,1,0,1,1,0,40,1,0,1,0,0,0,0,2,1
200500038780,5,6,27,2030,1,1,1,3,4545700,529100,2,2,2,0,1,1,0,70,1,5,1,0,0,0,0,2,1
200500038783,5,6,26,2015,1,1,1,3,4550400,530200,2,2,2,0,1,1,0,65,1,0,1,0,1,1,0,0,1
200500038785,5,6,5,1230,1,6,1,1,4577000,519700,3,2,0,2,1,4,0,70,1,0,5,3,1,0,0,1,1
200500038786,5,6,17,1615,1,1,1,1,4534000,477800,3,2,2,0,1,1,0,60,1,0,1,0,1,0,0,1,1
200500038790,5,6,29,1815,1,1,8,7,4527000,458000,4,2,2,0,2,1,0,40,2,0,3,0,0,0,1,0,1
200500038791,5,6,9,200,3,1,1,7,4551200,429700,3,2,2,0,1,2,0,59,1,2,3,0,0,0,0,1,1
200500038793,5,6,22,1845,1,1,1,6,4560700,406200,3,2,2,0,2,1,0,70,1,6,1,0,1,0,1,0,1
200500038795,5,6,23,1815,1,1,1,6,4555400,418900,3,2,2,0,0,0,0,0,1,0,1,0,0,0,0,1,1
200500038797,5,6,12,1715,1,1,1,6,4583300,386000,2,2,0,0,1,1,0,0,1,0,3,0,1,0,1,0,1
200500038799,5,6,4,1630,1,1,1,1,4548800,404300,3,2,2,0,2,4,0,63,1,0,1,0,1,0,0,3,1
200500038805,5,6,15,845,1,1,1,1,4546300,468800,3,2,1,0,2,3,0,60,1,0,1,0,1,0,1,0,1
200500038806,5,6,22,1245,1,1,1,1,4542000,468600,3,2,2,0,4,2,0,42,1,2,1,0,4,0,1,0,1
200500038809,5,6,1,1800,1,1,1,7,4598100,415000,3,2,2,0,1,4,0,60,1,0,3,0,1,0,1,1,1
200500038810,5,6,17,930,1,1,1,7,4582000,419000,9,0,0,0,4,2,35,0,1,0,1,3,0,0,1,0,1
200500038812,5,6,8,1830,1,1,7,1,4605500,394400,3,2,2,0,1,1,0,88,1,0,1,0,1,0,0,1,1
200500038813,5,6,24,1000,5,1,1,6,4610700,396100,4,2,0,0,1,1,0,61,1,0,3,0,0,0,1,0,1
200500038814,5,6,19,1830,1,1,1,7,4570000,596000,3,2,0,0,0,0,0,0,0,0,0,0,0,0,2,0,1
200500038816,5,6,28,915,1,1,1,2,4559700,605900,3,2,0,0,2,1,0,49,1,0,1,0,1,0,0,1,1
200500038817,5,6,30,915,1,1,1,3,4569700,613300,3,2,2,0,1,1,0,62,1,0,1,0,0,0,0,3,1
200500038818,5,6,12,1930,1,1,1,1,4592800,583600,3,2,2,1,1,3,0,80,1,0,1,0,1,0,1,0,1
200500038820,5,6,1,1615,1,1,1,1,4571300,573000,2,2,2,0,1,1,0,72,1,0,1,0,1,0,1,0,1
200500038824,5,6,4,1715,1,1,1,2,4565300,586100,3,2,2,0,1,1,0,63,1,0,1,0,1,0,1,0,1
200500038825,5,6,23,1130,1,3,1,3,4557900,672900,2,2,0,0,0,1,0,112,1,5,1,0,1,0,1,0,1
200500038832,5,6,2,1900,1,1,1,1,4527000,638500,2,2,0,1,1,3,0,72,1,0,1,0,1,0,1,0,1
200500038838,5,6,11,530,2,1,1,7,4609600,637900,3,2,2,0,1,0,0,0,1,0,1,0,0,0,1,0,1
200500038844,5,6,6,1630,1,1,2,3,4592300,663600,2,2,0,0,2,2,0,100,2,0,1,0,1,0,1,0,1
200500038851,5,6,30,930,1,1,1,5,4617600,631100,3,3,4,0,1,1,0,0,1,0,1,0,2,0,6,0,1
200500038853,5,6,8,1030,1,2,1,3,4603700,610200,4,2,2,0,1,1,0,81,1,5,0,0,1,0,1,1,1
200500038854,5,6,17,1600,1,1,1,1,4601400,611500,2,2,2,0,1,1,0,70,1,1,1,0,1,0,0,1,1
200500038855,5,6,18,1315,1,1,1,2,4600900,611900,2,2,2,0,1,1,0,70,1,0,1,0,1,0,1,0,1
200500038856,5,6,20,1815,1,1,1,3,4602300,608600,4,2,2,0,2,2,0,60,1,0,1,0,1,0,0,1,1
200500038858,5,6,18,1815,1,1,1,3,4595600,583900,3,2,2,0,1,1,0,53,1,0,1,0,1,0,2,2,1
200500038859,5,6,26,1530,1,1,1,6,4605500,581700,3,2,0,0,0,3,0,67,1,0,0,0,0,1,0,2,1
200500038862,5,6,10,2200,3,1,1,6,4634800,629300,3,2,2,0,1,2,0,70,1,0,3,0,0,0,0,2,1
200500038863,5,6,11,2000,1,1,7,1,4629400,634400,3,2,2,0,2,2,0,71,1,0,1,0,0,0,0,2,1
200500038865,5,6,18,1430,1,1,1,2,4633800,639200,2,2,2,0,1,1,0,80,1,0,1,0,1,0,0,1,1
200500038866,5,6,22,1730,1,1,1,1,4630000,631700,3,2,0,0,2,1,0,0,1,0,1,0,1,0,0,1,1
200500038867,5,6,24,830,1,1,7,3,4627900,624600,2,2,2,0,1,1,0,102,1,0,1,0,0,1,1,0,1
200500038868,5,6,25,130,3,1,8,5,4628500,625500,2,2,2,0,1,1,0,79,2,0,1,0,0,1,2,0,1
200500038869,5,6,10,1700,1,1,1,1,4631700,667700,3,2,2,0,1,3,0,0,1,0,1,0,1,0,0,1,1
200500038870,5,6,27,800,1,1,1,6,4630300,667400,3,2,2,0,1,2,0,63,1,0,3,0,1,0,2,0,1
200500038873,5,6,8,715,1,1,1,1,4578900,302100,3,2,2,0,2,2,0,72,1,0,1,0,0,0,4,0,1
200500038874,5,6,12,1530,1,1,1,1,4571400,307000,2,2,2,0,2,1,0,73,1,0,1,0,0,0,2,1,1
200500038875,5,6,24,1200,1,1,1,3,4571300,305800,2,2,2,0,2,2,0,83,1,0,1,0,2,0,0,1,1
200500038876,5,6,29,1945,1,1,1,3,4574400,310000,3,2,2,0,1,1,0,81,1,0,1,0,3,0,0,1,1
200500038877,5,6,1,645,2,2,1,3,4575300,332500,3,2,0,0,0,1,0,110,1,0,1,0,1,0,0,1,1
200500038883,5,6,9,2130,1,1,1,7,4569000,280000,2,2,2,0,1,1,0,0,1,0,1,0,1,0,1,0,1
200500038885,5,6,21,1145,1,1,1,5,4568900,280300,2,2,2,0,2,1,0,101,1,0,1,3,1,1,3,0,1
200500038886,5,6,11,1400,1,1,1,7,4562800,314500,3,2,2,0,2,4,0,79,0,0,0,0,0,0,1,0,1
200500038887,5,6,14,2215,2,1,1,1,4568700,296300,2,2,2,0,1,3,0,100,1,0,1,0,0,1,1,0,1
200500038889,5,6,29,915,1,1,1,6,4563600,315700,3,2,2,0,1,2,0,81,1,0,3,0,0,0,2,2,1
200500038890,5,6,21,1215,1,1,1,3,4565000,367000,3,2,0,0,1,1,0,73,1,0,1,0,0,0,2,0,1
200500038891,5,6,18,1045,1,1,1,3,4556800,316200,3,2,2,0,1,1,0,113,1,5,1,0,1,0,1,0,1
200500038892,5,6,17,1,3,1,1,6,4560900,269700,3,2,2,0,1,3,0,76,1,0,3,0,0,0,2,1,1
200500038893,5,6,18,1645,1,1,9,6,4543700,272500,3,2,2,0,0,3,0,53,9,0,3,0,0,0,1,0,1
200500038894,5,6,6,1845,1,1,2,1,4593000,283600,4,2,2,0,0,4,0,44,2,0,1,0,3,0,0,1,1
200500038895,5,6,26,600,1,1,1,7,4593200,302100,3,2,2,0,4,2,0,70,0,0,3,0,0,0,1,1,1
200500038897,5,6,12,500,2,1,1,6,4585800,317100,3,2,2,0,1,1,0,60,1,0,3,0,0,0,0,1,1
200500038898,5,6,28,1930,1,1,1,7,4592300,331400,3,2,2,0,1,2,0,50,1,0,3,0,1,0,0,1,1
200500038899,5,6,19,1645,1,1,7,1,4595000,287000,3,2,2,0,2,3,0,78,1,0,1,0,0,0,2,1,1
200500038900,5,6,20,445,3,1,1,6,4591600,289500,3,2,0,0,2,2,0,60,1,0,3,0,0,0,2,0,1
200500038902,5,6,19,2230,3,1,1,6,4617900,282300,3,2,2,0,0,1,0,62,9,0,1,0,0,0,0,1,1
200500038903,5,6,25,1800,1,1,1,5,4608700,297400,2,2,0,0,0,1,0,74,0,0,1,0,0,1,2,4,1
200500038906,5,6,28,1615,1,2,1,1,4585900,339300,3,2,0,0,1,1,0,58,1,0,1,0,1,0,0,1,1
200500038908,5,6,10,1215,1,1,1,2,4590800,333100,3,2,2,0,1,1,0,60,1,0,1,0,1,0,1,0,1
200500038909,5,6,21,1645,1,1,1,3,4594200,334300,3,2,0,0,1,1,0,0,1,0,1,0,1,0,0,1,1
200500038910,5,6,24,1830,1,1,1,5,4663300,328500,2,3,4,0,1,1,40,140,1,0,1,0,3,0,0,1,1
200500038911,5,6,18,945,1,1,1,1,4660300,351500,3,2,2,0,3,1,0,63,1,0,1,0,0,1,1,0,1
200500038913,5,6,26,1000,1,3,1,3,4659300,346700,3,2,2,0,1,1,0,63,1,5,1,0,1,0,1,0,1
200500038914,5,6,3,2330,3,1,1,6,4629000,324000,3,2,2,0,2,1,0,60,1,0,3,0,0,1,0,1,1
200500038915,5,6,15,1230,1,1,1,3,4622700,328300,2,2,2,0,1,1,0,60,1,0,1,0,1,0,2,0,1
200500038916,5,6,7,2330,3,1,1,1,4644500,315800,2,2,0,0,1,2,0,72,1,0,1,0,1,0,0,1,1
200500038917,5,6,24,1415,1,1,1,5,4641000,331000,2,2,2,0,2,1,0,90,1,0,1,0,2,0,6,0,1
200500038918,5,6,1,1600,1,1,1,6,4632300,248500,2,2,0,0,0,1,0,79,1,0,1,0,0,1,0,0,1
200500038920,5,6,15,2330,5,6,1,7,4642400,250400,3,2,0,0,0,3,0,0,1,0,1,0,0,0,0,1,1
200500038921,5,6,16,1830,1,1,1,1,4642300,230300,4,2,2,0,1,0,0,40,1,0,1,0,2,0,1,0,1
200500038922,5,6,21,1500,1,1,1,7,4642800,260500,3,2,0,0,0,1,0,52,1,0,1,0,0,0,1,0,1
200500038923,5,6,24,1915,1,1,1,6,4629400,268300,3,2,0,0,1,1,0,68,1,0,3,0,0,0,1,0,1
200500038924,5,6,25,130,3,1,1,7,4630100,265600,4,2,2,0,2,4,0,50,1,0,3,0,0,0,1,0,1
200500038930,5,6,12,1915,1,1,1,6,4634800,292800,4,2,2,0,1,1,25,0,1,0,1,0,0,0,1,0,1
200500038931,5,6,14,830,1,1,2,6,4618900,339300,3,2,0,0,1,1,0,84,2,0,1,0,1,0,0,1,1
200500038932,5,6,18,400,3,1,1,7,4618800,340300,3,2,2,0,4,2,0,100,1,0,3,0,0,1,0,0,1
200500038933,5,6,26,945,1,1,1,7,4612600,332300,9,0,0,0,0,0,0,60,9,0,0,0,0,0,1,0,1
200500038936,5,6,18,1700,1,1,1,3,4625200,363000,2,2,2,0,1,1,0,0,1,0,1,0,1,1,0,0,1
200500038937,5,6,26,430,3,1,1,6,4635700,357900,3,2,2,0,1,1,0,65,1,0,3,0,1,0,3,0,1
200500038938,5,6,21,1915,1,1,1,6,4631000,339000,4,2,2,0,1,2,0,33,1,0,3,0,0,1,0,0,1
200500038942,5,6,21,615,2,1,1,6,4531300,233300,4,2,2,0,1,1,0,40,1,0,3,0,0,0,1,0,1
200500038943,5,6,15,930,1,1,1,6,4536400,240100,3,2,2,0,1,1,0,50,1,0,1,0,1,0,1,0,1
200500038944,5,6,24,1845,1,1,1,7,4540000,235900,4,2,0,0,1,1,0,50,1,0,0,0,0,0,1,0,1
200500038945,5,6,17,1500,1,1,1,3,4492800,319500,3,2,2,0,2,3,0,0,1,0,1,0,1,0,0,1,1
200500038946,5,6,4,1715,1,1,1,7,4491100,283400,3,2,2,0,1,1,0,65,0,0,1,0,0,0,0,1,1
200500038947,5,6,17,915,1,1,1,7,4496500,292700,3,2,2,0,2,2,0,73,1,0,3,0,0,1,0,0,1
200500038948,5,6,19,2245,3,1,1,6,4500000,302100,3,0,2,0,2,1,0,77,1,0,3,0,0,0,2,0,1
200500038949,5,6,26,2100,1,1,1,7,4497800,373400,3,2,1,0,1,1,0,50,1,0,3,0,0,0,2,1,1
200500038950,5,6,27,200,3,1,1,7,4493000,387000,4,2,1,0,1,3,0,30,9,0,0,0,0,0,1,0,1
200500038954,5,6,9,1830,1,1,1,3,4513000,381000,3,2,2,0,1,1,0,83,1,0,1,0,1,0,1,0,1
200500038955,5,6,5,1730,1,1,1,1,4536400,334800,3,2,2,0,2,2,0,63,1,0,1,0,1,0,1,0,1
200500038956,5,6,21,1745,1,1,1,3,4514300,412500,4,2,2,0,2,3,0,57,1,0,1,0,1,0,0,1,1
200500038957,5,6,29,1415,1,1,2,6,4513200,411600,4,2,0,0,2,3,0,0,2,0,3,0,0,1,0,0,1
200500038959,5,6,11,1145,1,1,1,5,4522200,414400,4,2,2,0,2,3,0,44,1,0,1,0,2,0,0,1,1
200500038960,5,6,22,1615,1,1,1,7,4521300,432100,3,2,2,0,0,2,0,74,1,0,0,0,0,0,1,0,1
200500038968,5,6,26,1045,1,1,1,3,4918400,607100,3,2,2,0,0,1,0,60,1,0,1,0,1,0,1,0,1
200500038974,5,6,30,1200,1,1,1,6,4920400,627700,3,0,2,0,2,2,0,64,1,0,3,0,0,0,0,1,1
200500038976,5,6,2,1915,1,1,1,3,4922200,665400,3,2,2,0,1,1,0,70,1,0,1,0,1,0,1,1,1
200500038977,5,6,13,1645,1,1,1,6,4928600,664300,3,2,0,0,0,1,0,60,1,0,3,0,0,0,1,0,1
200500038978,5,6,26,1230,1,1,1,3,4925400,666900,3,0,2,0,1,1,0,70,1,0,1,0,1,0,0,1,1
200500038979,5,6,14,900,1,1,2,7,4886500,638000,3,2,2,0,1,2,0,72,2,0,3,0,0,0,0,1,1
200500038980,5,6,15,130,3,1,1,6,4872100,677100,3,2,0,0,1,3,0,70,1,0,3,0,0,0,0,1,1
200500038981,5,6,27,1215,1,1,1,7,4878100,647000,2,2,2,0,1,1,0,0,1,0,3,0,0,0,1,0,1
200500038983,5,6,10,1100,1,1,1,2,4893300,668200,3,2,2,0,2,1,0,60,1,0,1,0,2,1,0,0,1
200500038985,5,6,26,945,1,1,1,6,4884100,668100,3,2,0,0,2,2,0,98,1,0,3,0,0,0,1,0,1
200500038988,5,6,11,515,2,1,1,7,4904600,719300,3,2,2,0,2,3,0,54,1,0,3,0,0,1,2,0,1
200500039000,5,6,29,2245,3,1,1,7,4936400,648600,3,2,2,0,1,1,0,47,1,0,0,0,0,1,1,1,1
200500039004,5,6,20,815,1,1,1,3,4884400,616500,3,2,2,0,4,1,0,60,1,0,1,0,0,0,1,1,1
200500039021,5,6,5,1400,1,1,1,7,4936800,584100,3,2,2,0,1,1,0,60,1,0,1,0,0,0,1,0,1
200500039023,5,6,27,1330,1,1,1,3,4851900,680400,3,2,2,0,1,3,0,0,1,0,1,0,1,0,1,1,1
200500039024,5,6,4,1930,1,1,1,1,4874600,580100,3,2,2,0,1,3,0,57,1,0,1,0,1,1,0,0,1
200500039026,5,6,12,2115,2,1,1,6,4868400,578300,4,2,2,0,2,3,0,50,1,0,3,0,1,0,0,1,1
200500039028,5,6,16,2115,2,1,1,7,4865500,583900,3,2,2,0,2,1,0,57,1,0,3,0,1,0,1,1,1
200500039030,5,6,3,1630,1,2,8,3,4892800,523700,3,2,2,0,1,1,0,71,1,5,1,0,3,0,1,1,1
200500039034,5,6,29,730,1,9,8,1,4868600,530400,2,2,2,0,1,2,0,64,2,3,1,0,1,0,1,0,1
200500039043,5,6,29,300,3,1,2,6,4870800,553100,2,3,2,0,1,4,20,0,2,0,1,0,0,1,0,0,1
200500039044,5,6,19,1515,1,1,1,6,4957600,512600,3,2,2,0,1,2,0,48,1,0,1,0,1,0,2,0,1
200500039045,5,6,20,615,2,1,1,7,4947000,540100,2,2,2,0,2,2,0,72,1,0,1,0,1,0,1,0,1
200500039046,5,6,23,915,1,1,1,1,4949300,524300,3,2,2,0,1,1,0,60,1,0,1,0,1,0,0,1,1
200500039049,5,6,1,1230,1,1,1,6,4905600,553000,3,2,2,0,2,2,0,42,1,0,3,0,0,0,1,0,1
200500039050,5,6,10,1615,1,1,1,1,4909000,558000,4,0,2,0,1,2,0,40,1,0,1,0,0,0,1,1,1
200500039051,5,6,19,100,3,1,1,6,4939300,558700,3,2,2,0,2,1,0,48,1,0,1,0,0,0,1,0,1
200500039053,5,6,3,1230,1,1,1,3,4819600,639900,3,2,2,0,2,1,0,74,1,0,1,0,1,0,0,1,1
200500039055,5,6,16,1715,1,1,1,6,4817700,639200,4,2,1,0,2,0,0,0,0,0,4,0,0,0,1,0,1
200500039056,5,6,17,500,2,1,1,7,4819300,648000,2,1,2,0,2,1,0,70,1,3,2,0,0,0,0,1,1
200500039057,5,6,19,1000,1,1,1,1,4820000,636700,9,0,0,1,1,1,0,0,1,0,5,0,0,0,0,2,1
200500039059,5,6,25,2000,1,1,1,1,4819500,674200,3,4,3,0,1,2,0,0,1,5,1,0,4,0,0,3,1
200500039060,5,6,27,1815,1,1,1,3,4835000,634400,9,2,2,0,0,0,0,70,1,5,1,0,1,0,0,1,1
200500039064,5,6,23,1530,1,1,1,7,4803900,641500,3,2,2,0,2,3,0,0,9,0,1,0,0,0,1,1,1
200500039067,5,6,2,2145,2,1,1,5,4819700,597600,3,2,0,0,1,1,0,110,1,0,1,0,1,2,0,1,1
200500039068,5,6,9,1930,1,1,1,6,4826200,590300,3,2,0,0,1,1,0,62,1,0,3,0,0,0,0,1,1
200500039069,5,6,13,315,1,1,1,1,4820800,611800,3,2,2,0,0,2,0,0,1,0,1,0,1,0,0,1,1
200500039070,5,6,28,1615,1,1,1,6,4817400,590000,3,2,2,0,1,2,0,111,1,0,0,0,0,1,0,1,1
200500039071,5,6,29,1100,1,1,1,6,4823500,605400,3,2,1,0,0,1,0,0,1,0,1,0,1,0,0,1,1
200500039072,5,6,10,330,3,1,1,2,4815200,650500,2,3,4,0,0,1,12,240,1,0,1,0,2,0,0,1,1
200500039074,5,6,26,1545,1,1,1,1,4792400,666200,2,0,2,0,1,2,0,75,1,0,1,0,0,0,0,4,1
200500039075,5,6,12,1145,1,1,1,7,4832700,717900,3,0,2,0,2,2,0,0,1,0,3,0,0,0,1,0,1
200500039077,5,6,25,1630,1,1,1,3,4827600,700400,2,2,3,0,1,1,0,120,1,0,1,0,1,0,1,0,1
200500039081,5,6,27,1600,1,1,1,1,4838400,757000,3,2,2,0,1,3,0,100,1,0,1,0,1,1,0,0,1
200500039082,5,6,25,545,2,1,1,6,4846900,762900,3,2,0,0,1,3,0,60,1,0,3,0,0,0,1,0,1
200500039083,5,6,24,1315,1,1,1,1,4881400,769700,3,2,0,0,1,1,0,100,1,0,1,0,1,0,0,1,1
200500039086,5,6,6,1700,1,2,1,3,4854100,750000,3,2,2,0,1,2,0,70,1,5,1,0,1,0,0,1,1
200500039087,5,6,21,800,1,1,1,6,4854700,749900,4,2,0,0,1,1,0,60,0,0,1,0,1,0,1,0,1
200500039088,5,6,27,1145,1,4,1,3,4855000,751100,3,2,2,1,1,1,23,94,1,5,1,0,0,0,0,2,1
200500039089,5,6,3,1700,1,1,1,1,4852700,733400,2,2,2,0,1,1,0,72,1,0,1,0,1,0,0,1,1
200500039091,5,6,10,1600,1,1,1,2,4853000,735600,3,2,0,0,1,2,0,0,1,0,1,0,1,0,0,1,1
200500039092,5,6,10,2315,3,1,1,6,4842600,718300,2,2,0,0,1,2,0,69,1,0,3,0,0,0,0,1,1
200500039094,5,6,17,1100,1,1,1,7,4849600,725300,3,2,2,0,2,2,0,0,1,0,1,0,0,0,0,1,1