Num_Acc,an,mois,jour,hrmn,lum,int,atm,col,lat,long,catr,circ,nbv,vosp,prof,plan,lartpc,larrout,surf,infra,situ,env1,unscathed,killed,hospital,light,chance
200500039504,5,6,7,1500,1,1,1,6,4325800,653500,4,0,0,0,1,0,0,0,1,0,1,3,0,0,1,0,1
200500039506,5,6,14,1200,1,1,1,3,4329500,660600,2,2,2,0,1,1,0,0,1,0,1,0,1,0,0,1,1
200500039507,5,6,30,1700,1,1,1,7,4320900,647800,2,2,2,0,1,2,0,0,1,0,0,0,0,1,0,0,1
200500039515,5,6,21,1345,1,1,1,1,4324500,580900,3,2,0,0,2,2,0,0,1,0,1,0,0,0,2,1,1
200500039516,5,6,22,1900,1,1,1,3,4329100,613500,2,4,0,0,1,1,0,0,1,5,1,0,0,0,1,1,1
200500039524,5,6,12,1830,1,1,1,5,4315100,625500,2,2,3,0,1,1,0,116,1,0,1,0,2,0,1,0,1
200500039528,5,6,18,30,3,1,1,6,4392400,508900,3,2,2,0,1,2,0,76,1,0,3,0,2,0,2,0,1
200500039529,5,6,20,1030,1,1,1,1,4389500,504300,3,2,0,0,1,1,0,80,1,0,1,0,1,1,0,0,1
200500039530,5,6,21,800,1,1,1,1,4387600,510600,4,2,0,0,1,1,0,47,1,0,1,0,2,0,1,0,1
200500039531,5,6,24,1900,1,1,1,3,4387700,510500,3,2,2,0,0,1,0,76,1,0,1,0,1,0,3,1,1
200500039532,5,6,6,1330,1,1,1,1,4395000,488000,3,2,2,0,1,1,0,109,1,0,1,0,1,0,1,0,1
200500039535,5,6,1,1230,1,1,1,1,4387200,542300,3,2,0,0,2,0,0,42,1,0,1,0,1,0,1,0,1
200500039536,5,6,7,1700,1,1,1,1,4391300,543900,3,2,0,0,1,1,0,60,1,0,1,0,1,1,1,1,1
200500039537,5,6,30,2200,2,1,1,1,4388300,539700,4,2,2,0,2,2,0,59,1,0,1,0,2,0,1,0,1
200500039540,5,6,21,830,1,1,1,2,4375600,518100,3,2,2,0,0,3,0,52,1,0,0,0,2,0,0,2,1
200500039543,5,6,27,2230,3,1,1,6,4418500,512700,3,2,2,0,1,3,0,70,0,0,1,0,0,3,0,2,1
200500039544,5,6,21,1215,1,1,1,3,4401400,502600,3,2,2,0,1,1,0,70,1,0,1,0,1,0,0,1,1
200500039545,5,6,24,800,1,1,1,2,4395700,504500,3,2,2,0,1,1,0,65,1,0,1,0,1,1,0,0,1
200500039546,5,6,6,1615,1,1,1,7,4428000,470000,4,2,1,0,1,1,0,35,1,0,3,0,0,0,1,0,1
200500039548,5,6,9,1200,1,1,1,6,4427800,510600,3,2,0,0,1,3,0,60,1,2,3,0,0,0,1,1,1
200500039549,5,6,15,2100,2,1,1,1,4425600,506100,3,2,0,0,0,3,0,0,1,0,1,0,0,0,1,2,1
200500039550,5,6,17,1645,1,1,1,1,4417900,496500,3,2,2,0,1,1,0,58,1,0,1,0,0,1,2,0,1
200500039553,5,6,7,1045,1,1,1,2,4362800,390100,6,0,1,0,1,1,0,31,1,0,1,0,1,0,0,1,1
200500039556,5,6,15,1815,1,1,1,1,4368600,397800,4,2,0,0,3,1,0,35,1,0,1,0,1,0,0,1,1
200500039558,5,6,26,2115,1,1,1,6,4395100,375600,3,2,2,0,1,1,0,64,1,0,3,0,1,0,0,1,1
200500039561,5,6,23,200,5,1,1,6,4370400,419600,2,2,2,0,3,0,0,0,1,2,0,0,0,0,0,1,1
200500039562,5,6,8,1715,1,1,1,5,4360600,308400,9,2,2,0,1,1,0,80,1,0,1,0,2,0,1,1,1
200500039564,5,6,12,1000,1,1,1,7,4341500,297200,2,2,3,0,0,2,0,0,1,0,1,0,0,0,0,1,1
200500039565,5,6,20,1930,1,1,1,1,4353100,311300,3,2,0,0,2,2,0,38,1,0,1,0,1,2,0,0,1
200500039566,5,6,26,1715,1,1,1,6,4344400,291800,2,2,2,0,1,3,50,0,1,0,3,0,0,0,0,4,1
200500039569,5,6,11,1330,1,1,1,6,4347600,334000,3,2,2,0,0,1,0,0,1,0,3,0,0,0,0,2,1
200500039570,5,6,15,815,1,1,1,3,4339100,342000,3,0,2,0,0,2,0,140,1,5,1,0,1,0,1,0,1
200500039573,5,6,3,1930,1,1,1,3,4347900,326900,3,0,2,0,3,1,0,0,1,0,1,0,0,0,0,2,1
200500039574,5,6,10,1245,1,1,1,5,4346700,320700,3,2,2,0,1,3,0,76,1,0,1,0,2,1,0,4,1
200500039575,5,6,12,1930,2,1,1,6,4348600,328900,3,2,0,0,1,1,0,65,1,0,1,0,3,0,0,1,1
200500039577,5,6,26,830,1,1,1,1,4350900,331100,3,2,2,0,2,1,0,37,1,0,1,0,1,0,0,1,1
200500039578,5,6,11,1515,1,1,1,6,4324900,329200,4,1,0,0,1,1,0,60,1,0,1,0,0,0,0,1,1
200500039579,5,6,20,1930,1,1,1,6,4329800,325900,9,2,0,0,1,1,0,0,1,0,4,0,1,0,0,1,1
200500039580,5,6,26,200,3,1,1,7,4329200,329100,3,2,0,0,1,1,0,60,1,0,1,0,0,0,0,1,1
200500039581,5,6,4,2100,1,1,1,7,4364300,332600,3,2,0,0,0,2,0,45,1,0,0,0,0,0,1,0,1
200500039582,5,6,5,1930,1,1,1,1,4364900,345700,2,2,2,0,1,1,0,70,1,0,1,0,2,0,0,1,1
200500039583,5,6,7,1815,1,1,1,1,4363200,343700,2,2,2,0,1,0,0,70,0,0,0,0,1,0,1,0,1
200500039584,5,6,10,1730,1,1,1,3,4354000,348000,3,3,2,3,1,1,0,0,1,5,1,0,0,0,0,3,1
200500039585,5,6,16,1645,1,1,1,3,4361400,338500,3,2,2,0,1,3,0,60,1,0,1,0,1,0,0,1,1
200500039586,5,6,2,2145,3,1,1,6,4368200,348200,3,2,2,0,1,1,0,50,1,0,3,0,0,0,0,1,1
200500039590,5,6,16,1730,1,2,1,3,4337500,349700,3,2,2,0,1,1,0,52,1,5,1,0,2,0,0,3,1
200500039592,5,6,14,1530,1,9,1,5,4326900,224200,3,2,0,0,1,1,0,60,1,5,1,0,2,0,2,2,1
200500039593,5,6,16,1215,1,1,1,6,4324200,219800,3,2,0,0,1,1,0,55,1,0,1,0,3,0,0,1,1
200500039594,5,6,5,515,5,1,1,6,4325200,238200,4,2,2,0,1,1,0,80,1,0,3,0,1,0,1,0,1
200500039598,5,6,20,1400,1,1,1,1,4333100,203500,3,2,2,0,0,0,0,51,1,0,1,0,0,0,1,1,1
200500039605,5,6,3,1800,1,1,1,1,4289800,222700,3,2,0,0,2,3,0,57,1,0,1,0,2,0,1,0,1
200500039608,5,6,1,1400,1,1,1,3,4327000,287000,3,2,2,0,1,1,0,70,1,5,1,0,1,0,0,1,1
200500039610,5,6,20,1730,1,1,1,6,4299000,303400,3,2,0,0,1,3,0,72,1,0,1,0,2,0,2,0,1
200500039611,5,6,20,2345,3,1,1,6,4301900,297500,3,2,0,0,2,2,0,50,1,0,1,0,0,0,1,0,1
200500039616,5,6,4,1830,1,1,1,7,4381600,424400,3,2,0,0,1,2,0,60,1,0,3,0,0,1,0,0,1
200500039620,5,6,10,1200,1,1,1,6,4377800,428400,2,2,0,0,1,1,110,40,1,5,1,0,1,0,1,0,1
200500039622,5,6,24,1545,1,1,7,1,4369100,419800,2,2,2,0,1,1,0,50,1,0,1,0,2,0,1,0,1
200500039625,5,6,5,630,2,1,1,7,4414300,420600,3,2,2,0,1,1,0,70,1,0,3,0,0,0,1,0,1
200500039636,5,6,11,200,3,1,1,6,4430400,412700,3,2,2,0,2,2,0,68,1,0,3,0,1,0,1,1,1
200500039638,5,6,2,830,1,1,1,3,4409000,459000,2,2,0,0,1,1,0,70,1,0,1,0,1,0,1,0,1
200500039641,5,6,1,1615,1,1,1,6,4396000,456900,2,2,2,0,2,0,0,0,1,5,1,0,0,0,0,1,1
200500039642,5,6,14,830,1,9,1,1,4390100,457100,3,2,2,0,1,0,0,43,2,0,1,0,1,0,1,0,1
200500039643,5,6,20,845,1,1,1,1,4394300,457100,2,2,0,0,1,1,0,0,1,0,1,3,1,0,1,1,1
200500039644,5,6,1,1745,1,1,1,6,4406100,474800,3,2,2,0,1,1,0,0,1,0,3,0,0,1,0,1,1
200500039645,5,6,14,2000,1,1,9,1,4400900,481100,3,2,2,0,1,1,0,68,2,0,1,0,1,0,1,0,1
200500039646,5,6,24,800,1,1,1,5,4406700,473200,3,2,1,0,1,1,0,58,1,0,1,0,1,1,0,1,1
200500039652,5,6,10,2015,2,1,1,7,4402700,383900,3,2,2,0,2,4,0,42,1,0,1,0,0,0,1,0,1
200500039653,5,6,7,845,1,1,1,3,4448500,344300,2,2,2,0,1,1,0,81,1,5,1,0,1,0,1,0,1
200500039654,5,6,8,1745,1,1,1,3,4457000,350000,2,2,1,0,1,4,0,70,1,0,1,0,1,0,0,1,1
200500039655,5,6,16,1530,1,1,1,4,4454000,356900,2,2,3,0,2,3,0,100,1,0,1,0,11,0,4,3,1
200500039656,5,6,26,1700,1,1,1,1,4456900,350100,2,2,1,0,1,4,0,72,1,0,1,0,0,0,1,1,1
200500039669,5,6,24,1630,1,1,8,1,4277800,270600,3,2,2,0,1,1,0,65,2,0,1,0,0,0,0,2,1
200500039670,5,6,26,100,3,1,1,7,4278100,245200,3,2,0,0,2,2,0,0,1,0,3,0,1,0,2,0,1
200500039676,5,6,26,1030,1,1,1,1,4248300,284700,2,2,0,0,2,4,0,87,1,0,1,0,1,0,1,0,1
200500039677,5,6,4,1500,1,1,1,6,4248800,313000,4,2,2,0,2,2,0,0,1,0,4,0,0,0,0,1,1
200500039680,5,6,20,845,1,1,1,7,4248900,206100,3,2,2,0,2,2,0,0,1,0,1,0,0,1,0,0,1
200500039681,5,6,1,1345,1,1,1,6,4265000,260000,3,2,0,0,1,1,0,60,1,2,3,0,0,0,2,1,1
200500039683,5,6,14,745,1,3,1,5,4267000,262000,3,2,0,0,1,4,0,52,1,0,1,0,2,0,0,1,1
200500039685,5,6,16,900,1,1,1,1,4202100,873200,3,2,2,0,0,0,0,70,1,0,0,0,1,0,1,0,1
200500039688,5,6,26,2030,1,1,1,4,4165000,929700,2,2,2,0,1,1,0,64,1,0,1,0,3,0,1,2,1
200500039693,5,6,2,2230,1,1,9,6,4274600,946100,3,2,2,0,1,1,0,70,1,0,1,3,0,1,0,0,1
200500039694,5,6,16,1030,1,1,1,1,4269900,933500,3,2,0,0,1,1,0,66,1,0,1,0,0,0,0,3,1
200500039698,5,6,18,2015,2,1,1,7,4212000,912000,2,2,1,0,2,4,0,67,1,0,1,0,0,0,1,0,1
200500039699,5,6,22,1800,1,1,1,6,4224000,917000,2,2,2,0,2,1,0,67,1,0,0,0,0,0,0,1,1
200500039700,5,6,23,1600,1,1,1,3,4217000,917000,2,2,0,0,2,3,0,70,1,0,1,0,1,0,0,1,1
200500039701,5,6,26,1315,1,1,7,7,4218100,941900,3,2,0,0,1,3,0,84,1,0,1,0,0,0,1,0,1
200500039702,5,6,29,1230,1,1,1,6,4217700,916400,2,2,2,0,2,1,0,70,1,0,3,0,0,0,0,2,1
200500039703,5,6,12,1745,1,1,1,1,4237600,908000,3,2,2,0,2,2,0,56,1,0,1,0,1,0,1,0,1
200500039704,5,6,24,1430,1,1,1,1,4233300,899400,3,2,2,0,0,3,0,45,1,0,1,0,0,1,0,1,1
200500039708,5,6,11,1815,1,1,1,4,4244900,950900,2,2,2,0,2,1,0,65,1,0,1,0,1,0,1,3,1
200500039709,5,6,19,1230,1,1,1,7,4241900,936200,4,2,1,0,2,1,0,29,1,0,1,0,1,0,1,0,1
200500039712,5,6,19,1800,1,1,1,1,4897500,190800,3,2,2,0,1,1,0,70,1,0,1,0,2,0,0,2,1
200500039713,5,6,6,1730,1,1,1,3,4880300,170700,3,2,0,0,0,2,0,0,1,0,1,0,1,0,0,1,1
200500039715,5,6,3,745,1,1,1,5,4891900,189200,3,2,0,0,1,1,0,65,1,0,1,0,2,0,0,1,1
200500039716,5,6,4,830,1,1,1,6,4890300,186900,3,2,2,0,1,1,0,70,1,0,3,0,0,1,0,0,1
200500039717,5,6,21,1700,1,1,1,1,4890500,185900,4,2,1,2,1,2,0,0,1,0,1,0,1,0,2,0,1
200500039718,5,6,6,1900,1,1,7,3,4890400,167100,3,2,2,0,4,1,0,111,1,5,1,0,1,0,1,1,1
200500039720,5,6,1,1800,1,3,1,1,4880500,190500,3,2,2,0,2,1,0,90,1,0,1,0,1,0,0,1,1
200500039721,5,6,3,1515,1,2,1,1,4885200,188100,4,2,2,0,0,1,70,0,1,0,1,0,1,0,1,0,1
200500039722,5,6,29,700,1,1,1,1,4879200,192800,3,2,2,0,0,1,0,53,1,0,1,0,0,0,2,0,1
200500039723,5,6,2,1030,1,1,1,6,4857200,243500,4,0,0,0,2,1,0,0,1,0,1,0,1,0,0,1,1
200500039728,5,6,27,530,1,1,1,6,4842900,211100,3,2,0,0,1,2,0,40,1,0,1,0,1,0,0,1,1
200500039729,5,6,6,1345,1,1,3,6,4853400,234100,3,2,2,0,0,2,0,67,2,0,4,0,0,0,0,2,1
200500039730,5,6,9,815,1,1,1,7,4848300,234600,3,2,2,0,1,1,0,0,1,0,1,3,0,0,1,0,1
200500039731,5,6,11,1315,1,1,1,7,4844000,228800,3,2,2,0,1,1,0,54,1,0,1,0,0,0,1,0,1
200500039734,5,6,13,1430,1,1,1,6,4838500,223200,3,2,2,0,1,1,0,63,1,0,1,0,0,1,1,0,1
200500039741,5,6,30,1945,2,1,9,1,4856300,222600,3,2,0,0,2,2,30,41,2,2,1,0,1,0,1,0,1
200500039742,5,6,9,1700,1,1,1,1,4858300,229800,3,2,2,0,1,3,0,65,9,0,1,0,1,0,0,1,1
200500039743,5,6,10,1715,1,1,1,3,4862600,212900,3,3,2,0,1,0,0,77,1,0,0,0,1,0,1,0,1
200500039745,5,6,16,1845,1,1,1,2,4801200,500,2,3,0,0,2,0,0,0,1,0,1,0,1,0,0,1,1
200500039747,5,6,10,1600,1,1,1,3,4866500,227000,4,2,2,0,2,0,0,0,1,5,1,0,1,0,0,1,1
200500039748,5,6,7,800,1,1,1,3,4873000,214000,3,4,0,3,1,1,15,140,1,5,1,0,1,0,1,0,1
200500039753,5,6,21,1730,1,1,1,6,4915700,178600,9,2,2,0,2,1,0,60,1,0,1,0,1,0,0,1,1
200500039758,5,6,28,1630,1,1,1,7,4902600,238100,4,2,0,0,1,3,0,0,1,0,1,0,0,0,1,1,1
200500039759,5,6,10,1830,1,1,1,3,4905200,249700,4,2,2,0,1,1,0,50,1,0,1,0,1,0,0,1,1
200500039761,5,6,1,600,2,1,1,1,4860000,291000,2,2,2,0,1,1,70,100,1,0,1,0,2,0,0,1,1
200500039762,5,6,6,645,1,1,2,1,4858700,281500,3,2,2,0,2,3,0,0,2,0,1,0,0,0,1,2,1
200500039763,5,6,6,2215,1,1,1,7,4859400,280500,3,2,2,0,1,1,0,0,1,0,1,0,0,0,1,0,1
200500039764,5,6,29,2015,1,1,1,1,4859400,292300,2,2,2,0,1,1,0,79,1,0,1,0,1,0,0,1,1
200500039765,5,6,11,1645,1,1,1,6,4874800,281300,3,2,2,0,1,2,0,64,1,0,1,0,0,1,0,0,1
200500039766,5,6,3,1500,1,1,1,7,4877100,320200,3,2,0,0,0,1,54,0,1,0,3,0,0,0,0,1,1
200500039767,5,6,3,1445,1,9,1,3,4901700,315800,3,2,2,0,0,1,0,120,1,3,1,0,1,0,0,2,1
200500039768,5,6,7,1400,1,1,1,6,4893000,307400,3,0,2,0,0,0,0,45,1,0,1,0,0,0,0,1,1
200500039769,5,6,10,1700,1,2,1,5,4892500,326900,3,0,0,0,1,1,0,60,1,0,1,0,2,0,0,1,1
200500039770,5,6,4,330,2,1,1,6,4884200,322400,3,2,2,0,1,1,0,70,1,0,0,0,0,0,1,0,1
200500039771,5,6,5,1200,1,1,1,1,4884000,320900,3,2,2,0,1,3,0,70,1,0,1,0,1,0,0,1,1
200500039772,5,6,26,1830,1,1,1,4,4891000,316600,3,2,1,0,1,1,0,60,1,0,1,0,3,1,1,0,1
200500039773,5,6,2,1545,1,1,1,1,4870900,293300,4,2,1,0,1,2,0,0,1,0,1,0,1,0,0,1,1
200500039774,5,6,18,1000,1,1,1,1,4870400,286700,3,2,0,0,1,0,0,67,1,0,1,0,1,0,0,1,1
200500039775,5,6,18,1715,1,1,1,1,4869600,298400,3,2,0,0,1,1,0,0,1,0,1,0,0,0,1,1,1
200500039776,5,6,5,2050,2,1,1,1,4828800,259700,4,2,2,0,2,1,0,50,1,0,1,0,1,0,0,1,1
200500039777,5,6,14,2130,2,1,1,6,4833600,263100,3,2,0,0,1,1,0,50,1,0,1,0,0,0,0,1,1
200500039778,5,6,21,1645,1,1,1,6,4831000,256000,3,2,2,0,1,3,0,57,1,5,1,0,0,1,0,0,1
200500039779,5,6,19,400,3,1,1,6,4831000,293000,3,2,2,0,1,1,0,55,1,0,3,0,0,0,0,1,1
200500039781,5,6,8,1315,1,1,1,1,4890200,271100,3,2,0,0,1,2,0,60,1,0,1,0,1,0,1,0,1
200500039783,5,6,2,2230,3,1,1,6,4900100,300900,3,2,0,0,1,1,0,76,1,0,1,0,1,0,2,0,1
200500039784,5,6,2,2100,3,1,1,7,4903200,293400,3,2,2,0,2,3,0,65,1,0,0,0,0,0,1,0,1
200500039785,5,6,23,1745,1,1,3,1,4902000,287000,3,2,2,0,1,2,0,60,2,0,1,0,1,0,1,0,1
200500039787,5,6,19,1100,1,2,1,3,4855600,345900,4,2,2,0,2,3,0,0,1,0,1,0,2,0,0,1,1
200500039788,5,6,22,1215,1,1,1,1,4848400,312000,4,2,2,0,1,1,0,65,1,0,1,0,1,0,0,1,1
200500039789,5,6,21,1530,1,1,1,7,4851100,314500,3,2,2,0,1,1,0,60,1,0,3,0,0,0,0,1,1
200500039790,5,6,19,1830,1,1,1,1,4854500,317000,4,2,2,0,0,3,0,50,1,0,3,0,0,0,2,0,1
200500039791,5,6,22,1630,1,1,1,3,4856000,317700,3,2,2,0,1,3,0,60,1,5,1,0,1,0,1,0,1
200500039794,5,6,25,730,1,6,1,2,4795400,237700,2,2,2,0,1,2,0,72,1,5,1,0,3,0,0,1,1
200500039795,5,6,17,2130,1,1,1,6,4796800,202200,4,2,0,0,2,1,0,0,1,0,1,0,0,0,0,1,1
200500039796,5,6,16,545,1,1,1,6,4769300,191700,3,2,0,0,0,2,0,0,1,0,1,0,0,0,1,0,1
200500039800,5,6,28,100,5,1,1,2,4786800,176500,2,2,2,0,1,1,0,70,1,0,1,0,1,1,0,0,1
200500039801,5,6,2,1330,1,1,1,3,4808200,223300,3,2,2,0,1,1,0,66,1,0,1,0,1,0,0,1,1
200500039802,5,6,9,15,3,9,1,1,4815800,190900,2,4,0,0,1,1,0,114,1,0,1,0,0,1,2,0,1
200500039803,5,6,17,1845,1,1,1,3,4795500,207300,3,2,2,0,1,1,0,55,1,0,1,0,2,0,1,0,1
200500039810,5,6,14,645,1,2,1,3,4800000,299700,4,2,1,0,1,1,0,0,1,0,1,0,4,0,1,0,1
200500039811,5,6,12,700,1,1,1,6,4793900,279800,3,2,2,0,1,2,0,0,1,0,0,0,0,0,0,1,1
200500039814,5,6,13,2010,1,1,1,7,4701000,303000,3,2,0,0,2,3,0,58,1,0,3,0,0,0,1,0,1
200500039815,5,6,25,1100,1,3,1,3,4720300,293100,3,2,2,0,1,1,0,58,1,5,1,0,1,1,1,0,1
200500039816,5,6,23,1155,1,1,1,6,4715000,291000,3,2,2,0,1,1,0,57,1,0,1,0,1,0,1,0,1
200500039818,5,6,27,1630,1,1,5,1,4743100,279200,3,2,0,0,1,2,0,43,1,0,1,0,1,0,1,0,1
200500039820,5,6,2,1045,1,1,1,6,4680000,214100,3,2,0,0,1,1,0,70,1,0,3,0,0,0,1,0,1
200500039821,5,6,22,330,5,1,1,6,4690000,262000,3,2,2,0,1,3,0,0,1,0,4,0,0,0,2,0,1
200500039825,5,6,1,2315,3,1,1,6,4738200,214000,3,2,0,0,1,2,0,68,1,0,3,0,0,0,1,0,1
200500039826,5,6,18,1045,1,7,1,6,4749500,244100,6,0,0,0,1,0,0,0,1,0,1,0,1,0,0,1,1
200500039832,5,6,30,1400,1,1,2,1,4725900,246400,4,2,2,0,2,4,0,38,2,0,1,0,2,0,1,0,1
200500039835,5,6,18,30,3,1,1,5,4842000,147800,2,3,2,0,2,1,13,64,1,0,1,0,3,0,1,0,1
200500039836,5,6,25,2000,1,1,1,6,4849600,141600,3,2,0,0,0,2,0,0,1,0,1,0,0,0,1,0,1
200500039837,5,6,30,1700,1,1,8,3,4851100,151100,3,2,0,0,1,1,0,60,1,5,1,0,0,0,1,1,1
200500039838,5,6,12,1645,1,1,1,7,4848900,126200,3,2,2,0,0,4,0,56,1,0,3,0,0,1,0,0,1
200500039839,5,6,25,1945,1,1,1,7,4846300,138900,3,2,2,1,1,1,0,0,1,0,3,0,0,0,0,1,1
200500039840,5,6,30,715,1,1,1,6,4837800,134100,3,2,2,0,1,2,0,0,1,5,1,0,0,0,1,0,1
200500039841,5,6,14,1730,1,9,1,1,4869800,146800,3,2,2,0,1,1,0,66,1,0,1,0,1,0,1,0,1
200500039842,5,6,16,1000,1,1,1,6,4859000,158000,3,1,1,0,1,1,0,57,1,0,1,0,1,0,0,1,1
200500039843,5,6,1,830,1,1,1,1,4818700,183300,2,2,0,0,1,1,0,70,1,5,1,0,0,0,1,1,1
200500039844,5,6,18,700,1,1,7,1,4808400,134400,4,2,2,0,1,3,0,70,1,0,1,0,1,0,1,0,1
200500039846,5,6,18,2315,3,1,1,7,4817200,146800,3,2,2,0,1,1,0,50,1,0,1,0,0,0,1,0,1
200500039847,5,6,29,1730,1,1,1,1,4810500,111500,3,2,0,0,1,3,0,0,1,0,1,0,1,0,1,3,1
200500039848,5,6,11,1945,1,1,1,7,4875800,120300,4,0,1,0,0,1,0,0,9,0,0,0,0,0,0,1,1
200500039850,5,6,18,1645,1,1,1,6,4876000,124000,4,2,2,0,1,1,0,0,1,0,1,0,1,0,1,0,1
200500039853,5,6,16,1600,1,1,1,2,4825400,111500,3,2,0,0,1,1,0,54,1,0,1,0,0,0,2,1,1
200500039854,5,6,28,1545,1,1,1,3,4678000,177000,3,2,2,0,1,1,0,0,1,5,1,0,0,0,0,2,1
200500039857,5,6,18,900,1,1,1,1,4684900,153900,3,2,2,0,1,2,0,57,1,0,4,0,1,0,1,0,1
200500039859,5,6,5,1615,1,9,1,2,4716700,157100,9,2,2,0,0,1,0,0,1,0,1,0,0,0,1,1,1
200500039860,5,6,10,1815,1,2,1,3,4725700,165400,3,2,2,0,1,1,0,68,1,0,1,0,1,0,1,0,1
200500039861,5,6,26,1815,1,2,1,3,4721000,154000,3,2,2,0,2,1,0,73,1,0,1,0,1,0,0,1,1
200500039862,5,6,29,1215,1,1,1,1,4715800,156600,3,2,0,0,4,1,0,75,1,0,1,0,1,0,0,1,1
200500039863,5,6,1,1345,1,3,1,3,4664300,105800,4,2,2,0,1,1,0,60,1,0,1,0,1,0,1,0,1
200500039865,5,6,30,1945,1,1,1,1,4663200,106700,4,2,2,0,1,1,0,0,1,0,1,0,1,0,0,1,1
200500039868,5,6,14,1845,1,1,1,6,4655000,175000,3,2,0,0,2,2,0,78,9,0,1,0,0,0,1,0,1
200500039870,5,6,4,30,5,1,1,7,4709000,203800,9,2,0,0,4,2,0,62,1,0,1,0,0,1,0,0,1
200500039878,5,6,8,1745,1,1,1,1,4716400,39700,4,0,0,0,2,2,0,52,1,0,1,0,2,0,1,0,1
200500039881,5,6,15,1615,1,1,1,1,4716900,25600,9,2,2,0,2,1,0,45,9,0,1,0,1,0,0,2,1
200500039882,5,6,11,1500,1,1,1,6,4726600,46400,9,2,0,0,1,2,0,0,1,0,4,0,3,0,0,1,1
200500039885,5,6,25,2130,1,1,1,2,4711900,62700,3,2,2,0,0,0,0,55,1,0,0,0,1,0,1,0,1
200500039887,5,6,5,1545,1,1,1,6,4716300,128600,3,2,0,0,1,3,0,50,1,0,3,0,0,0,1,0,1
200500039890,5,6,21,2300,3,1,1,6,4713900,79400,3,2,2,0,1,1,0,60,1,0,0,0,0,0,1,0,1
200500039891,5,6,26,1415,1,1,1,1,4707200,67600,3,2,0,0,2,2,0,56,1,0,1,0,0,0,1,1,1
200500039892,5,6,10,1415,1,1,1,2,4724000,86000,2,2,2,0,1,1,0,109,1,0,1,0,1,0,1,1,1
200500039893,5,6,23,1215,1,1,1,3,4729000,74000,3,2,0,0,1,1,0,60,1,0,1,0,1,0,2,0,1
200500039894,5,6,27,1530,1,1,1,3,4723000,88000,2,2,2,0,1,1,0,109,1,0,1,0,0,0,1,0,1
200500039895,5,6,28,1430,1,1,1,1,4722000,80000,4,2,2,0,1,3,0,23,1,0,1,0,1,0,1,1,1
200500039897,5,6,10,1715,1,2,1,6,4749900,126300,3,2,2,0,4,1,0,60,1,0,1,0,1,0,1,0,1
200500039909,5,6,12,1430,1,1,1,7,4791400,86200,2,2,2,0,2,1,0,70,1,0,3,0,1,0,1,0,1
200500039910,5,6,13,1715,3,1,1,6,4500500,-109100,3,3,2,0,1,1,8,31,1,0,1,0,0,0,1,0,1
200500039911,5,6,25,2200,3,1,1,1,4502400,-117600,3,2,2,0,1,1,0,70,1,0,1,0,1,0,1,3,1
200500039914,5,6,30,800,1,4,1,1,4786000,-375600,3,2,2,0,0,2,0,77,2,0,1,0,1,0,1,0,1
200500039915,5,6,17,300,5,1,1,2,4916500,232800,3,2,2,0,1,1,0,0,1,0,1,0,0,0,4,0,1
200500039916,5,6,3,1130,1,1,1,3,4460800,-110300,3,2,0,0,1,1,0,66,1,0,1,0,1,0,0,1,1
200500039917,5,6,14,1830,1,1,1,2,4460700,-110200,3,2,2,0,1,1,0,67,1,0,1,0,2,0,0,1,1
200500039918,5,6,21,1345,1,1,1,6,4578100,130400,4,2,2,0,2,3,0,55,1,0,1,0,1,0,0,2,1
200500039923,5,6,7,1715,1,1,1,3,4716800,314900,3,2,2,0,1,1,0,57,1,0,1,0,1,0,1,0,1
200500039924,5,6,19,1400,1,1,7,5,4710700,320600,3,2,2,0,1,1,0,70,1,0,1,0,4,0,4,2,1
200500039925,5,6,13,1830,1,1,1,2,4734300,510800,3,2,2,0,1,3,0,101,1,0,1,0,1,0,0,1,1
200500039928,5,6,6,1815,1,1,1,6,4413000,35000,3,2,2,0,1,1,0,65,1,0,3,0,0,0,2,0,1
200500039929,5,6,10,800,1,1,1,1,4414400,35900,3,2,0,0,0,1,0,58,1,0,1,0,1,0,1,0,1
200500039930,5,6,12,1815,1,2,1,3,4417000,37000,3,2,0,0,1,1,0,58,1,0,1,0,3,0,0,1,1
200500039936,5,6,15,1500,1,1,1,2,4358500,377200,3,3,2,1,1,1,25,50,1,5,4,0,2,0,0,1,1
200500039937,5,6,6,1600,1,1,1,6,4854200,188000,1,3,3,0,1,1,24,270,1,0,1,0,0,1,1,0,1
200500039940,5,6,21,1545,1,1,1,2,4853900,187000,1,3,3,0,1,1,294,270,1,0,1,0,1,0,0,1,1
200500039944,5,6,14,1800,1,1,2,3,4556300,481000,2,2,2,0,1,1,70,0,2,5,1,0,1,0,0,1,1
200500039946,5,6,12,1500,1,3,7,3,4470000,-103000,3,2,1,0,1,1,0,78,1,0,1,0,1,0,1,0,1
200500039952,5,6,4,1615,1,1,1,5,5016100,287300,1,3,3,0,1,1,10,130,1,0,1,0,3,0,0,2,1
200500039953,5,6,7,30,5,1,1,6,5032600,291000,1,3,3,0,1,1,5,30,1,7,1,0,1,0,0,1,1
200500039975,5,6,12,2145,2,1,1,3,4340700,628600,1,3,3,0,0,1,20,170,1,0,1,0,1,0,0,2,1
200500039976,5,6,13,1315,1,1,1,2,4323700,608100,1,1,1,0,1,1,0,41,1,3,2,0,1,0,1,0,1