Num_Acc,an,mois,jour,hrmn,lum,int,atm,col,lat,long,catr,circ,nbv,vosp,prof,plan,lartpc,larrout,surf,infra,situ,env1,unscathed,killed,hospital,light,chance
200500041753,5,7,4,2030,1,1,1,1,4532300,479500,2,2,0,0,0,1,0,120,0,0,1,0,1,0,1,0,1
200500041754,5,7,8,1915,1,1,1,1,4535500,481100,9,2,0,0,0,1,0,0,1,0,1,0,0,0,2,0,1
200500041755,5,7,8,600,2,1,1,1,4540100,482900,3,2,2,0,1,1,0,60,1,5,1,0,1,0,0,1,1
200500041756,5,7,17,1330,1,1,7,7,4538700,484200,3,2,2,0,1,1,0,60,1,0,3,0,0,0,1,0,1
200500041760,5,7,7,830,1,1,1,2,4532800,452400,2,2,2,0,2,2,0,78,1,0,1,0,2,0,1,0,1
200500041761,5,7,6,1330,1,1,2,1,4554900,449700,3,2,2,0,0,1,60,0,2,0,1,0,1,0,1,0,1
200500041762,5,7,8,730,1,1,2,1,4551700,437700,3,2,0,0,2,3,0,66,2,0,1,0,0,1,0,1,1
200500041763,5,7,12,945,1,3,1,3,4553500,437600,3,2,2,0,0,2,0,70,1,0,1,0,1,0,1,0,1
200500041765,5,7,1,1215,1,1,1,1,4552700,427100,4,2,2,0,1,1,0,0,1,0,1,0,1,0,1,0,1
200500041766,5,7,5,1700,1,1,1,1,4553200,418400,3,2,2,0,1,1,0,0,1,0,1,0,1,0,0,1,1
200500041767,5,7,27,715,1,1,1,3,4579100,416900,3,2,2,0,1,1,0,54,1,0,1,0,1,1,0,0,1
200500041768,5,7,29,2000,1,1,2,3,4573300,431200,3,2,2,0,2,3,0,0,2,0,1,0,1,0,1,0,1
200500041769,5,7,30,1415,1,1,1,1,4540700,418900,4,2,2,0,1,3,0,66,1,0,1,0,1,0,1,0,1
200500041770,5,7,1,930,1,1,1,1,4564000,438400,3,2,2,0,2,0,0,0,1,0,1,0,1,0,1,0,1
200500041773,5,7,16,2228,3,1,1,7,4538900,467700,4,2,0,0,2,1,48,0,1,0,1,0,0,0,1,0,1
200500041777,5,7,13,430,3,1,1,2,4592000,431000,2,2,3,0,2,3,0,0,1,0,1,0,1,0,0,1,1
200500041788,5,7,6,545,2,1,1,3,4557500,596100,2,3,2,0,1,1,0,0,1,5,1,0,0,0,0,2,1
200500041790,5,7,3,1030,1,1,1,1,4551100,625300,3,2,0,0,0,4,0,0,1,0,1,0,1,0,1,1,1
200500041792,5,7,3,915,1,1,1,6,4575100,611500,3,2,0,0,1,1,0,61,1,0,1,0,0,1,0,0,1
200500041794,5,7,23,15,5,3,1,3,4550600,606700,2,0,3,3,1,1,54,80,1,5,1,0,1,0,1,0,1
200500041796,5,7,10,2145,3,1,1,1,4545900,578600,2,2,0,0,2,3,0,80,1,0,1,0,0,0,3,2,1
200500041797,5,7,19,1230,1,1,1,3,4553400,574300,3,2,2,0,2,1,0,50,1,0,0,0,1,0,1,0,1
200500041798,5,7,25,1845,1,1,1,1,4548200,573100,2,2,0,0,2,1,0,63,1,0,1,0,1,0,1,0,1
200500041799,5,7,5,1515,1,1,1,1,4556000,567600,3,2,2,0,1,1,0,62,1,0,1,0,2,0,1,3,1
200500041801,5,7,9,15,3,1,1,6,4562700,644800,2,3,4,0,1,1,0,120,1,0,1,0,1,1,0,0,1
200500041802,5,7,18,1200,1,2,1,3,4565400,635900,3,2,0,0,1,1,0,70,1,0,1,0,1,0,1,0,1
200500041803,5,7,31,2230,3,1,1,6,4567000,630000,3,2,0,0,2,4,0,70,1,0,1,0,0,0,2,0,1
200500041811,5,7,1,2300,3,1,1,6,4526600,638300,3,2,0,0,2,3,0,58,1,0,1,0,0,1,0,0,1
200500041813,5,7,24,1345,1,1,1,3,4539000,627700,2,2,2,0,1,2,0,70,1,3,1,0,2,0,1,1,1
200500041822,5,7,22,2330,5,1,1,2,4583900,616800,3,2,2,0,1,1,0,80,1,0,1,0,0,0,1,1,1
200500041836,5,7,21,1745,1,1,1,5,4604900,625800,2,2,2,0,1,1,0,60,1,0,1,0,1,0,1,1,1
200500041838,5,7,30,315,3,1,2,6,4606600,638400,3,2,2,0,1,1,0,53,2,0,1,0,0,0,3,0,1
200500041840,5,7,3,130,3,1,1,7,4608800,667500,3,2,2,0,0,2,0,72,1,0,1,0,0,1,0,0,1
200500041844,5,7,12,1645,1,1,1,6,4614300,607000,4,2,0,0,1,1,0,70,1,0,1,0,0,0,1,1,1
200500041849,5,7,27,915,1,1,1,6,4617200,632100,3,2,2,0,1,1,9,89,1,0,1,0,1,0,1,0,1
200500041850,5,7,9,1230,1,1,1,1,4603100,604900,4,0,0,0,2,2,0,41,1,0,1,0,0,0,0,2,1
200500041851,5,7,12,1500,1,1,1,1,4603800,610900,2,2,2,0,2,1,0,11,1,0,1,0,1,0,1,0,1
200500041852,5,7,18,1745,1,1,1,3,4610600,594800,2,2,2,0,1,0,0,0,1,0,1,0,1,0,1,0,1
200500041855,5,7,6,915,1,1,2,6,4628000,634000,3,2,2,0,1,2,0,66,2,0,3,0,0,0,1,0,1
200500041856,5,7,23,2015,1,1,1,3,4630200,630600,2,2,2,0,1,1,0,82,1,0,1,0,1,0,1,1,1
200500041857,5,7,12,1215,1,1,1,6,4629000,669000,3,2,2,0,2,2,0,0,1,0,3,0,0,0,1,0,1
200500041858,5,7,12,2030,2,1,1,1,4626000,684000,3,2,0,0,2,3,0,62,1,0,1,0,1,0,1,0,1
200500041859,5,7,15,1000,1,1,1,5,4629000,669000,3,2,0,0,1,1,0,0,1,0,1,0,2,0,1,1,1
200500041862,5,7,31,1000,1,1,1,6,4635800,656700,3,2,1,0,2,2,0,61,1,0,3,0,0,0,1,0,1
200500041865,5,7,11,1845,1,1,1,1,4572800,334000,3,2,2,0,0,1,0,70,1,0,1,0,1,0,1,0,1
200500041866,5,7,22,1915,1,1,1,6,4570200,344400,3,2,0,0,2,2,0,73,1,0,3,0,0,0,0,1,1
200500041867,5,7,9,615,1,1,8,3,4570400,280900,2,2,2,0,1,1,0,71,1,0,1,0,3,1,1,3,1
200500041868,5,7,11,2130,2,1,1,7,4574400,294200,3,2,0,0,3,2,0,70,1,0,3,0,0,0,0,1,1
200500041869,5,7,2,1815,1,1,1,7,4561700,326700,3,2,2,0,2,2,0,54,1,0,3,0,0,0,1,0,1
200500041870,5,7,19,1530,1,1,1,6,4570600,313800,3,2,2,0,1,1,0,92,1,6,1,0,0,0,1,1,1
200500041871,5,7,22,530,2,1,1,6,4562600,314900,3,2,1,0,1,3,0,50,1,0,1,0,0,0,1,0,1
200500041872,5,7,24,1315,1,1,1,1,4566900,319700,3,2,1,0,0,3,0,45,1,0,1,0,1,0,1,0,1
200500041873,5,7,21,1815,1,1,1,3,4552000,375000,3,2,2,0,0,1,0,69,1,5,1,0,1,0,0,1,1
200500041874,5,7,7,1900,1,1,8,7,4567300,364500,3,2,2,0,1,3,0,69,1,0,1,0,0,0,0,1,1
200500041875,5,7,16,2000,1,1,1,1,4569000,360000,3,2,0,0,1,2,0,113,1,0,1,0,0,0,2,0,1
200500041877,5,7,16,1500,1,1,1,3,4541800,390700,3,2,2,0,0,3,0,73,1,2,1,0,1,0,0,1,1
200500041878,5,7,21,1115,1,1,1,7,4556000,366000,3,2,1,0,1,1,0,69,1,0,1,0,0,0,0,1,1
200500041879,5,7,6,1445,1,1,1,6,4555800,315100,3,0,0,0,0,0,0,0,0,0,0,0,1,0,0,1,1
200500041880,5,7,14,145,5,1,1,7,4554000,323000,3,2,2,0,1,1,0,76,1,0,1,0,0,0,1,0,1
200500041882,5,7,15,1030,1,1,1,1,4553400,255700,3,2,2,0,1,1,0,58,1,0,1,0,1,0,1,0,1
200500041885,5,7,7,2245,3,1,1,7,4600600,316000,3,2,2,0,1,1,0,80,1,0,1,0,0,0,0,1,1
200500041886,5,7,10,1215,1,1,1,1,4599900,303200,3,2,2,0,1,3,0,52,1,0,1,0,1,0,1,1,1
200500041890,5,7,29,715,1,1,8,1,4584700,279900,3,2,2,0,2,3,0,72,2,0,3,0,1,0,1,0,1
200500041891,5,7,30,1015,1,1,1,6,4611500,283200,3,2,2,0,2,1,0,53,1,0,3,0,0,0,0,3,1
200500041892,5,7,30,2030,1,2,1,1,4575900,354500,3,2,0,0,1,1,0,59,1,0,1,0,1,0,1,0,1
200500041894,5,7,8,800,1,3,1,1,4586700,330300,3,2,2,0,1,1,0,60,1,0,1,0,1,0,0,1,1
200500041895,5,7,18,1045,1,1,1,6,4593100,350000,3,2,2,0,1,1,0,70,1,0,1,3,0,0,1,1,1
200500041896,5,7,21,415,3,1,1,2,4648300,388400,2,2,2,0,1,1,0,107,1,0,1,0,1,1,0,0,1
200500041897,5,7,12,800,1,1,1,2,4654000,357100,2,2,2,0,1,1,0,73,1,0,2,0,0,0,1,1,1
200500041899,5,7,8,1645,1,1,1,3,4634900,329900,3,2,2,0,0,1,0,60,1,0,1,0,0,0,1,1,1
200500041900,5,7,16,2030,1,1,1,3,4631400,325000,4,2,0,0,1,1,0,35,1,0,1,0,1,0,1,0,1
200500041902,5,7,8,1530,1,1,1,1,4644000,317000,2,2,2,0,2,1,0,71,1,0,1,0,2,0,1,0,1
200500041903,5,7,8,430,3,6,2,7,4630600,243100,2,2,2,0,4,3,0,48,2,0,0,0,0,0,0,1,1
200500041904,5,7,9,45,3,1,8,7,4641400,258800,3,2,2,0,1,3,0,56,2,0,3,0,0,0,1,3,1
200500041905,5,7,12,1930,1,1,1,2,4637600,248000,3,2,0,0,0,1,0,54,1,0,1,0,1,0,1,0,1
200500041907,5,7,9,930,1,1,2,6,4615600,338800,4,2,2,0,1,1,0,43,2,0,3,0,0,0,2,0,1
200500041910,5,7,21,345,3,1,1,7,4615700,322700,2,2,2,0,1,1,0,120,1,0,3,0,0,0,1,0,1
200500041911,5,7,22,2015,1,1,1,3,4615000,314100,4,2,0,0,2,1,0,50,1,0,1,0,1,0,0,1,1
200500041914,5,7,16,1915,1,1,1,2,4605900,368700,3,2,2,0,2,1,0,56,1,0,1,0,2,0,1,0,1
200500041915,5,7,5,1830,1,1,1,3,4619700,344300,3,2,2,0,0,3,0,0,1,0,1,0,1,0,0,1,1
200500041918,5,7,7,745,1,1,1,5,4479300,220600,2,3,3,0,1,1,34,71,1,0,1,0,2,0,2,0,1
200500041922,5,7,11,1215,1,2,1,3,4544600,252600,4,2,2,0,1,1,0,49,1,0,1,0,1,0,1,0,1
200500041923,5,7,14,1815,1,1,1,1,4499100,316500,3,2,2,0,1,1,0,79,1,0,1,0,4,0,1,0,1
200500041926,5,7,27,1345,1,1,1,1,4506600,381500,4,2,2,0,2,4,0,40,1,0,1,0,3,0,1,0,1
200500041927,5,7,29,2230,3,1,1,5,4499600,374500,3,2,2,0,3,1,0,74,1,0,0,0,2,0,1,0,1
200500041928,5,7,29,1815,1,1,1,7,4500000,384500,4,0,0,0,1,1,0,45,9,0,0,0,0,0,0,1,1
200500041929,5,7,30,1245,1,6,1,1,4501400,380400,3,1,2,0,1,0,0,0,1,5,1,0,1,0,0,1,1
200500041933,5,7,31,1615,1,1,1,2,4517400,392600,3,2,2,0,1,1,0,60,1,0,1,0,1,0,0,1,1
200500041934,5,7,5,1615,1,1,1,3,4496400,354300,4,2,2,0,1,1,0,80,1,0,1,0,1,0,0,1,1
200500041935,5,7,19,1945,1,1,1,3,4495600,355500,3,2,2,0,2,2,0,76,9,0,1,0,0,0,2,0,1
200500041936,5,7,13,1430,1,1,1,3,4514700,378900,3,0,0,0,0,3,0,70,1,0,1,0,1,0,1,0,1
200500041937,5,7,29,1530,1,1,1,7,4509600,380700,2,2,2,0,1,1,0,80,1,0,1,0,0,1,0,0,1
200500041939,5,7,1,1030,1,1,1,6,4526900,340500,4,2,0,0,1,2,0,0,1,0,1,0,1,0,1,0,1
200500041940,5,7,12,1615,1,1,1,7,4529400,341300,4,2,0,0,1,2,0,0,1,0,1,0,0,1,0,0,1
200500041941,5,7,22,1200,1,1,1,6,4532000,355100,3,2,2,0,2,2,73,0,9,0,1,0,0,0,1,1,1
200500041942,5,7,8,2100,1,1,1,7,4539600,337800,3,2,2,0,2,3,0,72,1,0,1,0,0,0,1,1,1
200500041944,5,7,23,1030,1,3,1,3,4516200,413300,3,2,2,0,1,1,0,63,1,0,1,0,1,0,0,1,1
200500041949,5,7,31,1615,3,1,1,2,4530600,431700,3,0,0,0,1,3,70,0,1,0,1,0,0,0,2,1,1
200500041950,5,7,30,1000,1,1,1,6,4531100,427900,4,0,0,0,0,1,70,0,1,6,1,0,1,0,1,0,1
200500041955,5,7,13,1630,1,1,1,6,4908100,607500,4,2,2,0,0,0,0,0,1,0,1,0,1,0,1,0,1
200500041956,5,7,16,1645,1,1,1,7,4921600,610800,6,1,0,0,1,1,0,0,1,0,1,3,0,0,1,0,1
200500041963,5,7,29,2030,5,1,8,3,4930500,644200,3,0,2,0,0,1,0,0,2,0,1,0,1,0,0,1,1
200500041966,5,7,14,945,1,1,1,5,4875200,664000,3,2,2,0,0,0,0,80,1,0,1,0,4,1,0,3,1
200500041967,5,7,18,1930,1,1,1,6,4914200,683400,3,2,2,0,1,4,0,70,1,0,4,0,0,0,1,0,1
200500041972,5,7,27,730,1,9,1,3,4871000,724000,4,0,0,0,2,3,0,30,1,0,1,0,1,0,1,0,1
200500041973,5,7,10,1845,1,1,1,1,4905200,726500,2,2,2,0,2,2,0,105,1,0,1,0,1,0,2,1,1
200500041986,5,7,7,2030,2,1,3,6,4859200,634500,3,2,2,0,1,2,0,72,2,0,3,0,0,0,1,0,1
200500041996,5,7,17,1015,1,1,7,1,4848800,693800,3,2,0,0,2,4,0,0,1,0,1,0,2,0,1,0,1
200500041997,5,7,17,2145,5,1,1,6,4873500,584300,3,2,2,0,2,3,0,0,1,0,1,0,0,0,1,0,1
200500041998,5,7,23,100,5,1,1,6,4853300,581000,3,2,2,0,3,2,0,66,1,0,4,0,0,0,0,2,1
200500042000,5,7,1,2115,2,1,1,2,4881900,508400,3,2,0,0,2,1,0,60,2,0,1,0,2,0,1,0,1
200500042002,5,7,15,1900,1,2,1,3,4880100,521800,4,2,0,0,0,1,0,40,1,0,1,0,1,0,1,0,1
200500042004,5,7,19,1530,1,9,1,4,4864200,500700,2,3,0,0,1,1,12,32,1,0,1,0,3,0,1,0,1
200500042005,5,7,4,1430,1,1,2,6,4887100,530700,3,2,0,0,2,4,0,51,2,0,1,0,0,0,2,0,1
200500042006,5,7,10,400,5,7,1,6,4889500,554300,3,2,2,0,1,2,0,0,1,0,4,0,0,4,0,0,1
200500042009,5,7,5,1645,1,1,1,7,4910000,558700,3,2,2,0,2,3,0,45,1,0,1,0,0,0,1,0,1
200500042011,5,7,18,700,2,1,1,3,4817300,641600,3,2,2,0,1,1,0,0,1,0,1,0,1,0,0,1,1
200500042012,5,7,4,1800,1,1,1,3,4819800,669500,3,0,2,0,1,2,0,70,1,4,1,0,1,0,0,1,1
200500042013,5,7,6,345,3,9,1,6,4817200,677700,3,2,2,0,1,3,0,60,1,2,1,0,1,1,0,0,1
200500042014,5,7,6,1815,1,1,1,6,4837700,629500,3,2,2,0,1,1,0,75,1,0,1,0,1,0,0,1,1
200500042015,5,7,28,1230,1,7,1,2,4809100,604600,3,2,1,0,2,2,0,133,1,0,1,0,1,0,0,1,1
200500042016,5,7,31,1515,1,1,1,6,4802200,593200,3,2,1,0,0,1,84,59,1,0,0,0,0,1,0,0,1
200500042019,5,7,2,500,2,1,1,3,4824500,641200,2,3,2,0,2,1,0,130,1,0,1,0,1,0,1,0,1
200500042022,5,7,3,2015,1,7,1,3,4810600,640000,3,2,1,0,0,4,0,60,1,0,1,0,1,0,0,1,1
200500042023,5,7,17,1545,1,1,1,1,4811100,635400,4,0,0,0,3,2,0,32,1,0,1,0,1,0,0,1,1
200500042029,5,7,27,1430,1,1,1,2,4836100,569300,2,2,2,0,0,1,109,54,1,0,1,0,1,0,1,1,1
200500042030,5,7,23,2200,3,2,1,1,4822500,580300,3,2,2,0,0,0,0,0,0,0,0,0,0,0,3,0,1
200500042033,5,7,3,845,1,1,1,7,4795200,646000,2,2,2,0,1,3,0,80,1,0,3,0,0,0,1,0,1
200500042035,5,7,24,915,1,1,8,1,4817600,686600,3,2,0,0,1,0,0,0,2,5,1,0,1,0,1,0,1
200500042040,5,7,2,330,5,1,1,6,4836300,758000,3,2,0,0,1,3,0,0,1,0,1,3,1,0,2,0,1
200500042041,5,7,20,930,1,6,1,1,4838000,759400,3,2,2,0,1,1,0,68,1,5,1,0,1,0,1,0,1
200500042042,5,7,26,645,1,7,1,1,4834100,754600,3,2,2,0,1,0,0,65,1,0,1,0,1,0,1,0,1
200500042045,5,7,27,1400,1,1,1,3,4845200,754600,3,2,0,0,1,1,0,82,1,5,1,0,1,0,2,0,1
200500042046,5,7,8,830,1,1,2,1,4854800,757600,3,2,2,0,1,1,0,76,2,0,1,0,0,0,2,0,1
200500042047,5,7,19,2045,2,1,1,3,4853100,747400,3,2,2,0,1,1,0,73,1,0,1,0,1,0,1,0,1
200500042056,5,7,9,1645,1,1,1,5,4875600,738500,4,2,2,0,1,1,0,0,1,4,1,0,2,0,0,1,1
200500042057,5,7,13,1815,1,1,1,1,4874400,736900,4,2,3,0,4,1,0,0,1,5,1,0,1,0,1,0,1
200500042066,5,7,29,1100,1,1,1,1,4895000,707000,2,2,2,0,2,1,0,76,1,0,1,0,3,0,0,1,1
200500042071,5,7,4,1830,1,1,1,7,4870900,777800,9,2,2,0,1,0,0,58,9,0,4,0,1,0,1,0,1
200500042072,5,7,19,815,1,1,1,3,4829500,742200,4,2,0,0,1,0,0,33,1,0,1,0,1,0,1,0,1
200500042073,5,7,19,1630,1,1,1,1,4816900,754400,9,2,2,0,1,1,0,45,1,0,1,0,1,0,1,0,1
200500042074,5,7,3,1930,1,1,1,7,4837100,722300,3,2,2,0,3,1,0,60,1,0,3,0,0,0,0,1,1
200500042075,5,7,10,2030,1,1,3,6,4837100,729200,4,2,0,0,2,1,38,0,2,0,1,0,1,0,0,1,1
200500042077,5,7,1,800,1,1,1,1,4892000,812400,3,2,2,0,1,3,0,71,2,0,1,0,0,0,2,0,1
200500042079,5,7,10,1330,1,1,1,3,4817900,711300,3,2,2,0,1,1,0,60,1,0,1,0,1,0,1,0,1
200500042081,5,7,31,1550,1,1,1,2,4817500,712900,2,2,3,0,1,1,0,0,1,0,1,0,1,0,1,1,1
200500042082,5,7,31,1800,1,1,1,2,4812400,714600,3,2,2,0,1,1,0,60,1,0,1,0,0,0,2,2,1
200500042083,5,7,26,1715,1,1,1,2,4804500,714600,3,2,0,0,1,1,0,66,1,0,1,0,0,0,0,2,1
200500042085,5,7,28,1545,1,1,1,6,4812800,746300,3,2,2,0,1,2,0,57,1,0,3,0,0,1,0,0,1
200500042086,5,7,9,1715,1,4,1,3,4814700,732600,3,2,2,0,1,2,0,61,1,0,1,0,1,0,1,0,1
200500042087,5,7,7,2345,5,1,2,6,4807300,731000,2,4,3,0,1,1,0,0,2,5,1,0,1,1,0,0,1
200500042088,5,7,3,1945,1,1,1,1,4762800,716200,3,2,3,0,1,3,0,0,1,5,1,0,0,0,0,2,1
200500042091,5,7,14,30,3,1,1,7,4763300,703900,3,2,2,0,2,1,0,70,1,0,3,0,0,0,1,0,1
200500042092,5,7,8,930,3,1,1,6,4747400,744400,3,2,2,0,1,3,0,80,6,0,3,0,1,0,1,0,1
200500042093,5,7,26,1500,1,1,1,6,4750600,716100,3,2,2,0,1,3,0,80,1,0,3,0,0,0,1,0,1
200500042094,5,7,2,1730,1,2,1,6,4787800,734700,9,0,0,0,1,1,0,60,1,0,1,0,1,0,0,1,1
200500042095,5,7,8,1600,1,2,1,1,4791000,738200,3,2,2,0,1,3,0,70,1,0,1,0,1,1,2,0,1
200500042096,5,7,11,1415,1,1,1,1,4791000,738100,3,2,2,0,1,2,0,70,1,0,0,0,0,2,0,1,1
200500042097,5,7,28,1530,1,1,1,6,4784300,734400,3,2,2,0,1,1,0,69,1,0,3,0,0,0,1,0,1
200500042100,5,7,15,1115,1,1,1,3,4785100,727900,3,2,0,0,1,1,0,75,1,0,1,0,1,0,0,1,1
200500042101,5,7,28,2015,1,1,1,1,4786400,726000,3,2,0,1,0,3,0,65,1,5,5,0,1,0,1,0,1
200500042102,5,7,13,1000,1,1,1,7,4778300,741600,3,2,2,0,1,1,0,73,1,0,1,0,0,1,0,0,1
200500042103,5,7,12,800,1,1,1,1,4777700,739000,3,3,0,0,1,1,80,0,1,0,1,0,1,0,0,1,1
200500042104,5,7,12,530,1,2,1,1,4778500,734300,3,2,2,2,4,1,70,0,1,0,1,0,1,0,0,1,1
200500042105,5,7,24,1530,1,1,2,6,4776700,750200,3,2,2,0,0,3,0,62,2,0,0,0,1,0,1,0,1
200500042106,5,7,4,1500,1,1,1,3,4753800,748700,3,2,0,0,1,1,0,70,1,0,1,0,1,0,0,1,1
200500042107,5,7,24,415,3,1,1,1,4759500,742400,3,2,2,0,2,3,0,72,1,0,1,0,2,0,1,0,1
200500042108,5,7,4,1415,1,1,3,2,4782100,708700,2,4,3,0,1,1,24,98,2,5,1,0,1,0,0,2,1
200500042109,5,7,8,1245,1,1,1,6,4783000,708000,2,2,1,0,1,1,0,0,1,0,1,0,1,0,0,1,1
200500042112,5,7,30,100,5,1,2,1,4777600,700300,3,2,2,2,1,2,0,69,2,0,1,0,4,0,0,1,1
200500042115,5,7,12,1900,1,1,1,3,4912800,453900,9,2,0,0,1,1,0,67,2,0,1,0,0,0,0,2,1
200500042116,5,7,14,2015,1,1,1,3,4912700,454600,3,2,2,0,1,1,0,66,1,0,1,0,1,0,0,3,1
200500042117,5,7,31,1715,1,1,1,1,4896200,401500,3,2,0,0,1,1,0,43,1,0,1,0,1,0,1,0,1
200500042118,5,7,18,1245,1,1,1,1,4875600,401700,2,0,2,0,0,1,0,72,1,0,1,0,1,1,0,0,1
200500042119,5,7,29,2030,1,9,1,7,4871700,413800,4,2,2,0,0,0,0,51,2,0,1,0,0,0,3,0,1
200500042120,5,7,7,445,3,1,1,6,4880200,354100,3,2,1,0,1,3,0,54,1,0,3,0,1,0,1,0,1
200500042121,5,7,13,1445,1,1,1,3,4881100,357200,3,2,2,0,1,3,0,49,1,0,1,0,1,1,1,0,1
200500042123,5,7,25,1,2,1,1,6,4892900,380600,3,0,2,0,0,1,80,0,1,0,1,0,1,0,1,0,1
200500042124,5,7,13,1500,1,1,1,1,4872600,370300,4,2,0,0,1,1,0,70,1,0,1,0,1,0,1,0,1
200500042125,5,7,14,1315,1,1,1,6,4872300,372900,4,2,2,0,1,1,0,90,1,0,1,0,0,0,1,0,1
200500042126,5,7,25,1515,1,1,1,6,4855900,365200,3,2,2,0,1,3,0,55,1,0,1,0,1,0,0,1,1
200500042127,5,7,30,1130,1,1,1,6,4872400,354300,2,2,2,0,0,2,0,70,1,0,3,0,0,0,0,1,1
200500042128,5,7,31,630,1,1,1,6,4871300,347300,2,2,2,0,1,1,0,70,1,0,3,0,0,1,0,0,1
200500042129,5,7,21,2000,1,1,1,6,4931600,380100,9,0,0,0,2,0,0,0,1,0,4,0,1,1,0,0,1
200500042130,5,7,6,230,3,1,2,6,4918100,377600,3,2,2,0,1,1,0,0,2,0,1,0,0,0,1,0,1
200500042131,5,7,16,1700,1,1,1,7,4919000,384800,3,2,2,0,1,3,0,65,1,0,1,0,0,0,1,0,1
200500042132,5,7,19,1400,1,1,1,1,4920200,386400,3,2,2,0,1,1,0,65,1,0,1,0,0,1,0,1,1
200500042133,5,7,14,1615,1,2,1,2,4909500,397300,2,2,2,0,3,1,0,71,1,0,3,0,1,0,0,1,1
200500042139,5,7,15,815,1,1,1,6,4878700,490800,3,2,2,0,1,1,0,0,1,0,3,0,0,0,0,1,1
200500042140,5,7,19,1945,1,1,1,3,4907000,478000,2,2,0,0,0,1,0,80,1,0,1,0,2,0,1,0,1
200500042141,5,7,28,1115,1,1,1,6,4917000,479500,3,2,2,0,1,4,0,0,1,0,3,0,0,0,0,2,1
200500042142,5,7,31,1445,1,1,1,6,4906100,458500,3,2,0,0,0,1,0,61,1,0,3,0,0,0,0,2,1
200500042145,5,7,13,1245,1,1,1,1,4959600,481500,3,2,2,0,1,1,0,60,1,0,0,0,1,0,1,0,1
200500042149,5,7,17,1815,1,1,1,7,4977700,423600,3,2,1,0,4,1,0,0,1,0,1,0,0,0,1,0,1
200500042150,5,7,2,1515,1,1,2,6,4970000,510800,3,2,0,0,0,3,0,48,2,0,3,0,0,0,2,1,1
200500042151,5,7,9,1545,1,1,1,1,4967700,498300,3,2,2,0,0,1,0,0,1,0,1,0,1,0,0,1,1
200500042152,5,7,12,800,1,1,1,3,4966200,514000,2,2,2,0,4,1,0,75,1,0,1,0,1,0,1,0,1
200500042153,5,7,27,2115,2,2,1,3,4966800,508500,3,2,2,0,1,1,0,56,1,5,0,0,2,0,0,1,1
200500042154,5,7,2,1700,1,1,1,6,4967200,486700,3,2,2,0,2,2,0,39,1,0,3,0,0,1,0,0,1
200500042155,5,7,9,2000,1,1,1,7,4946500,463200,3,2,0,0,1,3,0,60,1,0,0,0,0,0,1,0,1
200500042156,5,7,4,1845,1,1,1,6,4935100,478500,3,2,2,0,3,1,0,58,1,0,1,0,1,0,0,1,1
200500042159,5,7,28,1015,1,1,1,6,4951500,436700,4,2,2,0,1,1,67,100,1,0,1,0,1,0,1,0,1
200500042160,5,7,12,1515,1,1,1,6,4957500,413600,3,2,2,0,2,2,59,0,1,0,3,0,0,0,0,1,1
200500042161,5,7,13,2215,1,1,1,6,4942800,410000,3,2,2,0,1,1,52,0,1,0,4,0,0,0,2,1,1
200500042162,5,7,19,1830,1,1,1,6,4958100,455900,3,2,0,0,2,1,0,72,1,0,3,0,0,0,1,0,1
200500042165,5,7,22,1715,1,1,1,3,4841000,417000,3,2,2,0,1,1,0,60,1,0,1,0,1,0,0,1,1
200500042169,5,7,12,1830,1,2,7,6,4820000,421000,3,2,0,0,1,4,0,60,1,0,1,0,1,0,1,0,1
200500042170,5,7,2,1800,1,1,1,7,4836200,439700,3,2,2,0,1,2,0,55,1,0,1,0,0,0,0,2,1
200500042172,5,7,9,1230,1,1,1,2,4823200,470000,3,2,2,0,0,3,0,0,1,0,1,0,1,0,1,0,1
200500042175,5,7,2,830,1,1,8,6,4811500,430800,3,2,2,0,2,1,0,78,2,0,4,0,0,0,1,1,1
200500042177,5,7,10,530,1,1,1,7,4815100,423200,3,0,2,0,1,0,0,60,1,0,1,0,0,0,0,5,1
200500042178,5,7,28,1630,1,1,1,7,4797800,442000,3,2,0,0,1,1,55,55,1,0,1,0,0,1,0,0,1
200500042180,5,7,4,1145,1,2,3,3,4848600,373000,3,2,2,0,1,1,0,70,2,5,1,0,1,1,0,0,1
200500042186,5,7,21,2230,3,1,1,6,4820000,502400,3,2,2,0,0,3,0,50,1,0,1,0,0,0,1,0,1
200500042189,5,7,4,815,1,1,1,6,4794100,576800,3,2,2,0,1,2,0,59,1,0,3,0,0,1,0,1,1
200500042190,5,7,13,1915,1,1,1,6,4791900,541500,3,2,2,0,1,1,0,65,1,0,3,0,1,0,1,0,1
200500042191,5,7,18,1245,1,1,2,3,4798300,543000,3,0,2,0,1,1,0,50,2,0,1,0,1,0,0,1,1
200500042192,5,7,23,1600,1,1,1,2,4801200,548600,3,2,2,0,1,1,0,89,1,0,1,0,1,0,0,1,1
200500042193,5,7,4,1345,1,4,1,3,4779400,536400,3,2,2,0,1,2,0,76,1,0,1,0,2,0,1,0,1
200500042194,5,7,24,500,3,1,2,6,4781400,532200,2,2,2,0,0,1,0,70,2,0,3,0,0,0,0,1,1
200500042195,5,7,1,1215,1,1,1,6,4860100,487300,3,2,2,0,0,1,0,69,1,0,1,0,2,0,1,0,1