Num_Acc,an,mois,jour,hrmn,lum,int,atm,col,lat,long,catr,circ,nbv,vosp,prof,plan,lartpc,larrout,surf,infra,situ,env1,unscathed,killed,hospital,light,chance
200500042197,5,7,16,1915,1,1,1,6,4849500,469800,3,2,2,0,1,1,0,50,1,0,3,0,0,0,1,0,1
200500042201,5,7,14,30,3,1,1,1,4720000,538100,3,2,2,0,1,3,0,64,1,0,1,0,5,0,1,0,1
200500042202,5,7,15,500,2,1,1,6,4721200,529400,2,2,2,0,1,1,0,0,1,0,4,0,0,0,1,0,1
200500042203,5,7,31,330,5,1,1,6,4721200,528900,2,2,2,0,1,1,0,70,1,0,3,0,0,0,2,0,1
200500042205,5,7,22,1645,1,3,1,3,4731400,536600,3,2,2,0,1,1,27,103,1,5,1,0,0,1,2,0,1
200500042207,5,7,25,1545,1,1,1,2,4757000,515300,3,2,0,0,1,1,0,0,1,0,1,0,1,0,0,1,1
200500042208,5,7,6,1815,1,1,8,7,4731800,468700,3,2,2,0,1,1,0,70,1,0,3,0,3,0,0,2,1
200500042212,5,7,24,1730,1,1,1,3,4702500,487600,3,2,2,0,1,1,0,0,1,0,1,0,1,0,0,2,1
200500042213,5,7,10,1715,1,1,1,6,4711000,440300,2,2,2,0,1,1,0,72,1,0,1,0,1,0,1,0,1
200500042214,5,7,15,1715,1,1,1,1,4726200,451200,4,2,0,0,1,1,0,41,1,0,1,0,1,0,1,0,1
200500042216,5,7,31,1815,1,1,8,1,4786900,461800,4,2,1,0,2,1,0,43,1,0,1,0,1,1,0,0,1
200500042217,5,7,12,1530,1,1,1,5,4758800,442200,3,2,0,0,1,1,0,68,1,0,1,0,1,0,4,0,1
200500042218,5,7,16,1015,1,1,1,6,4762700,434000,9,1,0,0,1,1,0,0,1,0,1,0,1,0,1,0,1
200500042219,5,7,27,1015,1,1,1,1,4763200,434200,4,2,2,0,1,1,0,0,1,0,1,0,1,0,0,1,1
200500042220,5,7,27,1030,1,1,1,7,4757400,433800,3,2,2,0,1,1,0,99,1,0,1,0,0,0,1,0,1
200500042221,5,7,25,1845,1,2,1,3,4745000,449600,4,1,2,0,2,1,0,50,1,0,1,0,1,0,0,1,1
200500042222,5,7,20,1130,1,1,1,3,4739800,437300,3,2,2,0,1,1,0,0,1,0,1,0,1,0,1,0,1
200500042223,5,7,4,900,1,1,3,6,4683000,345200,3,2,2,0,1,1,0,64,2,0,4,0,2,1,0,0,1
200500042224,5,7,8,2045,1,1,1,6,4684500,343600,2,2,2,0,1,1,70,0,1,0,1,0,0,1,1,0,1
200500042225,5,7,4,745,1,1,8,3,4701500,340600,9,2,2,0,1,3,0,38,1,0,1,0,1,0,1,0,1
200500042226,5,7,15,1430,1,1,1,6,4693500,322400,3,2,2,0,1,3,0,60,1,0,3,0,0,1,1,0,1
200500042227,5,7,13,1300,1,1,1,1,4694000,339000,3,2,2,0,0,1,0,51,9,0,1,0,1,0,1,0,1
200500042229,5,7,8,2045,1,1,1,7,4704500,356200,3,2,2,0,1,2,67,0,1,0,1,0,2,0,1,0,1
200500042230,5,7,28,840,1,1,1,1,4706300,378200,3,2,2,0,1,1,0,80,1,0,1,0,1,1,0,0,1
200500042232,5,7,21,2245,5,1,1,1,4744100,357400,3,2,0,0,1,1,0,88,1,0,1,0,0,0,3,0,1
200500042233,5,7,27,1845,1,1,1,3,4733200,366600,3,2,2,0,0,1,0,65,1,0,1,0,0,1,5,0,1
200500042237,5,7,30,430,3,1,1,6,4721500,304100,3,2,0,0,1,3,0,50,1,0,1,0,0,0,1,0,1
200500042240,5,7,2,1730,1,1,1,3,4638500,452800,3,2,2,0,4,2,0,0,1,0,1,0,1,0,1,0,1
200500042241,5,7,15,730,2,1,1,7,4645000,466500,3,2,0,0,1,3,0,0,1,0,1,0,0,0,1,0,1
200500042247,5,7,28,2345,3,1,1,7,4647900,484500,3,2,2,0,1,1,0,64,1,0,1,0,0,1,0,0,1
200500042255,5,7,2,645,2,1,1,1,4680200,494200,3,2,2,0,1,1,70,73,1,0,1,0,1,0,1,0,1
200500042256,5,7,22,930,1,1,1,6,4686700,504200,2,2,2,0,3,1,0,75,1,0,1,0,1,0,1,0,1
200500042259,5,7,1,1630,1,1,1,1,4642800,403000,3,2,2,0,1,1,0,61,1,0,1,0,0,1,2,0,1
200500042260,5,7,13,1725,1,1,1,1,4649700,396000,4,2,2,0,2,1,0,55,1,0,1,0,1,0,0,1,1
200500042262,5,7,6,1445,1,1,1,7,4622400,405300,3,2,2,0,1,1,0,0,1,0,3,0,1,0,1,0,1
200500042269,5,7,22,1530,1,1,1,3,4684600,433800,3,2,2,0,1,3,0,55,1,0,1,0,1,0,0,1,1
200500042273,5,7,6,1845,1,1,1,2,4649600,525700,3,0,2,0,1,1,0,59,1,0,3,0,1,0,0,1,1
200500042276,5,7,21,1815,1,1,1,3,4665100,517800,3,2,0,0,1,1,0,60,1,0,1,0,1,0,0,1,1
200500042277,5,7,5,1145,1,1,1,6,4656400,499800,3,2,2,0,1,1,0,70,1,0,1,0,1,0,0,1,1
200500042279,5,7,15,645,1,1,1,7,4670300,518800,2,2,2,0,1,1,0,69,1,0,3,0,0,0,0,1,1
200500042281,5,7,22,1445,1,1,1,6,4669500,510300,3,2,2,0,1,2,0,68,1,0,3,0,0,0,1,0,1
200500042282,5,7,26,1330,1,1,1,1,4656200,499500,3,2,2,0,1,1,0,70,1,0,1,0,1,0,0,1,1
200500042287,5,7,2,1930,1,1,1,6,4795200,388900,3,2,2,0,1,1,0,75,1,0,4,0,0,0,0,2,1
200500042290,5,7,29,2115,1,1,1,6,4800400,371200,3,2,2,0,1,2,74,74,1,0,1,0,0,0,1,0,1
200500042297,5,7,1,2115,1,1,1,1,4799800,363200,3,2,2,0,1,1,0,74,1,0,1,0,1,0,1,0,1
200500042298,5,7,14,2215,2,1,1,7,4799000,352000,3,2,2,0,0,2,0,50,1,0,3,0,0,0,1,0,1
200500042299,5,7,12,1530,1,1,1,7,4821700,325600,4,2,2,0,1,1,70,0,9,0,1,0,0,0,1,1,1
200500042300,5,7,18,1,5,6,1,1,4816900,326700,3,0,0,0,0,0,0,0,0,5,0,0,1,0,1,0,1
200500042305,5,7,30,1215,1,1,1,7,4820200,319100,4,2,1,0,1,1,0,40,1,0,1,0,1,0,1,0,1
200500042310,5,7,22,2045,1,9,1,6,4698000,608400,3,2,2,0,4,2,30,74,1,5,3,0,0,1,0,0,1
200500042312,5,7,6,2200,3,1,3,3,4753900,678700,3,2,1,0,0,1,0,71,2,0,1,0,0,0,1,1,1
200500042314,5,7,3,430,2,1,5,6,4730000,689000,4,2,1,0,1,1,0,30,1,0,0,0,4,0,0,1,1
200500042315,5,7,4,1530,1,3,3,3,4711000,669000,3,2,2,0,1,1,0,170,2,5,0,0,0,0,3,1,1
200500042316,5,7,17,1015,1,1,1,6,4725000,671000,3,2,0,0,0,3,0,70,0,0,1,0,0,0,1,0,1
200500042317,5,7,17,1915,1,1,1,3,4727000,694000,3,2,0,0,2,3,0,61,1,0,1,0,3,0,3,0,1
200500042318,5,7,20,1145,1,1,1,6,4716000,672000,3,2,2,0,1,1,0,70,1,0,3,0,0,0,1,0,1
200500042319,5,7,30,2345,5,1,1,7,4720200,674000,3,2,2,0,1,2,0,71,1,0,1,0,2,0,2,0,1
200500042322,5,7,10,1430,1,1,1,1,4733900,624200,3,2,2,0,1,3,0,72,1,0,1,0,1,0,1,0,1
200500042325,5,7,2,1600,1,1,1,1,4681600,619200,3,2,2,0,3,3,0,64,1,0,1,0,0,2,1,0,1
200500042326,5,7,2,1600,1,1,1,5,4685600,615100,3,2,0,0,2,2,0,76,1,0,1,0,2,1,2,0,1
200500042331,5,7,24,1815,1,1,1,6,4680600,635800,2,2,2,0,2,3,0,77,1,0,3,0,0,0,1,0,1
200500042332,5,7,31,2145,3,1,1,6,4668500,621600,3,2,0,0,2,2,0,70,1,0,3,0,0,2,0,0,1
200500042334,5,7,10,1515,1,1,1,6,4701600,648400,3,2,0,0,2,2,0,58,1,0,3,0,0,0,1,0,1
200500042340,5,7,29,2030,1,1,1,5,4682000,559200,2,2,0,0,0,1,0,0,0,0,1,0,1,0,1,1,1
200500042341,5,7,3,1015,1,1,1,2,4651800,539000,2,3,2,0,1,1,38,120,1,0,1,0,6,0,1,0,1
200500042343,5,7,22,2115,1,1,1,7,4667900,591500,3,2,2,0,4,3,0,61,1,0,1,0,0,1,0,0,1
200500042344,5,7,24,1900,1,1,1,6,4679100,604400,3,2,2,0,2,3,0,67,1,0,3,0,1,0,0,2,1
200500042345,5,7,17,1515,1,1,1,1,4689900,573300,2,2,2,0,1,3,0,75,1,0,1,0,1,1,0,0,1
200500042348,5,7,10,215,5,1,2,7,4685100,547800,3,2,2,0,2,1,0,64,2,0,3,0,0,1,1,0,1
200500042351,5,7,29,1400,1,1,1,1,4695700,560300,4,2,2,0,2,1,0,74,1,0,1,0,0,1,2,0,1
200500042352,5,7,29,1345,1,1,1,2,4700900,549700,3,0,2,0,3,1,0,73,2,0,1,0,1,0,1,0,1
200500042353,5,7,31,500,3,1,1,6,4696800,550800,3,2,2,0,2,3,0,150,1,0,1,0,0,2,0,0,1
200500042354,5,7,9,1015,1,1,2,6,4712500,573600,3,2,0,0,1,3,0,75,2,2,3,0,0,1,0,1,1
200500042355,5,7,5,945,1,1,1,6,4652100,602500,6,0,0,0,1,1,0,0,1,0,0,0,0,0,1,0,1
200500042357,5,7,10,300,3,1,1,6,4649600,582700,4,2,2,0,1,1,0,51,1,0,1,0,0,0,2,0,1
200500042359,5,7,17,1030,1,1,1,7,4650100,593100,3,2,2,0,1,3,0,50,1,0,1,0,0,0,2,0,1
200500042362,5,7,25,1500,1,1,1,7,4795900,601500,3,2,2,0,2,3,0,58,1,0,3,0,0,0,1,1,1
200500042366,5,7,10,645,1,1,1,7,4735400,602400,2,3,3,0,2,1,0,93,1,0,3,0,0,0,0,1,1
200500042369,5,7,3,1630,1,1,1,1,4770800,668500,3,2,2,0,1,2,0,80,1,0,1,0,1,0,1,0,1
200500042372,5,7,14,2245,3,1,1,7,4772500,637700,4,2,0,0,2,3,0,28,1,0,0,0,0,0,1,0,1
200500042373,5,7,18,1300,1,1,3,6,4770100,628500,2,2,0,0,1,1,0,75,2,0,4,0,1,0,1,0,1
200500042374,5,7,17,445,5,1,1,6,4792700,609800,3,2,2,0,2,2,0,60,1,0,1,0,0,0,1,0,1
200500042379,5,7,20,1930,1,1,1,3,4741800,581300,3,2,2,0,1,1,0,70,1,0,1,0,2,0,0,2,1
200500042381,5,7,19,1815,1,1,1,6,4755800,684800,9,2,2,0,0,2,0,0,1,0,1,0,0,1,0,0,1
200500042382,5,7,1,1700,1,1,1,3,4752600,703600,3,2,0,0,1,0,0,0,1,0,1,0,1,0,1,0,1
200500042383,5,7,6,1515,1,1,8,6,4774700,698600,3,2,0,0,1,1,0,54,2,0,3,0,0,0,1,0,1
200500042384,5,7,14,2115,2,1,1,5,4774500,682700,3,2,2,0,1,1,0,80,1,0,1,0,2,0,0,1,1
200500042387,5,7,22,900,1,1,1,1,4757400,690700,2,2,2,0,1,3,0,75,1,0,1,0,1,0,1,1,1
200500042394,5,7,3,1115,1,1,1,6,4343800,546700,3,2,2,0,1,1,0,63,1,0,1,0,1,0,1,0,1
200500042395,5,7,4,2330,3,1,1,1,4345000,552400,3,2,2,0,1,3,0,72,2,0,1,0,0,0,2,2,1
200500042396,5,7,11,345,3,9,1,6,4364700,555000,2,2,0,0,1,1,0,78,1,0,1,0,0,0,2,0,1
200500042397,5,7,24,1630,1,1,1,7,4366000,550000,3,2,2,0,1,3,0,45,1,0,1,0,0,0,0,1,1
200500042400,5,7,5,30,3,1,1,1,4348700,568900,2,2,0,0,3,2,0,74,1,0,3,3,1,0,1,0,1
200500042401,5,7,24,1500,1,1,1,1,4366200,458200,3,2,2,0,1,1,0,70,1,0,1,0,1,0,2,0,1
200500042406,5,7,4,1930,1,1,1,3,4355800,480500,2,3,2,0,1,1,300,72,1,0,1,0,0,0,4,0,1
200500042411,5,7,7,700,1,1,7,1,4322200,554800,3,0,2,0,0,3,0,65,1,0,1,0,1,0,0,1,1
200500042414,5,7,15,1645,1,1,1,6,4336300,560900,2,2,2,0,0,4,0,70,1,0,1,0,0,0,1,0,1
200500042415,5,7,28,1815,1,1,1,1,4333400,559400,2,2,0,0,1,1,0,0,1,0,1,0,0,0,0,2,1
200500042416,5,7,13,800,1,1,7,6,4358600,503400,4,2,2,0,1,1,0,570,1,0,1,0,1,1,0,0,1
200500042418,5,7,24,1630,1,1,9,1,4372700,513000,3,0,0,0,0,0,0,0,0,0,0,0,0,0,0,4,1
200500042420,5,7,29,300,3,1,1,6,4413000,628200,3,2,2,0,1,1,0,70,1,0,1,0,0,0,0,2,1
200500042421,5,7,22,2230,3,1,1,7,4441000,672100,3,2,2,0,0,1,0,60,1,0,3,0,1,0,0,3,1
200500042427,5,7,31,200,3,1,1,7,4410800,657100,3,2,2,0,0,1,0,0,1,5,0,0,0,1,0,0,1
200500042432,5,7,21,1430,1,1,1,1,4390200,571600,3,2,2,0,0,2,0,50,1,0,1,0,1,0,0,1,1
200500042433,5,7,25,800,1,1,1,3,4396400,578600,4,2,2,0,2,2,0,64,1,0,1,0,1,0,0,1,1
200500042435,5,7,17,1800,1,1,1,7,4376900,575200,4,2,2,0,1,2,0,45,1,0,1,0,0,1,0,0,1
200500042438,5,7,15,1315,1,6,1,1,4431800,582700,2,0,1,0,1,3,280,80,1,0,1,0,3,0,0,2,1
200500042443,5,7,17,1200,1,1,1,1,4491700,667400,2,2,2,0,3,1,0,0,1,0,1,0,2,0,0,1,1
200500042444,5,7,30,845,1,1,1,7,4480600,657000,2,2,3,0,2,3,0,128,1,0,1,0,2,0,0,1,1
200500042445,5,7,3,1600,1,1,1,3,4457100,619800,4,2,2,0,2,1,0,30,1,0,1,0,1,0,0,1,1
200500042446,5,7,5,1430,1,1,1,1,4458100,616400,2,2,2,0,1,1,0,70,1,0,1,0,0,0,2,0,1
200500042447,5,7,29,1900,1,1,1,2,4455600,624700,2,2,0,0,0,1,0,75,1,0,1,0,1,0,1,0,1
200500042455,5,7,17,1430,1,1,1,6,4399500,732100,3,2,2,0,0,1,20,55,1,5,1,0,0,1,0,0,1
200500042456,5,7,17,1645,1,1,1,7,4398900,735300,3,2,2,0,0,2,0,50,1,0,1,0,0,0,1,0,1
200500042457,5,7,26,1215,1,1,1,3,4406000,726300,3,2,2,0,1,1,0,69,1,0,1,0,1,0,1,0,1
200500042462,5,7,18,1700,1,1,1,1,4375000,715000,3,2,2,0,0,1,0,69,1,0,1,0,0,0,1,1,1
200500042469,5,7,24,530,2,1,5,6,4390300,694900,3,2,2,0,0,1,0,55,1,0,3,0,0,1,0,0,1
200500042471,5,7,28,1545,1,1,1,7,4409000,689800,3,2,0,0,2,1,0,60,1,0,1,0,0,0,0,1,1
200500042472,5,7,17,1900,1,1,1,6,4409500,704600,3,2,2,0,2,4,0,45,1,0,1,0,0,0,0,1,1
200500042477,5,7,24,700,1,1,1,7,4363100,648400,3,2,0,0,2,2,0,70,1,0,3,0,2,0,0,2,1
200500042486,5,7,7,200,5,1,1,6,4332400,606700,3,2,2,0,1,3,0,60,1,0,1,0,0,1,2,0,1
200500042495,5,7,17,2245,5,6,1,6,4328100,652600,3,2,2,3,1,1,12,70,1,6,1,0,1,0,1,2,1
200500042498,5,7,25,1130,1,1,1,3,4325800,655900,2,3,0,0,0,1,0,0,1,0,1,0,1,0,1,0,1
200500042509,5,7,30,930,1,1,1,1,4323500,580900,2,2,2,0,2,2,0,82,1,0,1,0,0,0,1,1,1
200500042510,5,7,12,1100,1,1,1,3,4323800,619300,3,2,2,0,0,1,0,0,1,0,1,0,1,0,0,1,1
200500042511,5,7,29,1800,1,1,1,6,4323600,624500,3,2,2,0,1,1,0,54,1,0,3,0,0,1,0,0,1
200500042516,5,7,16,945,1,1,1,3,4314100,636700,4,1,1,0,1,1,0,60,1,0,1,0,2,0,1,0,1
200500042528,5,7,9,1530,1,1,1,6,4388600,534600,2,2,2,0,1,2,0,70,1,0,3,0,0,0,1,0,1
200500042529,5,7,6,1615,1,1,1,6,4375200,539900,3,2,2,0,1,1,0,52,1,0,1,0,0,0,1,1,1
200500042530,5,7,30,200,3,1,1,6,4391400,520000,3,2,2,0,2,1,0,52,1,0,1,0,0,0,1,0,1
200500042531,5,7,3,2000,1,1,7,6,4377500,553700,3,2,0,0,1,2,0,63,1,0,3,0,0,1,0,0,1
200500042532,5,7,5,1345,1,1,1,3,4410100,494600,3,2,0,0,1,1,0,0,1,0,1,0,1,0,0,1,1
200500042537,5,7,15,1700,1,1,1,3,4409700,538100,3,2,0,0,1,2,0,54,1,0,1,0,1,0,1,0,1
200500042541,5,7,25,1700,1,1,1,2,4399100,501400,3,2,2,0,1,1,72,0,1,0,1,0,1,0,0,1,1
200500042545,5,7,3,815,1,1,1,7,4423800,509600,4,2,0,0,1,1,0,50,1,0,1,0,0,0,1,0,1
200500042546,5,7,16,1745,1,1,1,7,4439500,496000,4,2,0,0,1,1,0,0,1,2,1,0,0,1,0,0,1
200500042547,5,7,20,1900,1,1,1,1,4431500,495900,3,2,2,0,1,1,0,70,1,0,1,0,1,0,1,0,1
200500042548,5,7,24,1345,1,1,1,3,4363000,390100,3,2,0,0,0,1,50,0,1,0,1,0,1,0,1,0,1
200500042550,5,7,10,130,3,1,1,6,4382300,381500,3,2,0,0,1,1,0,0,1,0,0,0,0,1,0,0,1
200500042552,5,7,26,1845,1,1,1,1,4395200,376100,3,2,2,0,1,1,0,60,1,0,3,0,1,0,1,0,1
200500042557,5,7,6,1245,1,1,1,5,4365600,398400,3,2,2,0,2,3,0,110,1,2,1,0,3,0,5,1,1
200500042562,5,7,3,2030,1,1,1,6,4368000,302700,3,2,0,0,0,2,0,62,1,0,1,0,0,0,1,0,1
200500042563,5,7,6,1945,1,1,1,6,4361200,315000,3,2,2,0,1,1,0,0,0,0,1,0,1,0,0,2,1
200500042564,5,7,14,200,3,1,1,1,4362800,315900,3,2,2,0,0,1,0,62,1,0,1,0,1,0,0,1,1
200500042565,5,7,14,1630,1,1,1,6,4328300,309600,2,2,2,0,1,1,0,79,1,0,3,0,0,0,1,0,1
200500042567,5,7,23,30,3,1,1,6,4337400,317500,3,2,0,0,1,1,0,51,9,2,1,0,0,1,0,0,1
200500042568,5,7,2,1600,1,1,1,7,4346200,340900,4,2,2,0,0,1,0,40,1,0,1,0,0,0,0,1,1
200500042576,5,7,29,1915,1,1,1,6,4346700,327000,3,2,2,0,1,3,0,55,1,0,0,0,0,0,0,1,1
200500042577,5,7,18,530,2,1,1,1,4327900,326500,3,2,2,0,1,1,0,0,1,0,1,0,0,1,1,0,1
200500042578,5,7,1,2045,2,1,1,1,4377100,334400,3,2,0,0,1,1,0,64,1,0,1,0,1,0,0,1,1
200500042579,5,7,11,645,2,1,1,7,4370100,334300,3,2,2,0,4,2,0,45,1,0,1,0,0,0,0,1,1
200500042580,5,7,28,1445,1,1,1,7,4371000,339100,3,2,2,0,2,2,0,46,1,2,0,0,0,0,1,0,1
200500042581,5,7,31,1015,1,1,1,3,4357300,346500,2,2,2,0,1,1,0,72,1,5,1,0,1,0,1,0,1
200500042585,5,7,10,1030,1,1,1,3,4334200,353400,4,2,2,0,1,1,0,75,1,0,1,0,1,0,1,0,1
200500042588,5,7,8,1620,1,2,1,1,4336500,348800,3,2,2,0,1,1,0,50,1,0,1,0,2,1,0,0,1
200500042591,5,7,6,1445,1,1,1,6,4343300,360700,2,0,2,0,1,1,0,0,1,0,1,0,1,0,0,1,1
200500042593,5,7,16,230,3,1,1,1,4345900,365800,2,2,2,0,1,1,0,60,1,0,1,0,0,0,1,2,1
200500042596,5,7,12,1845,1,1,1,1,4330500,246500,3,2,2,0,1,4,0,70,1,0,1,0,2,1,0,0,1
200500042597,5,7,19,1045,1,2,1,3,4329400,204700,2,2,0,0,1,1,0,71,1,5,1,0,1,0,0,1,1
200500042600,5,7,3,415,3,1,1,6,4318800,183000,3,2,2,0,1,2,0,0,1,5,3,0,0,0,1,0,1
200500042602,5,7,10,1515,1,1,1,6,4304200,234300,3,0,0,0,0,2,0,40,1,0,1,0,1,0,0,1,1
200500042609,5,7,24,45,3,1,1,6,4282000,216000,4,2,2,0,1,2,20,17,1,0,1,0,3,0,1,0,1
200500042612,5,7,20,1715,1,1,1,3,4319000,291900,2,2,0,0,1,2,0,70,1,0,1,0,1,0,1,0,1
200500042613,5,7,6,730,2,1,1,6,4319500,306200,3,2,2,0,0,2,0,0,1,0,1,0,0,0,1,0,1
200500042617,5,7,12,2000,1,1,1,3,4299000,279000,3,2,2,0,1,2,0,57,1,0,1,0,1,0,0,1,1
200500042630,5,7,19,1930,1,6,1,3,4386700,443700,2,1,0,0,1,2,0,80,1,5,1,0,1,0,1,0,1
200500042635,5,7,14,1145,1,1,1,2,4369800,417000,2,2,1,0,1,1,0,70,1,5,1,0,1,0,1,0,1
200500042639,5,7,23,530,2,1,1,1,4377700,428400,2,2,2,0,1,1,0,71,1,0,1,0,0,1,3,0,1
200500042640,5,7,29,1130,1,1,1,1,4379600,431000,9,2,0,0,1,2,0,60,1,0,1,0,1,0,1,0,1
200500042643,5,7,27,1545,1,1,1,6,4402700,417300,3,2,2,0,1,1,57,0,1,0,1,0,0,0,0,1,1
200500042644,5,7,3,245,3,1,1,6,4424800,430000,3,2,0,0,2,3,60,0,1,0,3,0,1,0,0,1,1
200500042647,5,7,7,730,1,1,1,1,4396500,437000,3,2,2,0,0,2,0,0,1,0,1,0,1,0,1,0,1
200500042648,5,7,17,1430,1,1,1,7,4395100,439700,3,2,0,0,1,1,0,54,1,0,1,0,0,1,0,0,1
200500042649,5,7,19,215,5,1,1,6,4401700,441300,3,2,0,0,1,3,0,0,9,0,3,0,0,1,1,0,1
200500042655,5,7,12,1715,1,1,1,3,4429600,457400,3,2,2,0,1,1,0,87,1,0,1,0,1,0,2,0,1
200500042656,5,7,3,1945,1,1,1,7,4396100,452900,3,2,2,1,1,1,0,74,1,0,1,0,2,0,1,1,1
200500042664,5,7,10,645,1,1,1,7,4399600,405200,3,2,2,0,1,0,0,0,0,0,3,0,1,0,3,0,1
200500042669,5,7,19,115,3,1,1,6,4447400,393500,3,2,2,0,0,2,0,50,1,0,0,0,0,0,1,0,1
200500042673,5,7,26,815,1,1,1,3,4450700,341000,2,0,2,0,1,1,0,60,1,5,1,0,0,0,2,0,1
200500042675,5,7,9,1200,1,1,1,6,4466700,304600,3,2,2,0,2,1,0,80,1,0,1,3,1,0,1,0,1
200500042683,5,7,14,1530,1,1,1,3,4260700,297900,3,2,2,0,0,1,0,118,1,5,1,0,1,0,1,0,1
200500042690,5,7,1,1400,1,1,1,7,4256900,287400,3,2,0,0,0,0,0,0,1,0,1,0,0,0,1,0,1
200500042691,5,7,10,1330,1,1,1,1,4246900,286600,2,2,3,0,2,1,10,140,1,0,1,0,5,0,0,1,1
200500042692,5,7,22,1700,1,1,1,2,4252900,285100,3,3,2,0,1,1,20,70,1,5,1,0,3,0,0,1,1
200500042693,5,7,1,845,1,1,1,3,4252100,310600,3,2,2,0,3,1,0,75,1,0,1,0,2,0,0,1,1
200500042694,5,7,15,1710,1,2,1,1,4264000,250000,2,2,2,0,1,3,0,82,1,0,1,0,4,0,0,1,1
200500042698,5,7,8,1645,1,1,1,3,4201000,886100,2,2,0,0,0,1,0,60,1,0,1,0,1,0,1,0,1
200500042699,5,7,13,2245,3,1,1,6,4148300,923700,2,2,0,0,1,1,0,68,1,2,1,0,0,0,1,0,1
200500042701,5,7,23,815,1,1,1,3,4150100,895400,2,2,0,0,2,4,0,63,1,0,1,0,1,0,1,0,1
200500042704,5,7,27,15,3,1,1,7,4161200,894100,3,2,2,0,1,2,0,60,1,0,1,0,0,0,1,0,1
200500042705,5,7,19,1315,1,1,1,3,4173200,883000,3,2,2,0,1,4,0,67,1,0,1,0,1,0,1,0,1
200500042709,5,7,30,1715,1,1,1,3,4287000,947000,3,2,0,0,1,3,0,60,1,0,1,0,1,0,1,0,1
200500042710,5,7,17,1700,1,1,1,7,4261300,935800,3,2,2,0,2,1,0,51,1,0,1,0,0,0,0,2,1
200500042711,5,7,24,1015,1,1,1,1,4259400,934200,3,2,2,0,1,3,0,51,1,0,1,0,2,0,0,2,1
200500042714,5,7,17,330,3,1,1,7,4253500,890200,3,2,0,0,2,2,0,50,1,0,3,0,1,0,1,0,1
200500042715,5,7,17,600,1,1,1,6,4255800,879100,2,2,0,0,1,2,0,75,1,0,3,0,0,0,0,1,1
200500042716,5,7,19,1315,1,1,1,5,4255300,878700,2,2,0,0,1,3,0,64,1,0,1,0,2,0,1,0,1
200500042725,5,7,10,500,5,1,1,1,4220200,953300,2,2,2,0,1,1,0,74,1,0,1,3,1,1,1,0,1
200500042729,5,7,1,1130,1,1,1,4,4245900,950400,2,2,2,0,1,1,0,72,1,0,1,0,1,0,1,3,1
200500042731,5,7,19,615,1,1,1,6,4247500,948800,2,2,2,0,1,1,0,73,1,0,3,0,0,0,1,1,1
200500042735,5,7,7,2300,3,1,1,6,4902700,163200,4,2,2,0,1,1,0,46,1,0,3,0,0,0,2,0,1
200500042736,5,7,17,2200,3,1,1,1,4893200,161100,3,2,2,0,1,1,0,60,1,0,1,0,3,0,0,1,1
200500042737,5,7,26,845,1,1,1,3,4869100,177200,3,2,2,0,1,3,0,64,1,0,1,0,0,0,0,2,1
200500042738,5,7,4,1500,1,1,1,3,4852000,182800,3,2,2,0,1,1,0,71,1,0,1,0,1,0,1,0,1
200500042739,5,7,13,1415,1,1,1,5,4881600,185100,3,2,2,0,1,1,0,64,1,0,1,0,1,1,1,0,1
200500042744,5,7,13,1215,1,1,1,7,4860800,199600,3,2,2,0,2,2,0,60,1,0,3,0,0,0,0,1,1
200500042746,5,7,1,130,3,1,1,7,4845400,194200,2,2,2,0,1,2,0,70,2,0,3,0,0,0,1,3,1
200500042747,5,7,14,245,5,1,1,6,4853300,229700,3,3,1,0,0,2,0,0,1,5,1,0,1,0,0,3,1
200500042748,5,7,29,230,3,1,1,2,4853700,220800,2,3,2,0,1,1,10,65,1,0,1,0,2,0,0,1,1
200500042750,5,7,8,1245,1,1,1,6,4838300,223400,3,2,2,0,1,2,0,60,1,0,1,0,0,1,0,0,1
200500042756,5,7,16,1830,1,1,1,3,4868200,204800,3,2,1,0,1,4,0,58,1,5,0,0,1,0,2,1,1
200500042766,5,7,23,1545,1,1,1,6,4902200,238300,3,1,0,0,1,2,0,0,1,0,1,0,0,0,1,0,1
200500042767,5,7,8,1245,1,1,1,3,4904500,256900,3,2,2,0,1,1,0,74,1,0,1,0,0,1,1,0,1
200500042768,5,7,2,1800,1,1,1,5,4866000,280500,2,2,3,0,2,1,0,128,1,0,1,0,0,0,2,7,1
200500042769,5,7,28,245,3,1,1,7,4859500,285300,3,2,2,0,1,4,0,0,2,0,3,0,0,0,1,0,1
200500042771,5,7,2,1800,1,1,1,6,4878800,330400,9,1,1,0,1,1,0,43,1,0,1,0,1,0,0,1,1
200500042772,5,7,24,1545,1,1,2,7,4880300,326800,3,3,0,0,1,2,0,0,2,0,3,0,0,0,1,0,1
200500042774,5,7,28,1830,1,1,2,1,4888800,309300,3,2,0,0,0,1,0,63,2,0,1,0,2,0,1,0,1
200500042775,5,7,19,1145,1,1,1,3,4887300,309300,3,2,0,0,1,1,0,0,1,0,1,0,1,0,0,1,1
200500042776,5,7,3,225,3,1,1,3,4878000,286000,2,2,2,0,1,1,0,75,1,0,1,0,2,0,0,1,1