Num_Acc,an,mois,jour,hrmn,lum,int,atm,col,lat,long,catr,circ,nbv,vosp,prof,plan,lartpc,larrout,surf,infra,situ,env1,unscathed,killed,hospital,light,chance
200500042777,5,7,22,1700,1,1,1,3,4881000,284200,3,2,2,0,1,2,0,74,1,0,1,0,4,0,0,1,1
200500042779,5,7,20,1530,5,1,1,6,4887300,316200,3,2,2,0,1,2,0,0,1,0,3,0,0,0,1,0,1
200500042780,5,7,11,545,2,1,1,2,4871400,286900,3,2,2,0,1,1,0,80,1,0,1,0,1,0,0,1,1
200500042781,5,7,27,1615,1,1,1,1,4816100,270800,3,2,2,0,3,1,0,0,1,5,1,0,1,0,1,0,1
200500042782,5,7,4,1145,1,1,1,2,4817000,289000,3,2,2,0,1,1,0,60,2,0,1,0,1,0,0,2,1
200500042783,5,7,4,1330,1,1,8,6,4823000,287000,3,2,0,0,1,0,0,44,1,0,3,0,0,0,1,0,1
200500042784,5,7,12,1515,1,1,1,5,4824100,282500,3,2,2,0,1,1,0,73,1,0,0,0,2,0,1,0,1
200500042786,5,7,16,1515,1,1,1,6,4904200,268100,2,3,2,0,2,1,0,65,1,0,1,0,0,0,1,0,1
200500042787,5,7,2,1,3,1,1,6,4889900,285900,3,2,0,0,2,1,0,110,1,0,1,0,1,1,0,0,1
200500042789,5,7,17,915,1,1,1,6,4900000,309200,4,2,1,0,2,2,0,35,1,0,1,0,0,0,1,0,1
200500042790,5,7,19,2145,2,1,1,6,4905600,300100,3,2,2,0,1,1,0,60,1,0,0,0,0,0,3,0,1
200500042791,5,7,18,1130,1,1,1,3,4862900,319200,3,2,2,0,1,3,0,0,1,5,1,0,2,0,1,0,1
200500042792,5,7,23,2300,3,1,1,5,4869800,342700,2,0,2,0,1,1,0,70,1,0,1,0,3,0,3,0,1
200500042796,5,7,27,1715,1,1,1,3,4847500,322800,3,2,2,0,1,1,0,60,1,0,1,0,2,0,0,1,1
200500042797,5,7,30,1930,1,1,1,6,4851000,314400,3,2,2,0,1,1,0,65,1,0,1,0,2,0,1,1,1
200500042798,5,7,30,1730,1,1,1,3,4845500,317800,3,2,2,0,1,1,0,70,1,0,1,0,4,0,0,1,1
200500042799,5,7,31,1945,1,1,1,6,4845400,305600,3,2,2,0,2,1,0,60,1,0,4,0,0,0,1,0,1
200500042801,5,7,1,1500,1,1,1,1,4769900,177300,3,2,0,0,1,1,0,73,1,0,1,0,1,0,1,0,1
200500042807,5,7,24,200,3,1,1,7,4791600,161000,2,2,2,0,1,1,0,70,1,0,0,0,1,0,1,0,1
200500042808,5,7,15,645,1,1,1,1,4815400,190800,2,2,4,0,1,1,0,148,1,0,1,0,1,2,0,0,1
200500042809,5,7,8,1845,1,1,1,3,4768900,263000,4,2,0,0,1,1,0,60,1,5,1,0,1,0,0,1,1
200500042812,5,7,21,200,5,1,1,7,4769200,262000,9,2,0,0,1,1,0,0,0,0,1,0,0,0,1,1,1
200500042815,5,7,29,2200,2,1,1,3,4768600,262800,3,2,2,0,1,1,0,0,0,0,1,0,1,0,0,2,1
200500042817,5,7,21,1600,1,1,1,3,4774700,273800,2,2,2,0,1,1,0,140,1,0,1,0,2,0,2,0,1
200500042819,5,7,23,2000,2,1,1,3,4781800,240300,3,2,2,0,0,1,70,0,1,5,1,0,2,0,1,0,1
200500042820,5,7,28,2200,3,1,1,6,4778400,232000,3,2,2,0,1,3,0,0,1,0,3,0,0,1,0,0,1
200500042825,5,7,13,2315,3,1,1,6,4812100,248000,4,2,2,0,2,1,0,49,1,0,1,0,3,1,0,0,1
200500042827,5,7,5,1615,1,1,1,1,4702000,306000,4,2,2,0,1,1,0,43,9,0,1,0,1,0,1,0,1
200500042828,5,7,6,1230,1,2,1,3,4722300,280600,3,2,0,0,1,1,0,52,1,0,1,0,0,0,0,2,1
200500042831,5,7,3,2000,1,1,7,3,4690400,272200,2,2,2,0,4,1,0,74,1,0,1,0,1,1,0,0,1
200500042837,5,7,29,1500,1,1,1,5,4751400,241500,3,2,0,0,1,1,0,70,1,0,1,0,0,2,4,0,1
200500042843,5,7,9,1945,1,1,8,3,4725500,254300,3,2,0,0,1,3,0,65,2,0,1,0,1,0,4,0,1
200500042845,5,7,1,1,3,1,1,5,4828500,197800,2,2,3,0,1,1,0,117,1,0,1,0,0,2,0,1,1
200500042846,5,7,18,1545,1,2,8,3,4819700,180100,3,2,2,0,1,1,0,72,2,0,1,0,3,0,0,2,1
200500042847,5,7,20,1900,1,2,1,3,4808600,127500,3,2,2,0,1,1,0,40,1,5,1,0,1,0,1,0,1
200500042851,5,7,23,2300,5,1,1,6,4865300,140200,2,2,2,0,1,1,0,71,1,0,1,0,1,0,1,0,1
200500042852,5,7,31,530,2,1,1,1,4865400,155200,3,2,2,0,1,1,0,67,1,0,1,0,1,0,2,0,1
200500042856,5,7,6,45,5,1,2,1,4684300,157700,2,2,2,0,0,1,0,90,2,5,1,0,0,0,1,2,1
200500042859,5,7,29,2030,1,1,1,7,4637900,122600,3,2,2,0,1,2,0,56,1,0,1,0,0,0,1,0,1
200500042860,5,7,11,1530,1,1,1,6,4698500,117900,2,2,2,0,2,1,0,84,1,0,1,0,1,0,1,0,1
200500042862,5,7,26,2300,3,1,1,7,4698600,141300,4,2,2,0,1,1,0,40,1,0,3,0,0,0,1,0,1
200500042864,5,7,21,1900,1,3,1,1,4718000,159000,3,2,0,0,0,1,0,64,1,0,1,0,0,1,0,1,1
200500042870,5,7,27,745,1,1,1,3,4649200,207000,3,2,2,0,0,1,0,67,1,0,1,0,3,0,1,0,1
200500042874,5,7,29,1500,1,1,8,1,4657100,175500,3,2,2,0,1,1,0,63,1,0,1,0,0,1,2,0,1
200500042875,5,7,22,330,3,1,1,7,4739000,60300,2,2,2,0,1,1,0,65,1,0,3,0,0,0,1,1,1
200500042876,5,7,6,1,3,2,2,3,4750600,60100,2,2,0,0,1,1,0,125,2,5,1,0,1,1,1,0,1
200500042879,5,7,18,1115,1,1,1,1,4759100,77700,3,2,2,0,1,1,0,74,1,0,1,0,1,0,1,0,1
200500042883,5,7,4,930,1,1,1,1,4725400,49700,3,2,2,0,1,1,0,0,2,0,1,0,0,0,5,0,1
200500042884,5,7,14,1200,1,9,1,1,4727500,29700,2,2,2,0,1,1,0,68,1,0,1,0,2,0,1,0,1
200500042885,5,7,14,1100,1,1,1,5,4725600,45300,3,2,2,0,2,1,0,0,1,0,1,0,3,0,0,1,1
200500042886,5,7,23,1930,1,1,2,3,4727900,30400,2,2,2,0,1,2,0,67,2,0,1,0,0,2,4,0,1
200500042887,5,7,25,1030,1,3,1,3,4725200,34700,3,2,2,0,1,1,0,55,1,0,1,0,1,0,0,1,1
200500042889,5,7,10,1845,1,1,1,3,4698600,47000,3,2,2,0,1,1,0,48,1,0,1,0,0,0,1,1,1
200500042890,5,7,25,1100,1,3,1,3,4720600,63300,3,2,0,0,0,1,0,0,1,0,1,0,0,0,2,0,1
200500042891,5,7,29,2015,1,1,8,6,4708400,41700,4,2,1,0,4,2,0,38,1,0,1,0,0,0,1,0,1
200500042900,5,7,7,1215,1,1,1,6,4704600,81800,3,2,2,0,2,3,0,56,1,0,1,0,1,0,1,0,1
200500042901,5,7,4,1915,1,1,8,1,4727700,83400,2,2,0,0,0,1,0,80,1,0,1,0,0,0,3,0,1
200500042904,5,7,29,1230,1,1,1,1,4728400,62700,3,2,2,0,1,1,0,63,1,0,1,0,0,0,2,0,1
200500042910,5,7,11,1545,1,1,1,6,4754100,180000,3,2,2,3,0,1,0,79,1,0,1,0,0,0,1,0,1
200500042912,5,7,11,1600,1,1,1,1,4786000,85100,4,2,0,0,1,4,0,43,1,0,1,0,2,0,1,1,1
200500042913,5,7,23,515,2,1,1,6,4780300,100200,3,2,0,0,1,1,0,62,1,0,3,0,1,0,1,0,1
200500042914,5,7,3,2145,3,1,8,7,4806900,111000,3,2,2,0,1,2,0,41,1,0,1,0,0,0,3,0,1
200500042917,5,7,3,2130,1,1,1,6,4500800,-113100,3,2,2,0,1,1,0,96,1,6,1,0,1,0,1,0,1
200500042918,5,7,15,300,3,1,1,6,4499700,-117400,4,2,0,0,2,3,0,89,1,0,3,0,0,0,1,0,1
200500042919,5,7,18,1045,1,1,1,6,4493800,-106800,3,2,2,0,1,1,0,60,1,0,3,0,0,0,0,2,1
200500042921,5,7,23,1115,1,1,1,1,4506000,-95900,3,2,2,0,1,1,0,60,1,0,1,0,1,1,0,4,1
200500042923,5,7,30,1530,1,9,1,3,4780100,-383500,3,2,0,0,2,3,0,71,1,0,1,0,1,0,1,0,1
200500042924,5,7,1,1100,1,1,2,3,4802700,-368500,9,2,2,0,1,2,0,79,2,0,1,0,2,0,1,0,1
200500042926,5,7,30,215,3,1,1,6,4799500,-371900,3,2,2,0,1,2,0,56,1,0,3,0,0,0,2,0,1
200500042930,5,7,7,545,2,1,1,3,4912000,240000,3,0,2,0,1,1,0,0,1,0,1,0,1,0,1,1,1
200500042932,5,7,13,1915,1,6,1,1,4462000,-103000,4,2,2,0,1,1,43,151,1,5,1,0,0,0,0,3,1
200500042933,5,7,18,2315,3,1,1,6,4464000,-102000,3,2,0,0,1,1,0,43,1,0,1,0,0,0,0,5,1
200500042934,5,7,29,1800,1,1,1,1,4464000,-105000,3,2,2,0,1,1,0,67,1,0,1,0,1,0,2,0,1
200500042935,5,7,8,1305,1,1,1,2,4562400,143300,3,2,0,0,0,1,0,73,1,0,1,0,1,1,0,0,1
200500042936,5,7,2,1345,1,1,2,6,4868400,732300,3,0,2,0,2,1,0,80,2,0,3,0,4,0,1,0,1
200500042938,5,7,29,1400,1,1,1,3,4475800,-49400,3,2,0,0,1,0,0,64,1,0,1,0,1,0,2,0,1
200500042939,5,7,8,1445,1,1,8,3,4702400,315700,4,2,0,0,1,1,0,0,1,0,1,3,1,0,1,0,1
200500042941,5,7,31,1800,1,1,1,3,4418500,29900,4,0,0,0,1,1,0,45,1,0,1,0,1,0,3,0,1
200500042943,5,7,3,1800,1,1,1,7,4364900,369300,3,2,0,0,2,2,0,55,9,0,3,0,1,0,0,1,1
200500042944,5,7,17,315,5,9,1,3,4358300,382400,4,2,2,0,1,1,0,80,1,0,1,3,1,0,1,0,1
200500042945,5,7,30,1100,1,1,1,1,4363100,380500,9,2,2,0,2,1,25,50,1,0,4,0,1,0,1,0,1
200500042947,5,7,24,1000,1,1,1,1,4319200,259800,2,2,3,0,1,1,0,90,1,0,1,0,1,1,1,2,1
200500042948,5,7,3,1500,1,1,1,1,4834400,186700,1,1,3,0,1,1,294,270,1,0,1,0,1,0,0,1,1
200500042949,5,7,5,630,1,1,1,6,4852800,182100,1,3,3,0,2,1,294,270,1,0,1,0,1,0,3,0,1
200500042954,5,7,28,1700,1,1,1,1,4932800,425800,3,2,0,0,1,1,0,70,1,0,4,0,1,0,1,0,1
200500042956,5,7,14,600,1,1,1,7,4546400,476500,2,2,2,0,0,4,0,60,1,0,4,0,0,1,0,0,1
200500042957,5,7,14,600,3,1,1,1,4838600,-429900,2,3,4,0,2,1,46,76,1,0,1,0,8,3,1,0,1
200500042958,5,7,8,1645,1,1,1,7,4847800,252000,2,3,2,3,2,3,500,100,1,0,1,0,0,0,1,0,1
200500042959,5,7,11,445,3,1,1,5,4833500,260200,1,3,0,0,1,1,40,135,1,0,1,0,11,1,1,0,1
200500042960,5,7,20,1145,1,1,1,2,4826900,272200,1,0,6,0,1,1,35,270,1,0,1,0,0,0,1,1,1
200500042961,5,7,27,545,2,1,1,6,4847600,252600,2,3,2,0,1,1,25,80,1,0,3,0,0,0,1,0,1
200500042962,5,7,31,1430,1,1,1,2,4820600,280400,1,3,4,0,1,1,35,140,1,0,1,0,1,0,2,1,1
200500042976,5,7,13,1615,1,1,1,1,4335900,633400,1,3,0,0,1,1,5,190,1,0,1,0,1,1,0,0,1
200500042977,5,7,30,1345,1,1,1,6,4327400,616300,1,3,2,0,1,1,10,85,1,0,1,0,2,0,2,1,1
200500042981,5,7,16,30,5,1,1,6,4927700,235800,3,2,2,0,1,1,66,0,1,0,4,0,1,0,0,3,1
200500042991,5,7,23,1530,1,1,1,7,4921700,262200,1,3,3,0,1,1,0,0,8,7,1,0,0,0,0,1,1
200500042999,5,7,9,830,1,1,1,1,4819900,-100200,4,2,2,0,1,1,0,35,1,0,1,0,1,0,1,0,1
200500043000,5,7,27,415,3,1,2,7,4807700,-96200,2,2,2,0,1,3,0,0,2,0,1,0,0,0,0,1,1
200500043001,5,7,29,1515,1,1,1,2,4822700,-89400,3,3,4,0,3,1,55,144,1,0,1,0,0,1,0,1,1
200500043004,5,7,21,2015,1,1,1,7,4908600,254100,3,0,0,0,0,1,0,70,1,0,3,0,0,0,1,0,1
200500043007,5,7,11,1530,1,1,1,4,4765900,138000,1,3,3,0,1,1,23,105,1,0,2,0,2,0,1,2,1
200500043008,5,7,13,1430,1,1,1,6,4774100,151900,1,3,0,0,1,1,8,135,1,0,3,0,1,1,0,2,1
200500043016,5,7,5,530,2,1,1,6,4736000,76400,4,2,0,0,1,1,0,43,1,0,3,0,0,0,1,0,1
200500043020,5,7,30,1430,1,9,1,3,4735500,83300,2,2,2,0,1,1,0,74,1,0,1,0,1,0,1,0,1
200500043024,5,7,29,645,1,1,1,6,4812100,185100,1,3,0,0,1,1,15,150,1,0,1,0,2,0,1,0,1
200500043026,5,7,13,2330,3,4,1,1,4357600,534700,3,2,2,0,0,2,0,40,1,0,0,0,2,0,1,0,1
200500043027,5,7,24,1045,1,6,1,1,4356700,535400,3,2,2,0,1,1,0,82,1,0,1,3,1,0,0,1,1
200500043028,5,7,26,1815,1,1,1,1,4876600,796700,3,2,2,2,1,1,0,65,1,5,1,0,2,0,1,0,1
200500043031,5,7,13,1600,1,1,1,2,4556100,535800,1,3,0,0,1,1,25,85,1,0,1,0,1,0,1,0,1
200500043034,5,7,3,1100,1,2,1,3,4744300,142700,3,2,0,0,1,1,0,75,1,5,1,0,1,0,0,2,1
200500043035,5,7,11,1845,1,1,1,1,4755700,130500,3,2,2,0,0,1,0,50,1,0,1,0,0,1,1,0,1
200500043038,5,7,5,1615,1,1,2,3,4837400,-458600,4,2,0,2,1,1,0,56,2,0,1,0,1,0,1,0,1
200500043041,5,7,19,1915,1,2,1,3,4839100,-473700,3,2,2,0,1,1,0,53,1,0,1,0,1,0,1,0,1
200500043043,5,7,30,415,3,1,1,6,4836600,-464900,3,2,2,0,1,1,0,70,1,0,1,0,1,1,0,0,1
200500043047,5,7,17,345,5,1,1,7,4394000,187200,3,2,2,0,2,1,0,80,1,0,1,0,0,0,0,1,1
200500043050,5,7,17,1615,1,1,1,7,4551000,326000,1,3,2,3,1,1,30,70,1,0,1,0,0,0,1,0,1
200500043051,5,7,20,445,3,1,1,6,4548000,324000,1,3,4,3,0,1,30,70,1,0,1,0,2,0,1,0,1
200500043052,5,7,8,1545,1,1,1,6,4341200,-162300,1,3,2,0,1,1,25,72,1,0,2,0,0,0,0,1,1
200500043053,5,7,10,1800,1,1,1,2,4334500,-175000,1,3,0,3,2,1,0,0,1,7,1,0,3,0,1,1,1
200500043056,5,7,12,1745,1,1,1,4,4923000,405700,1,2,0,0,1,1,25,96,1,0,1,0,2,0,0,3,1
200500043058,5,7,1,415,5,1,2,6,4925600,402100,1,3,4,0,1,1,25,0,2,3,1,0,0,0,0,1,1
200500043059,5,7,29,2045,2,1,1,1,4916100,419800,1,3,4,0,1,1,0,0,1,0,1,0,1,0,0,1,1
200500043082,5,7,31,2230,4,1,1,6,4256300,284800,1,1,2,3,1,1,15,140,1,0,1,0,0,0,1,1,1
200500043083,5,7,3,645,1,1,1,6,4877300,748400,1,1,2,0,1,1,10,100,1,0,3,0,0,0,1,0,1
200500043085,5,7,3,30,5,1,1,6,4901700,205200,3,2,2,0,1,1,0,60,1,0,3,0,0,0,0,2,1
200500043092,5,7,27,1045,1,1,1,2,4349100,553300,1,1,3,0,2,1,0,102,1,0,1,0,2,0,1,0,1
200500043096,5,7,22,1615,1,1,1,1,4347700,-75700,1,3,2,0,1,1,0,95,1,0,1,0,1,0,2,2,1
200500043097,5,7,26,1945,1,1,1,1,4271500,284600,4,2,0,0,2,1,0,68,1,0,1,0,2,0,0,1,1
200500043099,5,7,21,1245,1,1,1,6,4432400,25900,1,3,2,0,1,1,30,100,1,0,1,0,1,0,0,1,1
200500043101,5,7,5,1300,1,1,1,3,4860800,249600,2,2,0,0,1,1,0,40,1,0,1,0,1,0,1,0,1
200500043102,5,7,24,2030,1,1,1,5,4865300,253100,2,3,2,0,1,3,15,80,1,0,1,0,6,0,1,3,1
200500043103,5,7,28,1845,1,6,1,3,4862500,249300,4,1,1,0,0,1,0,30,1,5,1,3,0,0,1,0,1
200500043104,5,7,18,915,1,1,1,2,4338700,161100,1,3,0,0,2,1,10,90,1,0,1,0,1,0,0,1,1
200500043106,5,7,15,1700,1,1,1,6,4462000,-108800,3,1,1,0,1,1,0,35,1,0,1,0,0,0,1,0,1
200500043121,5,7,7,700,1,1,1,1,4727100,-158200,1,3,0,3,1,2,24,270,1,0,2,0,1,0,1,0,1
200500043122,5,7,10,730,1,1,1,1,4212400,865200,3,2,0,0,1,4,0,0,1,0,1,0,2,0,1,0,1
200500043123,5,7,13,230,3,1,1,6,4214000,860800,3,2,2,0,1,4,0,61,1,0,3,0,0,0,3,0,1
200500043124,5,7,27,800,1,1,1,6,4223500,879800,3,2,1,0,2,3,0,46,1,0,0,0,0,1,0,0,1
200500043125,5,7,10,2300,3,1,1,7,4189000,903000,3,2,2,0,2,2,0,65,1,0,3,0,1,0,1,0,1
200500043132,5,7,4,1845,1,1,1,1,4474200,-65700,2,4,0,0,0,0,0,0,1,5,1,0,0,0,1,1,1
200500043133,5,7,14,1645,1,1,1,3,4475400,-63900,2,2,2,0,1,1,0,84,1,5,1,0,4,0,0,3,1
200500043134,5,7,21,1000,1,1,1,6,4268500,279300,3,2,0,0,0,1,0,55,1,0,1,0,1,0,1,0,1
200500043139,5,7,23,2030,1,1,1,7,4529900,-55300,1,1,1,0,0,4,0,0,1,0,0,0,0,0,1,1,1
200500043141,5,7,9,1630,1,1,1,7,4858300,-292000,3,2,0,0,2,2,53,0,1,0,3,0,0,0,1,0,1
200500043143,5,7,16,1830,1,1,1,3,4180900,939600,2,2,2,0,0,3,0,66,1,0,1,0,4,0,2,0,1
200500043148,5,7,1,1345,1,1,1,6,4568300,505400,1,3,0,0,2,2,15,210,1,0,3,0,2,0,0,2,1
200500043149,5,7,17,2230,3,1,1,1,4550000,424600,4,0,2,0,0,0,0,0,0,0,0,0,1,0,1,0,1
200500043151,5,7,3,1930,1,1,1,7,4793500,528800,1,3,1,0,1,2,2,35,1,3,3,0,0,0,0,1,1
200500043152,5,7,17,845,1,1,1,7,4810300,481700,1,3,2,0,0,1,20,70,1,0,2,0,0,0,0,1,1
200500043154,5,7,28,815,1,1,1,2,4771000,519000,1,3,2,3,1,1,10,100,1,0,1,0,2,0,1,0,1
200500043158,5,7,22,315,2,1,1,3,4540300,478100,3,3,2,0,1,1,0,0,1,0,1,0,1,0,1,0,1
200500043163,5,7,1,545,2,1,1,6,4621600,532800,1,3,3,0,1,1,20,100,1,0,1,0,2,0,0,1,1
200500043167,5,7,3,1300,1,1,1,1,4258100,179300,2,2,0,0,0,3,0,107,1,0,1,0,0,0,1,1,1
200500043169,5,7,15,1515,1,1,1,5,4273100,183100,2,2,2,0,1,1,0,91,1,0,1,0,3,0,1,0,1
200500043171,5,7,9,1945,1,1,1,6,4963800,126600,1,1,0,0,1,1,25,70,1,0,3,0,1,0,1,0,1
200500043172,5,7,14,2030,1,1,1,3,4755500,-289200,4,2,2,0,1,1,0,63,1,0,1,0,1,0,1,0,1
200500043173,5,7,18,1115,1,1,1,1,4750500,-283900,4,2,2,0,4,1,0,59,1,0,1,0,1,0,0,1,1
200500043174,5,7,17,1345,1,1,1,6,4576200,416700,1,2,2,0,1,1,30,70,1,0,1,0,0,0,0,1,1
200500043175,5,7,22,1615,1,1,1,6,4588000,369100,1,3,4,0,1,3,15,210,1,0,2,0,4,0,0,1,1
200500043177,5,7,17,1600,1,1,1,6,4378100,580200,1,3,2,0,1,1,10,73,1,0,1,0,0,1,1,1,1
200500043180,5,7,9,630,2,1,3,2,4749900,200700,1,3,2,0,1,1,20,95,2,0,3,0,7,0,2,0,1
200500043185,5,7,7,800,1,1,1,2,4354200,386100,2,3,2,0,1,1,40,70,1,0,1,0,0,0,0,2,1
200500043186,5,7,9,1515,1,1,1,6,4348200,380500,3,2,1,0,1,4,0,0,0,0,3,0,0,0,0,1,1
200500043188,5,7,17,730,1,1,1,6,4348300,380500,3,2,2,0,1,2,0,49,1,0,1,0,0,1,0,0,1
200500043189,5,7,22,1445,1,1,1,5,4348900,380000,3,2,2,0,1,4,50,0,1,0,1,0,1,0,1,5,1
200500043191,5,7,1,1430,1,1,1,6,4359700,512900,4,2,2,0,1,1,0,0,1,0,1,0,2,0,0,1,1
200500043195,5,7,21,1,3,1,1,2,4383700,-118100,2,3,0,0,1,1,100,95,1,0,1,0,1,0,4,0,1
200500043197,5,7,1,2245,5,1,2,7,4856300,758800,3,2,2,0,0,1,0,75,2,0,1,0,1,0,0,1,1
200500043198,5,7,22,1400,1,1,1,1,4853200,759700,9,2,2,0,0,2,0,72,1,0,1,0,1,0,1,1,1
200500043199,5,7,31,330,3,6,1,6,4855300,763800,3,1,1,0,0,1,0,90,1,5,0,0,0,1,0,0,1
200500043200,5,7,18,730,1,1,1,3,4864500,770900,4,2,2,0,1,1,0,60,1,0,1,0,1,0,1,0,1
200500043202,5,7,29,1630,1,1,1,3,4367400,699400,3,0,2,0,2,3,0,50,1,0,1,0,1,0,0,1,1
200500043220,5,7,20,1445,1,1,1,6,4855300,278300,1,3,3,0,1,1,15,135,1,0,1,0,1,0,1,0,1
200500043223,5,7,23,130,3,1,1,6,4361900,531900,2,2,2,0,1,1,0,0,1,0,3,0,0,0,1,0,1
200500043224,5,7,22,1315,1,1,1,3,4366400,525400,2,2,0,0,0,2,0,70,1,0,1,0,1,0,0,1,1
200500043228,5,7,9,1700,1,1,1,2,4311900,92500,1,3,2,0,1,1,25,75,1,0,1,0,3,0,0,1,1
200500043229,5,7,11,530,2,6,1,7,4319000,97000,1,2,2,0,1,3,0,0,1,3,1,0,0,0,0,1,1
200500043230,5,7,17,1130,1,1,1,7,4311700,63100,1,3,2,0,1,1,20,70,1,0,3,0,0,0,0,2,1
200500043237,5,7,22,1630,1,1,1,6,4986500,222500,1,3,4,0,1,1,10,200,1,0,1,0,0,0,1,0,1
200500043238,5,7,24,500,2,1,1,6,4982400,202200,1,3,4,0,1,1,10,200,1,0,2,0,1,0,0,1,1
200500043246,5,7,31,1515,1,1,1,7,4651800,150400,1,3,4,0,1,1,13,140,1,0,2,0,4,0,1,0,1
200500043250,5,7,2,1415,1,1,1,6,4370200,333900,1,3,0,0,1,3,20,70,1,0,1,0,0,0,1,0,1
200500043251,5,7,2,1615,1,1,1,6,4366700,343900,1,3,2,0,1,3,105,30,1,2,1,0,0,0,1,0,1
200500043252,5,7,10,1200,1,1,1,6,4383000,330000,1,3,2,0,0,4,25,80,0,0,2,0,0,0,1,0,1
200500043253,5,7,15,115,3,1,1,6,4364000,358400,2,3,2,0,1,2,50,70,1,0,1,0,0,0,2,0,1
200500043256,5,7,19,2230,5,1,1,7,4870900,198600,3,2,0,0,1,1,0,65,1,0,1,0,0,0,0,1,1
200500043257,5,7,26,1820,1,6,1,3,4874400,205600,4,2,2,0,1,0,0,50,1,5,1,0,1,0,0,1,1
200500043258,5,7,28,1915,1,1,1,1,4873900,207000,3,2,2,0,1,2,0,68,8,0,1,0,0,0,0,2,1
200500043259,5,7,9,630,2,1,1,6,4818300,-12200,3,2,0,0,1,1,0,0,1,0,3,0,0,0,1,0,1
200500043262,5,7,27,1745,1,1,1,1,4466700,156500,1,3,2,0,1,1,0,72,1,0,1,0,1,0,2,0,1
200500043271,5,7,20,1830,1,2,1,3,4891000,763300,3,2,0,0,3,1,0,57,1,5,1,0,1,0,1,0,1
200500043281,5,7,31,1030,1,1,1,7,4383000,442000,3,2,1,0,1,1,0,72,1,0,3,0,0,0,1,0,1
200500043282,5,7,6,1200,1,1,1,1,4386600,476900,2,2,2,0,1,3,0,73,1,0,1,0,0,1,1,0,1
200500043283,5,7,25,1930,1,1,1,5,4387900,477400,2,2,0,0,0,1,0,106,1,0,1,0,1,1,0,1,1
200500043285,5,7,3,1730,1,1,1,3,5001600,131700,3,2,3,0,0,2,0,124,1,0,1,0,0,1,0,1,1
200500043288,5,7,21,1815,1,1,1,6,4996000,122800,3,3,0,0,1,1,15,45,1,0,1,0,0,0,1,0,1
200500043289,5,7,23,415,2,1,5,6,4993900,132300,3,2,0,0,1,2,0,49,1,0,3,0,2,0,1,2,1
200500043292,5,7,12,1900,1,1,7,2,4945100,120200,2,2,2,0,1,1,0,78,1,0,1,0,1,0,0,1,1
200500043294,5,7,12,2045,1,9,1,7,4732900,176100,1,3,2,0,1,1,10,90,1,0,1,0,0,0,0,1,1
200500043295,5,7,9,1430,1,1,1,6,4517500,85000,1,1,2,0,2,1,30,70,1,0,1,0,1,0,0,1,1
200500043296,5,7,7,1615,1,1,1,1,4729300,576500,3,2,2,0,1,1,0,73,1,0,1,0,0,1,0,1,1
200500043297,5,7,9,1330,1,1,1,1,4734400,593800,4,2,0,0,1,2,0,45,1,0,1,0,1,0,1,0,1
200500043301,5,7,6,30,3,1,1,6,4819800,-164600,4,2,2,0,3,1,0,46,0,0,0,0,0,1,0,0,1
200500043302,5,7,8,1200,1,1,1,1,4822000,-170300,3,2,2,0,0,3,0,0,1,0,1,0,0,0,3,0,1
200500043303,5,7,9,1945,1,1,1,3,5080300,222800,3,2,2,0,1,1,0,59,1,0,1,0,2,0,1,1,1
200500047867,5,8,13,30,5,1,1,6,5052600,288500,3,2,2,0,0,1,0,60,1,0,4,0,1,0,2,0,1
200500047868,5,8,31,1945,1,1,1,1,5054600,295200,4,2,2,0,0,2,0,60,1,0,1,0,1,0,1,0,1
200500047869,5,8,27,1145,1,1,1,1,5058200,282900,4,2,0,0,0,2,48,0,1,0,1,0,1,0,2,0,1
200500047872,5,8,27,1845,1,3,1,3,5097500,242600,3,2,2,0,1,1,0,88,1,0,1,0,3,0,1,0,1
200500047874,5,8,19,2100,2,1,3,1,5089200,243300,3,2,2,0,1,2,0,30,2,0,1,0,0,0,1,0,1
200500047877,5,8,21,715,1,1,1,6,5066000,252000,3,2,2,0,1,1,0,0,2,0,3,0,2,0,1,0,1
200500047878,5,8,22,1630,1,1,1,1,5075000,255000,3,2,2,0,4,1,0,66,1,0,1,0,0,0,2,0,1
200500047879,5,8,27,845,1,1,1,2,5069000,250000,3,2,0,0,1,1,0,70,1,0,1,0,3,1,0,0,1
200500047881,5,8,23,1815,1,1,1,3,5064600,272200,3,2,2,0,2,1,0,80,1,0,1,0,1,0,0,1,1
200500047883,5,8,14,1030,1,1,1,6,5068100,284600,3,2,2,0,1,1,0,0,2,0,1,0,1,0,1,0,1
200500047884,5,8,25,315,3,1,3,1,5061200,327000,3,2,2,1,1,2,0,0,2,0,1,0,1,0,2,0,1
200500047885,5,8,30,1115,1,1,1,1,5060000,314900,3,2,2,1,4,2,0,74,1,0,1,0,1,0,2,0,1
200500047887,5,8,2,1400,1,1,1,6,5011400,380300,3,2,0,0,1,1,0,0,1,0,3,0,0,0,1,0,1
200500047891,5,8,28,1745,1,1,1,2,5005000,315000,3,2,0,0,1,3,0,70,1,0,1,0,1,0,1,0,1
200500047893,5,8,7,900,1,1,1,7,5031000,395400,3,2,2,0,2,1,0,43,1,0,1,0,0,1,0,0,1