Num_Acc,an,mois,jour,hrmn,lum,int,atm,col,lat,long,catr,circ,nbv,vosp,prof,plan,lartpc,larrout,surf,infra,situ,env1,unscathed,killed,hospital,light,chance
200500047894,5,8,5,2340,5,1,8,1,5013600,283900,2,2,2,0,1,1,0,76,1,0,1,0,1,1,0,0,1
200500047895,5,8,5,2115,5,1,1,7,5011200,283300,3,3,2,0,0,1,0,0,1,0,3,0,0,0,1,4,1
200500047898,5,8,11,915,1,1,1,1,5036000,279000,2,2,0,0,1,1,0,75,1,0,1,0,1,0,1,0,1
200500047899,5,8,31,1700,1,1,1,1,5038900,279700,3,2,0,0,1,1,0,60,1,0,1,0,1,0,1,0,1
200500047900,5,8,14,1915,1,1,1,1,5059300,245600,3,2,2,0,1,2,0,58,1,0,1,0,1,0,0,1,1
200500047901,5,8,1,1600,1,1,1,1,5081500,161000,3,0,0,0,0,1,0,41,1,0,1,0,1,0,1,0,1
200500047904,5,8,4,1500,1,1,1,1,5044600,264500,3,2,0,0,1,1,0,64,1,0,1,0,0,1,0,4,1
200500047906,5,8,20,515,3,1,1,7,5046700,163800,3,2,2,0,1,1,0,65,9,0,3,0,1,0,2,1,1
200500047908,5,8,8,1515,1,1,8,6,5048500,213900,3,2,2,0,1,3,0,50,1,0,1,0,0,0,1,0,1
200500047910,5,8,18,1800,1,1,1,2,5049000,161700,3,2,0,0,1,1,0,60,1,0,1,0,1,0,1,0,1
200500047914,5,8,25,2030,2,1,1,3,5058500,212700,3,2,0,0,1,1,0,64,1,0,1,0,4,0,0,1,1
200500047917,5,8,25,1500,1,1,8,1,5039300,235900,3,2,0,0,3,3,0,62,2,0,1,0,1,1,0,0,1
200500047918,5,8,20,215,3,1,2,6,5023000,212000,3,2,2,0,1,2,0,50,2,0,0,0,1,0,1,0,1
200500047930,5,8,3,2000,1,1,1,3,5007900,159800,3,2,2,0,1,1,0,0,1,0,1,0,4,0,0,1,1
200500047931,5,8,20,930,1,1,2,2,5007700,152700,3,2,0,0,1,1,0,72,2,5,1,0,2,0,2,0,1
200500047934,5,8,17,1715,1,1,1,1,5030700,164400,3,3,0,0,0,1,55,73,1,0,1,0,1,0,0,1,1
200500047938,5,8,2,900,1,1,1,7,5018600,238100,4,2,2,0,1,1,0,0,1,0,1,0,0,0,1,0,1
200500047939,5,8,11,1145,1,1,1,6,5017000,233700,3,2,2,0,2,3,0,60,1,5,1,0,0,0,1,0,1
200500047944,5,8,28,1500,1,1,1,2,5009300,273600,3,2,2,0,4,1,0,60,1,0,1,0,1,0,0,2,1
200500047951,5,8,5,1400,1,1,1,6,5000800,325700,3,2,0,0,0,1,0,60,1,0,1,0,2,0,1,0,1
200500047952,5,8,13,2015,1,1,1,6,4999100,344900,4,2,0,0,0,1,0,62,1,0,1,0,1,0,1,0,1
200500047953,5,8,22,200,5,1,1,6,4999600,345200,3,3,2,0,1,3,0,60,1,0,1,0,0,0,1,0,1
200500047954,5,8,28,2100,3,1,1,7,4995300,349800,4,2,0,0,2,2,0,40,1,0,3,0,0,0,1,0,1
200500047957,5,8,3,1215,1,1,1,6,4925500,308900,3,2,0,0,0,1,70,0,1,0,1,0,1,0,0,1,1
200500047958,5,8,6,600,1,1,1,6,4923200,297900,2,2,2,0,0,3,0,70,1,0,0,0,0,1,0,0,1
200500047960,5,8,29,215,3,1,1,6,5005000,376000,3,2,2,0,1,1,0,52,1,0,3,0,0,0,1,0,1
200500047962,5,8,9,1515,1,1,1,1,4993500,358100,3,2,2,0,1,3,58,0,1,0,1,0,1,0,0,2,1
200500047964,5,8,7,500,3,1,1,6,4993900,407300,2,1,2,0,1,1,0,75,1,0,3,0,0,0,2,0,1
200500047965,5,8,9,1915,1,1,1,1,4997800,416900,3,2,0,0,0,1,0,70,1,0,1,0,1,0,1,0,1
200500047966,5,8,20,1500,1,1,2,6,4992000,418000,3,2,0,0,0,0,0,0,0,0,0,0,3,0,1,0,1
200500047967,5,8,23,2030,2,1,1,3,4992800,408300,2,2,2,0,1,0,0,60,1,0,1,0,2,0,1,0,1
200500047968,5,8,4,1500,1,1,1,3,4936400,176800,4,2,0,0,1,1,0,62,1,0,1,0,0,0,2,0,1
200500047970,5,8,3,1430,1,1,1,7,4923400,188300,3,2,0,0,1,1,0,70,1,0,3,0,0,0,1,0,1
200500047975,5,8,18,1115,1,1,1,6,4963700,229600,4,2,2,0,1,1,0,45,1,0,1,0,1,0,0,1,1
200500047978,5,8,9,15,3,1,1,6,4935400,230300,3,2,2,0,1,3,0,0,1,0,1,0,0,0,0,1,1
200500047979,5,8,29,730,2,1,1,3,4932000,239000,3,2,2,0,1,1,0,75,1,0,1,0,1,0,1,0,1
200500047983,5,8,13,1830,1,1,1,1,4948000,284200,2,3,2,0,1,1,0,72,1,0,1,0,1,0,1,1,1
200500047984,5,8,14,645,2,1,1,3,4939500,278800,3,3,2,0,1,1,0,70,1,0,1,0,2,0,1,0,1
200500047985,5,8,17,1630,1,1,1,6,4934900,268200,3,2,1,0,1,1,0,70,1,0,1,0,2,0,1,0,1
200500047986,5,8,27,1300,1,1,1,2,4954900,270600,2,3,0,3,0,1,0,0,1,0,1,0,0,0,0,2,1
200500047987,5,8,29,2345,5,1,1,3,4954800,274800,3,3,2,0,2,1,0,76,1,0,1,0,0,0,1,1,1
200500047991,5,8,5,1800,1,1,1,6,4920200,295100,3,2,0,0,1,2,0,56,1,0,3,0,0,0,1,0,1
200500047992,5,8,7,2300,3,1,1,3,4917700,293900,3,2,0,0,1,1,0,70,1,0,1,0,1,0,0,1,1
200500047995,5,8,2,2045,2,1,1,3,4919000,241400,3,2,2,0,1,3,0,0,1,0,1,0,2,0,1,0,1
200500047996,5,8,3,1030,1,1,1,3,4918800,249000,3,2,2,0,1,1,0,60,1,0,1,0,3,0,0,1,1
200500047997,5,8,22,45,3,9,1,1,4919700,248300,3,2,2,0,0,3,0,57,9,0,1,0,1,0,0,1,1
200500048005,5,8,28,2215,3,1,1,1,4978600,102200,3,2,0,0,1,1,0,58,1,0,1,0,0,1,2,1,1
200500048015,5,8,2,1800,1,1,1,1,4952700,55100,3,2,2,0,1,1,0,51,1,0,1,0,2,0,1,1,1
200500048017,5,8,22,1730,1,1,3,7,4953000,38300,2,2,0,0,1,1,0,70,2,0,3,0,0,0,1,0,1
200500048023,5,8,3,1730,1,1,7,5,4975400,44300,3,2,0,0,0,1,64,0,1,0,1,0,2,1,0,0,1
200500048025,5,8,8,1545,1,1,9,6,4970100,33100,3,0,0,0,0,0,0,30,1,0,1,0,1,0,1,1,1
200500048030,5,8,3,1730,1,1,1,1,4888400,101400,3,2,2,0,1,3,0,45,1,0,1,0,2,0,1,0,1
200500048031,5,8,14,2030,1,1,1,1,4886700,124600,4,2,0,0,1,0,0,49,1,0,1,0,3,0,1,0,1
200500048039,5,8,7,500,3,1,1,6,4875200,102500,2,1,2,0,1,1,0,74,1,0,3,0,0,1,1,0,1
200500048040,5,8,29,1200,1,1,1,1,4870400,83100,2,2,2,0,1,2,0,80,1,0,1,0,3,0,2,0,1
200500048044,5,8,26,300,5,1,1,6,4922100,150700,3,2,2,0,0,0,0,50,9,0,0,0,0,0,1,0,1
200500048045,5,8,19,1600,1,3,1,3,4939700,138600,4,2,2,0,2,1,0,34,1,0,1,0,1,0,0,1,1
200500048047,5,8,2,800,1,1,1,3,4909400,59300,3,2,2,0,4,3,0,84,1,0,1,0,1,0,1,0,1
200500048048,5,8,3,1730,1,1,1,6,4900300,55200,3,2,2,0,1,1,0,57,1,0,1,0,1,0,1,0,1
200500048049,5,8,11,2000,1,1,1,7,4908700,50300,3,0,2,0,1,4,0,56,1,5,1,0,0,0,2,3,1
200500048050,5,8,25,1715,1,1,1,2,4915200,45700,3,2,0,0,1,1,0,52,1,0,1,0,1,0,1,0,1
200500048051,5,8,31,1345,1,1,1,6,4892200,42700,2,2,2,0,1,1,0,77,1,0,3,0,2,0,2,0,1
200500048056,5,8,22,1445,1,1,1,5,4921200,108400,3,2,2,0,1,3,0,56,1,0,1,0,0,0,3,0,1
200500048057,5,8,4,845,1,1,1,6,4932500,114700,3,2,2,0,1,1,0,68,1,0,1,0,1,1,0,0,1
200500048058,5,8,4,45,5,1,1,6,4923500,107000,3,2,1,0,1,2,0,56,1,0,1,0,0,0,1,0,1
200500048060,5,8,28,1800,1,1,1,1,4938900,66000,3,2,2,0,1,2,0,38,1,0,1,0,0,0,1,1,1
200500048061,5,8,16,1145,1,1,1,1,4923000,49000,3,2,2,0,1,2,0,78,1,0,1,0,0,0,1,1,1
200500048063,5,8,27,530,3,1,1,6,4929400,66900,3,2,2,0,4,1,0,72,1,0,3,0,1,0,1,0,1
200500048065,5,8,19,845,1,1,1,6,4828200,-179400,2,3,4,3,1,1,12,70,1,0,2,0,2,0,4,0,1
200500048066,5,8,25,845,1,1,1,7,4825200,-174100,3,2,2,0,1,1,0,52,1,0,3,0,2,0,3,0,1
200500048071,5,8,23,1730,1,1,1,6,4811100,-216700,4,2,0,0,0,2,0,36,1,0,1,0,0,1,0,0,1
200500048079,5,8,15,1730,1,1,1,5,4772400,-197200,3,2,2,0,1,1,0,72,1,0,1,0,3,0,2,1,1
200500048080,5,8,16,1715,1,1,1,3,4780700,-173900,4,2,0,0,0,0,0,0,1,0,1,0,0,0,1,1,1
200500048087,5,8,21,730,1,1,1,6,4860100,-160700,3,2,0,0,1,1,0,64,1,0,1,0,0,0,2,0,1
200500048088,5,8,22,1215,1,1,2,2,4854100,-156200,3,2,0,0,1,1,0,66,2,0,1,0,1,0,1,0,1
200500048089,5,8,25,2130,2,1,1,1,4860500,-178200,3,2,0,0,1,3,0,45,0,0,1,0,1,0,0,3,1
200500048090,5,8,25,2100,1,1,1,7,4855300,-175100,4,2,2,0,1,1,0,60,1,0,1,0,0,0,1,0,1
200500048091,5,8,28,1045,1,1,1,3,4860600,-171100,3,2,2,0,1,1,0,60,1,0,1,0,1,0,1,0,1
200500048092,5,8,22,1400,1,1,8,6,4864000,-211400,4,2,0,0,1,1,0,48,1,0,0,0,0,0,1,0,1
200500048096,5,8,23,2030,1,1,1,2,4811600,-146000,3,2,2,0,1,1,0,70,1,0,1,0,0,0,2,0,1
200500048103,5,8,6,1515,1,1,1,3,4845800,-251300,3,2,0,0,1,1,0,72,1,0,1,0,1,0,1,0,1
200500048104,5,8,10,415,3,1,1,6,4848100,-259100,2,3,2,0,1,1,0,0,1,0,1,0,0,0,1,0,1
200500048106,5,8,13,1645,1,1,1,3,4835200,-259300,3,2,2,0,1,1,0,69,1,0,1,0,0,0,2,0,1
200500048108,5,8,6,1345,1,1,1,3,4822900,-275600,3,2,2,0,1,1,0,100,1,5,1,0,0,0,1,3,1
200500048110,5,8,15,1445,1,1,1,7,4880900,-301800,4,2,2,0,0,1,0,50,1,0,3,0,0,0,1,0,1
200500048111,5,8,17,1530,1,1,1,3,4841000,-290300,4,2,2,0,2,1,0,36,1,0,1,0,2,0,1,0,1
200500048112,5,8,9,1730,1,1,1,6,4846200,-203200,4,3,0,0,1,1,20,37,1,0,0,0,0,1,0,0,1
200500048116,5,8,14,1900,1,1,1,5,4848400,-236000,3,2,2,0,1,3,0,0,1,0,1,0,6,0,3,1,1
200500048119,5,8,26,245,3,1,1,6,4859300,-230900,3,2,2,0,1,1,0,62,1,0,1,0,1,0,1,0,1
200500048120,5,8,29,1915,1,1,1,1,4855200,-200500,3,2,2,0,1,3,0,62,1,0,1,0,1,0,1,0,1
200500048121,5,8,5,1315,1,3,1,3,4820500,-253100,3,2,2,0,1,2,0,0,1,0,1,0,1,0,2,0,1
200500048122,5,8,10,1745,1,1,1,3,4826200,-254100,3,2,2,0,1,1,0,60,1,0,1,0,1,0,1,1,1
200500048124,5,8,14,1145,1,2,1,3,4848600,-310300,3,2,2,0,1,1,0,52,1,0,1,0,1,0,1,0,1
200500048125,5,8,30,1730,1,1,1,1,4854700,-339500,3,2,2,0,2,2,0,60,1,5,1,0,1,0,1,0,1
200500048129,5,8,16,1600,1,1,1,2,4878500,-338800,3,2,2,0,1,1,0,61,1,0,1,0,1,0,1,0,1
200500048130,5,8,9,2350,3,1,1,7,4878600,-317600,3,2,0,0,4,3,0,70,1,0,0,0,0,0,1,0,1
200500048132,5,8,2,915,1,1,1,3,4802600,-453200,3,2,0,0,2,1,0,57,1,0,1,0,1,0,2,0,1
200500048133,5,8,10,1430,1,1,1,1,4793200,-432600,3,2,2,0,1,1,0,70,1,0,3,0,0,1,1,0,1
200500048135,5,8,6,2300,3,1,1,1,4789600,-409400,3,2,2,0,1,1,0,92,1,0,1,0,0,0,4,1,1
200500048136,5,8,25,1615,1,1,1,2,4791300,-397700,9,0,0,3,1,1,0,0,9,6,0,0,1,0,1,0,1
200500048139,5,8,13,500,3,1,1,6,4794300,-416300,4,2,0,0,3,3,0,51,1,0,1,0,0,1,2,0,1
200500048141,5,8,18,1045,1,9,1,1,4781800,-434800,3,2,1,0,1,1,0,65,1,0,1,0,1,0,1,0,1
200500048142,5,8,8,2230,3,2,1,3,4865700,-432900,3,2,0,0,0,2,0,75,1,0,1,0,1,0,1,1,1
200500048145,5,8,31,1130,1,1,8,1,4847300,-469500,3,2,2,0,1,2,0,54,2,0,1,0,1,0,1,0,1
200500048146,5,8,5,1830,1,1,1,1,4826600,-418800,3,2,2,0,2,3,0,40,1,0,1,0,1,0,1,0,1
200500048156,5,8,21,2030,1,9,1,2,4770500,-278700,3,2,2,0,1,1,0,60,1,0,1,0,2,0,2,0,1
200500048158,5,8,21,915,1,1,1,2,4766100,-224000,3,2,2,0,1,1,0,63,1,0,1,0,0,0,1,1,1
200500048159,5,8,6,900,1,1,1,3,4782600,-211100,3,2,2,0,1,1,0,70,1,5,1,0,1,1,0,0,1
200500048166,5,8,6,2230,3,1,1,1,4776200,-351800,3,2,2,0,1,1,15,60,1,0,1,0,1,0,1,0,1
200500048168,5,8,18,100,3,9,1,7,4773500,-331900,3,2,2,0,1,1,10,76,1,5,1,0,0,0,2,2,1
200500048169,5,8,19,930,1,1,1,3,4786900,-244700,3,2,0,0,1,1,0,60,1,0,1,0,1,0,0,1,1
200500048171,5,8,13,500,3,1,1,6,4806400,-302400,3,2,2,0,2,3,0,0,1,0,3,0,0,0,1,3,1
200500048172,5,8,16,1215,1,1,1,1,4793600,-284500,3,2,2,0,1,1,0,92,1,0,1,0,1,1,1,0,1
200500048174,5,8,8,1000,1,1,1,7,4800500,-344200,3,2,0,0,1,2,0,0,1,0,3,0,0,1,0,0,1
200500048176,5,8,29,1015,1,1,1,6,4814200,-361200,4,2,2,0,2,1,50,50,1,0,4,3,0,0,1,1,1
200500048177,5,8,27,45,5,1,1,1,4930100,-37200,3,2,2,1,1,1,0,75,1,0,1,0,1,0,1,0,1
200500048180,5,8,4,1700,1,1,1,2,4914900,-14600,3,2,2,0,1,1,0,51,1,0,1,0,1,0,0,1,1
200500048181,5,8,5,1600,1,1,1,1,4912900,-20800,4,2,2,0,1,1,50,0,1,0,1,0,1,0,1,0,1
200500048183,5,8,17,400,3,1,1,7,4916500,-11600,3,2,2,0,1,1,0,41,1,0,1,0,0,0,1,2,1
200500048184,5,8,31,1645,1,1,1,5,4923900,-30600,3,2,2,0,1,1,0,0,1,0,1,0,1,0,2,0,1
200500048185,5,8,12,330,3,1,1,6,4910100,-64300,3,2,2,0,2,1,0,0,1,0,3,0,0,0,1,0,1
200500048186,5,8,19,1615,1,1,1,1,4917900,-65000,3,2,2,0,1,1,0,63,1,0,1,0,0,0,2,1,1
200500048187,5,8,22,730,1,1,7,6,4917600,-56100,3,2,2,0,1,1,0,72,1,0,1,0,0,1,0,0,1
200500048190,5,8,30,700,1,1,5,6,4925000,-100100,3,2,2,0,2,1,0,51,1,0,3,0,0,0,1,0,1
200500048192,5,8,9,2130,3,1,1,6,4887000,-29000,3,2,2,0,1,2,0,43,1,0,1,0,2,0,1,1,1
200500048193,5,8,13,1030,1,1,1,3,4915400,18100,3,2,2,0,1,2,0,45,1,0,1,0,3,0,1,0,1
200500048194,5,8,29,1645,1,2,1,3,4910900,14100,3,2,1,0,1,1,0,0,1,0,1,0,1,0,3,0,1
200500048196,5,8,10,1745,1,1,1,3,4903800,38700,3,2,2,0,0,3,0,88,1,0,1,0,1,0,1,0,1
200500048197,5,8,24,1030,1,1,1,7,4908100,37800,3,2,2,0,0,1,0,30,1,0,1,0,0,0,0,1,1
200500048198,5,8,26,1530,1,1,1,1,4905000,15400,3,2,0,0,1,1,0,68,1,0,1,0,0,2,2,1,1
200500048200,5,8,8,1600,1,1,1,3,4929300,19700,2,2,0,0,1,1,40,78,1,5,1,0,0,0,1,1,1
200500048201,5,8,4,1845,1,1,1,6,4929400,19200,3,2,2,0,1,1,70,0,1,5,1,0,1,0,1,0,1
200500048205,5,8,12,1745,1,1,1,6,4910000,-116000,3,2,0,0,1,3,0,46,1,0,1,0,0,0,1,1,1
200500048207,5,8,28,2115,1,1,1,3,4905700,-103800,4,2,1,0,1,1,0,56,1,0,1,0,5,0,1,0,1
200500048211,5,8,5,1230,1,1,3,1,4876900,-123700,3,2,2,0,1,3,0,58,2,0,1,0,1,0,1,0,1
200500048212,5,8,8,1145,1,1,1,3,4871800,-105900,3,2,2,0,1,1,0,63,1,0,1,0,1,0,1,0,1
200500048216,5,8,29,1100,1,1,1,1,4955700,-167000,3,2,2,0,1,1,0,56,1,0,1,0,0,0,1,1,1
200500048217,5,8,24,2130,3,1,3,1,4950500,-175000,3,2,2,0,1,1,0,46,2,0,1,0,1,0,0,3,1
200500048218,5,8,11,1545,1,1,1,2,4935000,-127000,2,3,4,0,1,1,13,160,1,0,1,0,2,0,1,0,1
200500048221,5,8,8,1500,1,1,1,3,4964000,-145000,3,2,0,0,2,1,0,54,1,0,1,0,1,0,1,0,1
200500048222,5,8,11,2145,2,1,1,7,4913400,-142800,3,2,2,0,1,3,0,59,1,0,1,0,1,0,1,0,1
200500048223,5,8,13,1730,2,1,1,6,4903000,-129500,3,2,0,0,1,2,0,52,1,0,3,0,0,0,1,0,1
200500048224,5,8,24,2045,3,2,3,3,4900700,-142400,3,2,2,0,2,1,0,59,2,5,1,0,1,0,1,0,1
200500048225,5,8,7,630,2,1,2,6,4896000,-142000,3,2,2,0,0,2,0,60,2,0,3,0,1,0,2,1,1
200500048226,5,8,15,2245,3,1,1,3,4903300,-145400,3,2,3,0,0,2,0,130,1,0,1,0,1,0,0,1,1
200500048231,5,8,15,2230,3,1,1,1,4924200,-159400,3,0,2,0,1,0,0,70,1,0,1,0,0,0,3,0,1
200500048232,5,8,20,1430,1,1,1,7,4914500,-159000,3,2,2,0,1,1,0,0,1,0,3,0,0,0,1,0,1
200500048233,5,8,20,1600,1,1,1,3,4868200,-102900,3,2,2,0,1,1,0,64,1,0,1,0,3,0,0,1,1
200500048234,5,8,24,1500,1,1,2,6,4862600,-82700,3,2,2,0,0,3,0,54,2,0,1,0,1,0,0,1,1
200500048237,5,8,6,1500,1,1,1,7,4854900,23700,3,2,2,0,0,2,0,71,1,0,3,0,0,0,1,0,1
200500048238,5,8,7,215,3,1,1,6,4859500,21200,3,2,2,0,2,3,0,52,1,0,3,0,0,1,0,0,1
200500048239,5,8,24,800,1,1,1,6,4867300,23300,3,2,2,0,2,1,0,53,1,0,3,0,0,0,1,1,1
200500048243,5,8,18,1415,1,1,1,5,4870300,30500,2,2,2,0,0,1,0,70,1,0,1,0,3,0,1,0,1
200500048244,5,8,25,1430,1,1,1,7,4880900,15600,3,2,2,0,1,2,0,57,1,0,3,0,0,0,1,0,1
200500048245,5,8,10,1600,1,1,1,1,4859200,-48900,3,2,2,0,1,1,0,0,1,5,1,0,3,0,0,1,1
200500048248,5,8,1,1230,1,1,1,3,4877000,-43500,3,2,2,0,2,4,0,58,1,0,1,0,1,0,2,0,1
200500048249,5,8,8,1430,1,1,1,1,4877000,-71000,3,2,0,0,2,3,35,100,1,5,1,0,1,0,1,0,1
200500048250,5,8,13,2145,5,3,1,3,4869100,-62100,3,2,2,0,0,0,0,54,1,0,1,0,0,0,1,1,1
200500048251,5,8,9,1000,1,1,1,3,4874300,58600,3,2,2,0,0,3,0,73,1,0,1,0,1,1,0,0,1
200500048256,5,8,6,1,5,2,1,3,4752900,-118800,3,2,0,0,1,1,0,0,1,0,1,0,1,0,2,0,1
200500048257,5,8,12,1300,1,1,1,6,4725900,-139500,3,2,2,0,1,2,0,70,1,0,1,0,0,0,1,0,1
200500048260,5,8,7,300,3,1,1,7,4767200,-130000,3,2,0,0,0,1,0,70,0,0,0,0,0,0,1,0,1
200500048264,5,8,2,1630,1,1,1,6,4740800,-186100,2,2,2,0,1,1,0,0,1,0,1,0,1,0,1,0,1
200500048265,5,8,4,1700,1,1,1,5,4743800,-143000,3,2,2,0,1,1,0,68,1,0,1,0,0,0,0,3,1
200500048266,5,8,8,1615,1,2,1,3,4749600,-154200,3,2,0,0,1,1,0,55,1,0,1,0,1,0,1,0,1
200500048267,5,8,17,645,2,1,1,1,4767800,-153400,3,2,2,0,0,1,0,80,1,0,1,0,1,1,0,0,1
200500048268,5,8,20,200,3,1,1,7,4750600,-163700,2,3,2,0,1,1,10,74,2,0,0,0,1,0,0,1,1
200500048270,5,8,20,1115,1,1,1,6,4713000,-158300,3,2,2,0,1,1,0,0,1,0,1,0,1,0,1,0,1
200500048273,5,8,15,215,3,1,1,6,4705700,-194400,3,2,1,0,1,1,0,64,1,0,3,0,0,1,0,0,1
200500048276,5,8,17,1630,1,1,1,1,4713600,-188100,3,2,1,0,1,1,0,63,1,0,1,0,1,1,1,0,1
200500048281,5,8,10,1730,1,1,1,6,4697300,-175400,3,2,2,0,1,1,60,0,1,0,1,0,0,0,1,0,1
200500048282,5,8,27,1645,1,1,1,1,4712000,-177400,3,2,0,0,1,2,0,68,1,0,1,0,2,0,3,0,1
200500048283,5,8,31,300,3,1,1,1,4701100,-184100,3,2,2,0,1,1,0,65,1,0,0,0,2,0,1,0,1
200500048284,5,8,27,1845,1,1,1,1,4723100,-173500,3,2,0,0,0,1,0,80,1,0,1,0,1,0,2,0,1
200500048289,5,8,12,2015,1,1,1,7,4738800,-242900,3,2,2,0,0,0,0,0,0,0,3,0,0,0,0,1,1
200500048293,5,8,5,700,1,1,1,2,4749200,-215100,3,2,2,0,1,1,0,61,1,0,1,0,2,1,0,0,1
200500048298,5,8,17,1100,1,1,1,1,4740400,-63200,3,3,2,0,2,2,0,51,1,0,1,0,1,0,1,0,1
200500048299,5,8,22,945,2,1,2,2,4753200,-56500,3,3,0,0,1,1,23,61,2,0,1,0,0,1,0,1,1
200500048300,5,8,4,2000,1,2,1,3,4740900,-48500,4,2,2,0,1,1,0,55,1,0,1,0,2,0,0,2,1
200500048301,5,8,2,1845,1,2,1,3,4731700,-58600,4,2,2,0,1,1,0,38,1,0,1,0,1,0,0,1,1
200500048302,5,8,21,1430,1,1,1,7,4726900,-64500,3,2,2,0,2,3,0,50,1,0,1,0,0,0,1,0,1
200500048303,5,8,27,830,1,1,1,6,4729400,-46800,3,2,2,0,1,1,0,57,1,0,3,0,0,0,1,0,1
200500048304,5,8,13,1945,1,1,1,6,4742400,-44600,3,2,0,0,1,4,0,60,1,0,4,0,1,0,1,0,1
200500048305,5,8,26,1615,1,1,1,5,4753600,-41700,2,2,3,0,1,1,0,108,1,0,1,0,2,0,5,0,1
200500048306,5,8,8,1830,1,2,1,3,4735400,-76200,3,2,2,0,2,1,0,62,1,5,1,0,1,0,1,0,1
200500048307,5,8,12,1500,1,1,1,3,4752500,-31500,3,2,0,0,0,1,0,68,1,0,1,0,0,0,2,0,1
200500048318,5,8,22,230,3,1,1,6,4748200,-10100,3,2,2,0,1,1,0,67,1,0,4,0,0,0,1,0,1
200500048319,5,8,21,45,3,1,1,7,4754500,14400,4,2,2,0,1,1,0,30,1,0,1,0,1,0,1,0,1
200500048321,5,8,13,1145,1,1,7,6,4721800,-30600,3,2,2,0,1,3,0,0,1,0,3,0,0,0,1,0,1
200500048324,5,8,3,2000,2,1,1,1,4740200,-10200,4,0,2,0,0,3,0,42,1,0,0,0,1,0,0,1,1
200500048325,5,8,4,1645,1,1,1,2,4734900,-23100,3,2,2,0,1,0,0,0,1,0,1,0,1,0,0,1,1
200500048326,5,8,9,1745,1,1,1,3,4738000,-27000,3,2,2,0,1,2,0,50,1,0,1,0,1,0,1,0,1
200500048327,5,8,19,1830,1,1,1,5,4730100,700,3,2,2,0,1,1,0,72,1,0,1,0,2,0,2,2,1
200500048329,5,8,31,1645,1,1,1,2,4730700,6700,4,2,2,0,1,1,0,0,1,0,1,0,1,0,1,0,1
200500048332,5,8,22,1510,1,1,1,3,4764300,-89300,3,2,2,0,1,2,0,49,1,0,1,0,1,0,0,1,1
200500048333,5,8,9,1725,1,1,1,6,4763500,-76500,3,2,0,0,1,1,0,46,1,0,3,0,3,1,1,0,1
200500048336,5,8,29,1615,1,1,1,7,4746200,-79200,3,2,2,0,1,1,0,45,1,0,3,0,0,0,1,0,1
200500048339,5,8,6,415,5,1,1,2,4783200,-71700,4,0,0,0,2,1,0,60,1,0,1,0,1,1,0,0,1
200500048341,5,8,6,905,1,6,1,2,4829100,-62400,2,2,0,0,1,1,10,0,1,5,1,0,1,0,1,0,1
200500048343,5,8,30,2015,1,1,1,7,4832400,-66500,4,2,1,0,1,1,0,30,1,0,1,0,0,0,1,0,1
200500048347,5,8,1,1115,1,1,1,3,4842500,-33600,3,2,2,0,2,1,0,0,1,0,1,0,3,0,1,0,1
200500048348,5,8,3,1830,1,1,1,6,4840400,-10200,3,2,0,0,1,1,0,61,1,0,1,0,1,0,1,0,1
200500048350,5,8,9,1100,1,9,1,3,4846700,-19300,2,2,2,0,1,1,0,0,1,0,1,0,1,0,0,1,1
200500048353,5,8,8,215,3,1,1,6,4802300,-21500,3,2,2,0,4,1,0,68,1,0,1,0,0,0,1,0,1
200500048354,5,8,14,1615,1,1,1,1,4787500,7700,3,2,0,0,1,3,0,46,1,0,1,0,4,0,1,0,1
200500048362,5,8,5,15,3,1,1,1,4773500,53700,3,2,2,0,0,1,0,62,1,0,1,0,1,0,1,0,1
200500048363,5,8,14,1145,1,1,1,1,4787500,-20500,3,2,0,0,2,2,0,51,1,0,1,0,2,0,1,0,1
200500048369,5,8,7,415,3,1,1,6,4780300,-26300,3,2,2,0,1,1,0,72,1,0,3,0,0,1,1,0,1
200500048370,5,8,21,1230,1,1,1,6,4826100,53700,3,2,0,0,2,2,0,68,1,0,3,0,0,0,1,0,1
200500048378,5,8,26,1800,1,6,1,3,4677500,-150700,3,0,0,0,1,0,0,0,1,5,0,0,0,0,1,1,1
200500048379,5,8,31,1900,1,1,1,3,4666700,-151500,3,2,0,0,0,0,0,60,1,0,0,0,1,1,0,0,1
200500048381,5,8,5,2200,3,1,1,3,4638000,-111000,3,2,2,0,1,2,0,70,1,0,1,0,0,1,4,0,1
200500048382,5,8,5,2330,3,1,1,1,4633000,-108000,3,2,2,0,1,1,0,70,1,0,1,0,0,0,2,1,1
200500048383,5,8,7,630,2,1,1,6,4637000,-99000,2,2,2,0,1,1,0,70,1,0,1,0,1,1,0,0,1
200500048384,5,8,10,1430,1,1,1,3,4645000,-116000,3,2,0,0,1,1,0,60,1,0,1,0,1,0,1,0,1
200500048385,5,8,17,2100,1,1,1,2,4645500,-116400,3,2,0,0,1,1,0,60,1,0,1,0,1,0,1,0,1
200500048386,5,8,22,730,2,6,1,3,4639300,-96400,3,2,0,0,1,1,0,58,1,5,1,0,0,0,1,2,1
200500048390,5,8,4,1945,1,6,1,3,4684800,-187600,9,0,0,0,0,0,0,71,1,5,1,3,1,0,1,0,1
200500048391,5,8,8,1215,1,1,1,4,4684100,-188900,3,2,2,0,1,1,0,60,1,0,1,0,6,0,1,0,1
200500048399,5,8,9,1500,1,1,7,1,4687800,-212000,3,2,0,0,1,1,0,70,1,0,1,0,0,0,2,4,1