Num_Acc,an,mois,jour,hrmn,lum,int,atm,col,lat,long,catr,circ,nbv,vosp,prof,plan,lartpc,larrout,surf,infra,situ,env1,unscathed,killed,hospital,light,chance
200500048401,5,8,22,1215,1,1,1,1,4693900,-203400,3,2,2,0,1,1,0,100,2,0,1,0,2,0,0,3,1
200500048405,5,8,28,830,3,1,1,6,4693200,-205200,3,2,2,0,1,3,0,70,1,0,1,0,0,0,1,0,1
200500048406,5,8,2,1445,1,1,1,3,4645700,-140900,3,2,2,0,2,1,0,70,1,3,1,0,1,1,1,0,1
200500048407,5,8,2,1940,1,1,1,6,4639900,-148200,3,2,2,0,1,3,0,53,1,0,1,0,0,0,1,0,1
200500048408,5,8,9,1330,1,1,1,1,4645500,-151900,3,3,2,0,3,1,9,61,1,0,1,0,1,1,0,0,1
200500048411,5,8,26,2345,5,2,1,3,4634200,-133600,3,2,2,2,1,1,0,45,1,0,1,0,1,0,0,1,1
200500048414,5,8,10,200,5,1,1,6,4471100,-123100,4,2,0,0,2,1,0,0,1,0,4,0,1,0,0,1,1
200500048417,5,8,6,2200,5,1,1,6,4513300,-65300,3,2,2,0,2,1,0,88,1,0,1,0,0,0,1,1,1
200500048418,5,8,6,200,3,1,1,7,4509100,-40300,3,2,2,0,2,3,0,66,1,0,1,0,2,0,2,0,1
200500048419,5,8,17,1000,1,1,1,3,4500500,-52500,3,2,0,0,1,1,75,0,1,0,1,0,1,0,1,0,1
200500048420,5,8,27,215,5,1,1,7,4494900,-53800,3,2,0,0,0,1,0,67,1,6,1,0,0,0,1,0,1
200500048423,5,8,8,1330,1,1,1,4,4487300,-50100,2,3,0,0,1,1,30,71,1,0,1,0,3,0,0,1,1
200500048428,5,8,15,1800,1,1,1,3,4450600,-24100,4,2,2,0,1,0,0,37,1,0,1,0,1,0,1,0,1
200500048430,5,8,8,1245,1,1,1,3,4449000,-6000,3,2,0,0,1,1,0,60,2,0,1,0,1,0,1,0,1
200500048431,5,8,11,1600,1,1,1,1,4445500,-23400,2,3,0,0,1,1,15,50,1,0,1,0,2,0,1,0,1
200500048432,5,8,25,1715,1,1,2,1,4443900,-24000,2,2,2,0,0,1,0,70,2,0,1,0,1,0,2,0,1
200500048433,5,8,25,1215,1,1,1,2,4458500,-2400,4,0,2,0,1,1,0,53,1,0,1,0,1,0,1,0,1
200500048434,5,8,24,1515,1,1,1,3,4445900,-37600,4,2,2,0,1,1,0,45,1,0,1,0,1,0,2,0,1
200500048435,5,8,5,1630,1,1,1,5,4533200,-96500,2,2,2,0,1,1,0,0,1,0,1,0,1,1,1,0,1
200500048436,5,8,13,2115,2,1,1,2,4528000,-94400,3,2,0,0,1,1,0,52,1,0,1,0,1,0,0,1,1
200500048439,5,8,21,2030,1,1,1,6,4543500,-112800,3,2,2,0,1,1,0,0,1,0,1,0,0,0,1,0,1
200500048440,5,8,18,1800,1,1,1,6,4495800,-19900,3,2,2,0,1,2,0,48,9,0,1,0,0,0,1,0,1
200500048445,5,8,4,1400,1,2,1,3,4506600,-26500,3,2,2,0,1,1,0,83,1,0,1,0,1,1,0,0,1
200500048447,5,8,12,2330,5,1,1,6,4525100,68600,3,2,2,0,1,1,0,100,1,0,3,0,0,0,1,0,1
200500048464,5,8,22,1800,1,1,1,5,4506300,38000,3,2,1,0,1,2,0,55,1,0,1,0,1,0,2,0,1
200500048467,5,8,13,900,1,2,1,1,4488600,142300,3,2,2,0,1,1,0,65,1,0,1,0,2,0,1,0,1
200500048468,5,8,22,245,3,1,1,7,4487600,135400,3,2,2,0,1,3,0,58,1,0,3,0,1,0,1,0,1
200500048470,5,8,18,1340,1,3,1,3,4513500,131300,2,2,2,0,1,1,0,70,1,5,1,0,1,1,0,0,1
200500048474,5,8,21,430,5,1,1,6,4376400,-31700,2,2,2,0,1,1,0,70,1,0,1,0,1,0,1,0,1
200500048475,5,8,14,1500,1,1,1,2,4401100,-32300,3,2,2,0,1,1,0,70,1,0,1,0,3,0,0,2,1
200500048477,5,8,27,1345,1,1,1,1,4401500,-32400,3,2,2,0,0,1,0,70,1,0,1,0,4,0,0,2,1
200500048478,5,8,15,1600,1,2,1,3,4370000,-64400,3,2,0,0,1,1,0,57,1,0,1,0,1,0,0,3,1
200500048479,5,8,11,400,3,1,1,7,4371600,-115200,2,3,2,3,1,1,89,161,1,0,3,0,0,1,0,1,1
200500048482,5,8,25,2245,1,2,1,1,4363300,-112800,3,2,1,0,1,3,0,40,1,0,1,0,1,0,0,1,1
200500048483,5,8,8,1945,1,1,1,3,4365000,-143700,4,2,2,2,1,1,0,70,1,0,1,0,1,0,1,0,1
200500048484,5,8,13,600,5,1,1,6,4364200,-142200,9,2,2,0,0,3,0,0,0,0,1,0,1,0,1,0,1
200500048485,5,8,14,1545,1,1,1,3,4364800,-142800,4,2,2,0,1,1,0,60,1,0,1,0,1,0,1,0,1
200500048487,5,8,2,1600,1,1,1,1,4375800,-132900,3,2,2,0,1,1,0,45,1,0,1,0,1,0,1,0,1
200500048497,5,8,27,345,5,1,3,6,4372700,-60500,3,2,1,0,1,2,0,60,2,0,1,0,0,0,1,0,1
200500048500,5,8,16,1500,1,1,1,7,4413700,2200,3,2,2,0,1,3,0,74,1,0,1,0,0,0,1,0,1
200500048503,5,8,29,1830,1,1,1,4,4426500,67100,2,0,2,0,2,1,0,70,1,0,1,0,4,0,0,2,1
200500048505,5,8,8,1615,1,1,1,7,4430500,52900,3,2,2,0,1,2,0,0,1,0,1,0,0,0,1,0,1
200500048506,5,8,14,945,1,1,1,1,4430900,34200,2,2,1,0,1,2,0,46,1,0,1,0,1,1,0,0,1
200500048507,5,8,13,1530,1,1,1,7,4426000,72700,3,2,2,0,1,1,0,71,1,0,3,0,2,0,2,0,1
200500048511,5,8,2,1630,1,1,1,1,4452900,9700,4,2,0,0,1,0,0,45,1,0,1,0,1,0,1,0,1
200500048512,5,8,27,1415,1,1,1,1,4456000,14200,3,2,2,0,1,3,0,78,1,0,1,0,1,1,1,0,1
200500048513,5,8,31,1330,1,1,1,1,4451700,8300,3,2,2,0,1,2,0,74,9,2,0,0,0,1,1,0,1
200500048514,5,8,30,1800,1,1,1,3,4447000,4000,4,2,0,0,1,1,60,0,1,0,1,0,1,0,1,0,1
200500048515,5,8,1,1630,1,1,1,3,4457000,32000,3,2,2,0,1,1,0,0,1,0,1,0,0,0,0,3,1
200500048516,5,8,3,1830,1,1,1,6,4464000,24300,3,2,2,0,2,2,0,49,1,2,3,0,0,0,1,0,1
200500048518,5,8,30,1805,1,1,1,7,4455200,40200,3,2,2,0,2,1,0,72,1,0,3,0,0,0,0,3,1
200500048520,5,8,6,315,3,1,1,6,4438300,29500,3,2,2,0,1,1,0,70,1,0,1,0,1,1,0,0,1
200500048522,5,8,17,530,5,1,8,6,4429400,27500,3,1,0,0,1,1,0,25,1,0,3,0,0,0,1,0,1
200500048523,5,8,7,230,3,1,1,6,4453300,76400,3,2,2,0,2,2,0,60,1,0,1,0,0,1,0,0,1
200500048530,5,8,5,600,1,1,1,7,4439700,63800,3,3,2,0,2,3,60,50,9,0,1,0,0,0,1,0,1
200500048533,5,8,26,1,5,1,1,6,4451300,45200,3,2,2,0,0,2,0,72,9,0,4,0,0,0,1,1,1
200500048534,5,8,15,830,1,1,1,5,4324700,-38600,2,2,2,0,1,4,0,79,1,0,1,0,0,0,0,4,1
200500048535,5,8,18,1330,1,1,1,4,4321000,-40900,2,2,3,0,2,1,0,118,1,0,1,0,1,0,2,0,1
200500048539,5,8,9,930,1,2,1,3,4337300,-18600,3,2,0,0,1,1,0,60,1,0,1,0,1,0,1,2,1
200500048540,5,8,10,1730,1,1,3,1,4329800,-28900,2,2,2,0,1,1,0,90,2,0,1,0,0,0,2,0,1
200500048541,5,8,5,1545,1,1,7,3,4349900,-141800,3,2,2,0,1,3,0,75,1,0,1,0,4,0,1,1,1
200500048543,5,8,17,1915,1,1,1,6,4334900,-162100,3,2,2,0,1,1,0,77,1,0,1,0,2,0,1,0,1
200500048546,5,8,12,1515,1,1,1,6,4327000,-84100,3,2,2,0,4,1,0,72,1,0,3,0,0,0,2,0,1
200500048548,5,8,16,730,1,1,1,6,4324100,-67200,3,2,2,0,1,1,0,135,1,0,0,0,0,0,5,1,1
200500048549,5,8,15,2145,5,1,1,1,4336200,-56100,3,2,0,0,0,2,0,60,1,5,1,0,1,0,1,0,1
200500048550,5,8,1,1145,1,1,2,1,4353800,-65000,3,2,2,0,2,3,0,63,2,0,1,0,0,2,2,3,1
200500048552,5,8,3,2115,2,1,1,1,4641100,30200,3,2,0,0,2,0,0,28,1,0,1,0,1,0,0,1,1
200500048558,5,8,28,1645,1,1,1,3,4690200,62200,3,2,2,0,2,1,0,48,9,0,1,0,1,1,0,0,1
200500048559,5,8,30,800,1,1,1,1,4674800,44400,4,2,2,0,3,1,0,47,1,0,1,0,1,0,1,0,1
200500048560,5,8,25,1145,1,1,2,7,4681700,39500,3,2,2,0,1,1,0,71,2,0,0,0,0,1,1,0,1
200500048562,5,8,6,2045,1,1,1,6,4642900,87000,4,1,0,0,2,1,0,38,1,0,1,0,0,0,0,2,1
200500048563,5,8,6,1645,1,1,1,6,4621400,61600,3,2,0,0,1,1,0,59,1,0,1,0,0,0,1,0,1
200500048564,5,8,23,2130,5,3,1,6,4629900,72600,3,2,2,0,2,4,0,57,1,0,1,0,2,0,1,0,1
200500048566,5,8,25,1600,1,1,2,6,4534400,7300,3,2,2,0,2,2,0,0,2,0,1,0,0,0,1,0,1
200500048574,5,8,7,1700,1,1,1,3,4589900,38700,4,2,0,0,0,3,0,0,0,0,0,0,1,0,1,0,1
200500048575,5,8,28,2315,3,1,1,2,4581500,7900,3,2,2,0,2,3,0,0,1,0,1,0,0,2,0,1,1
200500048576,5,8,3,2215,3,1,1,7,4567300,34200,3,2,0,0,0,2,0,0,0,2,0,0,0,0,1,0,1
200500048583,5,8,20,1715,1,7,1,1,4631200,-82900,3,2,2,0,1,1,0,50,1,0,1,0,1,0,0,1,1
200500048589,5,8,4,145,3,1,5,6,4517500,-30400,3,2,2,0,1,2,0,55,2,0,1,0,0,0,1,0,1
200500048593,5,8,3,1500,1,1,1,1,4597200,-124800,3,2,2,0,1,3,0,60,1,0,1,0,1,0,1,0,1
200500048594,5,8,3,2045,1,1,1,1,4596800,-137500,4,2,0,0,1,1,0,53,1,5,1,0,3,0,1,0,1
200500048595,5,8,6,530,3,1,1,6,4597900,-130000,3,2,2,0,1,2,0,35,1,0,3,0,4,0,1,0,1
200500048596,5,8,14,1430,1,1,1,5,4586600,-119500,3,2,0,0,1,1,0,0,1,2,1,0,4,0,1,0,1
200500048597,5,8,16,1200,1,1,1,3,4596000,-133000,3,2,2,0,0,1,0,62,1,0,1,0,3,0,2,0,1
200500048598,5,8,16,2200,3,1,1,1,4597000,-128000,3,2,0,0,1,1,0,60,1,0,1,0,1,0,1,0,1
200500048599,5,8,21,1545,1,1,1,7,4591600,-131300,4,2,0,0,0,1,0,35,1,0,1,0,0,0,1,0,1
200500048601,5,8,9,2215,3,2,1,1,4572000,-115700,3,2,0,0,1,1,0,0,1,5,1,0,0,0,2,0,1
200500048602,5,8,14,1530,1,1,1,1,4569500,-99500,3,2,2,0,1,3,0,65,1,0,1,0,4,0,2,0,1
200500048603,5,8,16,600,2,1,1,1,4597400,-91800,3,2,2,0,1,1,70,75,1,0,1,0,0,0,2,0,1
200500048606,5,8,3,2000,2,1,7,6,4572000,-61900,3,2,1,0,0,2,0,33,1,0,3,0,0,0,1,0,1
200500048608,5,8,16,1800,1,1,1,1,4577200,-80200,4,2,0,0,1,4,0,42,1,0,1,0,1,0,1,0,1
200500048610,5,8,14,530,5,1,1,6,4558900,-53000,4,2,2,0,1,1,0,60,1,0,3,0,0,0,1,0,1
200500048614,5,8,12,1615,1,2,1,3,4594900,-52700,3,2,2,0,1,1,0,70,1,0,1,0,1,0,1,1,1
200500048617,5,8,3,1730,1,1,1,5,4588000,-35600,3,2,2,0,1,1,0,0,1,0,1,0,0,0,4,3,1
200500048619,5,8,21,830,1,1,1,3,4588600,-43800,3,2,0,0,1,1,0,57,1,5,1,0,1,0,1,0,1
200500048620,5,8,14,2000,1,1,1,3,4649500,-59900,3,2,1,0,2,1,0,67,1,0,1,0,1,0,0,1,1
200500048625,5,8,5,1700,1,8,1,6,4689500,-22400,3,2,0,0,0,2,0,0,9,4,1,0,0,0,1,0,1
200500048628,5,8,1,1730,1,1,1,3,4625800,-19600,4,2,2,0,1,3,0,76,1,0,1,0,1,0,1,0,1
200500048629,5,8,19,30,3,1,1,6,4626100,-29600,3,2,0,0,1,4,0,53,1,0,3,0,0,1,0,0,1
200500048630,5,8,24,1745,1,1,1,6,4659300,-32600,3,2,2,0,1,1,0,54,1,0,0,0,0,1,0,0,1
200500048631,5,8,3,1945,1,1,1,2,4673500,-15300,3,2,0,0,4,1,0,60,1,0,1,0,1,0,1,0,1
200500048634,5,8,6,1230,1,1,1,3,4579900,112700,2,2,3,3,1,1,0,102,1,5,1,0,1,0,0,2,1
200500048638,5,8,9,1515,1,1,1,7,4580200,158300,3,2,0,0,1,1,0,52,1,0,3,0,0,0,0,5,1
200500048645,5,8,30,1545,1,1,1,6,4583900,101000,4,2,2,0,1,1,0,50,1,0,1,0,0,0,1,1,1
200500048646,5,8,17,930,1,3,1,1,4529000,165000,3,2,0,0,1,2,0,81,1,0,1,0,3,0,1,0,1
200500048648,5,8,24,1745,1,1,1,3,4537600,200300,3,3,3,0,1,1,0,150,1,0,1,0,1,0,2,0,1
200500048650,5,8,30,900,1,1,1,3,4517400,156300,2,3,2,1,1,1,30,47,1,0,1,0,1,0,1,0,1
200500048653,5,8,6,1615,1,1,1,3,4541500,228600,3,2,0,0,0,1,0,67,1,0,1,0,3,0,1,0,1
200500048655,5,8,16,1015,1,1,1,1,4643800,186800,3,2,2,0,1,2,0,60,1,0,1,0,2,0,1,1,1
200500048659,5,8,5,145,3,1,1,6,4387600,138100,3,2,2,0,1,1,0,60,1,0,1,0,0,1,0,0,1
200500048661,5,8,3,145,5,1,1,1,4347000,133300,9,2,0,0,0,1,0,0,1,0,0,0,1,0,1,0,1
200500048663,5,8,9,1215,1,2,1,3,4320000,109000,3,2,2,0,3,1,0,58,1,5,1,0,1,0,2,0,1
200500048664,5,8,6,1215,1,1,1,6,4338000,118200,3,2,0,0,1,1,0,60,1,0,3,0,1,0,2,0,1
200500048665,5,8,9,2330,3,1,1,3,4309500,52600,2,2,2,0,1,1,100,0,1,0,3,0,1,0,0,1,1
200500048666,5,8,31,1515,1,1,7,6,4308900,57500,2,2,2,0,2,2,60,0,1,0,3,0,0,0,1,0,1
200500048667,5,8,3,1700,1,1,1,6,4287700,73500,2,2,2,0,1,1,0,0,1,0,3,0,0,0,1,0,1
200500048668,5,8,14,1545,1,1,1,1,4278000,60100,3,2,0,0,1,1,0,57,1,0,1,0,2,0,2,0,1
200500048671,5,8,3,1945,1,3,1,3,4325900,73200,3,2,2,0,1,1,0,53,1,0,1,0,1,0,1,0,1
200500048673,5,8,5,2315,5,1,1,7,4328700,163700,3,2,2,0,1,0,40,0,1,0,3,0,0,0,1,1,1
200500048674,5,8,28,2130,3,1,1,3,4336700,179800,2,0,2,0,1,1,0,60,1,0,1,0,2,0,2,1,1
200500048675,5,8,20,1800,1,3,1,3,4353500,176000,3,2,2,0,1,1,0,70,1,0,1,0,1,0,1,0,1
200500048678,5,8,13,445,2,1,1,1,4344700,202300,3,2,2,0,2,2,0,68,1,0,1,0,3,0,2,0,1
200500048679,5,8,15,1800,1,2,1,3,4346900,198300,3,2,0,0,0,1,0,58,1,0,3,0,1,1,0,0,1
200500048684,5,8,13,2000,1,1,1,2,4315000,142000,3,2,2,0,0,1,0,66,1,0,1,0,1,0,1,0,1
200500048685,5,8,15,2030,2,1,1,3,4313600,144200,3,2,2,0,1,1,0,60,1,0,1,0,1,0,0,2,1
200500048686,5,8,10,1345,1,1,1,7,4303700,177000,3,2,0,0,1,3,0,46,1,0,1,0,1,0,1,0,1
200500048687,5,8,26,845,1,1,2,1,4299800,121600,3,2,0,0,1,1,0,71,0,0,1,0,0,1,2,0,1
200500048689,5,8,3,1615,1,1,1,6,4429100,261100,3,2,2,0,3,1,23,91,1,6,1,0,1,1,0,0,1
200500048690,5,8,12,800,1,1,1,3,4426800,281600,3,2,2,0,2,1,0,0,1,0,1,0,0,1,2,0,1
200500048691,5,8,19,1430,1,2,1,3,4429100,250900,2,2,2,0,1,1,0,100,1,5,1,0,1,0,1,0,1
200500048692,5,8,12,1330,1,1,1,1,4451800,243300,3,2,2,0,0,3,70,0,1,0,1,0,0,1,2,1,1
200500048693,5,8,25,1530,1,2,1,3,4445900,257500,3,2,2,0,1,2,0,89,1,5,1,0,0,0,2,1,1
200500048695,5,8,7,1645,1,1,1,2,4464400,280900,3,2,2,0,1,1,0,60,1,0,1,0,1,0,1,0,1
200500048697,5,8,15,1630,1,1,7,1,4405100,297600,3,2,2,0,1,3,0,74,1,0,1,0,0,0,3,0,1
200500048698,5,8,3,1900,1,1,1,3,4434100,306500,3,2,0,0,1,1,0,118,1,0,1,0,0,0,1,2,1
200500048699,5,8,17,2345,3,1,2,3,4435000,296000,2,2,2,0,1,3,0,69,0,0,3,0,2,0,1,0,1
200500048700,5,8,29,100,3,8,1,6,4435300,299900,2,2,2,0,1,1,0,75,1,4,1,0,0,0,1,0,1
200500048701,5,8,2,1100,1,1,1,1,4400300,297000,3,2,2,0,1,2,0,72,1,0,1,0,1,0,1,1,1
200500048703,5,8,29,1830,1,1,1,6,4396400,287700,4,2,0,0,1,1,0,65,1,0,1,0,1,0,1,0,1
200500048704,5,8,8,615,1,1,1,6,4388000,277800,3,2,2,0,1,1,0,0,1,0,1,0,1,0,0,1,1
200500048705,5,8,27,1315,1,1,1,1,4451700,204600,3,2,2,0,0,2,0,69,2,0,1,0,1,0,1,1,1
200500048707,5,8,17,1645,1,1,1,3,4363600,86700,3,2,2,0,0,0,0,0,1,0,1,0,1,0,0,1,1
200500048714,5,8,8,2115,1,1,1,6,4393700,36000,3,2,2,0,2,1,0,60,1,0,3,0,1,0,0,1,1
200500048715,5,8,9,1100,1,1,1,3,4403000,46000,3,2,0,0,1,1,0,67,1,0,1,0,0,0,0,2,1
200500048716,5,8,8,1300,1,1,1,3,4380500,4000,4,2,2,0,1,1,0,60,1,0,1,0,2,0,0,1,1
200500048717,5,8,11,1845,1,4,1,3,4387000,-10200,3,2,2,0,3,1,0,71,1,0,0,0,1,0,0,1,1
200500048720,5,8,19,800,1,1,1,7,4388100,18000,3,2,2,0,1,1,0,80,1,0,3,0,0,0,0,1,1
200500048722,5,8,23,2330,3,1,1,7,4392200,-7000,3,2,2,0,1,1,0,44,1,0,3,0,0,0,2,0,1
200500048723,5,8,24,1515,1,1,1,1,4381700,9700,2,2,2,0,2,3,0,61,1,0,1,0,0,0,0,2,1
200500048728,5,8,1,1607,1,1,8,1,4355000,48000,2,2,0,0,2,2,0,105,2,0,1,0,1,1,1,0,1
200500048730,5,8,17,1600,1,1,1,3,4343100,31100,3,2,0,0,1,1,0,56,1,0,1,0,1,0,0,1,1
200500048732,5,8,1,1815,1,2,1,3,4362100,-20600,3,2,2,0,1,1,0,60,1,5,1,0,1,0,1,1,1
200500048733,5,8,20,1500,1,1,2,6,4359700,-17000,3,2,2,0,1,3,0,0,2,0,1,0,0,0,3,0,1
200500048734,5,8,30,600,2,1,1,7,4361900,8200,3,2,2,0,1,1,0,0,1,0,1,0,1,0,1,0,1
200500048736,5,8,6,2145,3,1,1,6,4428500,137100,4,2,2,0,3,3,0,23,1,0,1,0,5,0,1,0,1
200500048737,5,8,20,1330,1,1,2,1,4434000,151400,3,2,0,0,1,3,0,73,2,2,1,0,1,0,1,0,1
200500048738,5,8,4,100,5,1,1,6,4449700,114600,3,1,0,0,1,1,0,33,1,0,1,0,1,0,1,0,1
200500048739,5,8,18,1540,1,1,1,6,4443400,131600,4,2,2,0,1,1,0,36,1,0,1,0,0,0,2,0,1
200500048740,5,8,1,1330,1,1,1,7,4455700,189400,3,0,0,0,0,0,0,0,0,0,0,0,1,0,1,1,1
200500048742,5,8,10,2200,3,1,1,5,4464100,153300,3,2,0,0,2,2,0,68,1,0,0,0,2,1,0,0,1
200500048744,5,8,8,1645,1,1,1,6,4478300,172500,4,1,0,0,1,1,0,25,1,0,1,0,1,0,1,0,1
200500048748,5,8,22,45,3,1,1,1,4314700,2700,3,2,2,0,1,4,0,50,1,0,1,0,0,0,0,4,1
200500048749,5,8,14,1530,1,1,1,1,4330200,59100,3,2,2,0,1,3,0,63,1,0,1,0,1,0,0,1,1
200500048753,5,8,26,2100,2,1,1,3,4298200,-6800,3,2,2,0,0,1,0,0,1,5,1,0,0,1,2,0,1
200500048755,5,8,7,2215,5,1,1,1,4313100,38600,9,2,2,0,1,1,0,62,1,0,1,0,1,0,1,0,1
200500048763,5,8,14,1030,1,1,1,6,4370500,181800,3,2,2,0,1,1,0,90,1,0,1,0,1,0,1,0,1
200500048764,5,8,27,145,3,1,1,6,4376100,168900,3,2,2,0,1,3,0,45,1,0,3,0,0,0,2,0,1
200500048765,5,8,30,1700,1,1,1,3,4368300,174800,3,2,0,0,3,3,0,0,1,5,1,0,1,1,0,0,1
200500048767,5,8,5,1630,1,1,1,6,4382800,204100,3,2,2,0,1,0,0,55,1,0,1,0,0,0,1,0,1
200500048768,5,8,14,500,3,1,1,6,4356000,258000,3,2,1,0,2,2,0,48,1,0,3,0,3,0,0,1,1
200500048770,5,8,13,1100,1,1,1,6,4357700,234500,3,2,0,0,1,1,0,62,1,0,3,0,0,0,0,2,1
200500048772,5,8,28,1815,1,1,1,5,4352300,230100,2,2,2,0,1,3,0,74,1,0,1,0,0,0,1,4,1
200500048776,5,8,31,1800,1,1,1,6,4412300,148200,4,2,0,0,1,1,0,33,1,0,1,0,1,0,1,0,1
200500048779,5,8,11,2015,1,1,1,7,4414200,185500,3,2,2,0,1,2,0,60,1,0,3,0,0,0,1,0,1
200500048782,5,8,27,1100,1,1,2,7,4413100,117100,3,2,2,0,1,2,0,60,2,0,3,0,0,0,1,0,1
200500048783,5,8,1,1145,1,1,8,3,4381300,125500,3,2,2,0,2,1,0,70,0,0,1,0,1,0,0,1,1
200500048789,5,8,9,1600,1,1,1,3,4575500,506400,3,2,2,1,0,3,0,60,1,0,1,0,0,0,1,1,1
200500048797,5,8,27,1145,1,1,1,3,4569600,444000,2,2,2,0,1,1,0,75,1,0,1,0,1,0,1,0,1
200500048804,5,8,6,1900,1,1,1,6,4603200,465700,3,2,2,0,1,2,0,0,1,0,1,0,0,0,0,1,1
200500048806,5,8,11,400,5,1,1,6,4616700,468000,3,2,0,0,2,1,0,60,1,0,1,0,1,0,1,0,1
200500048807,5,8,16,1500,1,1,1,7,4614400,460700,3,2,2,0,1,1,0,70,1,0,1,0,0,0,0,1,1
200500048809,5,8,23,1900,1,1,1,2,4623700,448800,3,2,0,0,1,1,0,51,1,0,1,0,1,0,0,1,1
200500048811,5,8,28,1545,1,1,1,6,4621300,472000,3,2,1,0,2,2,0,53,1,0,3,0,0,0,2,0,1
200500048823,5,8,7,2330,3,1,1,3,4588000,451100,2,2,2,0,1,1,0,73,1,0,1,0,2,0,1,3,1
200500048824,5,8,2,1600,1,1,8,6,4603300,431500,3,2,2,0,0,1,0,77,1,0,1,0,1,0,1,0,1
200500048829,5,8,25,1815,1,1,3,6,4636900,504700,3,0,2,0,3,3,0,61,2,0,3,0,1,0,1,0,1
200500048833,5,8,31,1545,1,1,1,7,4573400,570900,2,2,0,0,4,4,0,77,1,0,3,0,0,1,0,0,1
200500048834,5,8,5,1730,1,1,1,1,4581500,577800,3,2,2,0,1,1,0,65,1,0,1,0,1,1,0,0,1
200500048836,5,8,20,1345,1,1,1,1,4595300,577000,3,2,0,0,2,2,0,43,1,0,1,0,1,0,1,0,1
200500048840,5,8,10,1600,1,1,1,1,4624700,607200,3,2,2,0,3,2,0,70,1,0,1,0,0,0,1,1,1
200500048841,5,8,17,1415,1,1,1,1,4624900,609600,3,0,0,0,0,0,0,0,0,0,0,0,1,0,0,3,1
200500048842,5,8,18,1630,1,1,1,6,4630700,609800,3,2,2,0,1,4,0,43,1,0,4,0,1,0,1,0,1
200500048846,5,8,20,2030,2,6,1,3,4598300,475800,3,2,2,0,1,1,0,60,1,5,1,0,2,0,0,2,1
200500048850,5,8,9,1215,1,1,1,5,4591400,493900,2,2,2,0,1,1,0,77,1,0,1,0,3,0,6,1,1
200500048855,5,8,27,845,1,1,1,1,4447900,468900,2,2,1,0,1,1,0,64,1,0,3,0,1,0,0,1,1
200500048856,5,8,9,945,1,1,1,3,4455400,441100,3,2,2,0,2,1,0,107,1,0,1,0,1,0,1,0,1
200500048860,5,8,8,1800,1,1,1,1,4472700,451900,2,2,2,0,2,3,0,80,1,0,1,0,1,0,1,0,1
200500048861,5,8,16,1830,1,1,1,3,4475000,474600,2,2,0,0,0,1,0,80,1,0,1,0,1,0,2,0,1
200500048862,5,8,8,1130,1,1,1,1,4445600,414900,3,2,2,0,1,3,0,45,1,0,1,0,1,0,1,0,1
200500048863,5,8,13,330,5,1,1,6,4452000,432000,3,2,2,0,1,2,0,69,1,0,1,0,0,0,0,2,1
200500048865,5,8,22,1730,1,1,1,7,4477100,405800,3,2,2,0,2,0,0,70,1,0,0,0,0,0,1,0,1
200500048866,5,8,1,800,1,1,1,1,4442500,431100,3,2,2,0,1,1,0,72,1,0,1,0,1,0,1,0,1
200500048867,5,8,4,2315,3,1,1,3,4437100,416700,3,2,0,0,0,1,61,0,1,5,1,0,2,0,0,3,1
200500048868,5,8,17,1300,1,1,1,6,4440900,413000,3,2,2,0,2,4,0,71,9,0,3,0,0,0,1,0,1
200500048869,5,8,11,630,2,1,2,1,4531100,477600,2,2,0,0,0,3,0,0,2,0,1,0,1,0,3,0,1
200500048871,5,8,22,1030,1,1,2,5,4525200,477800,3,2,0,0,2,1,0,88,2,0,1,0,0,0,2,2,1
200500048872,5,8,25,1730,1,1,1,1,4522300,457000,3,3,2,0,2,3,0,48,1,0,1,0,1,0,1,0,1
200500048873,5,8,6,45,5,1,1,3,4501600,440400,3,2,2,0,1,3,0,67,1,0,1,0,2,0,1,0,1
200500048876,5,8,30,2045,3,1,1,6,4492000,442700,4,2,2,0,4,4,0,41,1,0,1,0,0,0,0,1,1
200500048878,5,8,13,2245,3,2,1,3,4516700,474900,4,2,2,0,1,1,0,40,1,0,1,0,1,0,0,2,1
200500048882,5,8,12,1100,1,1,1,3,4484000,488900,3,2,2,0,0,2,0,60,0,0,0,0,1,0,2,0,1
200500048883,5,8,19,430,3,1,1,6,4472600,480700,2,2,3,0,0,1,106,0,1,0,3,0,0,1,3,0,1
200500048884,5,8,27,1230,1,1,1,7,4478700,488800,3,2,2,0,1,2,0,58,1,0,1,0,0,0,2,0,1
200500048885,5,8,12,1415,1,1,1,7,4472800,526700,3,0,2,0,1,3,0,45,1,0,1,0,0,0,1,1,1
200500048887,5,8,28,2115,3,1,1,6,4455400,490900,3,2,1,0,1,2,0,61,1,0,1,0,0,1,0,0,1
200500048890,5,8,27,1945,1,1,2,6,4427900,527300,3,2,0,0,2,2,0,60,2,0,1,0,0,0,1,0,1
200500048894,5,8,31,1700,1,2,1,3,4499600,504600,4,2,0,0,1,1,0,0,1,0,1,0,0,0,0,3,1
200500048895,5,8,31,2100,5,1,1,6,4504100,529700,3,3,0,0,0,4,0,0,1,5,3,0,0,0,1,0,1
200500048897,5,8,20,1815,1,1,1,5,4517700,481600,2,2,4,0,1,1,10,116,1,0,1,0,1,0,1,0,1
200500048901,5,8,11,1040,1,1,2,1,4524100,588500,3,2,2,0,1,1,0,50,2,0,1,0,0,0,0,2,1
200500048902,5,8,15,515,2,1,2,7,4514900,580700,3,2,2,0,2,1,0,65,2,0,3,0,0,1,0,0,1