Num_Acc,an,mois,jour,hrmn,lum,int,atm,col,lat,long,catr,circ,nbv,vosp,prof,plan,lartpc,larrout,surf,infra,situ,env1,unscathed,killed,hospital,light,chance
200500048907,5,8,10,1500,1,1,1,7,4527800,598700,3,2,2,0,4,1,0,0,1,5,1,0,0,0,1,0,1
200500048908,5,8,12,2245,3,1,1,6,4530400,594900,3,2,2,0,1,1,0,66,1,0,1,0,0,0,1,0,1
200500048909,5,8,30,1100,4,1,1,1,4529600,562600,3,3,2,0,1,1,30,35,1,5,1,0,0,1,2,0,1
200500048910,5,8,9,900,1,1,1,6,4491100,578500,2,3,2,0,1,2,20,0,1,0,1,0,1,0,1,0,1
200500048912,5,8,12,2130,5,1,1,1,4491100,578800,2,2,0,0,4,3,0,0,0,0,1,0,0,0,0,1,1
200500048913,5,8,17,1830,1,1,1,1,4488100,583200,2,2,0,0,1,1,0,65,1,0,1,0,0,0,1,5,1
200500048914,5,8,5,1545,1,1,1,1,4507000,575400,2,2,2,0,2,1,0,70,1,0,1,0,0,0,1,3,1
200500048915,5,8,11,1345,1,1,3,3,4508900,521400,2,2,2,0,3,2,0,66,2,2,1,0,4,0,3,0,1
200500048918,5,8,21,2030,3,1,3,1,4535100,547700,2,3,3,0,2,2,0,180,2,0,1,0,0,1,1,0,1
200500048919,5,8,5,1600,1,6,1,2,4534100,518800,3,2,2,0,1,2,0,70,1,5,1,0,2,0,1,0,1
200500048920,5,8,25,1945,1,1,1,4,4522200,543500,2,2,2,0,2,1,0,78,1,0,1,0,2,0,0,1,1
200500048921,5,8,2,1415,1,1,2,1,4556700,527800,3,2,2,0,1,3,0,0,2,0,1,0,2,0,1,1,1
200500048922,5,8,5,1645,1,1,1,1,4567100,535300,3,2,0,0,2,1,0,40,1,0,1,0,1,0,1,1,1
200500048923,5,8,11,815,1,1,3,1,4551400,530400,2,2,2,0,2,4,0,0,2,0,1,0,2,0,2,0,1
200500048924,5,8,22,1400,1,1,1,1,4559000,533000,4,2,1,0,2,2,0,0,1,0,1,0,1,0,0,1,1
200500048925,5,8,13,1645,1,1,1,3,4572500,524100,4,2,1,0,1,1,0,0,1,0,1,0,1,0,1,0,1
200500048926,5,8,18,1545,1,1,1,3,4575700,522100,4,2,2,0,1,1,70,0,1,0,1,0,0,0,1,2,1
200500048927,5,8,6,915,1,1,1,1,4540000,542700,3,2,2,0,1,1,0,60,1,0,1,0,0,0,1,1,1
200500048928,5,8,13,30,3,1,1,6,4582500,538700,3,2,2,0,0,2,0,0,1,0,0,0,0,0,1,0,1
200500048933,5,8,29,1545,1,1,1,1,4539400,518400,3,2,2,0,1,1,0,50,1,0,1,0,1,0,0,1,1
200500048934,5,8,26,2115,3,1,1,6,4539600,518600,4,2,2,0,1,1,0,40,1,0,3,0,0,0,1,0,1
200500048935,5,8,30,1800,1,1,1,2,4546200,529300,2,2,2,0,1,1,0,70,1,0,1,0,1,0,0,1,1
200500048938,5,8,27,1045,1,1,1,6,4546700,505000,4,2,0,0,1,1,0,0,1,0,3,0,0,0,1,0,1
200500048939,5,8,7,2015,1,1,1,5,4575500,519300,3,2,2,0,1,1,0,0,1,0,1,0,2,0,1,0,1
200500048940,5,8,13,1445,1,1,1,1,4572800,514400,3,2,2,0,1,1,0,0,1,0,1,0,1,0,1,0,1
200500048941,5,8,12,1800,1,9,1,3,4575500,517100,3,2,2,0,0,1,0,0,1,0,1,0,0,0,2,0,1
200500048942,5,8,13,1800,1,1,1,6,4532400,477500,4,2,0,0,0,0,0,70,1,0,1,0,0,0,1,0,1
200500048944,5,8,18,115,3,1,1,7,4537400,436900,3,2,0,0,0,3,0,0,1,0,1,0,1,0,0,1,1
200500048945,5,8,20,1130,1,1,1,3,4530100,456100,2,2,2,0,2,1,0,80,1,0,1,0,1,0,0,1,1
200500048949,5,8,21,500,3,1,1,6,4556600,420600,3,2,2,0,1,1,0,41,2,0,3,0,0,0,2,0,1
200500048953,5,8,28,1915,1,1,1,6,4574500,419700,2,2,2,0,1,1,75,70,1,0,1,0,0,1,2,0,1
200500048954,5,8,2,1930,1,1,2,7,4538700,393800,3,2,0,0,1,3,0,63,2,0,0,0,0,0,1,0,1
200500048955,5,8,14,945,1,1,1,1,4541900,407200,3,2,0,0,2,2,0,68,1,0,1,0,1,0,1,0,1
200500048956,5,8,16,1100,1,1,1,1,4540000,407900,3,2,0,0,2,2,64,0,1,0,1,0,3,0,1,0,1
200500048957,5,8,5,1845,1,1,1,2,4565100,430000,2,2,2,0,2,1,0,77,1,0,1,0,1,0,1,0,1
200500048974,5,8,3,2035,2,1,1,7,4563400,591400,3,2,0,1,3,2,0,0,1,0,3,0,0,0,1,0,1
200500048978,5,8,6,945,1,1,1,2,4557400,595400,2,2,2,0,1,1,0,75,1,0,1,0,0,0,2,0,1
200500048979,5,8,13,1130,1,1,1,3,4565400,617100,3,2,0,0,1,1,0,50,1,0,1,0,1,0,0,1,1
200500048980,5,8,24,1515,1,1,1,6,4571900,610900,3,2,2,0,2,4,0,51,1,0,1,0,0,0,1,0,1
200500048989,5,8,26,1745,1,1,1,3,4554400,575300,3,2,0,0,2,3,0,69,0,0,1,0,0,0,1,2,1
200500048991,5,8,1,1630,1,1,1,6,4571600,577000,3,2,2,0,1,1,0,46,1,0,1,0,0,0,1,0,1
200500048996,5,8,30,1005,1,1,1,3,4521200,646400,3,2,2,0,2,4,0,70,1,0,1,0,1,0,2,0,1
200500049006,5,8,7,1315,1,1,1,6,4589800,643000,3,2,2,0,2,2,0,60,1,0,1,0,0,0,2,0,1
200500049008,5,8,13,915,1,2,8,3,4605200,694400,2,2,2,0,2,4,0,90,2,2,1,0,3,0,1,0,1
200500049013,5,8,21,615,2,2,1,3,4609500,631400,2,2,2,0,1,1,0,70,2,5,1,0,0,0,0,2,1
200500049014,5,8,29,1945,1,1,1,6,4606300,636700,3,2,2,0,1,1,0,60,1,0,1,0,1,0,2,0,1
200500049018,5,8,3,1830,1,1,7,6,4609600,667100,3,2,2,0,1,1,0,69,1,0,3,0,0,0,0,6,1
200500049019,5,8,17,1915,1,1,1,3,4608700,672400,4,2,2,0,1,1,0,72,1,0,1,0,1,0,0,1,1
200500049021,5,8,18,815,1,1,2,2,4610300,610300,2,2,3,0,1,1,0,105,2,0,1,0,1,0,1,0,1
200500049022,5,8,10,100,3,1,1,1,4618800,630200,4,2,0,0,2,2,0,46,1,0,1,0,0,0,1,1,1
200500049024,5,8,20,1715,1,1,2,2,4615000,633000,3,0,0,0,1,1,0,0,2,0,1,0,2,0,2,0,1
200500049029,5,8,22,1100,1,1,2,5,4602700,590900,2,2,2,0,1,3,0,83,2,0,1,0,2,0,1,3,1
200500049031,5,8,17,2345,5,1,1,7,4630700,624900,3,2,0,0,0,1,0,60,1,0,1,0,0,0,1,1,1
200500049032,5,8,15,545,2,2,8,3,4627400,638600,3,2,2,0,1,1,0,70,1,0,1,0,0,0,1,1,1
200500049034,5,8,4,1915,1,1,1,1,4620400,669000,3,2,2,0,2,3,0,60,1,2,1,0,1,0,0,1,1
200500049036,5,8,1,1200,1,3,1,1,4571500,332300,3,0,2,0,1,1,0,84,1,0,3,0,1,0,1,1,1
200500049041,5,8,13,645,2,1,1,6,4571000,312000,3,2,1,0,2,1,0,50,1,0,4,0,0,0,1,0,1
200500049042,5,8,28,330,3,1,1,6,4555300,369400,3,2,2,0,1,3,0,68,1,0,3,0,0,0,1,0,1
200500049044,5,8,30,800,1,1,1,2,4553500,325500,3,2,2,0,2,1,0,90,1,0,1,0,1,0,1,0,1
200500049046,5,8,21,915,1,7,2,6,4561100,268800,3,2,2,0,2,3,0,0,2,5,1,0,1,0,0,1,1
200500049047,5,8,29,1500,1,1,1,1,4562500,271400,3,2,2,0,3,1,0,112,1,5,1,0,1,0,2,0,1
200500049048,5,8,21,430,3,1,2,7,4547500,284400,3,2,2,0,2,3,0,62,2,0,1,0,0,0,1,0,1
200500049049,5,8,11,2215,5,1,1,6,4606300,343600,3,0,0,0,2,2,0,64,1,0,4,0,0,1,0,0,1
200500049056,5,8,19,1515,1,1,1,3,4610600,291100,3,3,1,0,1,0,0,0,1,0,1,0,1,0,1,0,1
200500049057,5,8,18,1615,1,1,1,7,4622900,287200,4,2,0,0,1,0,0,0,0,0,1,0,0,0,1,0,1
200500049060,5,8,7,1015,1,2,1,3,4572200,360100,3,2,2,0,1,3,0,59,1,0,0,0,0,0,0,2,1
200500049061,5,8,15,2215,3,1,1,7,4586800,334200,3,2,0,0,1,1,0,55,1,0,3,0,0,0,2,1,1
200500049062,5,8,31,1215,1,1,1,7,4584300,333100,3,2,2,0,2,1,0,0,1,2,0,0,0,0,1,0,1
200500049063,5,8,26,1545,1,1,1,3,4650400,336500,2,2,0,0,0,1,0,0,1,3,1,0,1,0,1,0,1
200500049064,5,8,3,1645,1,1,1,1,4653800,358900,2,2,2,0,1,1,0,73,1,0,1,0,1,2,0,0,1
200500049067,5,8,24,1845,1,1,1,6,4642700,306800,3,2,2,0,2,1,0,0,1,0,1,0,0,0,2,0,1
200500049068,5,8,13,2100,1,1,1,6,4661300,282200,3,2,0,0,1,2,0,61,1,0,3,0,0,0,1,2,1
200500049069,5,8,2,1845,1,3,1,1,4629500,273700,4,2,0,0,1,1,0,54,1,0,1,0,1,0,1,0,1
200500049070,5,8,28,1345,1,1,1,6,4620800,258400,3,2,0,0,1,1,0,43,1,0,1,0,0,0,1,0,1
200500049074,5,8,24,1500,1,1,1,1,4625000,369500,3,2,0,0,2,1,0,80,1,0,1,0,2,1,1,1,1
200500049075,5,8,27,1530,1,1,1,5,4630100,375500,3,2,2,0,2,1,0,74,1,0,1,0,8,0,1,0,1
200500049076,5,8,27,1830,1,1,1,1,4648000,396700,2,2,2,0,1,1,0,112,1,0,1,0,0,0,3,2,1
200500049077,5,8,17,1215,1,1,1,7,4600800,365400,4,2,0,0,2,1,0,30,1,0,1,0,1,1,0,0,1
200500049083,5,8,29,1445,1,1,1,2,4544100,252200,3,2,2,0,1,1,0,76,1,0,1,0,1,0,1,0,1
200500049084,5,8,3,1400,1,1,1,6,4511800,304900,4,2,0,0,1,1,0,51,1,0,1,0,1,0,1,0,1
200500049085,5,8,29,1200,1,1,1,3,4511400,308700,3,2,2,0,1,1,0,47,1,0,1,0,0,0,1,1,1
200500049086,5,8,5,1315,1,1,1,2,4509200,274500,3,2,2,0,1,3,0,0,1,0,1,0,1,0,1,0,1
200500049089,5,8,19,930,1,1,1,6,4489600,385100,2,2,2,0,1,1,0,75,1,0,3,3,2,0,1,0,1
200500049090,5,8,22,1215,1,1,8,1,4476900,391500,2,2,2,0,1,2,0,82,2,0,1,0,4,0,1,0,1
200500049091,5,8,25,1600,1,1,1,5,4481300,388200,2,2,2,0,1,1,0,72,1,0,3,0,4,2,3,0,1
200500049092,5,8,28,1430,1,1,1,6,4500300,396700,4,2,2,0,1,1,0,60,9,0,1,0,0,1,0,0,1
200500049093,5,8,15,1745,1,1,1,5,4520000,391400,3,2,0,0,0,2,0,65,1,0,1,0,4,0,0,1,1
200500049094,5,8,16,1730,1,1,1,1,4514000,392100,3,2,2,0,1,1,0,60,1,0,1,0,1,0,1,0,1
200500049095,5,8,18,1430,1,1,1,3,4500300,400800,4,2,0,0,1,1,0,50,1,0,1,0,1,0,2,0,1
200500049096,5,8,31,1200,1,1,1,1,4528000,338000,2,2,2,0,1,1,0,71,1,0,1,0,1,1,0,0,1
200500049099,5,8,15,215,3,1,1,7,4506400,357700,3,2,0,0,2,4,0,65,1,0,1,0,1,0,2,1,1
200500049100,5,8,18,100,3,1,1,7,4512200,348900,3,2,0,0,0,1,0,0,1,0,1,0,0,0,2,0,1
200500049101,5,8,12,1300,1,1,1,1,4538700,326800,3,2,2,0,1,1,0,50,1,0,4,0,0,0,1,3,1
200500049102,5,8,14,2245,3,1,1,6,4539000,335800,3,2,2,0,1,1,0,51,1,2,3,0,0,0,0,2,1
200500049103,5,8,6,1145,1,9,1,4,4538600,328100,1,3,0,3,2,1,32,70,1,3,1,0,1,2,0,2,1
200500049104,5,8,10,845,1,1,1,7,4515000,411000,2,2,2,0,1,1,0,0,1,0,3,0,1,0,1,0,1
200500049105,5,8,15,1430,1,4,1,3,4523000,409000,3,2,2,0,2,1,0,47,1,0,1,0,2,0,1,0,1
200500049106,5,8,12,1900,1,1,1,3,4511400,411000,4,2,2,0,2,3,0,40,1,0,1,0,1,0,1,0,1
200500049107,5,8,31,1200,1,1,1,3,4520700,401900,3,2,2,0,2,2,0,75,1,0,1,0,1,0,2,1,1
200500049108,5,8,24,1645,1,1,1,5,4528900,418300,2,1,1,0,0,1,0,50,1,3,1,0,2,0,1,1,1
200500049111,5,8,14,900,1,1,8,1,4916300,609800,3,2,2,0,2,2,0,0,2,0,1,0,0,2,3,0,1
200500049116,5,8,26,1515,1,1,1,3,4920900,629900,3,2,2,0,1,3,0,70,1,0,1,3,1,0,2,0,1
200500049118,5,8,31,1515,1,9,1,1,4929900,650100,3,2,2,0,3,1,0,69,1,0,1,0,1,1,0,0,1
200500049122,5,8,30,1900,1,1,1,6,4907400,688300,2,2,2,0,1,0,0,68,1,0,1,0,1,0,1,0,1
200500049123,5,8,31,2045,3,1,1,7,4892800,680500,3,2,0,0,2,2,0,56,1,0,3,0,0,0,1,0,1
200500049128,5,8,28,1500,1,1,1,3,4854300,714000,3,2,2,0,1,3,0,58,1,0,1,0,3,1,0,0,1
200500049137,5,8,6,445,5,6,8,1,4926700,617600,3,1,0,0,1,0,0,74,1,3,1,0,0,0,0,2,1
200500049139,5,8,31,1600,1,1,1,6,4930500,615600,4,2,2,0,1,1,0,60,1,0,1,0,0,0,0,1,1
200500049159,5,8,17,1315,1,1,1,2,4874000,510000,3,2,2,0,0,1,0,71,1,0,1,0,0,0,1,2,1
200500049160,5,8,18,1215,1,3,1,3,4883300,498700,4,2,0,0,0,0,0,50,1,0,1,0,1,0,0,1,1
200500049162,5,8,14,15,3,1,1,6,4890500,551100,5,0,1,0,4,1,0,46,1,0,1,0,0,1,1,0,1
200500049166,5,8,27,1115,1,1,1,3,4949400,518600,3,2,0,0,0,1,0,77,1,0,1,0,1,0,0,1,1
200500049167,5,8,13,2030,1,1,1,6,4938000,548900,9,2,0,0,0,0,0,30,1,0,3,0,0,0,1,0,1
200500049170,5,8,23,1945,1,1,1,1,4925300,506800,4,2,2,0,2,2,0,76,1,0,1,0,1,0,1,0,1
200500049172,5,8,15,2015,1,1,1,7,4910200,575400,3,2,2,0,2,3,0,70,1,0,3,0,1,0,1,0,1
200500049173,5,8,18,1500,1,1,1,3,4819300,648700,3,2,2,0,1,2,0,60,1,5,1,0,3,0,3,0,1
200500049174,5,8,4,1545,1,1,1,7,4829300,666200,4,2,2,0,1,1,0,31,1,0,3,0,0,0,0,2,1
200500049175,5,8,12,600,1,9,1,7,4825200,661100,2,2,2,0,1,1,0,0,1,0,3,0,0,0,1,0,1
200500049177,5,8,27,2345,3,1,1,7,4802600,591600,3,2,1,0,1,1,0,60,1,0,3,0,0,0,1,0,1
200500049178,5,8,29,1700,1,1,1,6,4808200,637500,3,2,2,0,1,2,0,63,1,0,1,0,0,0,0,1,1
200500049186,5,8,10,1815,1,1,1,1,4786700,681000,2,2,0,0,1,3,0,80,1,0,1,0,1,0,1,0,1
200500049188,5,8,3,2200,5,1,1,6,4793100,648900,3,2,2,0,1,3,0,78,1,0,4,0,0,1,1,0,1
200500049197,5,8,19,2000,2,1,8,1,4833200,686400,3,2,3,0,0,1,0,104,2,0,1,0,4,0,2,0,1
200500049198,5,8,24,715,1,1,1,3,4836200,758100,4,2,0,0,1,0,0,64,1,5,1,0,2,0,1,0,1
200500049199,5,8,4,1830,1,1,1,1,4839600,769900,3,2,2,0,1,1,0,68,1,0,1,0,2,1,0,0,1
200500049201,5,8,30,1200,1,6,1,6,4846400,749500,3,1,1,0,1,1,0,0,1,0,1,0,1,0,1,0,1
200500049202,5,8,8,2330,5,1,1,7,4883700,765000,3,2,2,0,4,1,0,62,1,0,1,0,0,0,2,0,1
200500049205,5,8,19,1900,1,1,1,1,4878200,772200,2,2,2,0,1,1,0,69,2,3,1,0,2,0,1,0,1
200500049207,5,8,20,1145,1,1,1,1,4853100,750000,3,2,2,0,1,1,50,90,1,5,1,0,1,0,1,0,1
200500049208,5,8,1,1030,1,1,1,7,4850800,712700,3,2,2,0,2,3,0,63,1,0,3,0,0,1,0,0,1
200500049209,5,8,3,1815,1,7,1,6,4875000,735800,4,2,0,0,1,0,0,0,1,0,1,0,1,0,1,0,1
200500049222,5,8,5,1130,1,1,1,6,4868300,765800,3,2,0,0,0,1,0,0,1,5,4,0,0,0,1,0,1
200500049224,5,8,12,2000,1,1,2,6,4863900,757600,3,2,0,0,1,4,0,0,2,0,1,0,0,0,1,0,1
200500049226,5,8,20,945,3,1,1,6,4864900,767400,3,2,0,0,0,1,0,0,9,0,1,0,1,0,1,0,1
200500049229,5,8,25,2130,2,9,2,3,4899900,801900,4,2,2,0,1,1,0,58,1,0,1,0,0,0,1,1,1
200500049230,5,8,28,1230,1,9,7,6,4902800,788000,3,2,2,0,2,4,0,63,1,0,1,0,0,0,0,1,1
200500049231,5,8,13,1615,1,1,1,7,4901900,778000,3,2,2,0,0,2,0,0,1,0,1,0,1,0,1,0,1
200500049232,5,8,4,700,1,1,1,6,4810500,753400,3,2,2,0,1,1,0,70,1,0,3,0,0,0,1,0,1
200500049233,5,8,23,1345,1,1,1,6,4815500,724700,2,2,1,1,1,1,0,80,1,0,4,0,0,0,1,1,1
200500049234,5,8,17,1800,1,1,1,1,4806700,734100,3,3,2,1,1,1,23,100,1,0,1,0,0,0,1,1,1
200500049235,5,8,19,1800,2,1,2,3,4809700,724000,3,2,0,0,2,3,0,85,2,0,1,0,0,0,1,1,1
200500049236,5,8,29,1800,1,4,1,3,4808800,731500,2,2,0,0,1,3,0,90,1,5,1,0,0,0,1,1,1
200500049237,5,8,30,1230,1,1,1,3,4808900,730700,3,2,2,0,1,1,0,0,1,5,1,0,1,0,1,0,1
200500049240,5,8,28,1545,1,1,1,7,4744800,738500,3,2,2,0,2,2,70,0,1,0,3,0,0,0,2,0,1
200500049241,5,8,9,1645,1,1,1,5,4789800,711800,3,2,2,0,2,4,0,65,1,0,1,0,1,0,2,0,1
200500049242,5,8,22,2100,5,1,1,6,4792100,753700,3,2,2,0,1,1,0,90,1,0,4,0,0,1,0,0,1
200500049243,5,8,23,2230,3,1,1,1,4795400,738500,3,2,2,0,0,1,0,80,1,5,1,0,1,0,0,1,1
200500049244,5,8,9,1715,1,1,1,7,4796100,730700,2,3,0,0,1,1,10,42,1,0,1,0,0,0,1,0,1
200500049247,5,8,3,1615,1,1,1,6,4771100,736000,3,2,2,0,1,1,0,62,1,0,3,0,0,1,0,0,1
200500049248,5,8,1,515,2,1,1,7,4756800,748300,3,2,2,0,2,1,0,70,1,0,1,0,0,0,1,0,1
200500049249,5,8,9,1515,1,1,1,3,4753100,748100,3,2,2,0,1,0,0,70,1,0,1,0,1,0,1,0,1
200500049250,5,8,18,1300,1,1,1,5,4758300,747400,3,2,2,0,3,3,0,75,1,0,1,0,2,0,1,0,1
200500049251,5,8,19,2345,5,1,1,7,4758200,753000,3,2,0,0,0,0,0,0,0,0,0,0,0,0,1,0,1
200500049253,5,8,25,1200,1,1,1,1,4779200,707300,9,2,2,1,2,1,0,0,1,0,5,0,1,0,1,0,1
200500049254,5,8,28,1930,1,1,1,7,4789700,707000,9,2,0,0,2,1,0,35,1,0,3,0,0,0,1,0,1
200500049256,5,8,29,1730,1,1,1,1,4789200,697200,2,2,2,0,1,1,0,85,1,0,1,0,1,0,2,1,1
200500049257,5,8,30,1515,1,1,1,3,4776000,706600,3,2,0,0,0,1,0,105,1,5,1,0,0,0,2,0,1
200500049258,5,8,30,2200,3,1,1,5,4772500,711100,3,2,0,0,3,1,0,120,1,0,1,0,2,0,0,1,1
200500049259,5,8,4,815,1,1,1,3,4903000,403900,3,2,2,0,2,2,0,71,1,0,1,0,0,1,0,1,1
200500049260,5,8,30,1415,1,1,1,3,4898300,400600,3,2,2,0,3,3,0,61,1,0,1,0,1,0,1,0,1
200500049261,5,8,6,2045,2,9,1,1,4860100,450800,3,2,2,0,1,3,0,68,1,0,1,0,1,1,0,0,1
200500049262,5,8,13,15,3,1,1,1,4874300,436900,2,2,0,0,2,1,0,75,1,0,1,0,1,0,0,3,1
200500049263,5,8,21,1700,1,1,1,6,4874600,440900,2,2,0,0,0,1,0,72,1,0,1,0,0,0,3,0,1
200500049264,5,8,29,1445,1,1,1,1,4873400,388300,2,2,2,0,1,1,0,72,1,0,1,0,0,2,3,0,1
200500049267,5,8,2,1330,1,2,1,3,4872300,354800,2,2,2,0,1,1,0,120,1,0,1,0,1,0,0,1,1
200500049268,5,8,9,15,3,1,1,1,4873200,356500,2,3,2,0,1,1,0,110,1,0,1,0,0,1,5,0,1
200500049269,5,8,17,1615,1,1,1,7,4873700,360500,2,3,4,0,1,1,40,0,1,0,1,0,0,0,1,0,1
200500049270,5,8,22,1630,1,3,1,3,4872300,354800,2,2,3,0,1,2,0,105,1,5,3,0,1,2,0,0,1
200500049272,5,8,11,1530,1,1,1,3,4919000,395000,3,2,2,0,1,1,0,54,1,0,1,0,1,0,1,0,1
200500049273,5,8,31,800,1,1,1,6,4924900,378400,3,2,2,0,1,3,0,0,1,0,1,0,0,0,0,1,1
200500049274,5,8,31,1115,1,1,1,1,4925900,396400,2,2,2,0,1,3,0,0,8,0,1,0,1,0,1,0,1
200500049277,5,8,2,1630,1,1,1,2,4910200,487100,3,2,2,0,1,1,0,70,1,0,1,0,1,0,0,2,1
200500049278,5,8,12,1645,1,7,1,6,4895600,488800,4,1,1,0,1,1,0,0,1,0,1,0,2,0,0,1,1
200500049279,5,8,23,915,1,1,2,6,4914000,488500,3,0,2,0,4,2,0,58,2,0,1,0,0,0,0,1,1
200500049280,5,8,23,1300,1,1,1,1,4984700,476200,3,2,2,0,3,4,0,0,2,0,1,0,1,0,1,1,1
200500049281,5,8,30,1800,1,1,1,1,4985800,476900,3,2,2,0,1,2,0,0,1,0,1,0,1,0,1,0,1
200500049285,5,8,7,845,1,1,8,6,4972000,499000,3,2,2,0,3,3,0,53,8,0,1,0,0,1,0,0,1
200500049286,5,8,9,1200,1,1,1,1,4959400,487000,3,2,2,0,3,1,0,0,1,0,1,0,1,1,0,0,1
200500049287,5,8,2,1300,1,1,1,1,4950000,458800,3,2,2,0,1,1,0,82,1,0,1,0,0,0,2,0,1
200500049288,5,8,13,2215,5,1,8,6,4936000,450500,4,2,2,0,1,1,0,86,0,0,1,0,2,0,1,0,1
200500049292,5,8,5,1000,1,1,1,3,4801500,410200,3,2,0,0,2,1,0,57,1,0,1,0,1,0,2,0,1
200500049293,5,8,26,1515,1,1,1,1,4819400,412200,3,2,0,0,1,1,0,60,1,0,1,0,2,0,1,1,1
200500049297,5,8,4,1445,1,1,1,1,4818000,434400,3,2,0,0,1,1,0,67,1,0,0,0,1,0,0,2,1
200500049299,5,8,20,145,5,1,1,6,4840600,373900,9,2,2,0,1,1,0,48,1,0,1,0,0,0,1,0,1
200500049301,5,8,7,945,1,1,1,7,4850500,386200,3,2,0,0,0,2,0,66,1,0,1,0,1,0,0,1,1
200500049302,5,8,9,1115,1,1,1,1,4851500,388900,3,0,2,0,1,1,0,68,1,0,1,0,1,0,1,0,1
200500049303,5,8,21,1600,1,1,1,6,4845100,394400,3,2,2,0,1,2,0,62,1,0,1,0,0,0,1,0,1
200500049309,5,8,10,1915,1,1,1,3,4813700,486800,3,0,2,0,0,4,0,0,1,0,0,0,1,0,1,0,1
200500049310,5,8,12,100,3,1,1,6,4796400,566000,3,0,0,0,1,1,0,68,0,0,3,0,0,1,0,0,1
200500049313,5,8,30,2315,5,2,1,1,4792100,544200,3,2,2,0,1,1,0,71,1,0,1,0,2,0,2,0,1
200500049316,5,8,3,1415,1,1,1,6,4853000,510100,3,2,2,0,1,1,0,61,1,2,1,0,0,0,1,0,1
200500049320,5,8,3,1330,1,1,1,2,4720100,538100,3,2,2,0,1,1,0,66,1,0,1,0,1,0,1,0,1
200500049321,5,8,11,1515,1,1,1,6,4717500,529200,3,2,2,0,1,1,0,67,1,0,3,0,0,0,1,0,1
200500049322,5,8,20,2130,3,1,1,6,4723600,498300,2,2,4,0,1,1,0,61,1,0,1,0,2,0,1,0,1
200500049323,5,8,25,1545,1,6,2,3,4723200,498600,4,2,2,0,0,0,0,0,2,5,1,0,1,0,0,1,1
200500049324,5,8,19,1600,1,2,1,1,4727600,538600,3,2,0,0,1,1,0,0,1,5,1,0,2,0,1,0,1
200500049325,5,8,17,2300,3,1,1,7,4762100,520200,3,2,2,0,1,1,0,48,1,0,0,0,0,0,1,0,1
200500049326,5,8,19,445,3,1,1,1,4761500,525000,2,2,2,0,1,1,0,74,1,0,1,0,0,1,4,0,1
200500049327,5,8,23,1430,1,1,1,1,4752500,511900,4,2,0,0,1,0,0,0,1,5,1,0,1,0,1,0,1
200500049328,5,8,2,1,5,1,1,6,4734500,501500,4,2,0,0,1,1,0,105,1,0,1,0,0,1,0,0,1
200500049330,5,8,6,515,2,1,1,6,4727000,477000,3,2,2,0,1,3,0,0,2,0,0,0,0,0,1,0,1
200500049331,5,8,6,1600,1,1,1,6,4690800,470400,3,2,0,0,1,2,0,0,1,0,3,0,0,1,0,0,1
200500049332,5,8,11,1630,1,1,1,3,4704500,489200,3,2,0,0,1,1,0,0,1,0,1,0,1,0,0,1,1
200500049334,5,8,23,745,1,1,1,1,4700900,494900,3,2,2,0,1,1,0,0,1,5,1,0,1,0,1,0,1
200500049335,5,8,25,1630,1,1,2,7,4701500,493400,3,2,2,0,3,3,0,0,2,0,3,0,0,0,1,0,1
200500049336,5,8,19,1030,1,1,1,6,4724100,456800,3,2,2,0,1,1,0,70,1,0,3,0,0,0,2,0,1
200500049340,5,8,7,1400,1,1,1,7,4779000,459300,3,2,0,0,0,3,60,0,1,2,1,0,0,0,1,0,1
200500049341,5,8,19,1745,1,1,1,3,4762600,433800,4,0,0,0,0,0,0,0,0,0,0,0,1,0,0,1,1
200500049343,5,8,5,1015,1,1,1,6,4744500,466900,3,2,2,0,1,1,0,76,1,0,1,0,1,0,1,0,1
200500049344,5,8,20,2315,3,9,1,6,4684800,366000,2,3,2,0,4,2,0,70,1,0,0,0,0,0,2,0,1
200500049348,5,8,6,1915,1,1,1,6,4692100,324100,3,2,2,0,1,1,0,34,1,0,1,0,0,0,1,1,1
200500049351,5,8,28,1800,1,1,1,6,4713100,346100,4,2,2,0,0,3,35,0,1,0,3,0,0,0,1,0,1
200500049352,5,8,6,1130,1,1,1,2,4706100,369200,3,2,0,0,3,1,0,69,1,0,1,0,2,0,1,0,1
200500049353,5,8,7,1430,1,1,1,7,4686300,410100,2,2,2,0,1,3,0,84,1,0,1,0,0,1,0,0,1
200500049356,5,8,8,1930,1,1,1,6,4728400,395300,3,2,0,0,1,3,0,44,1,0,3,0,0,0,1,0,1
200500049360,5,8,5,1500,1,1,1,5,4637700,467600,2,2,2,0,1,1,0,94,1,2,1,0,3,0,3,0,1
200500049362,5,8,4,700,1,1,1,6,4635100,462100,3,2,2,0,1,1,0,58,1,0,1,0,0,0,1,0,1
200500049363,5,8,17,1700,1,1,1,1,4636900,463700,4,2,2,0,2,2,0,40,1,0,1,0,1,0,1,0,1
200500049364,5,8,10,1430,1,4,1,3,4657200,494600,3,0,0,0,0,0,0,0,0,0,0,0,1,0,1,0,1
200500049365,5,8,25,1730,1,1,3,3,4657000,468700,3,2,0,0,1,1,0,70,2,0,1,0,1,0,1,0,1
200500049366,5,8,30,1215,1,1,1,7,4650700,506700,3,2,2,0,1,1,18,80,1,0,1,0,0,0,2,0,1